Namespace(window=50, overlap=25, batch_size=64, learning_rate=0.0005, num_epochs=150, gpu_id='0', dataset='kuhar', kernel_size=3, num_steps_prediction=28, classifier_lr=0.0005, classifier_batch_size=256, saved_model='/workspaces/betania.silva/ssl_tools/contrastive-predictive-coding-for-har/models/May-11-2024/kuhar_k_28_lr_0.0005_bs_64.pkl', learning_schedule='last_layer', random_seed=42, input_size=6, num_classes=7, root_dir='/workspaces/betania.silva/view_concatenated', data_file='kuhar', device=device(type='cuda', index=0), padding=1)
Data Raw (248462, 6)
Data (9937, 50, 6)
Labels (9937,)
Data Raw (112812, 6)
Data (4511, 50, 6)
Labels (4511,)
Data Raw (52196, 6)
Data (2086, 50, 6)
Labels (2086,)
The batch size for train phase is: 256
The batch size for val phase is: 256
The batch size for test phase is: 256
Loading the pre-trained weights
Epoch 0/149
----------
The epoch: 0 | phase: train | loss: 1.0751 | accuracy: 0.5740 | mean f1-score: 0.3984 | weighted f1-score: 0.5319
The epoch: 0 | phase: val | loss: 1.2291 | accuracy: 0.3718 | mean f1-score: 0.4255 | weighted f1-score: 0.3892
The epoch: 0 | phase: test | loss: 0.9285 | accuracy: 0.6045 | mean f1-score: 0.5419 | weighted f1-score: 0.5878
Epoch 0 completed in 0m 3s
Epoch 1/149
----------
The epoch: 1 | phase: train | loss: 0.8095 | accuracy: 0.6213 | mean f1-score: 0.5381 | weighted f1-score: 0.5915
The epoch: 1 | phase: val | loss: 1.0336 | accuracy: 0.4584 | mean f1-score: 0.4766 | weighted f1-score: 0.4694
The epoch: 1 | phase: test | loss: 0.7870 | accuracy: 0.5906 | mean f1-score: 0.4737 | weighted f1-score: 0.5868
Epoch 1 completed in 0m 2s
Epoch 2/149
----------
The epoch: 2 | phase: train | loss: 0.7531 | accuracy: 0.6369 | mean f1-score: 0.5654 | weighted f1-score: 0.6098
The epoch: 2 | phase: val | loss: 1.2040 | accuracy: 0.3472 | mean f1-score: 0.4199 | weighted f1-score: 0.3561
The epoch: 2 | phase: test | loss: 0.7195 | accuracy: 0.6151 | mean f1-score: 0.5203 | weighted f1-score: 0.5966
Epoch 2 completed in 0m 2s
Epoch 3/149
----------
The epoch: 3 | phase: train | loss: 0.7265 | accuracy: 0.6328 | mean f1-score: 0.5704 | weighted f1-score: 0.6056
The epoch: 3 | phase: val | loss: 0.9601 | accuracy: 0.4844 | mean f1-score: 0.4902 | weighted f1-score: 0.4819
The epoch: 3 | phase: test | loss: 0.7492 | accuracy: 0.5820 | mean f1-score: 0.4767 | weighted f1-score: 0.5757
Epoch 3 completed in 0m 2s
Epoch 4/149
----------
The epoch: 4 | phase: train | loss: 0.7142 | accuracy: 0.6363 | mean f1-score: 0.5805 | weighted f1-score: 0.6099
The epoch: 4 | phase: val | loss: 1.2365 | accuracy: 0.3478 | mean f1-score: 0.4245 | weighted f1-score: 0.3574
The epoch: 4 | phase: test | loss: 0.6968 | accuracy: 0.6117 | mean f1-score: 0.5242 | weighted f1-score: 0.5868
Epoch 4 completed in 0m 2s
Epoch 5/149
----------
The epoch: 5 | phase: train | loss: 0.6992 | accuracy: 0.6461 | mean f1-score: 0.5894 | weighted f1-score: 0.6182
The epoch: 5 | phase: val | loss: 1.3015 | accuracy: 0.3494 | mean f1-score: 0.4212 | weighted f1-score: 0.3713
The epoch: 5 | phase: test | loss: 0.6841 | accuracy: 0.6237 | mean f1-score: 0.5805 | weighted f1-score: 0.6076
Epoch 5 completed in 0m 2s
Epoch 6/149
----------
The epoch: 6 | phase: train | loss: 0.6908 | accuracy: 0.6434 | mean f1-score: 0.5920 | weighted f1-score: 0.6165
The epoch: 6 | phase: val | loss: 1.0028 | accuracy: 0.4975 | mean f1-score: 0.4927 | weighted f1-score: 0.4697
The epoch: 6 | phase: test | loss: 0.7348 | accuracy: 0.5849 | mean f1-score: 0.4844 | weighted f1-score: 0.5682
Epoch 6 completed in 0m 2s
Epoch 7/149
----------
The epoch: 7 | phase: train | loss: 0.6946 | accuracy: 0.6415 | mean f1-score: 0.5867 | weighted f1-score: 0.6137
The epoch: 7 | phase: val | loss: 1.0183 | accuracy: 0.4693 | mean f1-score: 0.4740 | weighted f1-score: 0.4568
The epoch: 7 | phase: test | loss: 0.7379 | accuracy: 0.6026 | mean f1-score: 0.5020 | weighted f1-score: 0.5940
Epoch 7 completed in 0m 2s
Epoch 8/149
----------
The epoch: 8 | phase: train | loss: 0.6826 | accuracy: 0.6467 | mean f1-score: 0.5977 | weighted f1-score: 0.6197
The epoch: 8 | phase: val | loss: 1.2573 | accuracy: 0.3797 | mean f1-score: 0.4315 | weighted f1-score: 0.3882
The epoch: 8 | phase: test | loss: 0.7218 | accuracy: 0.6136 | mean f1-score: 0.5252 | weighted f1-score: 0.5923
Epoch 8 completed in 0m 2s
Epoch 9/149
----------
The epoch: 9 | phase: train | loss: 0.6892 | accuracy: 0.6400 | mean f1-score: 0.5876 | weighted f1-score: 0.6129
The epoch: 9 | phase: val | loss: 1.1485 | accuracy: 0.4021 | mean f1-score: 0.4536 | weighted f1-score: 0.4234
The epoch: 9 | phase: test | loss: 0.6892 | accuracy: 0.6179 | mean f1-score: 0.5741 | weighted f1-score: 0.5999
Epoch 9 completed in 0m 2s
Epoch 10/149
----------
The epoch: 10 | phase: train | loss: 0.6843 | accuracy: 0.6421 | mean f1-score: 0.5927 | weighted f1-score: 0.6144
The epoch: 10 | phase: val | loss: 1.1926 | accuracy: 0.3955 | mean f1-score: 0.4578 | weighted f1-score: 0.4187
The epoch: 10 | phase: test | loss: 0.7005 | accuracy: 0.6146 | mean f1-score: 0.5413 | weighted f1-score: 0.5918
Epoch 10 completed in 0m 2s
Epoch 11/149
----------
The epoch: 11 | phase: train | loss: 0.6845 | accuracy: 0.6432 | mean f1-score: 0.5910 | weighted f1-score: 0.6158
The epoch: 11 | phase: val | loss: 1.1651 | accuracy: 0.4398 | mean f1-score: 0.4699 | weighted f1-score: 0.4450
The epoch: 11 | phase: test | loss: 0.6927 | accuracy: 0.6098 | mean f1-score: 0.5586 | weighted f1-score: 0.5814
Epoch 11 completed in 0m 2s
Epoch 12/149
----------
The epoch: 12 | phase: train | loss: 0.6789 | accuracy: 0.6420 | mean f1-score: 0.5936 | weighted f1-score: 0.6160
The epoch: 12 | phase: val | loss: 1.3585 | accuracy: 0.3547 | mean f1-score: 0.4273 | weighted f1-score: 0.3731
The epoch: 12 | phase: test | loss: 0.6962 | accuracy: 0.6151 | mean f1-score: 0.5313 | weighted f1-score: 0.5937
Epoch 12 completed in 0m 2s
Epoch 13/149
----------
The epoch: 13 | phase: train | loss: 0.6666 | accuracy: 0.6510 | mean f1-score: 0.6058 | weighted f1-score: 0.6239
The epoch: 13 | phase: val | loss: 1.2087 | accuracy: 0.4270 | mean f1-score: 0.4546 | weighted f1-score: 0.4327
The epoch: 13 | phase: test | loss: 0.7157 | accuracy: 0.6294 | mean f1-score: 0.5564 | weighted f1-score: 0.6172
Epoch 13 completed in 0m 2s
Epoch 14/149
----------
The epoch: 14 | phase: train | loss: 0.6648 | accuracy: 0.6501 | mean f1-score: 0.6066 | weighted f1-score: 0.6243
The epoch: 14 | phase: val | loss: 1.0731 | accuracy: 0.5136 | mean f1-score: 0.4892 | weighted f1-score: 0.4639
The epoch: 14 | phase: test | loss: 0.7884 | accuracy: 0.5705 | mean f1-score: 0.4457 | weighted f1-score: 0.5609
Epoch 14 completed in 0m 2s
Epoch 15/149
----------
The epoch: 15 | phase: train | loss: 0.6667 | accuracy: 0.6486 | mean f1-score: 0.6059 | weighted f1-score: 0.6228
The epoch: 15 | phase: val | loss: 1.1925 | accuracy: 0.4485 | mean f1-score: 0.4746 | weighted f1-score: 0.4511
The epoch: 15 | phase: test | loss: 0.7153 | accuracy: 0.6064 | mean f1-score: 0.5498 | weighted f1-score: 0.5888
Epoch 15 completed in 0m 2s
Epoch 16/149
----------
The epoch: 16 | phase: train | loss: 0.6754 | accuracy: 0.6434 | mean f1-score: 0.5936 | weighted f1-score: 0.6157
The epoch: 16 | phase: val | loss: 1.1075 | accuracy: 0.4901 | mean f1-score: 0.4938 | weighted f1-score: 0.4854
The epoch: 16 | phase: test | loss: 0.7578 | accuracy: 0.5853 | mean f1-score: 0.4757 | weighted f1-score: 0.5767
Epoch 16 completed in 0m 2s
Epoch 17/149
----------
The epoch: 17 | phase: train | loss: 0.6640 | accuracy: 0.6459 | mean f1-score: 0.6115 | weighted f1-score: 0.6213
The epoch: 17 | phase: val | loss: 1.3829 | accuracy: 0.4915 | mean f1-score: 0.4689 | weighted f1-score: 0.4487
The epoch: 17 | phase: test | loss: 0.7376 | accuracy: 0.5757 | mean f1-score: 0.4879 | weighted f1-score: 0.5535
Epoch 17 completed in 0m 2s
Epoch 18/149
----------
The epoch: 18 | phase: train | loss: 0.6604 | accuracy: 0.6515 | mean f1-score: 0.6134 | weighted f1-score: 0.6259
The epoch: 18 | phase: val | loss: 1.6550 | accuracy: 0.2900 | mean f1-score: 0.3722 | weighted f1-score: 0.2894
The epoch: 18 | phase: test | loss: 0.7246 | accuracy: 0.6103 | mean f1-score: 0.5322 | weighted f1-score: 0.5908
Epoch 18 completed in 0m 2s
Epoch 19/149
----------
The epoch: 19 | phase: train | loss: 0.6534 | accuracy: 0.6515 | mean f1-score: 0.6223 | weighted f1-score: 0.6286
The epoch: 19 | phase: val | loss: 1.3997 | accuracy: 0.3662 | mean f1-score: 0.4153 | weighted f1-score: 0.3804
The epoch: 19 | phase: test | loss: 0.6974 | accuracy: 0.6237 | mean f1-score: 0.5877 | weighted f1-score: 0.6126
Epoch 19 completed in 0m 2s
Epoch 20/149
----------
The epoch: 20 | phase: train | loss: 0.6429 | accuracy: 0.6569 | mean f1-score: 0.6342 | weighted f1-score: 0.6346
The epoch: 20 | phase: val | loss: 1.4417 | accuracy: 0.4972 | mean f1-score: 0.4734 | weighted f1-score: 0.4506
The epoch: 20 | phase: test | loss: 0.7746 | accuracy: 0.5762 | mean f1-score: 0.4830 | weighted f1-score: 0.5712
Epoch 20 completed in 0m 2s
Epoch 21/149
----------
The epoch: 21 | phase: train | loss: 0.6551 | accuracy: 0.6530 | mean f1-score: 0.6227 | weighted f1-score: 0.6311
The epoch: 21 | phase: val | loss: 1.3992 | accuracy: 0.4500 | mean f1-score: 0.4537 | weighted f1-score: 0.4287
The epoch: 21 | phase: test | loss: 0.7179 | accuracy: 0.5949 | mean f1-score: 0.5101 | weighted f1-score: 0.5768
Epoch 21 completed in 0m 2s
Epoch 22/149
----------
The epoch: 22 | phase: train | loss: 0.6507 | accuracy: 0.6580 | mean f1-score: 0.6367 | weighted f1-score: 0.6380
The epoch: 22 | phase: val | loss: 1.6693 | accuracy: 0.2924 | mean f1-score: 0.3799 | weighted f1-score: 0.3066
The epoch: 22 | phase: test | loss: 0.7024 | accuracy: 0.6184 | mean f1-score: 0.5948 | weighted f1-score: 0.5975
Epoch 22 completed in 0m 2s
Epoch 23/149
----------
The epoch: 23 | phase: train | loss: 0.6520 | accuracy: 0.6519 | mean f1-score: 0.6268 | weighted f1-score: 0.6296
The epoch: 23 | phase: val | loss: 1.6363 | accuracy: 0.2835 | mean f1-score: 0.3625 | weighted f1-score: 0.2956
The epoch: 23 | phase: test | loss: 0.7105 | accuracy: 0.6189 | mean f1-score: 0.5773 | weighted f1-score: 0.6061
Epoch 23 completed in 0m 2s
Epoch 24/149
----------
The epoch: 24 | phase: train | loss: 0.6485 | accuracy: 0.6549 | mean f1-score: 0.6382 | weighted f1-score: 0.6362
The epoch: 24 | phase: val | loss: 1.6354 | accuracy: 0.3660 | mean f1-score: 0.4250 | weighted f1-score: 0.3860
The epoch: 24 | phase: test | loss: 0.6739 | accuracy: 0.6246 | mean f1-score: 0.6650 | weighted f1-score: 0.6137
Epoch 24 completed in 0m 2s
Epoch 25/149
----------
The epoch: 25 | phase: train | loss: 0.6372 | accuracy: 0.6581 | mean f1-score: 0.6526 | weighted f1-score: 0.6413
The epoch: 25 | phase: val | loss: 2.3264 | accuracy: 0.2516 | mean f1-score: 0.3378 | weighted f1-score: 0.2675
The epoch: 25 | phase: test | loss: 0.6984 | accuracy: 0.6174 | mean f1-score: 0.6338 | weighted f1-score: 0.6115
Epoch 25 completed in 0m 2s
Epoch 26/149
----------
The epoch: 26 | phase: train | loss: 0.6492 | accuracy: 0.6540 | mean f1-score: 0.6294 | weighted f1-score: 0.6327
The epoch: 26 | phase: val | loss: 1.9889 | accuracy: 0.2895 | mean f1-score: 0.3706 | weighted f1-score: 0.3118
The epoch: 26 | phase: test | loss: 0.6606 | accuracy: 0.6141 | mean f1-score: 0.5849 | weighted f1-score: 0.5958
Epoch 26 completed in 0m 2s
Epoch 27/149
----------
The epoch: 27 | phase: train | loss: 0.6387 | accuracy: 0.6609 | mean f1-score: 0.6490 | weighted f1-score: 0.6409
The epoch: 27 | phase: val | loss: 1.7305 | accuracy: 0.3769 | mean f1-score: 0.4196 | weighted f1-score: 0.3883
The epoch: 27 | phase: test | loss: 0.6613 | accuracy: 0.6218 | mean f1-score: 0.5980 | weighted f1-score: 0.6035
Epoch 27 completed in 0m 2s
Epoch 28/149
----------
The epoch: 28 | phase: train | loss: 0.6279 | accuracy: 0.6650 | mean f1-score: 0.6622 | weighted f1-score: 0.6468
The epoch: 28 | phase: val | loss: 1.6867 | accuracy: 0.3693 | mean f1-score: 0.4125 | weighted f1-score: 0.3848
The epoch: 28 | phase: test | loss: 0.6751 | accuracy: 0.6251 | mean f1-score: 0.6417 | weighted f1-score: 0.6169
Epoch 28 completed in 0m 2s
Epoch 29/149
----------
The epoch: 29 | phase: train | loss: 0.6334 | accuracy: 0.6631 | mean f1-score: 0.6534 | weighted f1-score: 0.6457
The epoch: 29 | phase: val | loss: 1.6930 | accuracy: 0.4345 | mean f1-score: 0.4563 | weighted f1-score: 0.4376
The epoch: 29 | phase: test | loss: 0.7024 | accuracy: 0.6107 | mean f1-score: 0.5619 | weighted f1-score: 0.5903
Epoch 29 completed in 0m 2s
Epoch 30/149
----------
The epoch: 30 | phase: train | loss: 0.6296 | accuracy: 0.6630 | mean f1-score: 0.6590 | weighted f1-score: 0.6455
The epoch: 30 | phase: val | loss: 2.0934 | accuracy: 0.3168 | mean f1-score: 0.3860 | weighted f1-score: 0.3429
The epoch: 30 | phase: test | loss: 0.6655 | accuracy: 0.6299 | mean f1-score: 0.6869 | weighted f1-score: 0.6212
Epoch 30 completed in 0m 2s
Epoch 31/149
----------
The epoch: 31 | phase: train | loss: 0.6307 | accuracy: 0.6575 | mean f1-score: 0.6554 | weighted f1-score: 0.6423
The epoch: 31 | phase: val | loss: 1.3364 | accuracy: 0.4396 | mean f1-score: 0.4601 | weighted f1-score: 0.4371
The epoch: 31 | phase: test | loss: 0.7255 | accuracy: 0.6131 | mean f1-score: 0.5381 | weighted f1-score: 0.5995
Epoch 31 completed in 0m 2s
Epoch 32/149
----------
The epoch: 32 | phase: train | loss: 0.6297 | accuracy: 0.6607 | mean f1-score: 0.6566 | weighted f1-score: 0.6427
The epoch: 32 | phase: val | loss: 1.6856 | accuracy: 0.3687 | mean f1-score: 0.4276 | weighted f1-score: 0.3958
The epoch: 32 | phase: test | loss: 0.6577 | accuracy: 0.6246 | mean f1-score: 0.6265 | weighted f1-score: 0.6109
Epoch 32 completed in 0m 2s
Epoch 33/149
----------
The epoch: 33 | phase: train | loss: 0.6275 | accuracy: 0.6663 | mean f1-score: 0.6701 | weighted f1-score: 0.6512
The epoch: 33 | phase: val | loss: 1.3899 | accuracy: 0.4633 | mean f1-score: 0.4637 | weighted f1-score: 0.4442
The epoch: 33 | phase: test | loss: 0.7135 | accuracy: 0.5944 | mean f1-score: 0.5578 | weighted f1-score: 0.5844
Epoch 33 completed in 0m 2s
Epoch 34/149
----------
The epoch: 34 | phase: train | loss: 0.6297 | accuracy: 0.6612 | mean f1-score: 0.6695 | weighted f1-score: 0.6477
The epoch: 34 | phase: val | loss: 1.7767 | accuracy: 0.3560 | mean f1-score: 0.4204 | weighted f1-score: 0.4035
The epoch: 34 | phase: test | loss: 0.7270 | accuracy: 0.5633 | mean f1-score: 0.5365 | weighted f1-score: 0.5548
Epoch 34 completed in 0m 2s
Epoch 35/149
----------
The epoch: 35 | phase: train | loss: 0.6411 | accuracy: 0.6551 | mean f1-score: 0.6558 | weighted f1-score: 0.6399
The epoch: 35 | phase: val | loss: 1.3109 | accuracy: 0.4190 | mean f1-score: 0.4582 | weighted f1-score: 0.4320
The epoch: 35 | phase: test | loss: 0.6794 | accuracy: 0.6170 | mean f1-score: 0.6181 | weighted f1-score: 0.5846
Epoch 35 completed in 0m 2s
Epoch 36/149
----------
The epoch: 36 | phase: train | loss: 0.6393 | accuracy: 0.6542 | mean f1-score: 0.6495 | weighted f1-score: 0.6370
The epoch: 36 | phase: val | loss: 1.3014 | accuracy: 0.4394 | mean f1-score: 0.4564 | weighted f1-score: 0.4351
The epoch: 36 | phase: test | loss: 0.7174 | accuracy: 0.6285 | mean f1-score: 0.6384 | weighted f1-score: 0.6214
Epoch 36 completed in 0m 2s
Epoch 37/149
----------
The epoch: 37 | phase: train | loss: 0.6253 | accuracy: 0.6667 | mean f1-score: 0.6775 | weighted f1-score: 0.6527
The epoch: 37 | phase: val | loss: 2.0566 | accuracy: 0.3307 | mean f1-score: 0.3909 | weighted f1-score: 0.3533
The epoch: 37 | phase: test | loss: 0.6435 | accuracy: 0.6299 | mean f1-score: 0.6709 | weighted f1-score: 0.6150
Epoch 37 completed in 0m 2s
Epoch 38/149
----------
The epoch: 38 | phase: train | loss: 0.6224 | accuracy: 0.6662 | mean f1-score: 0.6767 | weighted f1-score: 0.6514
The epoch: 38 | phase: val | loss: 1.9596 | accuracy: 0.3274 | mean f1-score: 0.4037 | weighted f1-score: 0.3552
The epoch: 38 | phase: test | loss: 0.6836 | accuracy: 0.6290 | mean f1-score: 0.6649 | weighted f1-score: 0.6151
Epoch 38 completed in 0m 2s
Epoch 39/149
----------
The epoch: 39 | phase: train | loss: 0.6202 | accuracy: 0.6720 | mean f1-score: 0.6808 | weighted f1-score: 0.6574
The epoch: 39 | phase: val | loss: 2.1528 | accuracy: 0.3653 | mean f1-score: 0.4121 | weighted f1-score: 0.3783
The epoch: 39 | phase: test | loss: 0.6584 | accuracy: 0.6227 | mean f1-score: 0.5996 | weighted f1-score: 0.5979
Epoch 39 completed in 0m 2s
Epoch 40/149
----------
The epoch: 40 | phase: train | loss: 0.6068 | accuracy: 0.6712 | mean f1-score: 0.6848 | weighted f1-score: 0.6569
The epoch: 40 | phase: val | loss: 1.7556 | accuracy: 0.4363 | mean f1-score: 0.4535 | weighted f1-score: 0.4315
The epoch: 40 | phase: test | loss: 0.6799 | accuracy: 0.6146 | mean f1-score: 0.5923 | weighted f1-score: 0.5925
Epoch 40 completed in 0m 2s
Epoch 41/149
----------
The epoch: 41 | phase: train | loss: 0.6131 | accuracy: 0.6728 | mean f1-score: 0.6914 | weighted f1-score: 0.6601
The epoch: 41 | phase: val | loss: 1.8132 | accuracy: 0.4287 | mean f1-score: 0.4339 | weighted f1-score: 0.4035
The epoch: 41 | phase: test | loss: 0.6709 | accuracy: 0.6098 | mean f1-score: 0.5905 | weighted f1-score: 0.5916
Epoch 41 completed in 0m 2s
Epoch 42/149
----------
The epoch: 42 | phase: train | loss: 0.6213 | accuracy: 0.6694 | mean f1-score: 0.6850 | weighted f1-score: 0.6572
The epoch: 42 | phase: val | loss: 1.9133 | accuracy: 0.3305 | mean f1-score: 0.3934 | weighted f1-score: 0.3508
The epoch: 42 | phase: test | loss: 0.6559 | accuracy: 0.6242 | mean f1-score: 0.6375 | weighted f1-score: 0.6131
Epoch 42 completed in 0m 2s
Epoch 43/149
----------
The epoch: 43 | phase: train | loss: 0.6170 | accuracy: 0.6700 | mean f1-score: 0.6809 | weighted f1-score: 0.6557
The epoch: 43 | phase: val | loss: 2.0186 | accuracy: 0.3644 | mean f1-score: 0.3871 | weighted f1-score: 0.3667
The epoch: 43 | phase: test | loss: 0.6668 | accuracy: 0.6400 | mean f1-score: 0.6302 | weighted f1-score: 0.6293
Epoch 43 completed in 0m 2s
Epoch 44/149
----------
The epoch: 44 | phase: train | loss: 0.6131 | accuracy: 0.6703 | mean f1-score: 0.6897 | weighted f1-score: 0.6581
The epoch: 44 | phase: val | loss: 1.6728 | accuracy: 0.4329 | mean f1-score: 0.4409 | weighted f1-score: 0.4151
The epoch: 44 | phase: test | loss: 0.6857 | accuracy: 0.6198 | mean f1-score: 0.6390 | weighted f1-score: 0.6115
Epoch 44 completed in 0m 2s
Epoch 45/149
----------
The epoch: 45 | phase: train | loss: 0.6141 | accuracy: 0.6728 | mean f1-score: 0.6995 | weighted f1-score: 0.6615
The epoch: 45 | phase: val | loss: 2.0141 | accuracy: 0.3452 | mean f1-score: 0.4088 | weighted f1-score: 0.3747
The epoch: 45 | phase: test | loss: 0.6482 | accuracy: 0.6256 | mean f1-score: 0.6515 | weighted f1-score: 0.6068
Epoch 45 completed in 0m 2s
Epoch 46/149
----------
The epoch: 46 | phase: train | loss: 0.6125 | accuracy: 0.6755 | mean f1-score: 0.6954 | weighted f1-score: 0.6627
The epoch: 46 | phase: val | loss: 1.6661 | accuracy: 0.4028 | mean f1-score: 0.4363 | weighted f1-score: 0.4297
The epoch: 46 | phase: test | loss: 0.7238 | accuracy: 0.5849 | mean f1-score: 0.5727 | weighted f1-score: 0.5836
Epoch 46 completed in 0m 2s
Epoch 47/149
----------
The epoch: 47 | phase: train | loss: 0.6124 | accuracy: 0.6745 | mean f1-score: 0.6940 | weighted f1-score: 0.6614
The epoch: 47 | phase: val | loss: 1.7964 | accuracy: 0.3879 | mean f1-score: 0.4120 | weighted f1-score: 0.3867
The epoch: 47 | phase: test | loss: 0.6568 | accuracy: 0.6198 | mean f1-score: 0.6078 | weighted f1-score: 0.6066
Epoch 47 completed in 0m 2s
Epoch 48/149
----------
The epoch: 48 | phase: train | loss: 0.6037 | accuracy: 0.6788 | mean f1-score: 0.7066 | weighted f1-score: 0.6670
The epoch: 48 | phase: val | loss: 2.4029 | accuracy: 0.3405 | mean f1-score: 0.3880 | weighted f1-score: 0.3642
The epoch: 48 | phase: test | loss: 0.6798 | accuracy: 0.6237 | mean f1-score: 0.6191 | weighted f1-score: 0.6085
Epoch 48 completed in 0m 2s
Epoch 49/149
----------
The epoch: 49 | phase: train | loss: 0.6121 | accuracy: 0.6771 | mean f1-score: 0.6980 | weighted f1-score: 0.6666
The epoch: 49 | phase: val | loss: 1.2380 | accuracy: 0.5198 | mean f1-score: 0.5117 | weighted f1-score: 0.4984
The epoch: 49 | phase: test | loss: 0.7810 | accuracy: 0.5700 | mean f1-score: 0.5297 | weighted f1-score: 0.5576
Epoch 49 completed in 0m 2s
Epoch 50/149
----------
The epoch: 50 | phase: train | loss: 0.6038 | accuracy: 0.6786 | mean f1-score: 0.7054 | weighted f1-score: 0.6676
The epoch: 50 | phase: val | loss: 2.1357 | accuracy: 0.4190 | mean f1-score: 0.4185 | weighted f1-score: 0.3908
The epoch: 50 | phase: test | loss: 0.7019 | accuracy: 0.6055 | mean f1-score: 0.5658 | weighted f1-score: 0.5906
Epoch 50 completed in 0m 2s
Epoch 51/149
----------
The epoch: 51 | phase: train | loss: 0.6054 | accuracy: 0.6805 | mean f1-score: 0.7033 | weighted f1-score: 0.6684
The epoch: 51 | phase: val | loss: 1.9342 | accuracy: 0.3600 | mean f1-score: 0.4202 | weighted f1-score: 0.3866
The epoch: 51 | phase: test | loss: 0.6723 | accuracy: 0.6328 | mean f1-score: 0.6898 | weighted f1-score: 0.6226
Epoch 51 completed in 0m 2s
Epoch 52/149
----------
The epoch: 52 | phase: train | loss: 0.6018 | accuracy: 0.6752 | mean f1-score: 0.7020 | weighted f1-score: 0.6640
The epoch: 52 | phase: val | loss: 2.2634 | accuracy: 0.3095 | mean f1-score: 0.3724 | weighted f1-score: 0.3315
The epoch: 52 | phase: test | loss: 0.6392 | accuracy: 0.6333 | mean f1-score: 0.7101 | weighted f1-score: 0.6205
Epoch 52 completed in 0m 2s
Epoch 53/149
----------
The epoch: 53 | phase: train | loss: 0.6073 | accuracy: 0.6728 | mean f1-score: 0.6943 | weighted f1-score: 0.6605
The epoch: 53 | phase: val | loss: 1.9570 | accuracy: 0.3629 | mean f1-score: 0.4134 | weighted f1-score: 0.3840
The epoch: 53 | phase: test | loss: 0.6484 | accuracy: 0.6314 | mean f1-score: 0.6597 | weighted f1-score: 0.6175
Epoch 53 completed in 0m 2s
Epoch 54/149
----------
The epoch: 54 | phase: train | loss: 0.6049 | accuracy: 0.6722 | mean f1-score: 0.6963 | weighted f1-score: 0.6613
The epoch: 54 | phase: val | loss: 1.8791 | accuracy: 0.4673 | mean f1-score: 0.4387 | weighted f1-score: 0.4135
The epoch: 54 | phase: test | loss: 0.7598 | accuracy: 0.5777 | mean f1-score: 0.4892 | weighted f1-score: 0.5664
Epoch 54 completed in 0m 2s
Epoch 55/149
----------
The epoch: 55 | phase: train | loss: 0.6067 | accuracy: 0.6736 | mean f1-score: 0.7058 | weighted f1-score: 0.6640
The epoch: 55 | phase: val | loss: 1.6216 | accuracy: 0.3797 | mean f1-score: 0.4310 | weighted f1-score: 0.4043
The epoch: 55 | phase: test | loss: 0.6911 | accuracy: 0.6352 | mean f1-score: 0.6875 | weighted f1-score: 0.6287
Epoch 55 completed in 0m 2s
Epoch 56/149
----------
The epoch: 56 | phase: train | loss: 0.6014 | accuracy: 0.6743 | mean f1-score: 0.7049 | weighted f1-score: 0.6652
The epoch: 56 | phase: val | loss: 2.1019 | accuracy: 0.3463 | mean f1-score: 0.4010 | weighted f1-score: 0.3679
The epoch: 56 | phase: test | loss: 0.6687 | accuracy: 0.6294 | mean f1-score: 0.6534 | weighted f1-score: 0.6174
Epoch 56 completed in 0m 2s
Epoch 57/149
----------
The epoch: 57 | phase: train | loss: 0.6087 | accuracy: 0.6695 | mean f1-score: 0.6916 | weighted f1-score: 0.6581
The epoch: 57 | phase: val | loss: 1.9561 | accuracy: 0.3279 | mean f1-score: 0.4016 | weighted f1-score: 0.3611
The epoch: 57 | phase: test | loss: 0.6955 | accuracy: 0.6261 | mean f1-score: 0.6633 | weighted f1-score: 0.6124
Epoch 57 completed in 0m 2s
Epoch 58/149
----------
The epoch: 58 | phase: train | loss: 0.5983 | accuracy: 0.6801 | mean f1-score: 0.7077 | weighted f1-score: 0.6695
The epoch: 58 | phase: val | loss: 2.1835 | accuracy: 0.3582 | mean f1-score: 0.4021 | weighted f1-score: 0.3749
The epoch: 58 | phase: test | loss: 0.6293 | accuracy: 0.6347 | mean f1-score: 0.7113 | weighted f1-score: 0.6196
Epoch 58 completed in 0m 2s
Epoch 59/149
----------
The epoch: 59 | phase: train | loss: 0.6006 | accuracy: 0.6758 | mean f1-score: 0.7104 | weighted f1-score: 0.6668
The epoch: 59 | phase: val | loss: 1.9294 | accuracy: 0.4247 | mean f1-score: 0.4342 | weighted f1-score: 0.4124
The epoch: 59 | phase: test | loss: 0.6782 | accuracy: 0.6237 | mean f1-score: 0.6294 | weighted f1-score: 0.6085
Epoch 59 completed in 0m 2s
Epoch 60/149
----------
The epoch: 60 | phase: train | loss: 0.6009 | accuracy: 0.6767 | mean f1-score: 0.7067 | weighted f1-score: 0.6650
The epoch: 60 | phase: val | loss: 2.1141 | accuracy: 0.3334 | mean f1-score: 0.3923 | weighted f1-score: 0.3603
The epoch: 60 | phase: test | loss: 0.6502 | accuracy: 0.6299 | mean f1-score: 0.6389 | weighted f1-score: 0.6186
Epoch 60 completed in 0m 2s
Epoch 61/149
----------
The epoch: 61 | phase: train | loss: 0.5915 | accuracy: 0.6810 | mean f1-score: 0.7200 | weighted f1-score: 0.6723
The epoch: 61 | phase: val | loss: 1.5050 | accuracy: 0.4788 | mean f1-score: 0.4870 | weighted f1-score: 0.4980
The epoch: 61 | phase: test | loss: 0.6778 | accuracy: 0.6198 | mean f1-score: 0.6771 | weighted f1-score: 0.6139
Epoch 61 completed in 0m 2s
Epoch 62/149
----------
The epoch: 62 | phase: train | loss: 0.5913 | accuracy: 0.6829 | mean f1-score: 0.7192 | weighted f1-score: 0.6732
The epoch: 62 | phase: val | loss: 2.0446 | accuracy: 0.3888 | mean f1-score: 0.4233 | weighted f1-score: 0.4016
The epoch: 62 | phase: test | loss: 0.6574 | accuracy: 0.6299 | mean f1-score: 0.6915 | weighted f1-score: 0.6178
Epoch 62 completed in 0m 2s
Epoch 63/149
----------
The epoch: 63 | phase: train | loss: 0.5887 | accuracy: 0.6815 | mean f1-score: 0.7224 | weighted f1-score: 0.6723
The epoch: 63 | phase: val | loss: 2.0094 | accuracy: 0.3434 | mean f1-score: 0.3955 | weighted f1-score: 0.3696
The epoch: 63 | phase: test | loss: 0.6651 | accuracy: 0.6371 | mean f1-score: 0.7055 | weighted f1-score: 0.6314
Epoch 63 completed in 0m 2s
Epoch 64/149
----------
The epoch: 64 | phase: train | loss: 0.6005 | accuracy: 0.6757 | mean f1-score: 0.7041 | weighted f1-score: 0.6657
The epoch: 64 | phase: val | loss: 2.0770 | accuracy: 0.3518 | mean f1-score: 0.3962 | weighted f1-score: 0.3685
The epoch: 64 | phase: test | loss: 0.6507 | accuracy: 0.6347 | mean f1-score: 0.6578 | weighted f1-score: 0.6254
Epoch 64 completed in 0m 2s
Epoch 65/149
----------
The epoch: 65 | phase: train | loss: 0.6059 | accuracy: 0.6709 | mean f1-score: 0.6873 | weighted f1-score: 0.6584
The epoch: 65 | phase: val | loss: 1.4060 | accuracy: 0.4363 | mean f1-score: 0.4682 | weighted f1-score: 0.4564
The epoch: 65 | phase: test | loss: 0.6700 | accuracy: 0.6270 | mean f1-score: 0.6909 | weighted f1-score: 0.6184
Epoch 65 completed in 0m 2s
Epoch 66/149
----------
The epoch: 66 | phase: train | loss: 0.5979 | accuracy: 0.6787 | mean f1-score: 0.7143 | weighted f1-score: 0.6713
The epoch: 66 | phase: val | loss: 1.5515 | accuracy: 0.4103 | mean f1-score: 0.4388 | weighted f1-score: 0.4086
The epoch: 66 | phase: test | loss: 0.6738 | accuracy: 0.6309 | mean f1-score: 0.6515 | weighted f1-score: 0.6173
Epoch 66 completed in 0m 2s
Epoch 67/149
----------
The epoch: 67 | phase: train | loss: 0.5985 | accuracy: 0.6759 | mean f1-score: 0.7030 | weighted f1-score: 0.6649
The epoch: 67 | phase: val | loss: 1.8047 | accuracy: 0.3791 | mean f1-score: 0.4292 | weighted f1-score: 0.4111
The epoch: 67 | phase: test | loss: 0.6534 | accuracy: 0.6357 | mean f1-score: 0.7235 | weighted f1-score: 0.6310
Epoch 67 completed in 0m 2s
Epoch 68/149
----------
The epoch: 68 | phase: train | loss: 0.6015 | accuracy: 0.6756 | mean f1-score: 0.7085 | weighted f1-score: 0.6674
The epoch: 68 | phase: val | loss: 1.4007 | accuracy: 0.4755 | mean f1-score: 0.4827 | weighted f1-score: 0.4546
The epoch: 68 | phase: test | loss: 0.7073 | accuracy: 0.6093 | mean f1-score: 0.6458 | weighted f1-score: 0.6051
Epoch 68 completed in 0m 2s
Epoch 69/149
----------
The epoch: 69 | phase: train | loss: 0.5994 | accuracy: 0.6762 | mean f1-score: 0.7154 | weighted f1-score: 0.6678
The epoch: 69 | phase: val | loss: 1.8903 | accuracy: 0.4134 | mean f1-score: 0.4349 | weighted f1-score: 0.4060
The epoch: 69 | phase: test | loss: 0.6636 | accuracy: 0.6174 | mean f1-score: 0.6158 | weighted f1-score: 0.6024
Epoch 69 completed in 0m 2s
Epoch 70/149
----------
The epoch: 70 | phase: train | loss: 0.5985 | accuracy: 0.6743 | mean f1-score: 0.7048 | weighted f1-score: 0.6640
The epoch: 70 | phase: val | loss: 2.0880 | accuracy: 0.4041 | mean f1-score: 0.4392 | weighted f1-score: 0.4105
The epoch: 70 | phase: test | loss: 0.6656 | accuracy: 0.6280 | mean f1-score: 0.6231 | weighted f1-score: 0.6060
Epoch 70 completed in 0m 2s
Epoch 71/149
----------
The epoch: 71 | phase: train | loss: 0.6019 | accuracy: 0.6754 | mean f1-score: 0.7040 | weighted f1-score: 0.6643
The epoch: 71 | phase: val | loss: 2.1611 | accuracy: 0.3035 | mean f1-score: 0.3867 | weighted f1-score: 0.3354
The epoch: 71 | phase: test | loss: 0.7205 | accuracy: 0.5906 | mean f1-score: 0.5847 | weighted f1-score: 0.5814
Epoch 71 completed in 0m 2s
Epoch 72/149
----------
The epoch: 72 | phase: train | loss: 0.5982 | accuracy: 0.6817 | mean f1-score: 0.7151 | weighted f1-score: 0.6724
The epoch: 72 | phase: val | loss: 2.0295 | accuracy: 0.3423 | mean f1-score: 0.4165 | weighted f1-score: 0.3749
The epoch: 72 | phase: test | loss: 0.6338 | accuracy: 0.6366 | mean f1-score: 0.7059 | weighted f1-score: 0.6222
Epoch 72 completed in 0m 2s
Epoch 73/149
----------
The epoch: 73 | phase: train | loss: 0.5993 | accuracy: 0.6749 | mean f1-score: 0.7066 | weighted f1-score: 0.6648
The epoch: 73 | phase: val | loss: 1.6293 | accuracy: 0.4052 | mean f1-score: 0.4530 | weighted f1-score: 0.4290
The epoch: 73 | phase: test | loss: 0.6880 | accuracy: 0.6242 | mean f1-score: 0.6208 | weighted f1-score: 0.6121
Epoch 73 completed in 0m 2s
Epoch 74/149
----------
The epoch: 74 | phase: train | loss: 0.5971 | accuracy: 0.6781 | mean f1-score: 0.7132 | weighted f1-score: 0.6679
The epoch: 74 | phase: val | loss: 2.0308 | accuracy: 0.3146 | mean f1-score: 0.3981 | weighted f1-score: 0.3403
The epoch: 74 | phase: test | loss: 0.6421 | accuracy: 0.6347 | mean f1-score: 0.7089 | weighted f1-score: 0.6261
Epoch 74 completed in 0m 2s
Epoch 75/149
----------
The epoch: 75 | phase: train | loss: 0.5902 | accuracy: 0.6807 | mean f1-score: 0.7166 | weighted f1-score: 0.6707
The epoch: 75 | phase: val | loss: 1.8131 | accuracy: 0.4052 | mean f1-score: 0.4485 | weighted f1-score: 0.4222
The epoch: 75 | phase: test | loss: 0.6558 | accuracy: 0.6275 | mean f1-score: 0.6585 | weighted f1-score: 0.6125
Epoch 75 completed in 0m 2s
Epoch 76/149
----------
The epoch: 76 | phase: train | loss: 0.5906 | accuracy: 0.6789 | mean f1-score: 0.7103 | weighted f1-score: 0.6685
The epoch: 76 | phase: val | loss: 1.6981 | accuracy: 0.3633 | mean f1-score: 0.4377 | weighted f1-score: 0.4070
The epoch: 76 | phase: test | loss: 0.7061 | accuracy: 0.6141 | mean f1-score: 0.6323 | weighted f1-score: 0.6053
Epoch 76 completed in 0m 2s
Epoch 77/149
----------
The epoch: 77 | phase: train | loss: 0.5961 | accuracy: 0.6816 | mean f1-score: 0.7156 | weighted f1-score: 0.6718
The epoch: 77 | phase: val | loss: 1.8243 | accuracy: 0.3498 | mean f1-score: 0.4257 | weighted f1-score: 0.3885
The epoch: 77 | phase: test | loss: 0.6969 | accuracy: 0.6246 | mean f1-score: 0.6623 | weighted f1-score: 0.6138
Epoch 77 completed in 0m 2s
Epoch 78/149
----------
The epoch: 78 | phase: train | loss: 0.5949 | accuracy: 0.6818 | mean f1-score: 0.7195 | weighted f1-score: 0.6718
The epoch: 78 | phase: val | loss: 1.5769 | accuracy: 0.3879 | mean f1-score: 0.4450 | weighted f1-score: 0.4143
The epoch: 78 | phase: test | loss: 0.6809 | accuracy: 0.6304 | mean f1-score: 0.6781 | weighted f1-score: 0.6214
Epoch 78 completed in 0m 2s
Epoch 79/149
----------
The epoch: 79 | phase: train | loss: 0.5794 | accuracy: 0.6871 | mean f1-score: 0.7282 | weighted f1-score: 0.6772
The epoch: 79 | phase: val | loss: 1.8095 | accuracy: 0.4227 | mean f1-score: 0.4343 | weighted f1-score: 0.4115
The epoch: 79 | phase: test | loss: 0.6617 | accuracy: 0.6208 | mean f1-score: 0.6365 | weighted f1-score: 0.6094
Epoch 79 completed in 0m 1s
Epoch 80/149
----------
The epoch: 80 | phase: train | loss: 0.5914 | accuracy: 0.6814 | mean f1-score: 0.7189 | weighted f1-score: 0.6719
The epoch: 80 | phase: val | loss: 2.2983 | accuracy: 0.2977 | mean f1-score: 0.3735 | weighted f1-score: 0.3337
The epoch: 80 | phase: test | loss: 0.7013 | accuracy: 0.5767 | mean f1-score: 0.5806 | weighted f1-score: 0.5731
Epoch 80 completed in 0m 1s
Epoch 81/149
----------
The epoch: 81 | phase: train | loss: 0.5799 | accuracy: 0.6898 | mean f1-score: 0.7355 | weighted f1-score: 0.6830
The epoch: 81 | phase: val | loss: 1.9860 | accuracy: 0.3915 | mean f1-score: 0.4228 | weighted f1-score: 0.3974
The epoch: 81 | phase: test | loss: 0.6386 | accuracy: 0.6347 | mean f1-score: 0.6969 | weighted f1-score: 0.6173
Epoch 81 completed in 0m 2s
Epoch 82/149
----------
The epoch: 82 | phase: train | loss: 0.5868 | accuracy: 0.6813 | mean f1-score: 0.7213 | weighted f1-score: 0.6728
The epoch: 82 | phase: val | loss: 1.9899 | accuracy: 0.3689 | mean f1-score: 0.4187 | weighted f1-score: 0.3916
The epoch: 82 | phase: test | loss: 0.6448 | accuracy: 0.6337 | mean f1-score: 0.6922 | weighted f1-score: 0.6244
Epoch 82 completed in 0m 2s
Epoch 83/149
----------
The epoch: 83 | phase: train | loss: 0.5802 | accuracy: 0.6899 | mean f1-score: 0.7291 | weighted f1-score: 0.6797
The epoch: 83 | phase: val | loss: 1.8339 | accuracy: 0.4352 | mean f1-score: 0.4524 | weighted f1-score: 0.4307
The epoch: 83 | phase: test | loss: 0.6731 | accuracy: 0.6184 | mean f1-score: 0.6146 | weighted f1-score: 0.5994
Epoch 83 completed in 0m 2s
Epoch 84/149
----------
The epoch: 84 | phase: train | loss: 0.5951 | accuracy: 0.6779 | mean f1-score: 0.7116 | weighted f1-score: 0.6688
The epoch: 84 | phase: val | loss: 1.5560 | accuracy: 0.4203 | mean f1-score: 0.4566 | weighted f1-score: 0.4315
The epoch: 84 | phase: test | loss: 0.6703 | accuracy: 0.6342 | mean f1-score: 0.6848 | weighted f1-score: 0.6217
Epoch 84 completed in 0m 2s
Epoch 85/149
----------
The epoch: 85 | phase: train | loss: 0.5888 | accuracy: 0.6862 | mean f1-score: 0.7279 | weighted f1-score: 0.6791
The epoch: 85 | phase: val | loss: 1.8479 | accuracy: 0.4015 | mean f1-score: 0.4344 | weighted f1-score: 0.4087
The epoch: 85 | phase: test | loss: 0.6485 | accuracy: 0.6405 | mean f1-score: 0.7040 | weighted f1-score: 0.6289
Epoch 85 completed in 0m 2s
Epoch 86/149
----------
The epoch: 86 | phase: train | loss: 0.5824 | accuracy: 0.6839 | mean f1-score: 0.7255 | weighted f1-score: 0.6755
The epoch: 86 | phase: val | loss: 2.1516 | accuracy: 0.3542 | mean f1-score: 0.4175 | weighted f1-score: 0.3839
The epoch: 86 | phase: test | loss: 0.6471 | accuracy: 0.6352 | mean f1-score: 0.7063 | weighted f1-score: 0.6257
Epoch 86 completed in 0m 2s
Epoch 87/149
----------
The epoch: 87 | phase: train | loss: 0.5819 | accuracy: 0.6887 | mean f1-score: 0.7337 | weighted f1-score: 0.6812
The epoch: 87 | phase: val | loss: 1.6645 | accuracy: 0.4150 | mean f1-score: 0.4495 | weighted f1-score: 0.4255
The epoch: 87 | phase: test | loss: 0.6694 | accuracy: 0.6342 | mean f1-score: 0.6944 | weighted f1-score: 0.6235
Epoch 87 completed in 0m 2s
Epoch 88/149
----------
The epoch: 88 | phase: train | loss: 0.5777 | accuracy: 0.6879 | mean f1-score: 0.7278 | weighted f1-score: 0.6787
The epoch: 88 | phase: val | loss: 2.0103 | accuracy: 0.3514 | mean f1-score: 0.4141 | weighted f1-score: 0.3798
The epoch: 88 | phase: test | loss: 0.6457 | accuracy: 0.6299 | mean f1-score: 0.6918 | weighted f1-score: 0.6176
Epoch 88 completed in 0m 2s
Epoch 89/149
----------
The epoch: 89 | phase: train | loss: 0.5815 | accuracy: 0.6867 | mean f1-score: 0.7322 | weighted f1-score: 0.6795
The epoch: 89 | phase: val | loss: 1.6459 | accuracy: 0.4469 | mean f1-score: 0.4567 | weighted f1-score: 0.4404
The epoch: 89 | phase: test | loss: 0.6666 | accuracy: 0.6294 | mean f1-score: 0.6713 | weighted f1-score: 0.6200
Epoch 89 completed in 0m 2s
Epoch 90/149
----------
The epoch: 90 | phase: train | loss: 0.5842 | accuracy: 0.6861 | mean f1-score: 0.7307 | weighted f1-score: 0.6776
The epoch: 90 | phase: val | loss: 1.7181 | accuracy: 0.4345 | mean f1-score: 0.4507 | weighted f1-score: 0.4310
The epoch: 90 | phase: test | loss: 0.6662 | accuracy: 0.6237 | mean f1-score: 0.6414 | weighted f1-score: 0.6093
Epoch 90 completed in 0m 2s
Epoch 91/149
----------
The epoch: 91 | phase: train | loss: 0.5884 | accuracy: 0.6842 | mean f1-score: 0.7250 | weighted f1-score: 0.6751
The epoch: 91 | phase: val | loss: 1.4611 | accuracy: 0.5150 | mean f1-score: 0.5160 | weighted f1-score: 0.5274
The epoch: 91 | phase: test | loss: 0.7278 | accuracy: 0.5944 | mean f1-score: 0.5993 | weighted f1-score: 0.5860
Epoch 91 completed in 0m 2s
Epoch 92/149
----------
The epoch: 92 | phase: train | loss: 0.5858 | accuracy: 0.6824 | mean f1-score: 0.7196 | weighted f1-score: 0.6739
The epoch: 92 | phase: val | loss: 1.3376 | accuracy: 0.4788 | mean f1-score: 0.4729 | weighted f1-score: 0.4608
The epoch: 92 | phase: test | loss: 0.7139 | accuracy: 0.6007 | mean f1-score: 0.6050 | weighted f1-score: 0.5974
Epoch 92 completed in 0m 2s
Epoch 93/149
----------
The epoch: 93 | phase: train | loss: 0.5850 | accuracy: 0.6865 | mean f1-score: 0.7302 | weighted f1-score: 0.6795
The epoch: 93 | phase: val | loss: 2.3504 | accuracy: 0.3556 | mean f1-score: 0.4215 | weighted f1-score: 0.3906
The epoch: 93 | phase: test | loss: 0.6240 | accuracy: 0.6424 | mean f1-score: 0.7274 | weighted f1-score: 0.6325
Epoch 93 completed in 0m 2s
Epoch 94/149
----------
The epoch: 94 | phase: train | loss: 0.5773 | accuracy: 0.6886 | mean f1-score: 0.7311 | weighted f1-score: 0.6795
The epoch: 94 | phase: val | loss: 2.2244 | accuracy: 0.3620 | mean f1-score: 0.4250 | weighted f1-score: 0.3984
The epoch: 94 | phase: test | loss: 0.6382 | accuracy: 0.6376 | mean f1-score: 0.7234 | weighted f1-score: 0.6313
Epoch 94 completed in 0m 2s
Epoch 95/149
----------
The epoch: 95 | phase: train | loss: 0.5802 | accuracy: 0.6853 | mean f1-score: 0.7303 | weighted f1-score: 0.6776
The epoch: 95 | phase: val | loss: 1.9163 | accuracy: 0.4052 | mean f1-score: 0.4611 | weighted f1-score: 0.4501
The epoch: 95 | phase: test | loss: 0.6477 | accuracy: 0.6419 | mean f1-score: 0.7328 | weighted f1-score: 0.6367
Epoch 95 completed in 0m 2s
Epoch 96/149
----------
The epoch: 96 | phase: train | loss: 0.5767 | accuracy: 0.6907 | mean f1-score: 0.7375 | weighted f1-score: 0.6814
The epoch: 96 | phase: val | loss: 1.7465 | accuracy: 0.4771 | mean f1-score: 0.4902 | weighted f1-score: 0.5025
The epoch: 96 | phase: test | loss: 0.6674 | accuracy: 0.6299 | mean f1-score: 0.7121 | weighted f1-score: 0.6244
Epoch 96 completed in 0m 2s
Epoch 97/149
----------
The epoch: 97 | phase: train | loss: 0.5767 | accuracy: 0.6885 | mean f1-score: 0.7378 | weighted f1-score: 0.6800
The epoch: 97 | phase: val | loss: 1.8947 | accuracy: 0.4026 | mean f1-score: 0.4451 | weighted f1-score: 0.4299
The epoch: 97 | phase: test | loss: 0.7001 | accuracy: 0.6098 | mean f1-score: 0.6432 | weighted f1-score: 0.6073
Epoch 97 completed in 0m 2s
Epoch 98/149
----------
The epoch: 98 | phase: train | loss: 0.5786 | accuracy: 0.6894 | mean f1-score: 0.7360 | weighted f1-score: 0.6833
The epoch: 98 | phase: val | loss: 1.9942 | accuracy: 0.3924 | mean f1-score: 0.4461 | weighted f1-score: 0.4189
The epoch: 98 | phase: test | loss: 0.6485 | accuracy: 0.6366 | mean f1-score: 0.7100 | weighted f1-score: 0.6247
Epoch 98 completed in 0m 2s
Epoch 99/149
----------
The epoch: 99 | phase: train | loss: 0.5827 | accuracy: 0.6848 | mean f1-score: 0.7259 | weighted f1-score: 0.6755
The epoch: 99 | phase: val | loss: 1.6307 | accuracy: 0.4420 | mean f1-score: 0.4710 | weighted f1-score: 0.4660
The epoch: 99 | phase: test | loss: 0.6614 | accuracy: 0.6203 | mean f1-score: 0.6814 | weighted f1-score: 0.6091
Epoch 99 completed in 0m 2s
Epoch 100/149
----------
The epoch: 100 | phase: train | loss: 0.5768 | accuracy: 0.6894 | mean f1-score: 0.7357 | weighted f1-score: 0.6808
The epoch: 100 | phase: val | loss: 1.6186 | accuracy: 0.4106 | mean f1-score: 0.4486 | weighted f1-score: 0.4277
The epoch: 100 | phase: test | loss: 0.6646 | accuracy: 0.6337 | mean f1-score: 0.6855 | weighted f1-score: 0.6234
Epoch 100 completed in 0m 2s
Epoch 101/149
----------
The epoch: 101 | phase: train | loss: 0.5744 | accuracy: 0.6886 | mean f1-score: 0.7372 | weighted f1-score: 0.6809
The epoch: 101 | phase: val | loss: 1.8783 | accuracy: 0.4057 | mean f1-score: 0.4450 | weighted f1-score: 0.4190
The epoch: 101 | phase: test | loss: 0.6531 | accuracy: 0.6366 | mean f1-score: 0.7050 | weighted f1-score: 0.6263
Epoch 101 completed in 0m 2s
Epoch 102/149
----------
The epoch: 102 | phase: train | loss: 0.5735 | accuracy: 0.6879 | mean f1-score: 0.7330 | weighted f1-score: 0.6783
The epoch: 102 | phase: val | loss: 1.7066 | accuracy: 0.4212 | mean f1-score: 0.4410 | weighted f1-score: 0.4171
The epoch: 102 | phase: test | loss: 0.6631 | accuracy: 0.6294 | mean f1-score: 0.6603 | weighted f1-score: 0.6198
Epoch 102 completed in 0m 2s
Epoch 103/149
----------
The epoch: 103 | phase: train | loss: 0.5697 | accuracy: 0.6944 | mean f1-score: 0.7433 | weighted f1-score: 0.6875
The epoch: 103 | phase: val | loss: 1.6198 | accuracy: 0.4325 | mean f1-score: 0.4597 | weighted f1-score: 0.4407
The epoch: 103 | phase: test | loss: 0.6586 | accuracy: 0.6333 | mean f1-score: 0.6745 | weighted f1-score: 0.6206
Epoch 103 completed in 0m 2s
Epoch 104/149
----------
The epoch: 104 | phase: train | loss: 0.5688 | accuracy: 0.6902 | mean f1-score: 0.7356 | weighted f1-score: 0.6821
The epoch: 104 | phase: val | loss: 2.0731 | accuracy: 0.4072 | mean f1-score: 0.4567 | weighted f1-score: 0.4367
The epoch: 104 | phase: test | loss: 0.6446 | accuracy: 0.6429 | mean f1-score: 0.7070 | weighted f1-score: 0.6328
Epoch 104 completed in 0m 2s
Epoch 105/149
----------
The epoch: 105 | phase: train | loss: 0.5683 | accuracy: 0.6943 | mean f1-score: 0.7456 | weighted f1-score: 0.6861
The epoch: 105 | phase: val | loss: 1.6505 | accuracy: 0.4431 | mean f1-score: 0.4577 | weighted f1-score: 0.4335
The epoch: 105 | phase: test | loss: 0.6753 | accuracy: 0.6203 | mean f1-score: 0.6476 | weighted f1-score: 0.6090
Epoch 105 completed in 0m 2s
Epoch 106/149
----------
The epoch: 106 | phase: train | loss: 0.5780 | accuracy: 0.6920 | mean f1-score: 0.7388 | weighted f1-score: 0.6838
The epoch: 106 | phase: val | loss: 1.8460 | accuracy: 0.4409 | mean f1-score: 0.4701 | weighted f1-score: 0.4571
The epoch: 106 | phase: test | loss: 0.6333 | accuracy: 0.6381 | mean f1-score: 0.7274 | weighted f1-score: 0.6245
Epoch 106 completed in 0m 2s
Epoch 107/149
----------
The epoch: 107 | phase: train | loss: 0.5721 | accuracy: 0.6884 | mean f1-score: 0.7361 | weighted f1-score: 0.6817
The epoch: 107 | phase: val | loss: 1.9372 | accuracy: 0.4321 | mean f1-score: 0.4576 | weighted f1-score: 0.4386
The epoch: 107 | phase: test | loss: 0.6510 | accuracy: 0.6366 | mean f1-score: 0.6912 | weighted f1-score: 0.6255
Epoch 107 completed in 0m 2s
Epoch 108/149
----------
The epoch: 108 | phase: train | loss: 0.5723 | accuracy: 0.6913 | mean f1-score: 0.7414 | weighted f1-score: 0.6835
The epoch: 108 | phase: val | loss: 2.2387 | accuracy: 0.3190 | mean f1-score: 0.3956 | weighted f1-score: 0.3465
The epoch: 108 | phase: test | loss: 0.6530 | accuracy: 0.6304 | mean f1-score: 0.6674 | weighted f1-score: 0.6199
Epoch 108 completed in 0m 2s
Epoch 109/149
----------
The epoch: 109 | phase: train | loss: 0.5746 | accuracy: 0.6916 | mean f1-score: 0.7384 | weighted f1-score: 0.6840
The epoch: 109 | phase: val | loss: 2.3638 | accuracy: 0.3527 | mean f1-score: 0.4166 | weighted f1-score: 0.3822
The epoch: 109 | phase: test | loss: 0.6453 | accuracy: 0.6342 | mean f1-score: 0.6831 | weighted f1-score: 0.6242
Epoch 109 completed in 0m 2s
Epoch 110/149
----------
The epoch: 110 | phase: train | loss: 0.5700 | accuracy: 0.6919 | mean f1-score: 0.7404 | weighted f1-score: 0.6832
The epoch: 110 | phase: val | loss: 1.8049 | accuracy: 0.4043 | mean f1-score: 0.4474 | weighted f1-score: 0.4293
The epoch: 110 | phase: test | loss: 0.6514 | accuracy: 0.6371 | mean f1-score: 0.7106 | weighted f1-score: 0.6298
Epoch 110 completed in 0m 2s
Epoch 111/149
----------
The epoch: 111 | phase: train | loss: 0.5656 | accuracy: 0.6982 | mean f1-score: 0.7479 | weighted f1-score: 0.6915
The epoch: 111 | phase: val | loss: 2.3642 | accuracy: 0.4012 | mean f1-score: 0.4308 | weighted f1-score: 0.4043
The epoch: 111 | phase: test | loss: 0.6689 | accuracy: 0.6280 | mean f1-score: 0.6417 | weighted f1-score: 0.6137
Epoch 111 completed in 0m 2s
Epoch 112/149
----------
The epoch: 112 | phase: train | loss: 0.5760 | accuracy: 0.6907 | mean f1-score: 0.7386 | weighted f1-score: 0.6827
The epoch: 112 | phase: val | loss: 1.9322 | accuracy: 0.4254 | mean f1-score: 0.4487 | weighted f1-score: 0.4317
The epoch: 112 | phase: test | loss: 0.6457 | accuracy: 0.6352 | mean f1-score: 0.7137 | weighted f1-score: 0.6251
Epoch 112 completed in 0m 2s
Epoch 113/149
----------
The epoch: 113 | phase: train | loss: 0.5712 | accuracy: 0.6928 | mean f1-score: 0.7403 | weighted f1-score: 0.6861
The epoch: 113 | phase: val | loss: 1.6737 | accuracy: 0.4380 | mean f1-score: 0.4442 | weighted f1-score: 0.4271
The epoch: 113 | phase: test | loss: 0.6950 | accuracy: 0.6117 | mean f1-score: 0.5763 | weighted f1-score: 0.5981
Epoch 113 completed in 0m 2s
Epoch 114/149
----------
The epoch: 114 | phase: train | loss: 0.5668 | accuracy: 0.6938 | mean f1-score: 0.7436 | weighted f1-score: 0.6869
The epoch: 114 | phase: val | loss: 2.4966 | accuracy: 0.3423 | mean f1-score: 0.4127 | weighted f1-score: 0.3737
The epoch: 114 | phase: test | loss: 0.6373 | accuracy: 0.6357 | mean f1-score: 0.7196 | weighted f1-score: 0.6249
Epoch 114 completed in 0m 2s
Epoch 115/149
----------
The epoch: 115 | phase: train | loss: 0.5698 | accuracy: 0.6894 | mean f1-score: 0.7371 | weighted f1-score: 0.6812
The epoch: 115 | phase: val | loss: 1.8332 | accuracy: 0.4447 | mean f1-score: 0.4492 | weighted f1-score: 0.4284
The epoch: 115 | phase: test | loss: 0.6924 | accuracy: 0.6246 | mean f1-score: 0.6374 | weighted f1-score: 0.6160
Epoch 115 completed in 0m 2s
Epoch 116/149
----------
The epoch: 116 | phase: train | loss: 0.5758 | accuracy: 0.6955 | mean f1-score: 0.7442 | weighted f1-score: 0.6906
The epoch: 116 | phase: val | loss: 1.8582 | accuracy: 0.3877 | mean f1-score: 0.4441 | weighted f1-score: 0.4267
The epoch: 116 | phase: test | loss: 0.6462 | accuracy: 0.6371 | mean f1-score: 0.7098 | weighted f1-score: 0.6279
Epoch 116 completed in 0m 2s
Epoch 117/149
----------
The epoch: 117 | phase: train | loss: 0.5659 | accuracy: 0.6946 | mean f1-score: 0.7468 | weighted f1-score: 0.6876
The epoch: 117 | phase: val | loss: 1.8629 | accuracy: 0.4070 | mean f1-score: 0.4422 | weighted f1-score: 0.4234
The epoch: 117 | phase: test | loss: 0.6591 | accuracy: 0.6405 | mean f1-score: 0.7099 | weighted f1-score: 0.6340
Epoch 117 completed in 0m 2s
Epoch 118/149
----------
The epoch: 118 | phase: train | loss: 0.5685 | accuracy: 0.6942 | mean f1-score: 0.7463 | weighted f1-score: 0.6875
The epoch: 118 | phase: val | loss: 2.1058 | accuracy: 0.4070 | mean f1-score: 0.4460 | weighted f1-score: 0.4272
The epoch: 118 | phase: test | loss: 0.6390 | accuracy: 0.6342 | mean f1-score: 0.7022 | weighted f1-score: 0.6239
Epoch 118 completed in 0m 2s
Epoch 119/149
----------
The epoch: 119 | phase: train | loss: 0.5723 | accuracy: 0.6895 | mean f1-score: 0.7385 | weighted f1-score: 0.6832
The epoch: 119 | phase: val | loss: 2.1096 | accuracy: 0.4194 | mean f1-score: 0.4396 | weighted f1-score: 0.4219
The epoch: 119 | phase: test | loss: 0.6542 | accuracy: 0.6232 | mean f1-score: 0.6402 | weighted f1-score: 0.6081
Epoch 119 completed in 0m 2s
Epoch 120/149
----------
The epoch: 120 | phase: train | loss: 0.5695 | accuracy: 0.6920 | mean f1-score: 0.7416 | weighted f1-score: 0.6840
The epoch: 120 | phase: val | loss: 1.9240 | accuracy: 0.3689 | mean f1-score: 0.4324 | weighted f1-score: 0.3983
The epoch: 120 | phase: test | loss: 0.6909 | accuracy: 0.6299 | mean f1-score: 0.6775 | weighted f1-score: 0.6221
Epoch 120 completed in 0m 2s
Epoch 121/149
----------
The epoch: 121 | phase: train | loss: 0.5662 | accuracy: 0.6916 | mean f1-score: 0.7391 | weighted f1-score: 0.6836
The epoch: 121 | phase: val | loss: 1.7752 | accuracy: 0.4008 | mean f1-score: 0.4485 | weighted f1-score: 0.4406
The epoch: 121 | phase: test | loss: 0.7069 | accuracy: 0.6031 | mean f1-score: 0.6223 | weighted f1-score: 0.5982
Epoch 121 completed in 0m 2s
Epoch 122/149
----------
The epoch: 122 | phase: train | loss: 0.5699 | accuracy: 0.6908 | mean f1-score: 0.7361 | weighted f1-score: 0.6829
The epoch: 122 | phase: val | loss: 1.6757 | accuracy: 0.4471 | mean f1-score: 0.4642 | weighted f1-score: 0.4448
The epoch: 122 | phase: test | loss: 0.6744 | accuracy: 0.6242 | mean f1-score: 0.6737 | weighted f1-score: 0.6126
Epoch 122 completed in 0m 2s
Epoch 123/149
----------
The epoch: 123 | phase: train | loss: 0.5601 | accuracy: 0.6983 | mean f1-score: 0.7533 | weighted f1-score: 0.6923
The epoch: 123 | phase: val | loss: 1.8738 | accuracy: 0.4270 | mean f1-score: 0.4537 | weighted f1-score: 0.4344
The epoch: 123 | phase: test | loss: 0.6527 | accuracy: 0.6347 | mean f1-score: 0.6990 | weighted f1-score: 0.6241
Epoch 123 completed in 0m 2s
Epoch 124/149
----------
The epoch: 124 | phase: train | loss: 0.5641 | accuracy: 0.7036 | mean f1-score: 0.7551 | weighted f1-score: 0.6959
The epoch: 124 | phase: val | loss: 1.9634 | accuracy: 0.4185 | mean f1-score: 0.4453 | weighted f1-score: 0.4264
The epoch: 124 | phase: test | loss: 0.6469 | accuracy: 0.6361 | mean f1-score: 0.6938 | weighted f1-score: 0.6261
Epoch 124 completed in 0m 2s
Epoch 125/149
----------
The epoch: 125 | phase: train | loss: 0.5616 | accuracy: 0.6984 | mean f1-score: 0.7530 | weighted f1-score: 0.6932
The epoch: 125 | phase: val | loss: 1.9820 | accuracy: 0.4385 | mean f1-score: 0.4527 | weighted f1-score: 0.4355
The epoch: 125 | phase: test | loss: 0.6596 | accuracy: 0.6242 | mean f1-score: 0.6537 | weighted f1-score: 0.6085
Epoch 125 completed in 0m 2s
Epoch 126/149
----------
The epoch: 126 | phase: train | loss: 0.5629 | accuracy: 0.6945 | mean f1-score: 0.7505 | weighted f1-score: 0.6874
The epoch: 126 | phase: val | loss: 2.3551 | accuracy: 0.3924 | mean f1-score: 0.4213 | weighted f1-score: 0.3970
The epoch: 126 | phase: test | loss: 0.6582 | accuracy: 0.6337 | mean f1-score: 0.6545 | weighted f1-score: 0.6198
Epoch 126 completed in 0m 2s
Epoch 127/149
----------
The epoch: 127 | phase: train | loss: 0.5613 | accuracy: 0.6965 | mean f1-score: 0.7506 | weighted f1-score: 0.6899
The epoch: 127 | phase: val | loss: 1.9194 | accuracy: 0.3837 | mean f1-score: 0.4348 | weighted f1-score: 0.4068
The epoch: 127 | phase: test | loss: 0.6640 | accuracy: 0.6361 | mean f1-score: 0.6744 | weighted f1-score: 0.6260
Epoch 127 completed in 0m 2s
Epoch 128/149
----------
The epoch: 128 | phase: train | loss: 0.5628 | accuracy: 0.6927 | mean f1-score: 0.7433 | weighted f1-score: 0.6855
The epoch: 128 | phase: val | loss: 2.0865 | accuracy: 0.4214 | mean f1-score: 0.4493 | weighted f1-score: 0.4255
The epoch: 128 | phase: test | loss: 0.6729 | accuracy: 0.6290 | mean f1-score: 0.6678 | weighted f1-score: 0.6192
Epoch 128 completed in 0m 2s
Epoch 129/149
----------
The epoch: 129 | phase: train | loss: 0.5589 | accuracy: 0.7005 | mean f1-score: 0.7590 | weighted f1-score: 0.6959
The epoch: 129 | phase: val | loss: 2.2647 | accuracy: 0.3589 | mean f1-score: 0.4244 | weighted f1-score: 0.3950
The epoch: 129 | phase: test | loss: 0.6396 | accuracy: 0.6409 | mean f1-score: 0.7197 | weighted f1-score: 0.6300
Epoch 129 completed in 0m 2s
Epoch 130/149
----------
The epoch: 130 | phase: train | loss: 0.5697 | accuracy: 0.6906 | mean f1-score: 0.7402 | weighted f1-score: 0.6821
The epoch: 130 | phase: val | loss: 2.0087 | accuracy: 0.4354 | mean f1-score: 0.4438 | weighted f1-score: 0.4200
The epoch: 130 | phase: test | loss: 0.6604 | accuracy: 0.6290 | mean f1-score: 0.6430 | weighted f1-score: 0.6167
Epoch 130 completed in 0m 2s
Epoch 131/149
----------
The epoch: 131 | phase: train | loss: 0.5618 | accuracy: 0.6983 | mean f1-score: 0.7501 | weighted f1-score: 0.6916
The epoch: 131 | phase: val | loss: 2.4912 | accuracy: 0.3667 | mean f1-score: 0.4304 | weighted f1-score: 0.4093
The epoch: 131 | phase: test | loss: 0.6318 | accuracy: 0.6424 | mean f1-score: 0.7237 | weighted f1-score: 0.6352
Epoch 131 completed in 0m 2s
Epoch 132/149
----------
The epoch: 132 | phase: train | loss: 0.5662 | accuracy: 0.6989 | mean f1-score: 0.7524 | weighted f1-score: 0.6929
The epoch: 132 | phase: val | loss: 1.8344 | accuracy: 0.4196 | mean f1-score: 0.4452 | weighted f1-score: 0.4265
The epoch: 132 | phase: test | loss: 0.6562 | accuracy: 0.6280 | mean f1-score: 0.6619 | weighted f1-score: 0.6157
Epoch 132 completed in 0m 2s
Epoch 133/149
----------
The epoch: 133 | phase: train | loss: 0.5670 | accuracy: 0.6948 | mean f1-score: 0.7457 | weighted f1-score: 0.6888
The epoch: 133 | phase: val | loss: 1.6500 | accuracy: 0.4580 | mean f1-score: 0.4875 | weighted f1-score: 0.4985
The epoch: 133 | phase: test | loss: 0.6711 | accuracy: 0.6294 | mean f1-score: 0.6987 | weighted f1-score: 0.6234
Epoch 133 completed in 0m 2s
Epoch 134/149
----------
The epoch: 134 | phase: train | loss: 0.5569 | accuracy: 0.6981 | mean f1-score: 0.7514 | weighted f1-score: 0.6905
The epoch: 134 | phase: val | loss: 2.1754 | accuracy: 0.3580 | mean f1-score: 0.4216 | weighted f1-score: 0.3928
The epoch: 134 | phase: test | loss: 0.6624 | accuracy: 0.6361 | mean f1-score: 0.6984 | weighted f1-score: 0.6264
Epoch 134 completed in 0m 2s
Epoch 135/149
----------
The epoch: 135 | phase: train | loss: 0.5575 | accuracy: 0.6987 | mean f1-score: 0.7537 | weighted f1-score: 0.6910
The epoch: 135 | phase: val | loss: 2.3909 | accuracy: 0.3935 | mean f1-score: 0.4460 | weighted f1-score: 0.4336
The epoch: 135 | phase: test | loss: 0.6388 | accuracy: 0.6433 | mean f1-score: 0.7229 | weighted f1-score: 0.6376
Epoch 135 completed in 0m 2s
Epoch 136/149
----------
The epoch: 136 | phase: train | loss: 0.5604 | accuracy: 0.7010 | mean f1-score: 0.7553 | weighted f1-score: 0.6951
The epoch: 136 | phase: val | loss: 2.3991 | accuracy: 0.3755 | mean f1-score: 0.4192 | weighted f1-score: 0.3932
The epoch: 136 | phase: test | loss: 0.6490 | accuracy: 0.6328 | mean f1-score: 0.6922 | weighted f1-score: 0.6234
Epoch 136 completed in 0m 2s
Epoch 137/149
----------
The epoch: 137 | phase: train | loss: 0.5576 | accuracy: 0.6983 | mean f1-score: 0.7556 | weighted f1-score: 0.6922
The epoch: 137 | phase: val | loss: 2.0677 | accuracy: 0.4203 | mean f1-score: 0.4564 | weighted f1-score: 0.4458
The epoch: 137 | phase: test | loss: 0.6422 | accuracy: 0.6409 | mean f1-score: 0.7252 | weighted f1-score: 0.6316
Epoch 137 completed in 0m 2s
Epoch 138/149
----------
The epoch: 138 | phase: train | loss: 0.5564 | accuracy: 0.6975 | mean f1-score: 0.7544 | weighted f1-score: 0.6925
The epoch: 138 | phase: val | loss: 2.1010 | accuracy: 0.4174 | mean f1-score: 0.4601 | weighted f1-score: 0.4576
The epoch: 138 | phase: test | loss: 0.6470 | accuracy: 0.6409 | mean f1-score: 0.7209 | weighted f1-score: 0.6333
Epoch 138 completed in 0m 2s
Epoch 139/149
----------
The epoch: 139 | phase: train | loss: 0.5604 | accuracy: 0.6978 | mean f1-score: 0.7537 | weighted f1-score: 0.6912
The epoch: 139 | phase: val | loss: 2.0268 | accuracy: 0.4511 | mean f1-score: 0.4701 | weighted f1-score: 0.4764
The epoch: 139 | phase: test | loss: 0.6376 | accuracy: 0.6381 | mean f1-score: 0.7178 | weighted f1-score: 0.6261
Epoch 139 completed in 0m 2s
Epoch 140/149
----------
The epoch: 140 | phase: train | loss: 0.5549 | accuracy: 0.6967 | mean f1-score: 0.7549 | weighted f1-score: 0.6904
The epoch: 140 | phase: val | loss: 1.6485 | accuracy: 0.4782 | mean f1-score: 0.4597 | weighted f1-score: 0.4417
The epoch: 140 | phase: test | loss: 0.7559 | accuracy: 0.5964 | mean f1-score: 0.5974 | weighted f1-score: 0.5938
Epoch 140 completed in 0m 2s
Epoch 141/149
----------
The epoch: 141 | phase: train | loss: 0.5536 | accuracy: 0.7022 | mean f1-score: 0.7591 | weighted f1-score: 0.6969
The epoch: 141 | phase: val | loss: 2.1377 | accuracy: 0.4061 | mean f1-score: 0.4474 | weighted f1-score: 0.4363
The epoch: 141 | phase: test | loss: 0.6409 | accuracy: 0.6371 | mean f1-score: 0.7072 | weighted f1-score: 0.6280
Epoch 141 completed in 0m 1s
Epoch 142/149
----------
The epoch: 142 | phase: train | loss: 0.5603 | accuracy: 0.6975 | mean f1-score: 0.7549 | weighted f1-score: 0.6931
The epoch: 142 | phase: val | loss: 2.0166 | accuracy: 0.4207 | mean f1-score: 0.4504 | weighted f1-score: 0.4340
The epoch: 142 | phase: test | loss: 0.6397 | accuracy: 0.6352 | mean f1-score: 0.6878 | weighted f1-score: 0.6231
Epoch 142 completed in 0m 2s
Epoch 143/149
----------
The epoch: 143 | phase: train | loss: 0.5564 | accuracy: 0.7009 | mean f1-score: 0.7557 | weighted f1-score: 0.6951
The epoch: 143 | phase: val | loss: 2.0534 | accuracy: 0.4094 | mean f1-score: 0.4574 | weighted f1-score: 0.4481
The epoch: 143 | phase: test | loss: 0.6451 | accuracy: 0.6395 | mean f1-score: 0.7137 | weighted f1-score: 0.6308
Epoch 143 completed in 0m 2s
Epoch 144/149
----------
The epoch: 144 | phase: train | loss: 0.5656 | accuracy: 0.6946 | mean f1-score: 0.7420 | weighted f1-score: 0.6876
The epoch: 144 | phase: val | loss: 1.6980 | accuracy: 0.4720 | mean f1-score: 0.4713 | weighted f1-score: 0.4664
The epoch: 144 | phase: test | loss: 0.6727 | accuracy: 0.6309 | mean f1-score: 0.6918 | weighted f1-score: 0.6251
Epoch 144 completed in 0m 2s
Epoch 145/149
----------
The epoch: 145 | phase: train | loss: 0.5670 | accuracy: 0.6953 | mean f1-score: 0.7450 | weighted f1-score: 0.6892
The epoch: 145 | phase: val | loss: 1.8128 | accuracy: 0.4250 | mean f1-score: 0.4536 | weighted f1-score: 0.4409
The epoch: 145 | phase: test | loss: 0.6604 | accuracy: 0.6419 | mean f1-score: 0.6999 | weighted f1-score: 0.6359
Epoch 145 completed in 0m 2s
Epoch 146/149
----------
The epoch: 146 | phase: train | loss: 0.5623 | accuracy: 0.6972 | mean f1-score: 0.7466 | weighted f1-score: 0.6911
The epoch: 146 | phase: val | loss: 2.2688 | accuracy: 0.3500 | mean f1-score: 0.4226 | weighted f1-score: 0.3925
The epoch: 146 | phase: test | loss: 0.6408 | accuracy: 0.6390 | mean f1-score: 0.7114 | weighted f1-score: 0.6282
Epoch 146 completed in 0m 2s
Epoch 147/149
----------
The epoch: 147 | phase: train | loss: 0.5613 | accuracy: 0.6959 | mean f1-score: 0.7501 | weighted f1-score: 0.6902
The epoch: 147 | phase: val | loss: 2.2102 | accuracy: 0.3542 | mean f1-score: 0.4186 | weighted f1-score: 0.3898
The epoch: 147 | phase: test | loss: 0.6519 | accuracy: 0.6500 | mean f1-score: 0.7097 | weighted f1-score: 0.6428
Epoch 147 completed in 0m 1s
Epoch 148/149
----------
The epoch: 148 | phase: train | loss: 0.5624 | accuracy: 0.6973 | mean f1-score: 0.7500 | weighted f1-score: 0.6915
The epoch: 148 | phase: val | loss: 1.8846 | accuracy: 0.4201 | mean f1-score: 0.4529 | weighted f1-score: 0.4509
The epoch: 148 | phase: test | loss: 0.6556 | accuracy: 0.6496 | mean f1-score: 0.7024 | weighted f1-score: 0.6434
Epoch 148 completed in 0m 1s
Epoch 149/149
----------
The epoch: 149 | phase: train | loss: 0.5605 | accuracy: 0.6967 | mean f1-score: 0.7477 | weighted f1-score: 0.6899
The epoch: 149 | phase: val | loss: 1.8889 | accuracy: 0.4516 | mean f1-score: 0.4675 | weighted f1-score: 0.4716
The epoch: 149 | phase: test | loss: 0.6532 | accuracy: 0.6433 | mean f1-score: 0.6941 | weighted f1-score: 0.6359
Epoch 149 completed in 0m 2s
The best epoch is 91
Phase: train, loss: 0.5883624939248153, accuracy: 0.6842105263157895, f1_score: 0.7250092588687894, f1_score weighted: 0.6750995575505724 {'train': [], 'val': [], 'test': []}
Phase: val, loss: 1.4610507628178284, accuracy: 0.5149634227444025, f1_score: 0.5160316414421856, f1_score weighted: 0.5273631268787959 {'train': [], 'val': [], 'test': []}
Phase: test, loss: 0.7278133741618346, accuracy: 0.5944391179290508, f1_score: 0.5993217334895543, f1_score weighted: 0.5859711291487586 {'train': [], 'val': [], 'test': []}
------ Evaluation complete! ------
