Namespace(window=50, overlap=25, batch_size=64, learning_rate=0.0005, num_epochs=150, gpu_id='0', dataset='kuhar', kernel_size=3, num_steps_prediction=28, classifier_lr=0.0005, classifier_batch_size=256, saved_model='/workspaces/betania.silva/ssl_tools/contrastive-predictive-coding-for-har/models/May-11-2024/motionsense_k_28_lr_0.0005_bs_64.pkl', learning_schedule='last_layer', random_seed=42, input_size=6, num_classes=7, root_dir='/workspaces/betania.silva/view_concatenated', data_file='kuhar', device=device(type='cuda', index=0), padding=1)
Data Raw (248462, 6)
Data (9937, 50, 6)
Labels (9937,)
Data Raw (112812, 6)
Data (4511, 50, 6)
Labels (4511,)
Data Raw (52196, 6)
Data (2086, 50, 6)
Labels (2086,)
The batch size for train phase is: 256
The batch size for val phase is: 256
The batch size for test phase is: 256
Loading the pre-trained weights
Epoch 0/149
----------
The epoch: 0 | phase: train | loss: 1.0634 | accuracy: 0.6033 | mean f1-score: 0.4704 | weighted f1-score: 0.5881
The epoch: 0 | phase: val | loss: 1.5340 | accuracy: 0.3374 | mean f1-score: 0.4100 | weighted f1-score: 0.3492
The epoch: 0 | phase: test | loss: 0.8261 | accuracy: 0.6424 | mean f1-score: 0.6922 | weighted f1-score: 0.6283
Epoch 0 completed in 0m 3s
Epoch 1/149
----------
The epoch: 1 | phase: train | loss: 0.6860 | accuracy: 0.6909 | mean f1-score: 0.7232 | weighted f1-score: 0.6876
The epoch: 1 | phase: val | loss: 1.5245 | accuracy: 0.4398 | mean f1-score: 0.4843 | weighted f1-score: 0.4604
The epoch: 1 | phase: test | loss: 0.6852 | accuracy: 0.6457 | mean f1-score: 0.7055 | weighted f1-score: 0.6334
Epoch 1 completed in 0m 2s
Epoch 2/149
----------
The epoch: 2 | phase: train | loss: 0.5992 | accuracy: 0.7163 | mean f1-score: 0.7701 | weighted f1-score: 0.7153
The epoch: 2 | phase: val | loss: 1.7065 | accuracy: 0.4462 | mean f1-score: 0.4885 | weighted f1-score: 0.4594
The epoch: 2 | phase: test | loss: 0.6352 | accuracy: 0.6649 | mean f1-score: 0.7329 | weighted f1-score: 0.6624
Epoch 2 completed in 0m 2s
Epoch 3/149
----------
The epoch: 3 | phase: train | loss: 0.5544 | accuracy: 0.7319 | mean f1-score: 0.7916 | weighted f1-score: 0.7311
The epoch: 3 | phase: val | loss: 1.6917 | accuracy: 0.4553 | mean f1-score: 0.4867 | weighted f1-score: 0.4644
The epoch: 3 | phase: test | loss: 0.6549 | accuracy: 0.6529 | mean f1-score: 0.7137 | weighted f1-score: 0.6517
Epoch 3 completed in 0m 2s
Epoch 4/149
----------
The epoch: 4 | phase: train | loss: 0.5258 | accuracy: 0.7427 | mean f1-score: 0.8083 | weighted f1-score: 0.7424
The epoch: 4 | phase: val | loss: 2.2274 | accuracy: 0.3837 | mean f1-score: 0.4523 | weighted f1-score: 0.3898
The epoch: 4 | phase: test | loss: 0.5961 | accuracy: 0.6630 | mean f1-score: 0.7249 | weighted f1-score: 0.6578
Epoch 4 completed in 0m 2s
Epoch 5/149
----------
The epoch: 5 | phase: train | loss: 0.5071 | accuracy: 0.7513 | mean f1-score: 0.8179 | weighted f1-score: 0.7509
The epoch: 5 | phase: val | loss: 1.9825 | accuracy: 0.4241 | mean f1-score: 0.4807 | weighted f1-score: 0.4398
The epoch: 5 | phase: test | loss: 0.5811 | accuracy: 0.6779 | mean f1-score: 0.7777 | weighted f1-score: 0.6773
Epoch 5 completed in 0m 2s
Epoch 6/149
----------
The epoch: 6 | phase: train | loss: 0.4915 | accuracy: 0.7589 | mean f1-score: 0.8241 | weighted f1-score: 0.7584
The epoch: 6 | phase: val | loss: 1.7602 | accuracy: 0.4538 | mean f1-score: 0.4915 | weighted f1-score: 0.4651
The epoch: 6 | phase: test | loss: 0.5892 | accuracy: 0.6889 | mean f1-score: 0.7465 | weighted f1-score: 0.6887
Epoch 6 completed in 0m 2s
Epoch 7/149
----------
The epoch: 7 | phase: train | loss: 0.4854 | accuracy: 0.7605 | mean f1-score: 0.8300 | weighted f1-score: 0.7603
The epoch: 7 | phase: val | loss: 1.9315 | accuracy: 0.4613 | mean f1-score: 0.4934 | weighted f1-score: 0.4716
The epoch: 7 | phase: test | loss: 0.6291 | accuracy: 0.6539 | mean f1-score: 0.7075 | weighted f1-score: 0.6473
Epoch 7 completed in 0m 2s
Epoch 8/149
----------
The epoch: 8 | phase: train | loss: 0.4706 | accuracy: 0.7686 | mean f1-score: 0.8377 | weighted f1-score: 0.7681
The epoch: 8 | phase: val | loss: 2.5274 | accuracy: 0.3853 | mean f1-score: 0.4569 | weighted f1-score: 0.3952
The epoch: 8 | phase: test | loss: 0.5779 | accuracy: 0.6817 | mean f1-score: 0.7552 | weighted f1-score: 0.6787
Epoch 8 completed in 0m 2s
Epoch 9/149
----------
The epoch: 9 | phase: train | loss: 0.4673 | accuracy: 0.7709 | mean f1-score: 0.8353 | weighted f1-score: 0.7704
The epoch: 9 | phase: val | loss: 2.2583 | accuracy: 0.4130 | mean f1-score: 0.4709 | weighted f1-score: 0.4269
The epoch: 9 | phase: test | loss: 0.5967 | accuracy: 0.6802 | mean f1-score: 0.7422 | weighted f1-score: 0.6775
Epoch 9 completed in 0m 2s
Epoch 10/149
----------
The epoch: 10 | phase: train | loss: 0.4548 | accuracy: 0.7744 | mean f1-score: 0.8404 | weighted f1-score: 0.7741
The epoch: 10 | phase: val | loss: 1.9611 | accuracy: 0.4680 | mean f1-score: 0.4979 | weighted f1-score: 0.4770
The epoch: 10 | phase: test | loss: 0.6167 | accuracy: 0.6759 | mean f1-score: 0.7245 | weighted f1-score: 0.6733
Epoch 10 completed in 0m 2s
Epoch 11/149
----------
The epoch: 11 | phase: train | loss: 0.4539 | accuracy: 0.7808 | mean f1-score: 0.8473 | weighted f1-score: 0.7805
The epoch: 11 | phase: val | loss: 2.2070 | accuracy: 0.4436 | mean f1-score: 0.4979 | weighted f1-score: 0.4674
The epoch: 11 | phase: test | loss: 0.6093 | accuracy: 0.6889 | mean f1-score: 0.7807 | weighted f1-score: 0.6871
Epoch 11 completed in 0m 2s
Epoch 12/149
----------
The epoch: 12 | phase: train | loss: 0.4432 | accuracy: 0.7814 | mean f1-score: 0.8513 | weighted f1-score: 0.7811
The epoch: 12 | phase: val | loss: 1.8706 | accuracy: 0.4804 | mean f1-score: 0.5074 | weighted f1-score: 0.4919
The epoch: 12 | phase: test | loss: 0.5696 | accuracy: 0.7191 | mean f1-score: 0.7638 | weighted f1-score: 0.7199
Epoch 12 completed in 0m 2s
Epoch 13/149
----------
The epoch: 13 | phase: train | loss: 0.4364 | accuracy: 0.7801 | mean f1-score: 0.8502 | weighted f1-score: 0.7799
The epoch: 13 | phase: val | loss: 2.2053 | accuracy: 0.4573 | mean f1-score: 0.4950 | weighted f1-score: 0.4657
The epoch: 13 | phase: test | loss: 0.5741 | accuracy: 0.7013 | mean f1-score: 0.7700 | weighted f1-score: 0.6999
Epoch 13 completed in 0m 2s
Epoch 14/149
----------
The epoch: 14 | phase: train | loss: 0.4269 | accuracy: 0.7886 | mean f1-score: 0.8585 | weighted f1-score: 0.7881
The epoch: 14 | phase: val | loss: 2.3016 | accuracy: 0.4414 | mean f1-score: 0.4723 | weighted f1-score: 0.4393
The epoch: 14 | phase: test | loss: 0.5740 | accuracy: 0.7133 | mean f1-score: 0.7482 | weighted f1-score: 0.7135
Epoch 14 completed in 0m 2s
Epoch 15/149
----------
The epoch: 15 | phase: train | loss: 0.4264 | accuracy: 0.7918 | mean f1-score: 0.8587 | weighted f1-score: 0.7915
The epoch: 15 | phase: val | loss: 1.8780 | accuracy: 0.5103 | mean f1-score: 0.5348 | weighted f1-score: 0.5196
The epoch: 15 | phase: test | loss: 0.6404 | accuracy: 0.6788 | mean f1-score: 0.7027 | weighted f1-score: 0.6799
Epoch 15 completed in 0m 2s
Epoch 16/149
----------
The epoch: 16 | phase: train | loss: 0.4150 | accuracy: 0.7997 | mean f1-score: 0.8668 | weighted f1-score: 0.7996
The epoch: 16 | phase: val | loss: 2.2971 | accuracy: 0.4487 | mean f1-score: 0.4975 | weighted f1-score: 0.4638
The epoch: 16 | phase: test | loss: 0.5590 | accuracy: 0.6999 | mean f1-score: 0.7385 | weighted f1-score: 0.6991
Epoch 16 completed in 0m 3s
Epoch 17/149
----------
The epoch: 17 | phase: train | loss: 0.4199 | accuracy: 0.7969 | mean f1-score: 0.8617 | weighted f1-score: 0.7965
The epoch: 17 | phase: val | loss: 2.1004 | accuracy: 0.4646 | mean f1-score: 0.5185 | weighted f1-score: 0.4887
The epoch: 17 | phase: test | loss: 0.5778 | accuracy: 0.6989 | mean f1-score: 0.7764 | weighted f1-score: 0.6983
Epoch 17 completed in 0m 2s
Epoch 18/149
----------
The epoch: 18 | phase: train | loss: 0.4088 | accuracy: 0.8008 | mean f1-score: 0.8680 | weighted f1-score: 0.8004
The epoch: 18 | phase: val | loss: 1.9795 | accuracy: 0.5006 | mean f1-score: 0.5157 | weighted f1-score: 0.4988
The epoch: 18 | phase: test | loss: 0.6701 | accuracy: 0.6831 | mean f1-score: 0.6804 | weighted f1-score: 0.6838
Epoch 18 completed in 0m 2s
Epoch 19/149
----------
The epoch: 19 | phase: train | loss: 0.4118 | accuracy: 0.8023 | mean f1-score: 0.8674 | weighted f1-score: 0.8020
The epoch: 19 | phase: val | loss: 3.1437 | accuracy: 0.3793 | mean f1-score: 0.4481 | weighted f1-score: 0.3903
The epoch: 19 | phase: test | loss: 0.5703 | accuracy: 0.7157 | mean f1-score: 0.7492 | weighted f1-score: 0.7135
Epoch 19 completed in 0m 2s
Epoch 20/149
----------
The epoch: 20 | phase: train | loss: 0.4024 | accuracy: 0.8049 | mean f1-score: 0.8705 | weighted f1-score: 0.8045
The epoch: 20 | phase: val | loss: 2.4542 | accuracy: 0.4536 | mean f1-score: 0.4881 | weighted f1-score: 0.4563
The epoch: 20 | phase: test | loss: 0.5778 | accuracy: 0.7200 | mean f1-score: 0.7526 | weighted f1-score: 0.7197
Epoch 20 completed in 0m 2s
Epoch 21/149
----------
The epoch: 21 | phase: train | loss: 0.3993 | accuracy: 0.8031 | mean f1-score: 0.8722 | weighted f1-score: 0.8028
The epoch: 21 | phase: val | loss: 2.1692 | accuracy: 0.4979 | mean f1-score: 0.5294 | weighted f1-score: 0.5061
The epoch: 21 | phase: test | loss: 0.6277 | accuracy: 0.6855 | mean f1-score: 0.7145 | weighted f1-score: 0.6864
Epoch 21 completed in 0m 2s
Epoch 22/149
----------
The epoch: 22 | phase: train | loss: 0.4030 | accuracy: 0.8041 | mean f1-score: 0.8726 | weighted f1-score: 0.8039
The epoch: 22 | phase: val | loss: 2.3748 | accuracy: 0.4715 | mean f1-score: 0.5060 | weighted f1-score: 0.4833
The epoch: 22 | phase: test | loss: 0.5530 | accuracy: 0.7301 | mean f1-score: 0.7702 | weighted f1-score: 0.7313
Epoch 22 completed in 0m 2s
Epoch 23/149
----------
The epoch: 23 | phase: train | loss: 0.4016 | accuracy: 0.8025 | mean f1-score: 0.8705 | weighted f1-score: 0.8022
The epoch: 23 | phase: val | loss: 2.1675 | accuracy: 0.4824 | mean f1-score: 0.5143 | weighted f1-score: 0.4881
The epoch: 23 | phase: test | loss: 0.5974 | accuracy: 0.7085 | mean f1-score: 0.7419 | weighted f1-score: 0.7095
Epoch 23 completed in 0m 2s
Epoch 24/149
----------
The epoch: 24 | phase: train | loss: 0.3870 | accuracy: 0.8093 | mean f1-score: 0.8789 | weighted f1-score: 0.8090
The epoch: 24 | phase: val | loss: 2.5022 | accuracy: 0.4403 | mean f1-score: 0.4977 | weighted f1-score: 0.4639
The epoch: 24 | phase: test | loss: 0.5478 | accuracy: 0.7224 | mean f1-score: 0.7755 | weighted f1-score: 0.7221
Epoch 24 completed in 0m 2s
Epoch 25/149
----------
The epoch: 25 | phase: train | loss: 0.3848 | accuracy: 0.8127 | mean f1-score: 0.8809 | weighted f1-score: 0.8124
The epoch: 25 | phase: val | loss: 2.1716 | accuracy: 0.4833 | mean f1-score: 0.5092 | weighted f1-score: 0.4905
The epoch: 25 | phase: test | loss: 0.5784 | accuracy: 0.7215 | mean f1-score: 0.7589 | weighted f1-score: 0.7226
Epoch 25 completed in 0m 2s
Epoch 26/149
----------
The epoch: 26 | phase: train | loss: 0.3784 | accuracy: 0.8155 | mean f1-score: 0.8841 | weighted f1-score: 0.8153
The epoch: 26 | phase: val | loss: 2.5168 | accuracy: 0.4602 | mean f1-score: 0.4961 | weighted f1-score: 0.4638
The epoch: 26 | phase: test | loss: 0.5606 | accuracy: 0.7325 | mean f1-score: 0.7682 | weighted f1-score: 0.7336
Epoch 26 completed in 0m 2s
Epoch 27/149
----------
The epoch: 27 | phase: train | loss: 0.3805 | accuracy: 0.8121 | mean f1-score: 0.8809 | weighted f1-score: 0.8119
The epoch: 27 | phase: val | loss: 2.4294 | accuracy: 0.4711 | mean f1-score: 0.5118 | weighted f1-score: 0.4827
The epoch: 27 | phase: test | loss: 0.5605 | accuracy: 0.7277 | mean f1-score: 0.7701 | weighted f1-score: 0.7284
Epoch 27 completed in 0m 2s
Epoch 28/149
----------
The epoch: 28 | phase: train | loss: 0.3761 | accuracy: 0.8225 | mean f1-score: 0.8867 | weighted f1-score: 0.8223
The epoch: 28 | phase: val | loss: 2.3971 | accuracy: 0.4516 | mean f1-score: 0.4708 | weighted f1-score: 0.4669
The epoch: 28 | phase: test | loss: 0.6974 | accuracy: 0.6769 | mean f1-score: 0.7468 | weighted f1-score: 0.6626
Epoch 28 completed in 0m 2s
Epoch 29/149
----------
The epoch: 29 | phase: train | loss: 0.3750 | accuracy: 0.8190 | mean f1-score: 0.8855 | weighted f1-score: 0.8186
The epoch: 29 | phase: val | loss: 2.6978 | accuracy: 0.4431 | mean f1-score: 0.4944 | weighted f1-score: 0.4610
The epoch: 29 | phase: test | loss: 0.5416 | accuracy: 0.7359 | mean f1-score: 0.7779 | weighted f1-score: 0.7362
Epoch 29 completed in 0m 2s
Epoch 30/149
----------
The epoch: 30 | phase: train | loss: 0.3713 | accuracy: 0.8154 | mean f1-score: 0.8842 | weighted f1-score: 0.8152
The epoch: 30 | phase: val | loss: 2.5924 | accuracy: 0.4677 | mean f1-score: 0.5080 | weighted f1-score: 0.4853
The epoch: 30 | phase: test | loss: 0.5370 | accuracy: 0.7383 | mean f1-score: 0.7825 | weighted f1-score: 0.7393
Epoch 30 completed in 0m 2s
Epoch 31/149
----------
The epoch: 31 | phase: train | loss: 0.3690 | accuracy: 0.8239 | mean f1-score: 0.8918 | weighted f1-score: 0.8237
The epoch: 31 | phase: val | loss: 2.7164 | accuracy: 0.4558 | mean f1-score: 0.4939 | weighted f1-score: 0.4617
The epoch: 31 | phase: test | loss: 0.5749 | accuracy: 0.7330 | mean f1-score: 0.7683 | weighted f1-score: 0.7340
Epoch 31 completed in 0m 2s
Epoch 32/149
----------
The epoch: 32 | phase: train | loss: 0.3627 | accuracy: 0.8235 | mean f1-score: 0.8912 | weighted f1-score: 0.8233
The epoch: 32 | phase: val | loss: 2.3722 | accuracy: 0.4855 | mean f1-score: 0.5292 | weighted f1-score: 0.5047
The epoch: 32 | phase: test | loss: 0.5562 | accuracy: 0.7349 | mean f1-score: 0.7887 | weighted f1-score: 0.7356
Epoch 32 completed in 0m 2s
Epoch 33/149
----------
The epoch: 33 | phase: train | loss: 0.3630 | accuracy: 0.8211 | mean f1-score: 0.8888 | weighted f1-score: 0.8209
The epoch: 33 | phase: val | loss: 2.5121 | accuracy: 0.4686 | mean f1-score: 0.5136 | weighted f1-score: 0.4766
The epoch: 33 | phase: test | loss: 0.6140 | accuracy: 0.7128 | mean f1-score: 0.7449 | weighted f1-score: 0.7126
Epoch 33 completed in 0m 2s
Epoch 34/149
----------
The epoch: 34 | phase: train | loss: 0.3601 | accuracy: 0.8233 | mean f1-score: 0.8918 | weighted f1-score: 0.8231
The epoch: 34 | phase: val | loss: 2.8453 | accuracy: 0.4476 | mean f1-score: 0.4998 | weighted f1-score: 0.4633
The epoch: 34 | phase: test | loss: 0.5716 | accuracy: 0.7330 | mean f1-score: 0.7838 | weighted f1-score: 0.7332
Epoch 34 completed in 0m 2s
Epoch 35/149
----------
The epoch: 35 | phase: train | loss: 0.3656 | accuracy: 0.8197 | mean f1-score: 0.8887 | weighted f1-score: 0.8196
The epoch: 35 | phase: val | loss: 2.6040 | accuracy: 0.4813 | mean f1-score: 0.5009 | weighted f1-score: 0.4815
The epoch: 35 | phase: test | loss: 0.6806 | accuracy: 0.6779 | mean f1-score: 0.7108 | weighted f1-score: 0.6651
Epoch 35 completed in 0m 2s
Epoch 36/149
----------
The epoch: 36 | phase: train | loss: 0.3579 | accuracy: 0.8258 | mean f1-score: 0.8939 | weighted f1-score: 0.8254
The epoch: 36 | phase: val | loss: 2.5165 | accuracy: 0.4817 | mean f1-score: 0.5207 | weighted f1-score: 0.4920
The epoch: 36 | phase: test | loss: 0.5717 | accuracy: 0.7440 | mean f1-score: 0.7664 | weighted f1-score: 0.7452
Epoch 36 completed in 0m 3s
Epoch 37/149
----------
The epoch: 37 | phase: train | loss: 0.3550 | accuracy: 0.8314 | mean f1-score: 0.8966 | weighted f1-score: 0.8313
The epoch: 37 | phase: val | loss: 2.7470 | accuracy: 0.4746 | mean f1-score: 0.5241 | weighted f1-score: 0.4951
The epoch: 37 | phase: test | loss: 0.5541 | accuracy: 0.7282 | mean f1-score: 0.7877 | weighted f1-score: 0.7261
Epoch 37 completed in 0m 3s
Epoch 38/149
----------
The epoch: 38 | phase: train | loss: 0.3510 | accuracy: 0.8305 | mean f1-score: 0.8969 | weighted f1-score: 0.8303
The epoch: 38 | phase: val | loss: 2.5656 | accuracy: 0.4815 | mean f1-score: 0.5058 | weighted f1-score: 0.4826
The epoch: 38 | phase: test | loss: 0.6145 | accuracy: 0.7152 | mean f1-score: 0.7267 | weighted f1-score: 0.7148
Epoch 38 completed in 0m 2s
Epoch 39/149
----------
The epoch: 39 | phase: train | loss: 0.3485 | accuracy: 0.8328 | mean f1-score: 0.8992 | weighted f1-score: 0.8327
The epoch: 39 | phase: val | loss: 2.6373 | accuracy: 0.4813 | mean f1-score: 0.5125 | weighted f1-score: 0.4871
The epoch: 39 | phase: test | loss: 0.5845 | accuracy: 0.7349 | mean f1-score: 0.7629 | weighted f1-score: 0.7356
Epoch 39 completed in 0m 2s
Epoch 40/149
----------
The epoch: 40 | phase: train | loss: 0.3470 | accuracy: 0.8335 | mean f1-score: 0.9006 | weighted f1-score: 0.8333
The epoch: 40 | phase: val | loss: 3.0427 | accuracy: 0.4609 | mean f1-score: 0.5117 | weighted f1-score: 0.4763
The epoch: 40 | phase: test | loss: 0.5636 | accuracy: 0.7387 | mean f1-score: 0.7770 | weighted f1-score: 0.7393
Epoch 40 completed in 0m 2s
Epoch 41/149
----------
The epoch: 41 | phase: train | loss: 0.3531 | accuracy: 0.8336 | mean f1-score: 0.8992 | weighted f1-score: 0.8333
The epoch: 41 | phase: val | loss: 2.7389 | accuracy: 0.4824 | mean f1-score: 0.5217 | weighted f1-score: 0.4964
The epoch: 41 | phase: test | loss: 0.6350 | accuracy: 0.7090 | mean f1-score: 0.7462 | weighted f1-score: 0.7061
Epoch 41 completed in 0m 2s
Epoch 42/149
----------
The epoch: 42 | phase: train | loss: 0.3468 | accuracy: 0.8323 | mean f1-score: 0.8987 | weighted f1-score: 0.8322
The epoch: 42 | phase: val | loss: 2.7545 | accuracy: 0.4531 | mean f1-score: 0.5049 | weighted f1-score: 0.4695
The epoch: 42 | phase: test | loss: 0.5273 | accuracy: 0.7637 | mean f1-score: 0.7985 | weighted f1-score: 0.7637
Epoch 42 completed in 0m 2s
Epoch 43/149
----------
The epoch: 43 | phase: train | loss: 0.3552 | accuracy: 0.8266 | mean f1-score: 0.8982 | weighted f1-score: 0.8265
The epoch: 43 | phase: val | loss: 2.8505 | accuracy: 0.4662 | mean f1-score: 0.5095 | weighted f1-score: 0.4767
The epoch: 43 | phase: test | loss: 0.5753 | accuracy: 0.7181 | mean f1-score: 0.7619 | weighted f1-score: 0.7171
Epoch 43 completed in 0m 2s
Epoch 44/149
----------
The epoch: 44 | phase: train | loss: 0.3465 | accuracy: 0.8281 | mean f1-score: 0.8970 | weighted f1-score: 0.8279
The epoch: 44 | phase: val | loss: 2.8427 | accuracy: 0.4646 | mean f1-score: 0.5092 | weighted f1-score: 0.4814
The epoch: 44 | phase: test | loss: 0.5819 | accuracy: 0.7397 | mean f1-score: 0.7718 | weighted f1-score: 0.7401
Epoch 44 completed in 0m 2s
Epoch 45/149
----------
The epoch: 45 | phase: train | loss: 0.3493 | accuracy: 0.8280 | mean f1-score: 0.8991 | weighted f1-score: 0.8278
The epoch: 45 | phase: val | loss: 2.6833 | accuracy: 0.4795 | mean f1-score: 0.5096 | weighted f1-score: 0.4776
The epoch: 45 | phase: test | loss: 0.6094 | accuracy: 0.7181 | mean f1-score: 0.7311 | weighted f1-score: 0.7180
Epoch 45 completed in 0m 2s
Epoch 46/149
----------
The epoch: 46 | phase: train | loss: 0.3440 | accuracy: 0.8332 | mean f1-score: 0.8995 | weighted f1-score: 0.8329
The epoch: 46 | phase: val | loss: 3.2181 | accuracy: 0.4684 | mean f1-score: 0.5145 | weighted f1-score: 0.4817
The epoch: 46 | phase: test | loss: 0.5623 | accuracy: 0.7469 | mean f1-score: 0.7878 | weighted f1-score: 0.7473
Epoch 46 completed in 0m 2s
Epoch 47/149
----------
The epoch: 47 | phase: train | loss: 0.3448 | accuracy: 0.8314 | mean f1-score: 0.8986 | weighted f1-score: 0.8313
The epoch: 47 | phase: val | loss: 2.5135 | accuracy: 0.5065 | mean f1-score: 0.5261 | weighted f1-score: 0.5016
The epoch: 47 | phase: test | loss: 0.6464 | accuracy: 0.7162 | mean f1-score: 0.7119 | weighted f1-score: 0.7171
Epoch 47 completed in 0m 2s
Epoch 48/149
----------
The epoch: 48 | phase: train | loss: 0.3372 | accuracy: 0.8361 | mean f1-score: 0.9033 | weighted f1-score: 0.8359
The epoch: 48 | phase: val | loss: 2.8090 | accuracy: 0.4784 | mean f1-score: 0.5204 | weighted f1-score: 0.4882
The epoch: 48 | phase: test | loss: 0.5529 | accuracy: 0.7488 | mean f1-score: 0.7760 | weighted f1-score: 0.7503
Epoch 48 completed in 0m 2s
Epoch 49/149
----------
The epoch: 49 | phase: train | loss: 0.3422 | accuracy: 0.8358 | mean f1-score: 0.8983 | weighted f1-score: 0.8356
The epoch: 49 | phase: val | loss: 3.5737 | accuracy: 0.4296 | mean f1-score: 0.4980 | weighted f1-score: 0.4553
The epoch: 49 | phase: test | loss: 0.5524 | accuracy: 0.7426 | mean f1-score: 0.8042 | weighted f1-score: 0.7420
Epoch 49 completed in 0m 2s
Epoch 50/149
----------
The epoch: 50 | phase: train | loss: 0.3376 | accuracy: 0.8344 | mean f1-score: 0.9040 | weighted f1-score: 0.8342
The epoch: 50 | phase: val | loss: 2.7603 | accuracy: 0.4731 | mean f1-score: 0.5048 | weighted f1-score: 0.4744
The epoch: 50 | phase: test | loss: 0.5784 | accuracy: 0.7378 | mean f1-score: 0.7433 | weighted f1-score: 0.7400
Epoch 50 completed in 0m 2s
Epoch 51/149
----------
The epoch: 51 | phase: train | loss: 0.3308 | accuracy: 0.8387 | mean f1-score: 0.9077 | weighted f1-score: 0.8385
The epoch: 51 | phase: val | loss: 2.8503 | accuracy: 0.4757 | mean f1-score: 0.5112 | weighted f1-score: 0.4793
The epoch: 51 | phase: test | loss: 0.5995 | accuracy: 0.7397 | mean f1-score: 0.7542 | weighted f1-score: 0.7408
Epoch 51 completed in 0m 2s
Epoch 52/149
----------
The epoch: 52 | phase: train | loss: 0.3365 | accuracy: 0.8369 | mean f1-score: 0.9050 | weighted f1-score: 0.8368
The epoch: 52 | phase: val | loss: 3.0161 | accuracy: 0.4553 | mean f1-score: 0.4988 | weighted f1-score: 0.4712
The epoch: 52 | phase: test | loss: 0.6188 | accuracy: 0.7128 | mean f1-score: 0.7607 | weighted f1-score: 0.7063
Epoch 52 completed in 0m 2s
Epoch 53/149
----------
The epoch: 53 | phase: train | loss: 0.3306 | accuracy: 0.8406 | mean f1-score: 0.9053 | weighted f1-score: 0.8405
The epoch: 53 | phase: val | loss: 3.2071 | accuracy: 0.4498 | mean f1-score: 0.4977 | weighted f1-score: 0.4621
The epoch: 53 | phase: test | loss: 0.5698 | accuracy: 0.7392 | mean f1-score: 0.7846 | weighted f1-score: 0.7386
Epoch 53 completed in 0m 2s
Epoch 54/149
----------
The epoch: 54 | phase: train | loss: 0.3315 | accuracy: 0.8399 | mean f1-score: 0.9063 | weighted f1-score: 0.8396
The epoch: 54 | phase: val | loss: 3.0504 | accuracy: 0.4675 | mean f1-score: 0.5054 | weighted f1-score: 0.4750
The epoch: 54 | phase: test | loss: 0.5501 | accuracy: 0.7536 | mean f1-score: 0.7684 | weighted f1-score: 0.7549
Epoch 54 completed in 0m 2s
Epoch 55/149
----------
The epoch: 55 | phase: train | loss: 0.3323 | accuracy: 0.8398 | mean f1-score: 0.9072 | weighted f1-score: 0.8395
The epoch: 55 | phase: val | loss: 3.0010 | accuracy: 0.4646 | mean f1-score: 0.4907 | weighted f1-score: 0.4631
The epoch: 55 | phase: test | loss: 0.5779 | accuracy: 0.7354 | mean f1-score: 0.7470 | weighted f1-score: 0.7354
Epoch 55 completed in 0m 2s
Epoch 56/149
----------
The epoch: 56 | phase: train | loss: 0.3290 | accuracy: 0.8408 | mean f1-score: 0.9082 | weighted f1-score: 0.8407
The epoch: 56 | phase: val | loss: 3.9361 | accuracy: 0.4250 | mean f1-score: 0.4853 | weighted f1-score: 0.4391
The epoch: 56 | phase: test | loss: 0.5287 | accuracy: 0.7526 | mean f1-score: 0.7972 | weighted f1-score: 0.7530
Epoch 56 completed in 0m 2s
Epoch 57/149
----------
The epoch: 57 | phase: train | loss: 0.3272 | accuracy: 0.8424 | mean f1-score: 0.9092 | weighted f1-score: 0.8423
The epoch: 57 | phase: val | loss: 3.1466 | accuracy: 0.4733 | mean f1-score: 0.5157 | weighted f1-score: 0.4837
The epoch: 57 | phase: test | loss: 0.5712 | accuracy: 0.7454 | mean f1-score: 0.7792 | weighted f1-score: 0.7464
Epoch 57 completed in 0m 2s
Epoch 58/149
----------
The epoch: 58 | phase: train | loss: 0.3305 | accuracy: 0.8405 | mean f1-score: 0.9060 | weighted f1-score: 0.8404
The epoch: 58 | phase: val | loss: 3.1291 | accuracy: 0.4735 | mean f1-score: 0.5203 | weighted f1-score: 0.4910
The epoch: 58 | phase: test | loss: 0.5591 | accuracy: 0.7440 | mean f1-score: 0.7862 | weighted f1-score: 0.7437
Epoch 58 completed in 0m 2s
Epoch 59/149
----------
The epoch: 59 | phase: train | loss: 0.3254 | accuracy: 0.8433 | mean f1-score: 0.9091 | weighted f1-score: 0.8432
The epoch: 59 | phase: val | loss: 3.0197 | accuracy: 0.4890 | mean f1-score: 0.5174 | weighted f1-score: 0.5023
The epoch: 59 | phase: test | loss: 0.6973 | accuracy: 0.7081 | mean f1-score: 0.7322 | weighted f1-score: 0.7061
Epoch 59 completed in 0m 2s
Epoch 60/149
----------
The epoch: 60 | phase: train | loss: 0.3251 | accuracy: 0.8421 | mean f1-score: 0.9095 | weighted f1-score: 0.8419
The epoch: 60 | phase: val | loss: 3.3143 | accuracy: 0.4726 | mean f1-score: 0.5147 | weighted f1-score: 0.4842
The epoch: 60 | phase: test | loss: 0.6355 | accuracy: 0.7263 | mean f1-score: 0.7595 | weighted f1-score: 0.7236
Epoch 60 completed in 0m 2s
Epoch 61/149
----------
The epoch: 61 | phase: train | loss: 0.3253 | accuracy: 0.8417 | mean f1-score: 0.9090 | weighted f1-score: 0.8415
The epoch: 61 | phase: val | loss: 3.7486 | accuracy: 0.4369 | mean f1-score: 0.4917 | weighted f1-score: 0.4525
The epoch: 61 | phase: test | loss: 0.5440 | accuracy: 0.7608 | mean f1-score: 0.8013 | weighted f1-score: 0.7609
Epoch 61 completed in 0m 2s
Epoch 62/149
----------
The epoch: 62 | phase: train | loss: 0.3208 | accuracy: 0.8460 | mean f1-score: 0.9118 | weighted f1-score: 0.8460
The epoch: 62 | phase: val | loss: 3.2746 | accuracy: 0.4600 | mean f1-score: 0.5055 | weighted f1-score: 0.4687
The epoch: 62 | phase: test | loss: 0.5958 | accuracy: 0.7517 | mean f1-score: 0.7746 | weighted f1-score: 0.7510
Epoch 62 completed in 0m 2s
Epoch 63/149
----------
The epoch: 63 | phase: train | loss: 0.3187 | accuracy: 0.8475 | mean f1-score: 0.9144 | weighted f1-score: 0.8474
The epoch: 63 | phase: val | loss: 3.1034 | accuracy: 0.4759 | mean f1-score: 0.5176 | weighted f1-score: 0.4848
The epoch: 63 | phase: test | loss: 0.5849 | accuracy: 0.7402 | mean f1-score: 0.7684 | weighted f1-score: 0.7398
Epoch 63 completed in 0m 2s
Epoch 64/149
----------
The epoch: 64 | phase: train | loss: 0.3225 | accuracy: 0.8431 | mean f1-score: 0.9097 | weighted f1-score: 0.8429
The epoch: 64 | phase: val | loss: 3.4868 | accuracy: 0.4567 | mean f1-score: 0.5026 | weighted f1-score: 0.4718
The epoch: 64 | phase: test | loss: 0.5444 | accuracy: 0.7622 | mean f1-score: 0.7879 | weighted f1-score: 0.7626
Epoch 64 completed in 0m 2s
Epoch 65/149
----------
The epoch: 65 | phase: train | loss: 0.3232 | accuracy: 0.8421 | mean f1-score: 0.9102 | weighted f1-score: 0.8420
The epoch: 65 | phase: val | loss: 2.9454 | accuracy: 0.4963 | mean f1-score: 0.5332 | weighted f1-score: 0.5068
The epoch: 65 | phase: test | loss: 0.5993 | accuracy: 0.7363 | mean f1-score: 0.7538 | weighted f1-score: 0.7379
Epoch 65 completed in 0m 2s
Epoch 66/149
----------
The epoch: 66 | phase: train | loss: 0.3204 | accuracy: 0.8515 | mean f1-score: 0.9152 | weighted f1-score: 0.8514
The epoch: 66 | phase: val | loss: 3.7926 | accuracy: 0.4491 | mean f1-score: 0.5034 | weighted f1-score: 0.4644
The epoch: 66 | phase: test | loss: 0.5640 | accuracy: 0.7498 | mean f1-score: 0.7849 | weighted f1-score: 0.7498
Epoch 66 completed in 0m 2s
Epoch 67/149
----------
The epoch: 67 | phase: train | loss: 0.3199 | accuracy: 0.8450 | mean f1-score: 0.9114 | weighted f1-score: 0.8448
The epoch: 67 | phase: val | loss: 3.1252 | accuracy: 0.4886 | mean f1-score: 0.5272 | weighted f1-score: 0.5055
The epoch: 67 | phase: test | loss: 0.5858 | accuracy: 0.7478 | mean f1-score: 0.7724 | weighted f1-score: 0.7488
Epoch 67 completed in 0m 2s
Epoch 68/149
----------
The epoch: 68 | phase: train | loss: 0.3197 | accuracy: 0.8436 | mean f1-score: 0.9089 | weighted f1-score: 0.8435
The epoch: 68 | phase: val | loss: 3.3675 | accuracy: 0.4744 | mean f1-score: 0.5050 | weighted f1-score: 0.4734
The epoch: 68 | phase: test | loss: 0.5853 | accuracy: 0.7570 | mean f1-score: 0.7722 | weighted f1-score: 0.7576
Epoch 68 completed in 0m 2s
Epoch 69/149
----------
The epoch: 69 | phase: train | loss: 0.3171 | accuracy: 0.8462 | mean f1-score: 0.9130 | weighted f1-score: 0.8462
The epoch: 69 | phase: val | loss: 3.9881 | accuracy: 0.4451 | mean f1-score: 0.5037 | weighted f1-score: 0.4660
The epoch: 69 | phase: test | loss: 0.5510 | accuracy: 0.7598 | mean f1-score: 0.7936 | weighted f1-score: 0.7594
Epoch 69 completed in 0m 2s
Epoch 70/149
----------
The epoch: 70 | phase: train | loss: 0.3143 | accuracy: 0.8486 | mean f1-score: 0.9144 | weighted f1-score: 0.8485
The epoch: 70 | phase: val | loss: 3.7216 | accuracy: 0.4500 | mean f1-score: 0.5055 | weighted f1-score: 0.4685
The epoch: 70 | phase: test | loss: 0.5882 | accuracy: 0.7277 | mean f1-score: 0.7806 | weighted f1-score: 0.7243
Epoch 70 completed in 0m 2s
Epoch 71/149
----------
The epoch: 71 | phase: train | loss: 0.3210 | accuracy: 0.8462 | mean f1-score: 0.9133 | weighted f1-score: 0.8461
The epoch: 71 | phase: val | loss: 3.7584 | accuracy: 0.4487 | mean f1-score: 0.5002 | weighted f1-score: 0.4619
The epoch: 71 | phase: test | loss: 0.6054 | accuracy: 0.7272 | mean f1-score: 0.7718 | weighted f1-score: 0.7228
Epoch 71 completed in 0m 2s
Epoch 72/149
----------
The epoch: 72 | phase: train | loss: 0.3157 | accuracy: 0.8490 | mean f1-score: 0.9149 | weighted f1-score: 0.8489
The epoch: 72 | phase: val | loss: 3.5100 | accuracy: 0.4626 | mean f1-score: 0.5116 | weighted f1-score: 0.4817
The epoch: 72 | phase: test | loss: 0.5546 | accuracy: 0.7483 | mean f1-score: 0.7910 | weighted f1-score: 0.7471
Epoch 72 completed in 0m 2s
Epoch 73/149
----------
The epoch: 73 | phase: train | loss: 0.3218 | accuracy: 0.8427 | mean f1-score: 0.9107 | weighted f1-score: 0.8426
The epoch: 73 | phase: val | loss: 3.3155 | accuracy: 0.4848 | mean f1-score: 0.5287 | weighted f1-score: 0.4985
The epoch: 73 | phase: test | loss: 0.5905 | accuracy: 0.7435 | mean f1-score: 0.7811 | weighted f1-score: 0.7432
Epoch 73 completed in 0m 2s
Epoch 74/149
----------
The epoch: 74 | phase: train | loss: 0.3155 | accuracy: 0.8438 | mean f1-score: 0.9127 | weighted f1-score: 0.8437
The epoch: 74 | phase: val | loss: 3.6305 | accuracy: 0.4640 | mean f1-score: 0.5077 | weighted f1-score: 0.4743
The epoch: 74 | phase: test | loss: 0.5859 | accuracy: 0.7474 | mean f1-score: 0.7866 | weighted f1-score: 0.7459
Epoch 74 completed in 0m 2s
Epoch 75/149
----------
The epoch: 75 | phase: train | loss: 0.3097 | accuracy: 0.8480 | mean f1-score: 0.9155 | weighted f1-score: 0.8480
The epoch: 75 | phase: val | loss: 3.6784 | accuracy: 0.4697 | mean f1-score: 0.5169 | weighted f1-score: 0.4852
The epoch: 75 | phase: test | loss: 0.5722 | accuracy: 0.7570 | mean f1-score: 0.7933 | weighted f1-score: 0.7567
Epoch 75 completed in 0m 2s
Epoch 76/149
----------
The epoch: 76 | phase: train | loss: 0.3169 | accuracy: 0.8455 | mean f1-score: 0.9132 | weighted f1-score: 0.8454
The epoch: 76 | phase: val | loss: 3.4578 | accuracy: 0.4711 | mean f1-score: 0.5149 | weighted f1-score: 0.4809
The epoch: 76 | phase: test | loss: 0.5653 | accuracy: 0.7464 | mean f1-score: 0.7868 | weighted f1-score: 0.7462
Epoch 76 completed in 0m 2s
Epoch 77/149
----------
The epoch: 77 | phase: train | loss: 0.3112 | accuracy: 0.8527 | mean f1-score: 0.9160 | weighted f1-score: 0.8526
The epoch: 77 | phase: val | loss: 3.7641 | accuracy: 0.4567 | mean f1-score: 0.5082 | weighted f1-score: 0.4723
The epoch: 77 | phase: test | loss: 0.5795 | accuracy: 0.7517 | mean f1-score: 0.7777 | weighted f1-score: 0.7511
Epoch 77 completed in 0m 2s
Epoch 78/149
----------
The epoch: 78 | phase: train | loss: 0.3100 | accuracy: 0.8483 | mean f1-score: 0.9135 | weighted f1-score: 0.8482
The epoch: 78 | phase: val | loss: 3.7188 | accuracy: 0.4522 | mean f1-score: 0.5052 | weighted f1-score: 0.4690
The epoch: 78 | phase: test | loss: 0.5484 | accuracy: 0.7550 | mean f1-score: 0.7939 | weighted f1-score: 0.7547
Epoch 78 completed in 0m 2s
Epoch 79/149
----------
The epoch: 79 | phase: train | loss: 0.3040 | accuracy: 0.8562 | mean f1-score: 0.9204 | weighted f1-score: 0.8561
The epoch: 79 | phase: val | loss: 3.6347 | accuracy: 0.4593 | mean f1-score: 0.5010 | weighted f1-score: 0.4718
The epoch: 79 | phase: test | loss: 0.6555 | accuracy: 0.7109 | mean f1-score: 0.7495 | weighted f1-score: 0.7055
Epoch 79 completed in 0m 2s
Epoch 80/149
----------
The epoch: 80 | phase: train | loss: 0.3154 | accuracy: 0.8484 | mean f1-score: 0.9160 | weighted f1-score: 0.8482
The epoch: 80 | phase: val | loss: 3.3081 | accuracy: 0.4877 | mean f1-score: 0.5253 | weighted f1-score: 0.4980
The epoch: 80 | phase: test | loss: 0.6311 | accuracy: 0.7488 | mean f1-score: 0.7582 | weighted f1-score: 0.7512
Epoch 80 completed in 0m 2s
Epoch 81/149
----------
The epoch: 81 | phase: train | loss: 0.3056 | accuracy: 0.8507 | mean f1-score: 0.9172 | weighted f1-score: 0.8506
The epoch: 81 | phase: val | loss: 3.7901 | accuracy: 0.4693 | mean f1-score: 0.5164 | weighted f1-score: 0.4805
The epoch: 81 | phase: test | loss: 0.5585 | accuracy: 0.7507 | mean f1-score: 0.7745 | weighted f1-score: 0.7506
Epoch 81 completed in 0m 2s
Epoch 82/149
----------
The epoch: 82 | phase: train | loss: 0.3067 | accuracy: 0.8532 | mean f1-score: 0.9187 | weighted f1-score: 0.8530
The epoch: 82 | phase: val | loss: 3.7710 | accuracy: 0.4704 | mean f1-score: 0.5094 | weighted f1-score: 0.4780
The epoch: 82 | phase: test | loss: 0.5756 | accuracy: 0.7603 | mean f1-score: 0.7704 | weighted f1-score: 0.7606
Epoch 82 completed in 0m 2s
Epoch 83/149
----------
The epoch: 83 | phase: train | loss: 0.3095 | accuracy: 0.8512 | mean f1-score: 0.9170 | weighted f1-score: 0.8511
The epoch: 83 | phase: val | loss: 3.7102 | accuracy: 0.4686 | mean f1-score: 0.5155 | weighted f1-score: 0.4883
The epoch: 83 | phase: test | loss: 0.5777 | accuracy: 0.7622 | mean f1-score: 0.7940 | weighted f1-score: 0.7629
Epoch 83 completed in 0m 2s
Epoch 84/149
----------
The epoch: 84 | phase: train | loss: 0.3072 | accuracy: 0.8521 | mean f1-score: 0.9174 | weighted f1-score: 0.8520
The epoch: 84 | phase: val | loss: 3.9740 | accuracy: 0.4587 | mean f1-score: 0.5108 | weighted f1-score: 0.4763
The epoch: 84 | phase: test | loss: 0.5717 | accuracy: 0.7550 | mean f1-score: 0.7870 | weighted f1-score: 0.7521
Epoch 84 completed in 0m 2s
Epoch 85/149
----------
The epoch: 85 | phase: train | loss: 0.3108 | accuracy: 0.8490 | mean f1-score: 0.9147 | weighted f1-score: 0.8489
The epoch: 85 | phase: val | loss: 3.3455 | accuracy: 0.4912 | mean f1-score: 0.5249 | weighted f1-score: 0.4997
The epoch: 85 | phase: test | loss: 0.6110 | accuracy: 0.7421 | mean f1-score: 0.7586 | weighted f1-score: 0.7421
Epoch 85 completed in 0m 2s
Epoch 86/149
----------
The epoch: 86 | phase: train | loss: 0.2986 | accuracy: 0.8575 | mean f1-score: 0.9209 | weighted f1-score: 0.8574
The epoch: 86 | phase: val | loss: 3.7755 | accuracy: 0.4786 | mean f1-score: 0.5255 | weighted f1-score: 0.4930
The epoch: 86 | phase: test | loss: 0.5790 | accuracy: 0.7613 | mean f1-score: 0.7834 | weighted f1-score: 0.7618
Epoch 86 completed in 0m 2s
Epoch 87/149
----------
The epoch: 87 | phase: train | loss: 0.3005 | accuracy: 0.8561 | mean f1-score: 0.9195 | weighted f1-score: 0.8560
The epoch: 87 | phase: val | loss: 4.0682 | accuracy: 0.4520 | mean f1-score: 0.5048 | weighted f1-score: 0.4680
The epoch: 87 | phase: test | loss: 0.5408 | accuracy: 0.7704 | mean f1-score: 0.8070 | weighted f1-score: 0.7704
Epoch 87 completed in 0m 2s
Epoch 88/149
----------
The epoch: 88 | phase: train | loss: 0.3018 | accuracy: 0.8583 | mean f1-score: 0.9207 | weighted f1-score: 0.8583
The epoch: 88 | phase: val | loss: 3.9638 | accuracy: 0.4706 | mean f1-score: 0.5158 | weighted f1-score: 0.4810
The epoch: 88 | phase: test | loss: 0.5837 | accuracy: 0.7526 | mean f1-score: 0.7886 | weighted f1-score: 0.7520
Epoch 88 completed in 0m 2s
Epoch 89/149
----------
The epoch: 89 | phase: train | loss: 0.3090 | accuracy: 0.8500 | mean f1-score: 0.9172 | weighted f1-score: 0.8498
The epoch: 89 | phase: val | loss: 3.4843 | accuracy: 0.4822 | mean f1-score: 0.5260 | weighted f1-score: 0.4966
The epoch: 89 | phase: test | loss: 0.6089 | accuracy: 0.7517 | mean f1-score: 0.7871 | weighted f1-score: 0.7528
Epoch 89 completed in 0m 2s
Epoch 90/149
----------
The epoch: 90 | phase: train | loss: 0.3035 | accuracy: 0.8545 | mean f1-score: 0.9196 | weighted f1-score: 0.8544
The epoch: 90 | phase: val | loss: 3.6715 | accuracy: 0.4784 | mean f1-score: 0.5149 | weighted f1-score: 0.4835
The epoch: 90 | phase: test | loss: 0.5949 | accuracy: 0.7440 | mean f1-score: 0.7710 | weighted f1-score: 0.7435
Epoch 90 completed in 0m 2s
Epoch 91/149
----------
The epoch: 91 | phase: train | loss: 0.3003 | accuracy: 0.8557 | mean f1-score: 0.9202 | weighted f1-score: 0.8556
The epoch: 91 | phase: val | loss: 3.9799 | accuracy: 0.4549 | mean f1-score: 0.5001 | weighted f1-score: 0.4686
The epoch: 91 | phase: test | loss: 0.6247 | accuracy: 0.7253 | mean f1-score: 0.7686 | weighted f1-score: 0.7205
Epoch 91 completed in 0m 2s
Epoch 92/149
----------
The epoch: 92 | phase: train | loss: 0.3006 | accuracy: 0.8549 | mean f1-score: 0.9188 | weighted f1-score: 0.8548
The epoch: 92 | phase: val | loss: 4.0157 | accuracy: 0.4595 | mean f1-score: 0.5073 | weighted f1-score: 0.4719
The epoch: 92 | phase: test | loss: 0.5608 | accuracy: 0.7699 | mean f1-score: 0.7867 | weighted f1-score: 0.7699
Epoch 92 completed in 0m 2s
Epoch 93/149
----------
The epoch: 93 | phase: train | loss: 0.3037 | accuracy: 0.8535 | mean f1-score: 0.9189 | weighted f1-score: 0.8534
The epoch: 93 | phase: val | loss: 4.0119 | accuracy: 0.4480 | mean f1-score: 0.4952 | weighted f1-score: 0.4576
The epoch: 93 | phase: test | loss: 0.5773 | accuracy: 0.7570 | mean f1-score: 0.7880 | weighted f1-score: 0.7549
Epoch 93 completed in 0m 2s
Epoch 94/149
----------
The epoch: 94 | phase: train | loss: 0.3013 | accuracy: 0.8566 | mean f1-score: 0.9191 | weighted f1-score: 0.8565
The epoch: 94 | phase: val | loss: 3.7888 | accuracy: 0.4733 | mean f1-score: 0.5136 | weighted f1-score: 0.4816
The epoch: 94 | phase: test | loss: 0.6106 | accuracy: 0.7498 | mean f1-score: 0.7571 | weighted f1-score: 0.7509
Epoch 94 completed in 0m 2s
Epoch 95/149
----------
The epoch: 95 | phase: train | loss: 0.3004 | accuracy: 0.8537 | mean f1-score: 0.9199 | weighted f1-score: 0.8535
The epoch: 95 | phase: val | loss: 4.1872 | accuracy: 0.4544 | mean f1-score: 0.5031 | weighted f1-score: 0.4693
The epoch: 95 | phase: test | loss: 0.5522 | accuracy: 0.7699 | mean f1-score: 0.8061 | weighted f1-score: 0.7698
Epoch 95 completed in 0m 2s
Epoch 96/149
----------
The epoch: 96 | phase: train | loss: 0.3016 | accuracy: 0.8569 | mean f1-score: 0.9214 | weighted f1-score: 0.8569
The epoch: 96 | phase: val | loss: 4.2785 | accuracy: 0.4556 | mean f1-score: 0.5131 | weighted f1-score: 0.4764
The epoch: 96 | phase: test | loss: 0.5920 | accuracy: 0.7608 | mean f1-score: 0.8078 | weighted f1-score: 0.7605
Epoch 96 completed in 0m 2s
Epoch 97/149
----------
The epoch: 97 | phase: train | loss: 0.2995 | accuracy: 0.8596 | mean f1-score: 0.9204 | weighted f1-score: 0.8595
The epoch: 97 | phase: val | loss: 3.7163 | accuracy: 0.4799 | mean f1-score: 0.5134 | weighted f1-score: 0.4807
The epoch: 97 | phase: test | loss: 0.6875 | accuracy: 0.7354 | mean f1-score: 0.7186 | weighted f1-score: 0.7357
Epoch 97 completed in 0m 2s
Epoch 98/149
----------
The epoch: 98 | phase: train | loss: 0.3040 | accuracy: 0.8548 | mean f1-score: 0.9190 | weighted f1-score: 0.8547
The epoch: 98 | phase: val | loss: 4.0151 | accuracy: 0.4695 | mean f1-score: 0.5116 | weighted f1-score: 0.4758
The epoch: 98 | phase: test | loss: 0.5661 | accuracy: 0.7665 | mean f1-score: 0.7813 | weighted f1-score: 0.7667
Epoch 98 completed in 0m 2s
Epoch 99/149
----------
The epoch: 99 | phase: train | loss: 0.2994 | accuracy: 0.8577 | mean f1-score: 0.9212 | weighted f1-score: 0.8576
The epoch: 99 | phase: val | loss: 3.7918 | accuracy: 0.4866 | mean f1-score: 0.5262 | weighted f1-score: 0.5000
The epoch: 99 | phase: test | loss: 0.5968 | accuracy: 0.7613 | mean f1-score: 0.7779 | weighted f1-score: 0.7625
Epoch 99 completed in 0m 2s
Epoch 100/149
----------
The epoch: 100 | phase: train | loss: 0.2997 | accuracy: 0.8576 | mean f1-score: 0.9195 | weighted f1-score: 0.8575
The epoch: 100 | phase: val | loss: 4.5324 | accuracy: 0.4283 | mean f1-score: 0.4958 | weighted f1-score: 0.4509
The epoch: 100 | phase: test | loss: 0.5516 | accuracy: 0.7694 | mean f1-score: 0.8098 | weighted f1-score: 0.7683
Epoch 100 completed in 0m 2s
Epoch 101/149
----------
The epoch: 101 | phase: train | loss: 0.2961 | accuracy: 0.8581 | mean f1-score: 0.9214 | weighted f1-score: 0.8580
The epoch: 101 | phase: val | loss: 3.7982 | accuracy: 0.4797 | mean f1-score: 0.5260 | weighted f1-score: 0.4947
The epoch: 101 | phase: test | loss: 0.6117 | accuracy: 0.7478 | mean f1-score: 0.7737 | weighted f1-score: 0.7483
Epoch 101 completed in 0m 2s
Epoch 102/149
----------
The epoch: 102 | phase: train | loss: 0.2946 | accuracy: 0.8561 | mean f1-score: 0.9215 | weighted f1-score: 0.8561
The epoch: 102 | phase: val | loss: 4.3455 | accuracy: 0.4383 | mean f1-score: 0.5019 | weighted f1-score: 0.4671
The epoch: 102 | phase: test | loss: 0.5819 | accuracy: 0.7555 | mean f1-score: 0.8026 | weighted f1-score: 0.7515
Epoch 102 completed in 0m 2s
Epoch 103/149
----------
The epoch: 103 | phase: train | loss: 0.2917 | accuracy: 0.8608 | mean f1-score: 0.9240 | weighted f1-score: 0.8608
The epoch: 103 | phase: val | loss: 3.6674 | accuracy: 0.4912 | mean f1-score: 0.5267 | weighted f1-score: 0.4973
The epoch: 103 | phase: test | loss: 0.6401 | accuracy: 0.7450 | mean f1-score: 0.7529 | weighted f1-score: 0.7453
Epoch 103 completed in 0m 2s
Epoch 104/149
----------
The epoch: 104 | phase: train | loss: 0.2899 | accuracy: 0.8637 | mean f1-score: 0.9245 | weighted f1-score: 0.8637
The epoch: 104 | phase: val | loss: 3.9263 | accuracy: 0.4757 | mean f1-score: 0.5091 | weighted f1-score: 0.4760
The epoch: 104 | phase: test | loss: 0.5816 | accuracy: 0.7617 | mean f1-score: 0.7694 | weighted f1-score: 0.7623
Epoch 104 completed in 0m 2s
Epoch 105/149
----------
The epoch: 105 | phase: train | loss: 0.2956 | accuracy: 0.8609 | mean f1-score: 0.9236 | weighted f1-score: 0.8609
The epoch: 105 | phase: val | loss: 3.9028 | accuracy: 0.4782 | mean f1-score: 0.5227 | weighted f1-score: 0.4942
The epoch: 105 | phase: test | loss: 0.5718 | accuracy: 0.7584 | mean f1-score: 0.7878 | weighted f1-score: 0.7584
Epoch 105 completed in 0m 1s
Epoch 106/149
----------
The epoch: 106 | phase: train | loss: 0.2880 | accuracy: 0.8674 | mean f1-score: 0.9273 | weighted f1-score: 0.8673
The epoch: 106 | phase: val | loss: 3.8575 | accuracy: 0.4830 | mean f1-score: 0.5283 | weighted f1-score: 0.4997
The epoch: 106 | phase: test | loss: 0.5734 | accuracy: 0.7598 | mean f1-score: 0.7938 | weighted f1-score: 0.7605
Epoch 106 completed in 0m 1s
Epoch 107/149
----------
The epoch: 107 | phase: train | loss: 0.2900 | accuracy: 0.8604 | mean f1-score: 0.9239 | weighted f1-score: 0.8603
The epoch: 107 | phase: val | loss: 3.6483 | accuracy: 0.4988 | mean f1-score: 0.5361 | weighted f1-score: 0.5107
The epoch: 107 | phase: test | loss: 0.6162 | accuracy: 0.7502 | mean f1-score: 0.7662 | weighted f1-score: 0.7518
Epoch 107 completed in 0m 2s
Epoch 108/149
----------
The epoch: 108 | phase: train | loss: 0.2988 | accuracy: 0.8547 | mean f1-score: 0.9212 | weighted f1-score: 0.8545
The epoch: 108 | phase: val | loss: 4.2996 | accuracy: 0.4527 | mean f1-score: 0.5079 | weighted f1-score: 0.4686
The epoch: 108 | phase: test | loss: 0.5764 | accuracy: 0.7617 | mean f1-score: 0.7987 | weighted f1-score: 0.7618
Epoch 108 completed in 0m 1s
Epoch 109/149
----------
The epoch: 109 | phase: train | loss: 0.2876 | accuracy: 0.8640 | mean f1-score: 0.9260 | weighted f1-score: 0.8640
The epoch: 109 | phase: val | loss: 4.6029 | accuracy: 0.4416 | mean f1-score: 0.4952 | weighted f1-score: 0.4586
The epoch: 109 | phase: test | loss: 0.5530 | accuracy: 0.7713 | mean f1-score: 0.7935 | weighted f1-score: 0.7711
Epoch 109 completed in 0m 1s
Epoch 110/149
----------
The epoch: 110 | phase: train | loss: 0.2893 | accuracy: 0.8605 | mean f1-score: 0.9232 | weighted f1-score: 0.8604
The epoch: 110 | phase: val | loss: 4.1580 | accuracy: 0.4675 | mean f1-score: 0.5207 | weighted f1-score: 0.4857
The epoch: 110 | phase: test | loss: 0.5662 | accuracy: 0.7637 | mean f1-score: 0.7939 | weighted f1-score: 0.7642
Epoch 110 completed in 0m 2s
Epoch 111/149
----------
The epoch: 111 | phase: train | loss: 0.2895 | accuracy: 0.8612 | mean f1-score: 0.9244 | weighted f1-score: 0.8612
The epoch: 111 | phase: val | loss: 4.3878 | accuracy: 0.4578 | mean f1-score: 0.5114 | weighted f1-score: 0.4764
The epoch: 111 | phase: test | loss: 0.5620 | accuracy: 0.7593 | mean f1-score: 0.7920 | weighted f1-score: 0.7587
Epoch 111 completed in 0m 1s
Epoch 112/149
----------
The epoch: 112 | phase: train | loss: 0.2863 | accuracy: 0.8619 | mean f1-score: 0.9232 | weighted f1-score: 0.8619
The epoch: 112 | phase: val | loss: 4.3801 | accuracy: 0.4595 | mean f1-score: 0.5113 | weighted f1-score: 0.4723
The epoch: 112 | phase: test | loss: 0.5998 | accuracy: 0.7512 | mean f1-score: 0.7756 | weighted f1-score: 0.7509
Epoch 112 completed in 0m 2s
Epoch 113/149
----------
The epoch: 113 | phase: train | loss: 0.2895 | accuracy: 0.8644 | mean f1-score: 0.9254 | weighted f1-score: 0.8644
The epoch: 113 | phase: val | loss: 4.2287 | accuracy: 0.4646 | mean f1-score: 0.5144 | weighted f1-score: 0.4813
The epoch: 113 | phase: test | loss: 0.5817 | accuracy: 0.7555 | mean f1-score: 0.7841 | weighted f1-score: 0.7542
Epoch 113 completed in 0m 2s
Epoch 114/149
----------
The epoch: 114 | phase: train | loss: 0.2889 | accuracy: 0.8608 | mean f1-score: 0.9243 | weighted f1-score: 0.8607
The epoch: 114 | phase: val | loss: 4.0543 | accuracy: 0.4722 | mean f1-score: 0.5245 | weighted f1-score: 0.4958
The epoch: 114 | phase: test | loss: 0.5425 | accuracy: 0.7713 | mean f1-score: 0.7987 | weighted f1-score: 0.7723
Epoch 114 completed in 0m 2s
Epoch 115/149
----------
The epoch: 115 | phase: train | loss: 0.2822 | accuracy: 0.8684 | mean f1-score: 0.9285 | weighted f1-score: 0.8683
The epoch: 115 | phase: val | loss: 4.4120 | accuracy: 0.4569 | mean f1-score: 0.5095 | weighted f1-score: 0.4740
The epoch: 115 | phase: test | loss: 0.5520 | accuracy: 0.7694 | mean f1-score: 0.7966 | weighted f1-score: 0.7690
Epoch 115 completed in 0m 2s
Epoch 116/149
----------
The epoch: 116 | phase: train | loss: 0.2814 | accuracy: 0.8668 | mean f1-score: 0.9282 | weighted f1-score: 0.8667
The epoch: 116 | phase: val | loss: 4.3242 | accuracy: 0.4593 | mean f1-score: 0.5074 | weighted f1-score: 0.4702
The epoch: 116 | phase: test | loss: 0.5752 | accuracy: 0.7656 | mean f1-score: 0.7864 | weighted f1-score: 0.7656
Epoch 116 completed in 0m 2s
Epoch 117/149
----------
The epoch: 117 | phase: train | loss: 0.2878 | accuracy: 0.8634 | mean f1-score: 0.9250 | weighted f1-score: 0.8634
The epoch: 117 | phase: val | loss: 4.4088 | accuracy: 0.4649 | mean f1-score: 0.5154 | weighted f1-score: 0.4801
The epoch: 117 | phase: test | loss: 0.5563 | accuracy: 0.7747 | mean f1-score: 0.8052 | weighted f1-score: 0.7750
Epoch 117 completed in 0m 2s
Epoch 118/149
----------
The epoch: 118 | phase: train | loss: 0.2875 | accuracy: 0.8636 | mean f1-score: 0.9256 | weighted f1-score: 0.8635
The epoch: 118 | phase: val | loss: 4.2481 | accuracy: 0.4675 | mean f1-score: 0.5067 | weighted f1-score: 0.4724
The epoch: 118 | phase: test | loss: 0.6064 | accuracy: 0.7641 | mean f1-score: 0.7788 | weighted f1-score: 0.7649
Epoch 118 completed in 0m 2s
Epoch 119/149
----------
The epoch: 119 | phase: train | loss: 0.2906 | accuracy: 0.8621 | mean f1-score: 0.9236 | weighted f1-score: 0.8620
The epoch: 119 | phase: val | loss: 4.1945 | accuracy: 0.4660 | mean f1-score: 0.5125 | weighted f1-score: 0.4769
The epoch: 119 | phase: test | loss: 0.6433 | accuracy: 0.7335 | mean f1-score: 0.7669 | weighted f1-score: 0.7321
Epoch 119 completed in 0m 2s
Epoch 120/149
----------
The epoch: 120 | phase: train | loss: 0.2890 | accuracy: 0.8643 | mean f1-score: 0.9255 | weighted f1-score: 0.8643
The epoch: 120 | phase: val | loss: 4.2228 | accuracy: 0.4653 | mean f1-score: 0.5174 | weighted f1-score: 0.4867
The epoch: 120 | phase: test | loss: 0.5713 | accuracy: 0.7641 | mean f1-score: 0.8065 | weighted f1-score: 0.7647
Epoch 120 completed in 0m 2s
Epoch 121/149
----------
The epoch: 121 | phase: train | loss: 0.2866 | accuracy: 0.8655 | mean f1-score: 0.9258 | weighted f1-score: 0.8654
The epoch: 121 | phase: val | loss: 4.3665 | accuracy: 0.4697 | mean f1-score: 0.5183 | weighted f1-score: 0.4863
The epoch: 121 | phase: test | loss: 0.5660 | accuracy: 0.7685 | mean f1-score: 0.7957 | weighted f1-score: 0.7686
Epoch 121 completed in 0m 2s
Epoch 122/149
----------
The epoch: 122 | phase: train | loss: 0.2929 | accuracy: 0.8577 | mean f1-score: 0.9222 | weighted f1-score: 0.8577
The epoch: 122 | phase: val | loss: 4.4201 | accuracy: 0.4620 | mean f1-score: 0.5165 | weighted f1-score: 0.4853
The epoch: 122 | phase: test | loss: 0.5681 | accuracy: 0.7680 | mean f1-score: 0.7968 | weighted f1-score: 0.7682
Epoch 122 completed in 0m 2s
Epoch 123/149
----------
The epoch: 123 | phase: train | loss: 0.2905 | accuracy: 0.8603 | mean f1-score: 0.9237 | weighted f1-score: 0.8602
The epoch: 123 | phase: val | loss: 4.3803 | accuracy: 0.4673 | mean f1-score: 0.5200 | weighted f1-score: 0.4875
The epoch: 123 | phase: test | loss: 0.5627 | accuracy: 0.7737 | mean f1-score: 0.7936 | weighted f1-score: 0.7746
Epoch 123 completed in 0m 2s
Epoch 124/149
----------
The epoch: 124 | phase: train | loss: 0.2864 | accuracy: 0.8627 | mean f1-score: 0.9256 | weighted f1-score: 0.8627
The epoch: 124 | phase: val | loss: 4.1875 | accuracy: 0.4720 | mean f1-score: 0.5239 | weighted f1-score: 0.4911
The epoch: 124 | phase: test | loss: 0.6053 | accuracy: 0.7502 | mean f1-score: 0.7909 | weighted f1-score: 0.7491
Epoch 124 completed in 0m 2s
Epoch 125/149
----------
The epoch: 125 | phase: train | loss: 0.2830 | accuracy: 0.8646 | mean f1-score: 0.9264 | weighted f1-score: 0.8645
The epoch: 125 | phase: val | loss: 4.5660 | accuracy: 0.4451 | mean f1-score: 0.4967 | weighted f1-score: 0.4547
The epoch: 125 | phase: test | loss: 0.5539 | accuracy: 0.7728 | mean f1-score: 0.7966 | weighted f1-score: 0.7726
Epoch 125 completed in 0m 2s
Epoch 126/149
----------
The epoch: 126 | phase: train | loss: 0.2812 | accuracy: 0.8692 | mean f1-score: 0.9294 | weighted f1-score: 0.8691
The epoch: 126 | phase: val | loss: 4.8776 | accuracy: 0.4398 | mean f1-score: 0.4987 | weighted f1-score: 0.4545
The epoch: 126 | phase: test | loss: 0.5747 | accuracy: 0.7752 | mean f1-score: 0.8121 | weighted f1-score: 0.7749
Epoch 126 completed in 0m 1s
Epoch 127/149
----------
The epoch: 127 | phase: train | loss: 0.2802 | accuracy: 0.8663 | mean f1-score: 0.9270 | weighted f1-score: 0.8662
The epoch: 127 | phase: val | loss: 3.9804 | accuracy: 0.4928 | mean f1-score: 0.5225 | weighted f1-score: 0.4942
The epoch: 127 | phase: test | loss: 0.6527 | accuracy: 0.7459 | mean f1-score: 0.7461 | weighted f1-score: 0.7468
Epoch 127 completed in 0m 2s
Epoch 128/149
----------
The epoch: 128 | phase: train | loss: 0.2785 | accuracy: 0.8688 | mean f1-score: 0.9288 | weighted f1-score: 0.8687
The epoch: 128 | phase: val | loss: 4.3245 | accuracy: 0.4722 | mean f1-score: 0.5144 | weighted f1-score: 0.4805
The epoch: 128 | phase: test | loss: 0.6024 | accuracy: 0.7560 | mean f1-score: 0.7723 | weighted f1-score: 0.7564
Epoch 128 completed in 0m 2s
Epoch 129/149
----------
The epoch: 129 | phase: train | loss: 0.2823 | accuracy: 0.8667 | mean f1-score: 0.9267 | weighted f1-score: 0.8666
The epoch: 129 | phase: val | loss: 4.4053 | accuracy: 0.4682 | mean f1-score: 0.5161 | weighted f1-score: 0.4822
The epoch: 129 | phase: test | loss: 0.5938 | accuracy: 0.7598 | mean f1-score: 0.7870 | weighted f1-score: 0.7596
Epoch 129 completed in 0m 2s
Epoch 130/149
----------
The epoch: 130 | phase: train | loss: 0.2815 | accuracy: 0.8659 | mean f1-score: 0.9266 | weighted f1-score: 0.8658
The epoch: 130 | phase: val | loss: 4.5210 | accuracy: 0.4624 | mean f1-score: 0.5160 | weighted f1-score: 0.4815
The epoch: 130 | phase: test | loss: 0.6110 | accuracy: 0.7565 | mean f1-score: 0.7776 | weighted f1-score: 0.7560
Epoch 130 completed in 0m 2s
Epoch 131/149
----------
The epoch: 131 | phase: train | loss: 0.2812 | accuracy: 0.8697 | mean f1-score: 0.9290 | weighted f1-score: 0.8696
The epoch: 131 | phase: val | loss: 4.5999 | accuracy: 0.4622 | mean f1-score: 0.5110 | weighted f1-score: 0.4719
The epoch: 131 | phase: test | loss: 0.5744 | accuracy: 0.7713 | mean f1-score: 0.7981 | weighted f1-score: 0.7716
Epoch 131 completed in 0m 2s
Epoch 132/149
----------
The epoch: 132 | phase: train | loss: 0.2803 | accuracy: 0.8686 | mean f1-score: 0.9274 | weighted f1-score: 0.8685
The epoch: 132 | phase: val | loss: 4.4756 | accuracy: 0.4669 | mean f1-score: 0.5102 | weighted f1-score: 0.4802
The epoch: 132 | phase: test | loss: 0.6237 | accuracy: 0.7421 | mean f1-score: 0.7695 | weighted f1-score: 0.7382
Epoch 132 completed in 0m 2s
Epoch 133/149
----------
The epoch: 133 | phase: train | loss: 0.2814 | accuracy: 0.8635 | mean f1-score: 0.9260 | weighted f1-score: 0.8634
The epoch: 133 | phase: val | loss: 4.6428 | accuracy: 0.4724 | mean f1-score: 0.5241 | weighted f1-score: 0.4893
The epoch: 133 | phase: test | loss: 0.5746 | accuracy: 0.7709 | mean f1-score: 0.8093 | weighted f1-score: 0.7714
Epoch 133 completed in 0m 2s
Epoch 134/149
----------
The epoch: 134 | phase: train | loss: 0.2789 | accuracy: 0.8692 | mean f1-score: 0.9297 | weighted f1-score: 0.8691
The epoch: 134 | phase: val | loss: 4.4122 | accuracy: 0.4664 | mean f1-score: 0.5150 | weighted f1-score: 0.4829
The epoch: 134 | phase: test | loss: 0.5759 | accuracy: 0.7737 | mean f1-score: 0.8027 | weighted f1-score: 0.7743
Epoch 134 completed in 0m 3s
Epoch 135/149
----------
The epoch: 135 | phase: train | loss: 0.2819 | accuracy: 0.8664 | mean f1-score: 0.9280 | weighted f1-score: 0.8663
The epoch: 135 | phase: val | loss: 4.3487 | accuracy: 0.4921 | mean f1-score: 0.5261 | weighted f1-score: 0.4965
The epoch: 135 | phase: test | loss: 0.6088 | accuracy: 0.7641 | mean f1-score: 0.7675 | weighted f1-score: 0.7651
Epoch 135 completed in 0m 3s
Epoch 136/149
----------
The epoch: 136 | phase: train | loss: 0.2813 | accuracy: 0.8696 | mean f1-score: 0.9283 | weighted f1-score: 0.8695
The epoch: 136 | phase: val | loss: 4.7740 | accuracy: 0.4571 | mean f1-score: 0.5119 | weighted f1-score: 0.4754
The epoch: 136 | phase: test | loss: 0.5994 | accuracy: 0.7483 | mean f1-score: 0.7834 | weighted f1-score: 0.7457
Epoch 136 completed in 0m 2s
Epoch 137/149
----------
The epoch: 137 | phase: train | loss: 0.2758 | accuracy: 0.8711 | mean f1-score: 0.9301 | weighted f1-score: 0.8710
The epoch: 137 | phase: val | loss: 4.3297 | accuracy: 0.4806 | mean f1-score: 0.5206 | weighted f1-score: 0.4902
The epoch: 137 | phase: test | loss: 0.5973 | accuracy: 0.7613 | mean f1-score: 0.7767 | weighted f1-score: 0.7613
Epoch 137 completed in 0m 2s
Epoch 138/149
----------
The epoch: 138 | phase: train | loss: 0.2789 | accuracy: 0.8679 | mean f1-score: 0.9285 | weighted f1-score: 0.8677
The epoch: 138 | phase: val | loss: 4.4136 | accuracy: 0.4735 | mean f1-score: 0.5223 | weighted f1-score: 0.4894
The epoch: 138 | phase: test | loss: 0.5654 | accuracy: 0.7718 | mean f1-score: 0.8030 | weighted f1-score: 0.7719
Epoch 138 completed in 0m 3s
Epoch 139/149
----------
The epoch: 139 | phase: train | loss: 0.2787 | accuracy: 0.8678 | mean f1-score: 0.9284 | weighted f1-score: 0.8677
The epoch: 139 | phase: val | loss: 4.2474 | accuracy: 0.4788 | mean f1-score: 0.5239 | weighted f1-score: 0.4954
The epoch: 139 | phase: test | loss: 0.6076 | accuracy: 0.7589 | mean f1-score: 0.7908 | weighted f1-score: 0.7581
Epoch 139 completed in 0m 2s
Epoch 140/149
----------
The epoch: 140 | phase: train | loss: 0.2801 | accuracy: 0.8678 | mean f1-score: 0.9289 | weighted f1-score: 0.8677
The epoch: 140 | phase: val | loss: 4.6117 | accuracy: 0.4680 | mean f1-score: 0.5216 | weighted f1-score: 0.4870
The epoch: 140 | phase: test | loss: 0.5865 | accuracy: 0.7728 | mean f1-score: 0.8068 | weighted f1-score: 0.7725
Epoch 140 completed in 0m 3s
Epoch 141/149
----------
The epoch: 141 | phase: train | loss: 0.2800 | accuracy: 0.8673 | mean f1-score: 0.9274 | weighted f1-score: 0.8672
The epoch: 141 | phase: val | loss: 4.5004 | accuracy: 0.4828 | mean f1-score: 0.5250 | weighted f1-score: 0.4947
The epoch: 141 | phase: test | loss: 0.5940 | accuracy: 0.7709 | mean f1-score: 0.7860 | weighted f1-score: 0.7713
Epoch 141 completed in 0m 3s
Epoch 142/149
----------
The epoch: 142 | phase: train | loss: 0.2791 | accuracy: 0.8649 | mean f1-score: 0.9269 | weighted f1-score: 0.8649
The epoch: 142 | phase: val | loss: 4.2981 | accuracy: 0.4795 | mean f1-score: 0.5229 | weighted f1-score: 0.4939
The epoch: 142 | phase: test | loss: 0.6117 | accuracy: 0.7526 | mean f1-score: 0.7750 | weighted f1-score: 0.7513
Epoch 142 completed in 0m 3s
Epoch 143/149
----------
The epoch: 143 | phase: train | loss: 0.2730 | accuracy: 0.8727 | mean f1-score: 0.9312 | weighted f1-score: 0.8726
The epoch: 143 | phase: val | loss: 4.4735 | accuracy: 0.4817 | mean f1-score: 0.5197 | weighted f1-score: 0.4883
The epoch: 143 | phase: test | loss: 0.6357 | accuracy: 0.7488 | mean f1-score: 0.7700 | weighted f1-score: 0.7483
Epoch 143 completed in 0m 2s
Epoch 144/149
----------
The epoch: 144 | phase: train | loss: 0.2734 | accuracy: 0.8741 | mean f1-score: 0.9322 | weighted f1-score: 0.8740
The epoch: 144 | phase: val | loss: 4.7022 | accuracy: 0.4777 | mean f1-score: 0.5258 | weighted f1-score: 0.4948
The epoch: 144 | phase: test | loss: 0.5908 | accuracy: 0.7689 | mean f1-score: 0.7978 | weighted f1-score: 0.7690
Epoch 144 completed in 0m 2s
Epoch 145/149
----------
The epoch: 145 | phase: train | loss: 0.2746 | accuracy: 0.8717 | mean f1-score: 0.9297 | weighted f1-score: 0.8717
The epoch: 145 | phase: val | loss: 4.6728 | accuracy: 0.4666 | mean f1-score: 0.5206 | weighted f1-score: 0.4860
The epoch: 145 | phase: test | loss: 0.5783 | accuracy: 0.7728 | mean f1-score: 0.7970 | weighted f1-score: 0.7728
Epoch 145 completed in 0m 2s
Epoch 146/149
----------
The epoch: 146 | phase: train | loss: 0.2735 | accuracy: 0.8727 | mean f1-score: 0.9311 | weighted f1-score: 0.8727
The epoch: 146 | phase: val | loss: 4.8945 | accuracy: 0.4505 | mean f1-score: 0.5015 | weighted f1-score: 0.4605
The epoch: 146 | phase: test | loss: 0.5954 | accuracy: 0.7651 | mean f1-score: 0.7843 | weighted f1-score: 0.7639
Epoch 146 completed in 0m 2s
Epoch 147/149
----------
The epoch: 147 | phase: train | loss: 0.2799 | accuracy: 0.8656 | mean f1-score: 0.9276 | weighted f1-score: 0.8654
The epoch: 147 | phase: val | loss: 4.8260 | accuracy: 0.4600 | mean f1-score: 0.5136 | weighted f1-score: 0.4788
The epoch: 147 | phase: test | loss: 0.5654 | accuracy: 0.7752 | mean f1-score: 0.8080 | weighted f1-score: 0.7754
Epoch 147 completed in 0m 3s
Epoch 148/149
----------
The epoch: 148 | phase: train | loss: 0.2769 | accuracy: 0.8700 | mean f1-score: 0.9297 | weighted f1-score: 0.8699
The epoch: 148 | phase: val | loss: 4.3133 | accuracy: 0.4782 | mean f1-score: 0.5243 | weighted f1-score: 0.4929
The epoch: 148 | phase: test | loss: 0.5804 | accuracy: 0.7685 | mean f1-score: 0.7910 | weighted f1-score: 0.7685
Epoch 148 completed in 0m 3s
Epoch 149/149
----------
The epoch: 149 | phase: train | loss: 0.2737 | accuracy: 0.8706 | mean f1-score: 0.9297 | weighted f1-score: 0.8705
The epoch: 149 | phase: val | loss: 4.3701 | accuracy: 0.4955 | mean f1-score: 0.5347 | weighted f1-score: 0.5086
The epoch: 149 | phase: test | loss: 0.5941 | accuracy: 0.7689 | mean f1-score: 0.7803 | weighted f1-score: 0.7697
Epoch 149 completed in 0m 2s
The best epoch is 107
Phase: train, loss: 0.28997370342475565, accuracy: 0.8604206500956023, f1_score: 0.9239073354570236, f1_score weighted: 0.8603167912823155 {'train': [], 'val': [], 'test': []}
Phase: val, loss: 3.6482683472241195, accuracy: 0.4987807581467524, f1_score: 0.5360580831535376, f1_score weighted: 0.5107223042550447 {'train': [], 'val': [], 'test': []}
Phase: test, loss: 0.6161906323748375, accuracy: 0.7502396931927133, f1_score: 0.7662222879733723, f1_score weighted: 0.7518146056958458 {'train': [], 'val': [], 'test': []}
------ Evaluation complete! ------
