Namespace(window=50, overlap=25, batch_size=64, learning_rate=0.0005, num_epochs=150, gpu_id='0', dataset='motionsense', kernel_size=3, num_steps_prediction=28, classifier_lr=0.0005, classifier_batch_size=256, saved_model='/workspaces/betania.silva/ssl_tools/contrastive-predictive-coding-for-har/models/May-11-2024/realworld_thigh_k_28_lr_0.0005_bs_64.pkl', learning_schedule='last_layer', random_seed=42, input_size=6, num_classes=7, root_dir='/workspaces/betania.silva/view_concatenated', data_file='motionsense', device=device(type='cuda', index=0), padding=1)
Data Raw (401179, 6)
Data (16046, 50, 6)
Labels (16046,)
Data Raw (46525, 6)
Data (1860, 50, 6)
Labels (1860,)
Data Raw (117585, 6)
Data (4702, 50, 6)
Labels (4702,)
The batch size for train phase is: 256
The batch size for val phase is: 256
The batch size for test phase is: 256
Loading the pre-trained weights
Epoch 0/149
----------
The epoch: 0 | phase: train | loss: 0.9250 | accuracy: 0.6453 | mean f1-score: 0.4885 | weighted f1-score: 0.6090
The epoch: 0 | phase: val | loss: 0.7888 | accuracy: 0.7161 | mean f1-score: 0.6363 | weighted f1-score: 0.6962
The epoch: 0 | phase: test | loss: 0.7323 | accuracy: 0.7256 | mean f1-score: 0.6505 | weighted f1-score: 0.6997
Epoch 0 completed in 0m 3s
Epoch 1/149
----------
The epoch: 1 | phase: train | loss: 0.6556 | accuracy: 0.7410 | mean f1-score: 0.7056 | weighted f1-score: 0.7263
The epoch: 1 | phase: val | loss: 0.6836 | accuracy: 0.7355 | mean f1-score: 0.6582 | weighted f1-score: 0.7180
The epoch: 1 | phase: test | loss: 0.6113 | accuracy: 0.7671 | mean f1-score: 0.6924 | weighted f1-score: 0.7405
Epoch 1 completed in 0m 2s
Epoch 2/149
----------
The epoch: 2 | phase: train | loss: 0.5819 | accuracy: 0.7744 | mean f1-score: 0.7611 | weighted f1-score: 0.7690
The epoch: 2 | phase: val | loss: 0.7055 | accuracy: 0.7065 | mean f1-score: 0.6643 | weighted f1-score: 0.7049
The epoch: 2 | phase: test | loss: 0.5779 | accuracy: 0.7631 | mean f1-score: 0.7367 | weighted f1-score: 0.7541
Epoch 2 completed in 0m 2s
Epoch 3/149
----------
The epoch: 3 | phase: train | loss: 0.5436 | accuracy: 0.7875 | mean f1-score: 0.7806 | weighted f1-score: 0.7845
The epoch: 3 | phase: val | loss: 0.6502 | accuracy: 0.7452 | mean f1-score: 0.7035 | weighted f1-score: 0.7515
The epoch: 3 | phase: test | loss: 0.5275 | accuracy: 0.8058 | mean f1-score: 0.7786 | weighted f1-score: 0.8045
Epoch 3 completed in 0m 2s
Epoch 4/149
----------
The epoch: 4 | phase: train | loss: 0.5045 | accuracy: 0.8030 | mean f1-score: 0.7993 | weighted f1-score: 0.8007
The epoch: 4 | phase: val | loss: 0.6076 | accuracy: 0.7715 | mean f1-score: 0.7418 | weighted f1-score: 0.7752
The epoch: 4 | phase: test | loss: 0.5025 | accuracy: 0.8382 | mean f1-score: 0.8141 | weighted f1-score: 0.8345
Epoch 4 completed in 0m 2s
Epoch 5/149
----------
The epoch: 5 | phase: train | loss: 0.4831 | accuracy: 0.8155 | mean f1-score: 0.8128 | weighted f1-score: 0.8139
The epoch: 5 | phase: val | loss: 0.5652 | accuracy: 0.7731 | mean f1-score: 0.7238 | weighted f1-score: 0.7648
The epoch: 5 | phase: test | loss: 0.4975 | accuracy: 0.8014 | mean f1-score: 0.7633 | weighted f1-score: 0.7877
Epoch 5 completed in 0m 2s
Epoch 6/149
----------
The epoch: 6 | phase: train | loss: 0.4706 | accuracy: 0.8167 | mean f1-score: 0.8146 | weighted f1-score: 0.8152
The epoch: 6 | phase: val | loss: 0.5548 | accuracy: 0.7823 | mean f1-score: 0.7407 | weighted f1-score: 0.7790
The epoch: 6 | phase: test | loss: 0.4739 | accuracy: 0.8179 | mean f1-score: 0.7868 | weighted f1-score: 0.8092
Epoch 6 completed in 0m 2s
Epoch 7/149
----------
The epoch: 7 | phase: train | loss: 0.4467 | accuracy: 0.8269 | mean f1-score: 0.8254 | weighted f1-score: 0.8254
The epoch: 7 | phase: val | loss: 0.6377 | accuracy: 0.7828 | mean f1-score: 0.7429 | weighted f1-score: 0.7854
The epoch: 7 | phase: test | loss: 0.5442 | accuracy: 0.8126 | mean f1-score: 0.7672 | weighted f1-score: 0.8026
Epoch 7 completed in 0m 2s
Epoch 8/149
----------
The epoch: 8 | phase: train | loss: 0.4555 | accuracy: 0.8221 | mean f1-score: 0.8242 | weighted f1-score: 0.8210
The epoch: 8 | phase: val | loss: 0.6814 | accuracy: 0.7355 | mean f1-score: 0.7001 | weighted f1-score: 0.7476
The epoch: 8 | phase: test | loss: 0.4747 | accuracy: 0.8303 | mean f1-score: 0.8151 | weighted f1-score: 0.8330
Epoch 8 completed in 0m 2s
Epoch 9/149
----------
The epoch: 9 | phase: train | loss: 0.4347 | accuracy: 0.8293 | mean f1-score: 0.8320 | weighted f1-score: 0.8283
The epoch: 9 | phase: val | loss: 0.6579 | accuracy: 0.7409 | mean f1-score: 0.7276 | weighted f1-score: 0.7524
The epoch: 9 | phase: test | loss: 0.5032 | accuracy: 0.8041 | mean f1-score: 0.7923 | weighted f1-score: 0.8076
Epoch 9 completed in 0m 2s
Epoch 10/149
----------
The epoch: 10 | phase: train | loss: 0.4280 | accuracy: 0.8355 | mean f1-score: 0.8359 | weighted f1-score: 0.8345
The epoch: 10 | phase: val | loss: 0.5686 | accuracy: 0.7726 | mean f1-score: 0.7422 | weighted f1-score: 0.7788
The epoch: 10 | phase: test | loss: 0.4271 | accuracy: 0.8494 | mean f1-score: 0.8301 | weighted f1-score: 0.8463
Epoch 10 completed in 0m 1s
Epoch 11/149
----------
The epoch: 11 | phase: train | loss: 0.4204 | accuracy: 0.8349 | mean f1-score: 0.8392 | weighted f1-score: 0.8341
The epoch: 11 | phase: val | loss: 0.5920 | accuracy: 0.7726 | mean f1-score: 0.7461 | weighted f1-score: 0.7801
The epoch: 11 | phase: test | loss: 0.4446 | accuracy: 0.8467 | mean f1-score: 0.8340 | weighted f1-score: 0.8470
Epoch 11 completed in 0m 2s
Epoch 12/149
----------
The epoch: 12 | phase: train | loss: 0.4198 | accuracy: 0.8357 | mean f1-score: 0.8379 | weighted f1-score: 0.8347
The epoch: 12 | phase: val | loss: 0.5949 | accuracy: 0.7801 | mean f1-score: 0.7564 | weighted f1-score: 0.7888
The epoch: 12 | phase: test | loss: 0.4238 | accuracy: 0.8632 | mean f1-score: 0.8480 | weighted f1-score: 0.8638
Epoch 12 completed in 0m 2s
Epoch 13/149
----------
The epoch: 13 | phase: train | loss: 0.4036 | accuracy: 0.8461 | mean f1-score: 0.8497 | weighted f1-score: 0.8456
The epoch: 13 | phase: val | loss: 0.5705 | accuracy: 0.7812 | mean f1-score: 0.7576 | weighted f1-score: 0.7906
The epoch: 13 | phase: test | loss: 0.4126 | accuracy: 0.8598 | mean f1-score: 0.8387 | weighted f1-score: 0.8580
Epoch 13 completed in 0m 1s
Epoch 14/149
----------
The epoch: 14 | phase: train | loss: 0.4077 | accuracy: 0.8397 | mean f1-score: 0.8438 | weighted f1-score: 0.8389
The epoch: 14 | phase: val | loss: 0.6424 | accuracy: 0.7435 | mean f1-score: 0.7236 | weighted f1-score: 0.7573
The epoch: 14 | phase: test | loss: 0.4508 | accuracy: 0.8433 | mean f1-score: 0.8322 | weighted f1-score: 0.8460
Epoch 14 completed in 0m 1s
Epoch 15/149
----------
The epoch: 15 | phase: train | loss: 0.3964 | accuracy: 0.8459 | mean f1-score: 0.8491 | weighted f1-score: 0.8452
The epoch: 15 | phase: val | loss: 0.5667 | accuracy: 0.7898 | mean f1-score: 0.7528 | weighted f1-score: 0.7945
The epoch: 15 | phase: test | loss: 0.4165 | accuracy: 0.8511 | mean f1-score: 0.8300 | weighted f1-score: 0.8492
Epoch 15 completed in 0m 1s
Epoch 16/149
----------
The epoch: 16 | phase: train | loss: 0.3929 | accuracy: 0.8463 | mean f1-score: 0.8508 | weighted f1-score: 0.8457
The epoch: 16 | phase: val | loss: 0.6389 | accuracy: 0.7742 | mean f1-score: 0.7367 | weighted f1-score: 0.7797
The epoch: 16 | phase: test | loss: 0.4423 | accuracy: 0.8375 | mean f1-score: 0.8133 | weighted f1-score: 0.8345
Epoch 16 completed in 0m 2s
Epoch 17/149
----------
The epoch: 17 | phase: train | loss: 0.3846 | accuracy: 0.8504 | mean f1-score: 0.8564 | weighted f1-score: 0.8498
The epoch: 17 | phase: val | loss: 0.5016 | accuracy: 0.8011 | mean f1-score: 0.7748 | weighted f1-score: 0.8017
The epoch: 17 | phase: test | loss: 0.4065 | accuracy: 0.8479 | mean f1-score: 0.8312 | weighted f1-score: 0.8439
Epoch 17 completed in 0m 2s
Epoch 18/149
----------
The epoch: 18 | phase: train | loss: 0.3747 | accuracy: 0.8557 | mean f1-score: 0.8597 | weighted f1-score: 0.8553
The epoch: 18 | phase: val | loss: 0.6591 | accuracy: 0.7511 | mean f1-score: 0.7325 | weighted f1-score: 0.7633
The epoch: 18 | phase: test | loss: 0.4246 | accuracy: 0.8439 | mean f1-score: 0.8342 | weighted f1-score: 0.8460
Epoch 18 completed in 0m 2s
Epoch 19/149
----------
The epoch: 19 | phase: train | loss: 0.3769 | accuracy: 0.8545 | mean f1-score: 0.8607 | weighted f1-score: 0.8540
The epoch: 19 | phase: val | loss: 0.5914 | accuracy: 0.7930 | mean f1-score: 0.7514 | weighted f1-score: 0.7892
The epoch: 19 | phase: test | loss: 0.4747 | accuracy: 0.8279 | mean f1-score: 0.7972 | weighted f1-score: 0.8211
Epoch 19 completed in 0m 2s
Epoch 20/149
----------
The epoch: 20 | phase: train | loss: 0.3684 | accuracy: 0.8558 | mean f1-score: 0.8632 | weighted f1-score: 0.8554
The epoch: 20 | phase: val | loss: 0.5075 | accuracy: 0.8140 | mean f1-score: 0.7744 | weighted f1-score: 0.8090
The epoch: 20 | phase: test | loss: 0.4367 | accuracy: 0.8401 | mean f1-score: 0.8078 | weighted f1-score: 0.8305
Epoch 20 completed in 0m 2s
Epoch 21/149
----------
The epoch: 21 | phase: train | loss: 0.3813 | accuracy: 0.8501 | mean f1-score: 0.8572 | weighted f1-score: 0.8496
The epoch: 21 | phase: val | loss: 0.5950 | accuracy: 0.7747 | mean f1-score: 0.7399 | weighted f1-score: 0.7824
The epoch: 21 | phase: test | loss: 0.3951 | accuracy: 0.8618 | mean f1-score: 0.8417 | weighted f1-score: 0.8603
Epoch 21 completed in 0m 2s
Epoch 22/149
----------
The epoch: 22 | phase: train | loss: 0.3696 | accuracy: 0.8552 | mean f1-score: 0.8617 | weighted f1-score: 0.8546
The epoch: 22 | phase: val | loss: 0.5368 | accuracy: 0.7984 | mean f1-score: 0.7619 | weighted f1-score: 0.7945
The epoch: 22 | phase: test | loss: 0.4795 | accuracy: 0.8305 | mean f1-score: 0.8036 | weighted f1-score: 0.8240
Epoch 22 completed in 0m 2s
Epoch 23/149
----------
The epoch: 23 | phase: train | loss: 0.3701 | accuracy: 0.8534 | mean f1-score: 0.8611 | weighted f1-score: 0.8530
The epoch: 23 | phase: val | loss: 0.6247 | accuracy: 0.7683 | mean f1-score: 0.7397 | weighted f1-score: 0.7744
The epoch: 23 | phase: test | loss: 0.4275 | accuracy: 0.8422 | mean f1-score: 0.8314 | weighted f1-score: 0.8422
Epoch 23 completed in 0m 2s
Epoch 24/149
----------
The epoch: 24 | phase: train | loss: 0.3633 | accuracy: 0.8602 | mean f1-score: 0.8672 | weighted f1-score: 0.8598
The epoch: 24 | phase: val | loss: 0.5485 | accuracy: 0.7930 | mean f1-score: 0.7659 | weighted f1-score: 0.7960
The epoch: 24 | phase: test | loss: 0.3912 | accuracy: 0.8564 | mean f1-score: 0.8408 | weighted f1-score: 0.8535
Epoch 24 completed in 0m 2s
Epoch 25/149
----------
The epoch: 25 | phase: train | loss: 0.3516 | accuracy: 0.8635 | mean f1-score: 0.8705 | weighted f1-score: 0.8631
The epoch: 25 | phase: val | loss: 0.5399 | accuracy: 0.8043 | mean f1-score: 0.7731 | weighted f1-score: 0.8066
The epoch: 25 | phase: test | loss: 0.3941 | accuracy: 0.8637 | mean f1-score: 0.8439 | weighted f1-score: 0.8604
Epoch 25 completed in 0m 2s
Epoch 26/149
----------
The epoch: 26 | phase: train | loss: 0.3520 | accuracy: 0.8636 | mean f1-score: 0.8703 | weighted f1-score: 0.8632
The epoch: 26 | phase: val | loss: 0.5471 | accuracy: 0.7946 | mean f1-score: 0.7475 | weighted f1-score: 0.7865
The epoch: 26 | phase: test | loss: 0.5097 | accuracy: 0.8131 | mean f1-score: 0.7747 | weighted f1-score: 0.8004
Epoch 26 completed in 0m 2s
Epoch 27/149
----------
The epoch: 27 | phase: train | loss: 0.3397 | accuracy: 0.8657 | mean f1-score: 0.8718 | weighted f1-score: 0.8653
The epoch: 27 | phase: val | loss: 0.5254 | accuracy: 0.8005 | mean f1-score: 0.7600 | weighted f1-score: 0.7964
The epoch: 27 | phase: test | loss: 0.4213 | accuracy: 0.8401 | mean f1-score: 0.8185 | weighted f1-score: 0.8343
Epoch 27 completed in 0m 2s
Epoch 28/149
----------
The epoch: 28 | phase: train | loss: 0.3345 | accuracy: 0.8726 | mean f1-score: 0.8787 | weighted f1-score: 0.8723
The epoch: 28 | phase: val | loss: 0.4755 | accuracy: 0.8253 | mean f1-score: 0.8032 | weighted f1-score: 0.8274
The epoch: 28 | phase: test | loss: 0.3687 | accuracy: 0.8722 | mean f1-score: 0.8578 | weighted f1-score: 0.8698
Epoch 28 completed in 0m 2s
Epoch 29/149
----------
The epoch: 29 | phase: train | loss: 0.3387 | accuracy: 0.8697 | mean f1-score: 0.8776 | weighted f1-score: 0.8694
The epoch: 29 | phase: val | loss: 0.5106 | accuracy: 0.8140 | mean f1-score: 0.7865 | weighted f1-score: 0.8151
The epoch: 29 | phase: test | loss: 0.3768 | accuracy: 0.8628 | mean f1-score: 0.8477 | weighted f1-score: 0.8601
Epoch 29 completed in 0m 2s
Epoch 30/149
----------
The epoch: 30 | phase: train | loss: 0.3235 | accuracy: 0.8756 | mean f1-score: 0.8816 | weighted f1-score: 0.8754
The epoch: 30 | phase: val | loss: 0.5531 | accuracy: 0.8140 | mean f1-score: 0.7676 | weighted f1-score: 0.8102
The epoch: 30 | phase: test | loss: 0.4232 | accuracy: 0.8573 | mean f1-score: 0.8314 | weighted f1-score: 0.8519
Epoch 30 completed in 0m 2s
Epoch 31/149
----------
The epoch: 31 | phase: train | loss: 0.3385 | accuracy: 0.8697 | mean f1-score: 0.8766 | weighted f1-score: 0.8695
The epoch: 31 | phase: val | loss: 0.6197 | accuracy: 0.7801 | mean f1-score: 0.7512 | weighted f1-score: 0.7861
The epoch: 31 | phase: test | loss: 0.3904 | accuracy: 0.8718 | mean f1-score: 0.8576 | weighted f1-score: 0.8715
Epoch 31 completed in 0m 2s
Epoch 32/149
----------
The epoch: 32 | phase: train | loss: 0.3191 | accuracy: 0.8776 | mean f1-score: 0.8857 | weighted f1-score: 0.8774
The epoch: 32 | phase: val | loss: 0.5581 | accuracy: 0.7973 | mean f1-score: 0.7491 | weighted f1-score: 0.7873
The epoch: 32 | phase: test | loss: 0.5096 | accuracy: 0.8194 | mean f1-score: 0.7870 | weighted f1-score: 0.8085
Epoch 32 completed in 0m 2s
Epoch 33/149
----------
The epoch: 33 | phase: train | loss: 0.3332 | accuracy: 0.8734 | mean f1-score: 0.8809 | weighted f1-score: 0.8731
The epoch: 33 | phase: val | loss: 0.6522 | accuracy: 0.7651 | mean f1-score: 0.7438 | weighted f1-score: 0.7748
The epoch: 33 | phase: test | loss: 0.3699 | accuracy: 0.8675 | mean f1-score: 0.8590 | weighted f1-score: 0.8677
Epoch 33 completed in 0m 2s
Epoch 34/149
----------
The epoch: 34 | phase: train | loss: 0.3208 | accuracy: 0.8777 | mean f1-score: 0.8857 | weighted f1-score: 0.8775
The epoch: 34 | phase: val | loss: 0.5149 | accuracy: 0.8140 | mean f1-score: 0.7859 | weighted f1-score: 0.8165
The epoch: 34 | phase: test | loss: 0.3540 | accuracy: 0.8766 | mean f1-score: 0.8641 | weighted f1-score: 0.8751
Epoch 34 completed in 0m 2s
Epoch 35/149
----------
The epoch: 35 | phase: train | loss: 0.3228 | accuracy: 0.8754 | mean f1-score: 0.8828 | weighted f1-score: 0.8752
The epoch: 35 | phase: val | loss: 0.5701 | accuracy: 0.7855 | mean f1-score: 0.7663 | weighted f1-score: 0.7948
The epoch: 35 | phase: test | loss: 0.4057 | accuracy: 0.8673 | mean f1-score: 0.8483 | weighted f1-score: 0.8657
Epoch 35 completed in 0m 2s
Epoch 36/149
----------
The epoch: 36 | phase: train | loss: 0.3200 | accuracy: 0.8729 | mean f1-score: 0.8810 | weighted f1-score: 0.8727
The epoch: 36 | phase: val | loss: 0.8149 | accuracy: 0.7403 | mean f1-score: 0.7334 | weighted f1-score: 0.7503
The epoch: 36 | phase: test | loss: 0.5630 | accuracy: 0.7924 | mean f1-score: 0.7843 | weighted f1-score: 0.7953
Epoch 36 completed in 0m 2s
Epoch 37/149
----------
The epoch: 37 | phase: train | loss: 0.3182 | accuracy: 0.8777 | mean f1-score: 0.8854 | weighted f1-score: 0.8775
The epoch: 37 | phase: val | loss: 0.7490 | accuracy: 0.7382 | mean f1-score: 0.7059 | weighted f1-score: 0.7450
The epoch: 37 | phase: test | loss: 0.5848 | accuracy: 0.7705 | mean f1-score: 0.7664 | weighted f1-score: 0.7783
Epoch 37 completed in 0m 2s
Epoch 38/149
----------
The epoch: 38 | phase: train | loss: 0.3106 | accuracy: 0.8785 | mean f1-score: 0.8858 | weighted f1-score: 0.8783
The epoch: 38 | phase: val | loss: 0.5626 | accuracy: 0.7962 | mean f1-score: 0.7716 | weighted f1-score: 0.8027
The epoch: 38 | phase: test | loss: 0.3709 | accuracy: 0.8809 | mean f1-score: 0.8697 | weighted f1-score: 0.8809
Epoch 38 completed in 0m 2s
Epoch 39/149
----------
The epoch: 39 | phase: train | loss: 0.3095 | accuracy: 0.8787 | mean f1-score: 0.8874 | weighted f1-score: 0.8785
The epoch: 39 | phase: val | loss: 0.6750 | accuracy: 0.7629 | mean f1-score: 0.7425 | weighted f1-score: 0.7760
The epoch: 39 | phase: test | loss: 0.4104 | accuracy: 0.8594 | mean f1-score: 0.8463 | weighted f1-score: 0.8623
Epoch 39 completed in 0m 2s
Epoch 40/149
----------
The epoch: 40 | phase: train | loss: 0.3165 | accuracy: 0.8805 | mean f1-score: 0.8881 | weighted f1-score: 0.8803
The epoch: 40 | phase: val | loss: 0.5433 | accuracy: 0.8118 | mean f1-score: 0.7708 | weighted f1-score: 0.8089
The epoch: 40 | phase: test | loss: 0.3918 | accuracy: 0.8726 | mean f1-score: 0.8530 | weighted f1-score: 0.8686
Epoch 40 completed in 0m 2s
Epoch 41/149
----------
The epoch: 41 | phase: train | loss: 0.3139 | accuracy: 0.8777 | mean f1-score: 0.8863 | weighted f1-score: 0.8775
The epoch: 41 | phase: val | loss: 0.6503 | accuracy: 0.7790 | mean f1-score: 0.7552 | weighted f1-score: 0.7883
The epoch: 41 | phase: test | loss: 0.3644 | accuracy: 0.8747 | mean f1-score: 0.8615 | weighted f1-score: 0.8748
Epoch 41 completed in 0m 2s
Epoch 42/149
----------
The epoch: 42 | phase: train | loss: 0.3131 | accuracy: 0.8770 | mean f1-score: 0.8861 | weighted f1-score: 0.8768
The epoch: 42 | phase: val | loss: 0.6853 | accuracy: 0.7694 | mean f1-score: 0.7536 | weighted f1-score: 0.7815
The epoch: 42 | phase: test | loss: 0.3928 | accuracy: 0.8705 | mean f1-score: 0.8537 | weighted f1-score: 0.8708
Epoch 42 completed in 0m 2s
Epoch 43/149
----------
The epoch: 43 | phase: train | loss: 0.3089 | accuracy: 0.8804 | mean f1-score: 0.8876 | weighted f1-score: 0.8802
The epoch: 43 | phase: val | loss: 0.5556 | accuracy: 0.8145 | mean f1-score: 0.7776 | weighted f1-score: 0.8141
The epoch: 43 | phase: test | loss: 0.4077 | accuracy: 0.8539 | mean f1-score: 0.8376 | weighted f1-score: 0.8528
Epoch 43 completed in 0m 2s
Epoch 44/149
----------
The epoch: 44 | phase: train | loss: 0.3074 | accuracy: 0.8807 | mean f1-score: 0.8888 | weighted f1-score: 0.8805
The epoch: 44 | phase: val | loss: 0.4991 | accuracy: 0.8253 | mean f1-score: 0.8050 | weighted f1-score: 0.8282
The epoch: 44 | phase: test | loss: 0.3574 | accuracy: 0.8826 | mean f1-score: 0.8669 | weighted f1-score: 0.8810
Epoch 44 completed in 0m 2s
Epoch 45/149
----------
The epoch: 45 | phase: train | loss: 0.2994 | accuracy: 0.8845 | mean f1-score: 0.8916 | weighted f1-score: 0.8842
The epoch: 45 | phase: val | loss: 0.5424 | accuracy: 0.8086 | mean f1-score: 0.7838 | weighted f1-score: 0.8106
The epoch: 45 | phase: test | loss: 0.3591 | accuracy: 0.8735 | mean f1-score: 0.8599 | weighted f1-score: 0.8718
Epoch 45 completed in 0m 2s
Epoch 46/149
----------
The epoch: 46 | phase: train | loss: 0.3084 | accuracy: 0.8779 | mean f1-score: 0.8868 | weighted f1-score: 0.8777
The epoch: 46 | phase: val | loss: 0.5770 | accuracy: 0.8059 | mean f1-score: 0.7509 | weighted f1-score: 0.7982
The epoch: 46 | phase: test | loss: 0.4812 | accuracy: 0.8426 | mean f1-score: 0.8043 | weighted f1-score: 0.8322
Epoch 46 completed in 0m 2s
Epoch 47/149
----------
The epoch: 47 | phase: train | loss: 0.2999 | accuracy: 0.8851 | mean f1-score: 0.8933 | weighted f1-score: 0.8849
The epoch: 47 | phase: val | loss: 0.5838 | accuracy: 0.7882 | mean f1-score: 0.7710 | weighted f1-score: 0.7961
The epoch: 47 | phase: test | loss: 0.3772 | accuracy: 0.8679 | mean f1-score: 0.8498 | weighted f1-score: 0.8660
Epoch 47 completed in 0m 2s
Epoch 48/149
----------
The epoch: 48 | phase: train | loss: 0.2969 | accuracy: 0.8872 | mean f1-score: 0.8949 | weighted f1-score: 0.8870
The epoch: 48 | phase: val | loss: 0.5423 | accuracy: 0.8086 | mean f1-score: 0.7679 | weighted f1-score: 0.8091
The epoch: 48 | phase: test | loss: 0.3960 | accuracy: 0.8635 | mean f1-score: 0.8408 | weighted f1-score: 0.8599
Epoch 48 completed in 0m 2s
Epoch 49/149
----------
The epoch: 49 | phase: train | loss: 0.3052 | accuracy: 0.8814 | mean f1-score: 0.8903 | weighted f1-score: 0.8812
The epoch: 49 | phase: val | loss: 0.6305 | accuracy: 0.7839 | mean f1-score: 0.7593 | weighted f1-score: 0.7896
The epoch: 49 | phase: test | loss: 0.4582 | accuracy: 0.8386 | mean f1-score: 0.8269 | weighted f1-score: 0.8432
Epoch 49 completed in 0m 2s
Epoch 50/149
----------
The epoch: 50 | phase: train | loss: 0.2876 | accuracy: 0.8913 | mean f1-score: 0.8998 | weighted f1-score: 0.8911
The epoch: 50 | phase: val | loss: 0.5224 | accuracy: 0.8194 | mean f1-score: 0.7929 | weighted f1-score: 0.8214
The epoch: 50 | phase: test | loss: 0.3886 | accuracy: 0.8681 | mean f1-score: 0.8534 | weighted f1-score: 0.8655
Epoch 50 completed in 0m 2s
Epoch 51/149
----------
The epoch: 51 | phase: train | loss: 0.2832 | accuracy: 0.8893 | mean f1-score: 0.8986 | weighted f1-score: 0.8892
The epoch: 51 | phase: val | loss: 0.7434 | accuracy: 0.7629 | mean f1-score: 0.7476 | weighted f1-score: 0.7745
The epoch: 51 | phase: test | loss: 0.4151 | accuracy: 0.8596 | mean f1-score: 0.8486 | weighted f1-score: 0.8623
Epoch 51 completed in 0m 2s
Epoch 52/149
----------
The epoch: 52 | phase: train | loss: 0.2811 | accuracy: 0.8925 | mean f1-score: 0.9016 | weighted f1-score: 0.8923
The epoch: 52 | phase: val | loss: 0.7482 | accuracy: 0.7613 | mean f1-score: 0.7493 | weighted f1-score: 0.7738
The epoch: 52 | phase: test | loss: 0.3720 | accuracy: 0.8694 | mean f1-score: 0.8560 | weighted f1-score: 0.8701
Epoch 52 completed in 0m 2s
Epoch 53/149
----------
The epoch: 53 | phase: train | loss: 0.2832 | accuracy: 0.8898 | mean f1-score: 0.8988 | weighted f1-score: 0.8897
The epoch: 53 | phase: val | loss: 0.6538 | accuracy: 0.7844 | mean f1-score: 0.7628 | weighted f1-score: 0.7926
The epoch: 53 | phase: test | loss: 0.3715 | accuracy: 0.8698 | mean f1-score: 0.8605 | weighted f1-score: 0.8703
Epoch 53 completed in 0m 2s
Epoch 54/149
----------
The epoch: 54 | phase: train | loss: 0.2900 | accuracy: 0.8884 | mean f1-score: 0.8987 | weighted f1-score: 0.8884
The epoch: 54 | phase: val | loss: 0.5846 | accuracy: 0.7919 | mean f1-score: 0.7654 | weighted f1-score: 0.7970
The epoch: 54 | phase: test | loss: 0.3776 | accuracy: 0.8626 | mean f1-score: 0.8488 | weighted f1-score: 0.8602
Epoch 54 completed in 0m 2s
Epoch 55/149
----------
The epoch: 55 | phase: train | loss: 0.2771 | accuracy: 0.8937 | mean f1-score: 0.9037 | weighted f1-score: 0.8936
The epoch: 55 | phase: val | loss: 0.5499 | accuracy: 0.8237 | mean f1-score: 0.7868 | weighted f1-score: 0.8231
The epoch: 55 | phase: test | loss: 0.3845 | accuracy: 0.8735 | mean f1-score: 0.8469 | weighted f1-score: 0.8689
Epoch 55 completed in 0m 2s
Epoch 56/149
----------
The epoch: 56 | phase: train | loss: 0.2749 | accuracy: 0.8942 | mean f1-score: 0.9040 | weighted f1-score: 0.8942
The epoch: 56 | phase: val | loss: 0.6606 | accuracy: 0.7683 | mean f1-score: 0.7307 | weighted f1-score: 0.7743
The epoch: 56 | phase: test | loss: 0.4059 | accuracy: 0.8558 | mean f1-score: 0.8370 | weighted f1-score: 0.8557
Epoch 56 completed in 0m 2s
Epoch 57/149
----------
The epoch: 57 | phase: train | loss: 0.2796 | accuracy: 0.8916 | mean f1-score: 0.9020 | weighted f1-score: 0.8914
The epoch: 57 | phase: val | loss: 0.6279 | accuracy: 0.7882 | mean f1-score: 0.7533 | weighted f1-score: 0.7912
The epoch: 57 | phase: test | loss: 0.4220 | accuracy: 0.8528 | mean f1-score: 0.8310 | weighted f1-score: 0.8482
Epoch 57 completed in 0m 2s
Epoch 58/149
----------
The epoch: 58 | phase: train | loss: 0.2860 | accuracy: 0.8888 | mean f1-score: 0.8991 | weighted f1-score: 0.8886
The epoch: 58 | phase: val | loss: 0.5965 | accuracy: 0.8070 | mean f1-score: 0.7569 | weighted f1-score: 0.7997
The epoch: 58 | phase: test | loss: 0.5304 | accuracy: 0.8303 | mean f1-score: 0.7940 | weighted f1-score: 0.8200
Epoch 58 completed in 0m 2s
Epoch 59/149
----------
The epoch: 59 | phase: train | loss: 0.2817 | accuracy: 0.8891 | mean f1-score: 0.8995 | weighted f1-score: 0.8890
The epoch: 59 | phase: val | loss: 0.5171 | accuracy: 0.8349 | mean f1-score: 0.8076 | weighted f1-score: 0.8345
The epoch: 59 | phase: test | loss: 0.3934 | accuracy: 0.8724 | mean f1-score: 0.8563 | weighted f1-score: 0.8695
Epoch 59 completed in 0m 2s
Epoch 60/149
----------
The epoch: 60 | phase: train | loss: 0.2763 | accuracy: 0.8920 | mean f1-score: 0.9022 | weighted f1-score: 0.8919
The epoch: 60 | phase: val | loss: 1.0096 | accuracy: 0.7409 | mean f1-score: 0.7318 | weighted f1-score: 0.7525
The epoch: 60 | phase: test | loss: 0.7006 | accuracy: 0.7773 | mean f1-score: 0.7660 | weighted f1-score: 0.7749
Epoch 60 completed in 0m 2s
Epoch 61/149
----------
The epoch: 61 | phase: train | loss: 0.2794 | accuracy: 0.8896 | mean f1-score: 0.8991 | weighted f1-score: 0.8894
The epoch: 61 | phase: val | loss: 0.5038 | accuracy: 0.8355 | mean f1-score: 0.8080 | weighted f1-score: 0.8325
The epoch: 61 | phase: test | loss: 0.4120 | accuracy: 0.8567 | mean f1-score: 0.8379 | weighted f1-score: 0.8520
Epoch 61 completed in 0m 2s
Epoch 62/149
----------
The epoch: 62 | phase: train | loss: 0.2783 | accuracy: 0.8899 | mean f1-score: 0.9003 | weighted f1-score: 0.8898
The epoch: 62 | phase: val | loss: 0.5551 | accuracy: 0.8194 | mean f1-score: 0.7922 | weighted f1-score: 0.8224
The epoch: 62 | phase: test | loss: 0.3695 | accuracy: 0.8858 | mean f1-score: 0.8710 | weighted f1-score: 0.8851
Epoch 62 completed in 0m 2s
Epoch 63/149
----------
The epoch: 63 | phase: train | loss: 0.2681 | accuracy: 0.8961 | mean f1-score: 0.9058 | weighted f1-score: 0.8960
The epoch: 63 | phase: val | loss: 0.6168 | accuracy: 0.7984 | mean f1-score: 0.7691 | weighted f1-score: 0.8038
The epoch: 63 | phase: test | loss: 0.3822 | accuracy: 0.8754 | mean f1-score: 0.8585 | weighted f1-score: 0.8753
Epoch 63 completed in 0m 2s
Epoch 64/149
----------
The epoch: 64 | phase: train | loss: 0.2731 | accuracy: 0.8944 | mean f1-score: 0.9046 | weighted f1-score: 0.8944
The epoch: 64 | phase: val | loss: 0.5568 | accuracy: 0.8151 | mean f1-score: 0.7833 | weighted f1-score: 0.8168
The epoch: 64 | phase: test | loss: 0.4014 | accuracy: 0.8745 | mean f1-score: 0.8579 | weighted f1-score: 0.8717
Epoch 64 completed in 0m 2s
Epoch 65/149
----------
The epoch: 65 | phase: train | loss: 0.2720 | accuracy: 0.8960 | mean f1-score: 0.9059 | weighted f1-score: 0.8959
The epoch: 65 | phase: val | loss: 0.6654 | accuracy: 0.7801 | mean f1-score: 0.7619 | weighted f1-score: 0.7920
The epoch: 65 | phase: test | loss: 0.3736 | accuracy: 0.8766 | mean f1-score: 0.8628 | weighted f1-score: 0.8762
Epoch 65 completed in 0m 2s
Epoch 66/149
----------
The epoch: 66 | phase: train | loss: 0.2708 | accuracy: 0.8945 | mean f1-score: 0.9055 | weighted f1-score: 0.8944
The epoch: 66 | phase: val | loss: 0.5432 | accuracy: 0.8161 | mean f1-score: 0.7798 | weighted f1-score: 0.8112
The epoch: 66 | phase: test | loss: 0.4532 | accuracy: 0.8437 | mean f1-score: 0.8189 | weighted f1-score: 0.8374
Epoch 66 completed in 0m 2s
Epoch 67/149
----------
The epoch: 67 | phase: train | loss: 0.2666 | accuracy: 0.8947 | mean f1-score: 0.9058 | weighted f1-score: 0.8946
The epoch: 67 | phase: val | loss: 0.5620 | accuracy: 0.8140 | mean f1-score: 0.7849 | weighted f1-score: 0.8168
The epoch: 67 | phase: test | loss: 0.3784 | accuracy: 0.8641 | mean f1-score: 0.8493 | weighted f1-score: 0.8627
Epoch 67 completed in 0m 2s
Epoch 68/149
----------
The epoch: 68 | phase: train | loss: 0.2697 | accuracy: 0.8949 | mean f1-score: 0.9060 | weighted f1-score: 0.8948
The epoch: 68 | phase: val | loss: 0.7713 | accuracy: 0.7565 | mean f1-score: 0.7319 | weighted f1-score: 0.7706
The epoch: 68 | phase: test | loss: 0.4603 | accuracy: 0.8556 | mean f1-score: 0.8277 | weighted f1-score: 0.8550
Epoch 68 completed in 0m 2s
Epoch 69/149
----------
The epoch: 69 | phase: train | loss: 0.2673 | accuracy: 0.8969 | mean f1-score: 0.9074 | weighted f1-score: 0.8968
The epoch: 69 | phase: val | loss: 0.6790 | accuracy: 0.7774 | mean f1-score: 0.7604 | weighted f1-score: 0.7873
The epoch: 69 | phase: test | loss: 0.3766 | accuracy: 0.8813 | mean f1-score: 0.8671 | weighted f1-score: 0.8821
Epoch 69 completed in 0m 2s
Epoch 70/149
----------
The epoch: 70 | phase: train | loss: 0.2649 | accuracy: 0.8979 | mean f1-score: 0.9078 | weighted f1-score: 0.8978
The epoch: 70 | phase: val | loss: 0.6026 | accuracy: 0.8000 | mean f1-score: 0.7747 | weighted f1-score: 0.8054
The epoch: 70 | phase: test | loss: 0.3649 | accuracy: 0.8709 | mean f1-score: 0.8614 | weighted f1-score: 0.8703
Epoch 70 completed in 0m 2s
Epoch 71/149
----------
The epoch: 71 | phase: train | loss: 0.2652 | accuracy: 0.8969 | mean f1-score: 0.9065 | weighted f1-score: 0.8968
The epoch: 71 | phase: val | loss: 0.6555 | accuracy: 0.8129 | mean f1-score: 0.7564 | weighted f1-score: 0.8044
The epoch: 71 | phase: test | loss: 0.4846 | accuracy: 0.8507 | mean f1-score: 0.8146 | weighted f1-score: 0.8404
Epoch 71 completed in 0m 1s
Epoch 72/149
----------
The epoch: 72 | phase: train | loss: 0.2665 | accuracy: 0.8943 | mean f1-score: 0.9048 | weighted f1-score: 0.8942
The epoch: 72 | phase: val | loss: 0.6366 | accuracy: 0.7995 | mean f1-score: 0.7815 | weighted f1-score: 0.8071
The epoch: 72 | phase: test | loss: 0.3753 | accuracy: 0.8794 | mean f1-score: 0.8646 | weighted f1-score: 0.8791
Epoch 72 completed in 0m 1s
Epoch 73/149
----------
The epoch: 73 | phase: train | loss: 0.2681 | accuracy: 0.8932 | mean f1-score: 0.9032 | weighted f1-score: 0.8932
The epoch: 73 | phase: val | loss: 0.5575 | accuracy: 0.8172 | mean f1-score: 0.7919 | weighted f1-score: 0.8190
The epoch: 73 | phase: test | loss: 0.3810 | accuracy: 0.8741 | mean f1-score: 0.8607 | weighted f1-score: 0.8714
Epoch 73 completed in 0m 1s
Epoch 74/149
----------
The epoch: 74 | phase: train | loss: 0.2661 | accuracy: 0.8973 | mean f1-score: 0.9075 | weighted f1-score: 0.8972
The epoch: 74 | phase: val | loss: 0.8188 | accuracy: 0.7565 | mean f1-score: 0.7375 | weighted f1-score: 0.7642
The epoch: 74 | phase: test | loss: 0.5795 | accuracy: 0.8033 | mean f1-score: 0.8008 | weighted f1-score: 0.8096
Epoch 74 completed in 0m 1s
Epoch 75/149
----------
The epoch: 75 | phase: train | loss: 0.2665 | accuracy: 0.8959 | mean f1-score: 0.9073 | weighted f1-score: 0.8958
The epoch: 75 | phase: val | loss: 0.7521 | accuracy: 0.7656 | mean f1-score: 0.7471 | weighted f1-score: 0.7743
The epoch: 75 | phase: test | loss: 0.4271 | accuracy: 0.8556 | mean f1-score: 0.8464 | weighted f1-score: 0.8580
Epoch 75 completed in 0m 1s
Epoch 76/149
----------
The epoch: 76 | phase: train | loss: 0.2601 | accuracy: 0.8981 | mean f1-score: 0.9090 | weighted f1-score: 0.8981
The epoch: 76 | phase: val | loss: 0.5810 | accuracy: 0.8167 | mean f1-score: 0.7853 | weighted f1-score: 0.8178
The epoch: 76 | phase: test | loss: 0.3725 | accuracy: 0.8709 | mean f1-score: 0.8561 | weighted f1-score: 0.8695
Epoch 76 completed in 0m 1s
Epoch 77/149
----------
The epoch: 77 | phase: train | loss: 0.2556 | accuracy: 0.8999 | mean f1-score: 0.9112 | weighted f1-score: 0.8998
The epoch: 77 | phase: val | loss: 0.5634 | accuracy: 0.8215 | mean f1-score: 0.7915 | weighted f1-score: 0.8230
The epoch: 77 | phase: test | loss: 0.3566 | accuracy: 0.8803 | mean f1-score: 0.8667 | weighted f1-score: 0.8788
Epoch 77 completed in 0m 2s
Epoch 78/149
----------
The epoch: 78 | phase: train | loss: 0.2524 | accuracy: 0.9015 | mean f1-score: 0.9122 | weighted f1-score: 0.9014
The epoch: 78 | phase: val | loss: 0.5497 | accuracy: 0.8231 | mean f1-score: 0.7941 | weighted f1-score: 0.8240
The epoch: 78 | phase: test | loss: 0.3729 | accuracy: 0.8722 | mean f1-score: 0.8567 | weighted f1-score: 0.8697
Epoch 78 completed in 0m 1s
Epoch 79/149
----------
The epoch: 79 | phase: train | loss: 0.2553 | accuracy: 0.9010 | mean f1-score: 0.9119 | weighted f1-score: 0.9010
The epoch: 79 | phase: val | loss: 1.0365 | accuracy: 0.7382 | mean f1-score: 0.7249 | weighted f1-score: 0.7469
The epoch: 79 | phase: test | loss: 0.7532 | accuracy: 0.7612 | mean f1-score: 0.7555 | weighted f1-score: 0.7589
Epoch 79 completed in 0m 2s
Epoch 80/149
----------
The epoch: 80 | phase: train | loss: 0.2565 | accuracy: 0.8994 | mean f1-score: 0.9102 | weighted f1-score: 0.8993
The epoch: 80 | phase: val | loss: 0.6577 | accuracy: 0.7871 | mean f1-score: 0.7677 | weighted f1-score: 0.7942
The epoch: 80 | phase: test | loss: 0.3765 | accuracy: 0.8777 | mean f1-score: 0.8664 | weighted f1-score: 0.8788
Epoch 80 completed in 0m 2s
Epoch 81/149
----------
The epoch: 81 | phase: train | loss: 0.2524 | accuracy: 0.9010 | mean f1-score: 0.9121 | weighted f1-score: 0.9009
The epoch: 81 | phase: val | loss: 0.6833 | accuracy: 0.7812 | mean f1-score: 0.7583 | weighted f1-score: 0.7891
The epoch: 81 | phase: test | loss: 0.3716 | accuracy: 0.8758 | mean f1-score: 0.8643 | weighted f1-score: 0.8767
Epoch 81 completed in 0m 1s
Epoch 82/149
----------
The epoch: 82 | phase: train | loss: 0.2490 | accuracy: 0.9036 | mean f1-score: 0.9155 | weighted f1-score: 0.9035
The epoch: 82 | phase: val | loss: 0.7639 | accuracy: 0.7763 | mean f1-score: 0.7622 | weighted f1-score: 0.7845
The epoch: 82 | phase: test | loss: 0.3919 | accuracy: 0.8654 | mean f1-score: 0.8562 | weighted f1-score: 0.8672
Epoch 82 completed in 0m 1s
Epoch 83/149
----------
The epoch: 83 | phase: train | loss: 0.2501 | accuracy: 0.9002 | mean f1-score: 0.9120 | weighted f1-score: 0.9001
The epoch: 83 | phase: val | loss: 0.6528 | accuracy: 0.7866 | mean f1-score: 0.7681 | weighted f1-score: 0.7933
The epoch: 83 | phase: test | loss: 0.3621 | accuracy: 0.8726 | mean f1-score: 0.8618 | weighted f1-score: 0.8722
Epoch 83 completed in 0m 2s
Epoch 84/149
----------
The epoch: 84 | phase: train | loss: 0.2505 | accuracy: 0.9025 | mean f1-score: 0.9135 | weighted f1-score: 0.9025
The epoch: 84 | phase: val | loss: 0.6806 | accuracy: 0.7763 | mean f1-score: 0.7510 | weighted f1-score: 0.7851
The epoch: 84 | phase: test | loss: 0.3840 | accuracy: 0.8745 | mean f1-score: 0.8650 | weighted f1-score: 0.8760
Epoch 84 completed in 0m 2s
Epoch 85/149
----------
The epoch: 85 | phase: train | loss: 0.2497 | accuracy: 0.9010 | mean f1-score: 0.9125 | weighted f1-score: 0.9010
The epoch: 85 | phase: val | loss: 0.5507 | accuracy: 0.8237 | mean f1-score: 0.7855 | weighted f1-score: 0.8225
The epoch: 85 | phase: test | loss: 0.3780 | accuracy: 0.8781 | mean f1-score: 0.8616 | weighted f1-score: 0.8756
Epoch 85 completed in 0m 2s
Epoch 86/149
----------
The epoch: 86 | phase: train | loss: 0.2431 | accuracy: 0.9072 | mean f1-score: 0.9182 | weighted f1-score: 0.9072
The epoch: 86 | phase: val | loss: 0.6680 | accuracy: 0.7866 | mean f1-score: 0.7601 | weighted f1-score: 0.7901
The epoch: 86 | phase: test | loss: 0.3947 | accuracy: 0.8601 | mean f1-score: 0.8514 | weighted f1-score: 0.8600
Epoch 86 completed in 0m 2s
Epoch 87/149
----------
The epoch: 87 | phase: train | loss: 0.2499 | accuracy: 0.9037 | mean f1-score: 0.9153 | weighted f1-score: 0.9036
The epoch: 87 | phase: val | loss: 0.9218 | accuracy: 0.7522 | mean f1-score: 0.7401 | weighted f1-score: 0.7639
The epoch: 87 | phase: test | loss: 0.5244 | accuracy: 0.8169 | mean f1-score: 0.8090 | weighted f1-score: 0.8201
Epoch 87 completed in 0m 2s
Epoch 88/149
----------
The epoch: 88 | phase: train | loss: 0.2480 | accuracy: 0.9033 | mean f1-score: 0.9139 | weighted f1-score: 0.9033
The epoch: 88 | phase: val | loss: 0.6491 | accuracy: 0.7935 | mean f1-score: 0.7754 | weighted f1-score: 0.8003
The epoch: 88 | phase: test | loss: 0.3421 | accuracy: 0.8818 | mean f1-score: 0.8735 | weighted f1-score: 0.8817
Epoch 88 completed in 0m 2s
Epoch 89/149
----------
The epoch: 89 | phase: train | loss: 0.2395 | accuracy: 0.9061 | mean f1-score: 0.9180 | weighted f1-score: 0.9060
The epoch: 89 | phase: val | loss: 0.5885 | accuracy: 0.8161 | mean f1-score: 0.7906 | weighted f1-score: 0.8204
The epoch: 89 | phase: test | loss: 0.3455 | accuracy: 0.8928 | mean f1-score: 0.8820 | weighted f1-score: 0.8917
Epoch 89 completed in 0m 2s
Epoch 90/149
----------
The epoch: 90 | phase: train | loss: 0.2413 | accuracy: 0.9069 | mean f1-score: 0.9177 | weighted f1-score: 0.9068
The epoch: 90 | phase: val | loss: 0.5874 | accuracy: 0.8226 | mean f1-score: 0.7923 | weighted f1-score: 0.8234
The epoch: 90 | phase: test | loss: 0.3742 | accuracy: 0.8815 | mean f1-score: 0.8685 | weighted f1-score: 0.8799
Epoch 90 completed in 0m 2s
Epoch 91/149
----------
The epoch: 91 | phase: train | loss: 0.2379 | accuracy: 0.9083 | mean f1-score: 0.9190 | weighted f1-score: 0.9082
The epoch: 91 | phase: val | loss: 1.0461 | accuracy: 0.7360 | mean f1-score: 0.7254 | weighted f1-score: 0.7491
The epoch: 91 | phase: test | loss: 0.5466 | accuracy: 0.8107 | mean f1-score: 0.8017 | weighted f1-score: 0.8144
Epoch 91 completed in 0m 2s
Epoch 92/149
----------
The epoch: 92 | phase: train | loss: 0.2523 | accuracy: 0.9013 | mean f1-score: 0.9130 | weighted f1-score: 0.9013
The epoch: 92 | phase: val | loss: 0.5802 | accuracy: 0.8285 | mean f1-score: 0.8032 | weighted f1-score: 0.8296
The epoch: 92 | phase: test | loss: 0.3702 | accuracy: 0.8881 | mean f1-score: 0.8752 | weighted f1-score: 0.8860
Epoch 92 completed in 0m 2s
Epoch 93/149
----------
The epoch: 93 | phase: train | loss: 0.2490 | accuracy: 0.9055 | mean f1-score: 0.9166 | weighted f1-score: 0.9054
The epoch: 93 | phase: val | loss: 0.6720 | accuracy: 0.7957 | mean f1-score: 0.7793 | weighted f1-score: 0.8032
The epoch: 93 | phase: test | loss: 0.3790 | accuracy: 0.8801 | mean f1-score: 0.8683 | weighted f1-score: 0.8799
Epoch 93 completed in 0m 2s
Epoch 94/149
----------
The epoch: 94 | phase: train | loss: 0.2382 | accuracy: 0.9087 | mean f1-score: 0.9198 | weighted f1-score: 0.9086
The epoch: 94 | phase: val | loss: 0.6060 | accuracy: 0.8242 | mean f1-score: 0.7903 | weighted f1-score: 0.8249
The epoch: 94 | phase: test | loss: 0.4034 | accuracy: 0.8760 | mean f1-score: 0.8572 | weighted f1-score: 0.8737
Epoch 94 completed in 0m 2s
Epoch 95/149
----------
The epoch: 95 | phase: train | loss: 0.2454 | accuracy: 0.9043 | mean f1-score: 0.9167 | weighted f1-score: 0.9042
The epoch: 95 | phase: val | loss: 0.6365 | accuracy: 0.7978 | mean f1-score: 0.7726 | weighted f1-score: 0.8039
The epoch: 95 | phase: test | loss: 0.3539 | accuracy: 0.8818 | mean f1-score: 0.8720 | weighted f1-score: 0.8808
Epoch 95 completed in 0m 1s
Epoch 96/149
----------
The epoch: 96 | phase: train | loss: 0.2398 | accuracy: 0.9059 | mean f1-score: 0.9173 | weighted f1-score: 0.9058
The epoch: 96 | phase: val | loss: 0.6144 | accuracy: 0.8140 | mean f1-score: 0.7895 | weighted f1-score: 0.8182
The epoch: 96 | phase: test | loss: 0.3694 | accuracy: 0.8764 | mean f1-score: 0.8634 | weighted f1-score: 0.8767
Epoch 96 completed in 0m 1s
Epoch 97/149
----------
The epoch: 97 | phase: train | loss: 0.2411 | accuracy: 0.9050 | mean f1-score: 0.9172 | weighted f1-score: 0.9049
The epoch: 97 | phase: val | loss: 0.7235 | accuracy: 0.7860 | mean f1-score: 0.7658 | weighted f1-score: 0.7936
The epoch: 97 | phase: test | loss: 0.4319 | accuracy: 0.8643 | mean f1-score: 0.8533 | weighted f1-score: 0.8667
Epoch 97 completed in 0m 2s
Epoch 98/149
----------
The epoch: 98 | phase: train | loss: 0.2421 | accuracy: 0.9053 | mean f1-score: 0.9160 | weighted f1-score: 0.9053
The epoch: 98 | phase: val | loss: 0.7523 | accuracy: 0.7694 | mean f1-score: 0.7514 | weighted f1-score: 0.7793
The epoch: 98 | phase: test | loss: 0.4062 | accuracy: 0.8601 | mean f1-score: 0.8518 | weighted f1-score: 0.8615
Epoch 98 completed in 0m 1s
Epoch 99/149
----------
The epoch: 99 | phase: train | loss: 0.2490 | accuracy: 0.9012 | mean f1-score: 0.9140 | weighted f1-score: 0.9011
The epoch: 99 | phase: val | loss: 0.5849 | accuracy: 0.8140 | mean f1-score: 0.7857 | weighted f1-score: 0.8175
The epoch: 99 | phase: test | loss: 0.3541 | accuracy: 0.8879 | mean f1-score: 0.8759 | weighted f1-score: 0.8871
Epoch 99 completed in 0m 2s
Epoch 100/149
----------
The epoch: 100 | phase: train | loss: 0.2296 | accuracy: 0.9104 | mean f1-score: 0.9225 | weighted f1-score: 0.9104
The epoch: 100 | phase: val | loss: 0.5915 | accuracy: 0.8301 | mean f1-score: 0.7982 | weighted f1-score: 0.8300
The epoch: 100 | phase: test | loss: 0.3723 | accuracy: 0.8807 | mean f1-score: 0.8669 | weighted f1-score: 0.8788
Epoch 100 completed in 0m 1s
Epoch 101/149
----------
The epoch: 101 | phase: train | loss: 0.2352 | accuracy: 0.9081 | mean f1-score: 0.9198 | weighted f1-score: 0.9080
The epoch: 101 | phase: val | loss: 0.6334 | accuracy: 0.8113 | mean f1-score: 0.7860 | weighted f1-score: 0.8174
The epoch: 101 | phase: test | loss: 0.3680 | accuracy: 0.8854 | mean f1-score: 0.8712 | weighted f1-score: 0.8846
Epoch 101 completed in 0m 1s
Epoch 102/149
----------
The epoch: 102 | phase: train | loss: 0.2323 | accuracy: 0.9091 | mean f1-score: 0.9212 | weighted f1-score: 0.9091
The epoch: 102 | phase: val | loss: 0.6283 | accuracy: 0.8054 | mean f1-score: 0.7832 | weighted f1-score: 0.8096
The epoch: 102 | phase: test | loss: 0.3605 | accuracy: 0.8792 | mean f1-score: 0.8692 | weighted f1-score: 0.8783
Epoch 102 completed in 0m 1s
Epoch 103/149
----------
The epoch: 103 | phase: train | loss: 0.2342 | accuracy: 0.9078 | mean f1-score: 0.9197 | weighted f1-score: 0.9077
The epoch: 103 | phase: val | loss: 0.6339 | accuracy: 0.8108 | mean f1-score: 0.7831 | weighted f1-score: 0.8140
The epoch: 103 | phase: test | loss: 0.4558 | accuracy: 0.8516 | mean f1-score: 0.8361 | weighted f1-score: 0.8520
Epoch 103 completed in 0m 1s
Epoch 104/149
----------
The epoch: 104 | phase: train | loss: 0.2302 | accuracy: 0.9093 | mean f1-score: 0.9204 | weighted f1-score: 0.9093
The epoch: 104 | phase: val | loss: 0.7586 | accuracy: 0.7774 | mean f1-score: 0.7574 | weighted f1-score: 0.7896
The epoch: 104 | phase: test | loss: 0.3856 | accuracy: 0.8824 | mean f1-score: 0.8696 | weighted f1-score: 0.8841
Epoch 104 completed in 0m 2s
Epoch 105/149
----------
The epoch: 105 | phase: train | loss: 0.2283 | accuracy: 0.9093 | mean f1-score: 0.9222 | weighted f1-score: 0.9093
The epoch: 105 | phase: val | loss: 0.5639 | accuracy: 0.8183 | mean f1-score: 0.7946 | weighted f1-score: 0.8231
The epoch: 105 | phase: test | loss: 0.3733 | accuracy: 0.8809 | mean f1-score: 0.8651 | weighted f1-score: 0.8794
Epoch 105 completed in 0m 2s
Epoch 106/149
----------
The epoch: 106 | phase: train | loss: 0.2396 | accuracy: 0.9048 | mean f1-score: 0.9171 | weighted f1-score: 0.9047
The epoch: 106 | phase: val | loss: 0.6986 | accuracy: 0.7812 | mean f1-score: 0.7658 | weighted f1-score: 0.7921
The epoch: 106 | phase: test | loss: 0.3995 | accuracy: 0.8611 | mean f1-score: 0.8497 | weighted f1-score: 0.8635
Epoch 106 completed in 0m 1s
Epoch 107/149
----------
The epoch: 107 | phase: train | loss: 0.2332 | accuracy: 0.9088 | mean f1-score: 0.9206 | weighted f1-score: 0.9087
The epoch: 107 | phase: val | loss: 0.7478 | accuracy: 0.7726 | mean f1-score: 0.7576 | weighted f1-score: 0.7836
The epoch: 107 | phase: test | loss: 0.4079 | accuracy: 0.8618 | mean f1-score: 0.8525 | weighted f1-score: 0.8631
Epoch 107 completed in 0m 2s
Epoch 108/149
----------
The epoch: 108 | phase: train | loss: 0.2308 | accuracy: 0.9099 | mean f1-score: 0.9214 | weighted f1-score: 0.9099
The epoch: 108 | phase: val | loss: 0.9386 | accuracy: 0.7505 | mean f1-score: 0.7327 | weighted f1-score: 0.7572
The epoch: 108 | phase: test | loss: 0.5933 | accuracy: 0.8122 | mean f1-score: 0.8073 | weighted f1-score: 0.8150
Epoch 108 completed in 0m 1s
Epoch 109/149
----------
The epoch: 109 | phase: train | loss: 0.2285 | accuracy: 0.9127 | mean f1-score: 0.9240 | weighted f1-score: 0.9127
The epoch: 109 | phase: val | loss: 0.6026 | accuracy: 0.8145 | mean f1-score: 0.7950 | weighted f1-score: 0.8197
The epoch: 109 | phase: test | loss: 0.3680 | accuracy: 0.8890 | mean f1-score: 0.8765 | weighted f1-score: 0.8894
Epoch 109 completed in 0m 2s
Epoch 110/149
----------
The epoch: 110 | phase: train | loss: 0.2290 | accuracy: 0.9111 | mean f1-score: 0.9236 | weighted f1-score: 0.9111
The epoch: 110 | phase: val | loss: 0.6582 | accuracy: 0.8097 | mean f1-score: 0.7896 | weighted f1-score: 0.8160
The epoch: 110 | phase: test | loss: 0.3762 | accuracy: 0.8796 | mean f1-score: 0.8684 | weighted f1-score: 0.8807
Epoch 110 completed in 0m 2s
Epoch 111/149
----------
The epoch: 111 | phase: train | loss: 0.2254 | accuracy: 0.9113 | mean f1-score: 0.9234 | weighted f1-score: 0.9113
The epoch: 111 | phase: val | loss: 0.5914 | accuracy: 0.8306 | mean f1-score: 0.8020 | weighted f1-score: 0.8320
The epoch: 111 | phase: test | loss: 0.3682 | accuracy: 0.8888 | mean f1-score: 0.8724 | weighted f1-score: 0.8870
Epoch 111 completed in 0m 2s
Epoch 112/149
----------
The epoch: 112 | phase: train | loss: 0.2241 | accuracy: 0.9122 | mean f1-score: 0.9236 | weighted f1-score: 0.9121
The epoch: 112 | phase: val | loss: 0.6290 | accuracy: 0.8242 | mean f1-score: 0.7916 | weighted f1-score: 0.8258
The epoch: 112 | phase: test | loss: 0.4002 | accuracy: 0.8783 | mean f1-score: 0.8583 | weighted f1-score: 0.8765
Epoch 112 completed in 0m 1s
Epoch 113/149
----------
The epoch: 113 | phase: train | loss: 0.2248 | accuracy: 0.9128 | mean f1-score: 0.9252 | weighted f1-score: 0.9127
The epoch: 113 | phase: val | loss: 0.6744 | accuracy: 0.8032 | mean f1-score: 0.7784 | weighted f1-score: 0.8081
The epoch: 113 | phase: test | loss: 0.4018 | accuracy: 0.8824 | mean f1-score: 0.8672 | weighted f1-score: 0.8823
Epoch 113 completed in 0m 1s
Epoch 114/149
----------
The epoch: 114 | phase: train | loss: 0.2358 | accuracy: 0.9068 | mean f1-score: 0.9189 | weighted f1-score: 0.9068
The epoch: 114 | phase: val | loss: 0.6446 | accuracy: 0.8022 | mean f1-score: 0.7811 | weighted f1-score: 0.8098
The epoch: 114 | phase: test | loss: 0.3615 | accuracy: 0.8913 | mean f1-score: 0.8787 | weighted f1-score: 0.8916
Epoch 114 completed in 0m 1s
Epoch 115/149
----------
The epoch: 115 | phase: train | loss: 0.2306 | accuracy: 0.9107 | mean f1-score: 0.9229 | weighted f1-score: 0.9106
The epoch: 115 | phase: val | loss: 0.5724 | accuracy: 0.8280 | mean f1-score: 0.7988 | weighted f1-score: 0.8298
The epoch: 115 | phase: test | loss: 0.3701 | accuracy: 0.8869 | mean f1-score: 0.8733 | weighted f1-score: 0.8851
Epoch 115 completed in 0m 2s
Epoch 116/149
----------
The epoch: 116 | phase: train | loss: 0.2243 | accuracy: 0.9135 | mean f1-score: 0.9254 | weighted f1-score: 0.9135
The epoch: 116 | phase: val | loss: 0.7284 | accuracy: 0.7909 | mean f1-score: 0.7677 | weighted f1-score: 0.7977
The epoch: 116 | phase: test | loss: 0.3980 | accuracy: 0.8739 | mean f1-score: 0.8651 | weighted f1-score: 0.8754
Epoch 116 completed in 0m 1s
Epoch 117/149
----------
The epoch: 117 | phase: train | loss: 0.2262 | accuracy: 0.9106 | mean f1-score: 0.9226 | weighted f1-score: 0.9106
The epoch: 117 | phase: val | loss: 0.5533 | accuracy: 0.8435 | mean f1-score: 0.8145 | weighted f1-score: 0.8418
The epoch: 117 | phase: test | loss: 0.4131 | accuracy: 0.8777 | mean f1-score: 0.8593 | weighted f1-score: 0.8742
Epoch 117 completed in 0m 1s
Epoch 118/149
----------
The epoch: 118 | phase: train | loss: 0.2258 | accuracy: 0.9124 | mean f1-score: 0.9249 | weighted f1-score: 0.9123
The epoch: 118 | phase: val | loss: 0.6234 | accuracy: 0.8247 | mean f1-score: 0.8041 | weighted f1-score: 0.8297
The epoch: 118 | phase: test | loss: 0.3590 | accuracy: 0.8873 | mean f1-score: 0.8780 | weighted f1-score: 0.8876
Epoch 118 completed in 0m 1s
Epoch 119/149
----------
The epoch: 119 | phase: train | loss: 0.2208 | accuracy: 0.9127 | mean f1-score: 0.9249 | weighted f1-score: 0.9127
The epoch: 119 | phase: val | loss: 0.5596 | accuracy: 0.8376 | mean f1-score: 0.8127 | weighted f1-score: 0.8386
The epoch: 119 | phase: test | loss: 0.3586 | accuracy: 0.8909 | mean f1-score: 0.8782 | weighted f1-score: 0.8894
Epoch 119 completed in 0m 1s
Epoch 120/149
----------
The epoch: 120 | phase: train | loss: 0.2266 | accuracy: 0.9119 | mean f1-score: 0.9246 | weighted f1-score: 0.9119
The epoch: 120 | phase: val | loss: 0.7182 | accuracy: 0.7909 | mean f1-score: 0.7698 | weighted f1-score: 0.7963
The epoch: 120 | phase: test | loss: 0.4299 | accuracy: 0.8586 | mean f1-score: 0.8494 | weighted f1-score: 0.8611
Epoch 120 completed in 0m 1s
Epoch 121/149
----------
The epoch: 121 | phase: train | loss: 0.2270 | accuracy: 0.9105 | mean f1-score: 0.9234 | weighted f1-score: 0.9105
The epoch: 121 | phase: val | loss: 1.0075 | accuracy: 0.7511 | mean f1-score: 0.7412 | weighted f1-score: 0.7657
The epoch: 121 | phase: test | loss: 0.5211 | accuracy: 0.8197 | mean f1-score: 0.8102 | weighted f1-score: 0.8266
Epoch 121 completed in 0m 1s
Epoch 122/149
----------
The epoch: 122 | phase: train | loss: 0.2246 | accuracy: 0.9114 | mean f1-score: 0.9235 | weighted f1-score: 0.9113
The epoch: 122 | phase: val | loss: 0.6239 | accuracy: 0.8247 | mean f1-score: 0.7954 | weighted f1-score: 0.8259
The epoch: 122 | phase: test | loss: 0.3688 | accuracy: 0.8845 | mean f1-score: 0.8729 | weighted f1-score: 0.8829
Epoch 122 completed in 0m 1s
Epoch 123/149
----------
The epoch: 123 | phase: train | loss: 0.2164 | accuracy: 0.9146 | mean f1-score: 0.9272 | weighted f1-score: 0.9146
The epoch: 123 | phase: val | loss: 0.7339 | accuracy: 0.7817 | mean f1-score: 0.7622 | weighted f1-score: 0.7913
The epoch: 123 | phase: test | loss: 0.4112 | accuracy: 0.8607 | mean f1-score: 0.8478 | weighted f1-score: 0.8620
Epoch 123 completed in 0m 1s
Epoch 124/149
----------
The epoch: 124 | phase: train | loss: 0.2253 | accuracy: 0.9111 | mean f1-score: 0.9244 | weighted f1-score: 0.9110
The epoch: 124 | phase: val | loss: 0.7123 | accuracy: 0.7952 | mean f1-score: 0.7683 | weighted f1-score: 0.7984
The epoch: 124 | phase: test | loss: 0.3881 | accuracy: 0.8745 | mean f1-score: 0.8674 | weighted f1-score: 0.8732
Epoch 124 completed in 0m 1s
Epoch 125/149
----------
The epoch: 125 | phase: train | loss: 0.2133 | accuracy: 0.9188 | mean f1-score: 0.9316 | weighted f1-score: 0.9188
The epoch: 125 | phase: val | loss: 0.7631 | accuracy: 0.7903 | mean f1-score: 0.7685 | weighted f1-score: 0.7981
The epoch: 125 | phase: test | loss: 0.4259 | accuracy: 0.8788 | mean f1-score: 0.8690 | weighted f1-score: 0.8806
Epoch 125 completed in 0m 1s
Epoch 126/149
----------
The epoch: 126 | phase: train | loss: 0.2205 | accuracy: 0.9132 | mean f1-score: 0.9254 | weighted f1-score: 0.9132
The epoch: 126 | phase: val | loss: 0.6476 | accuracy: 0.8161 | mean f1-score: 0.7914 | weighted f1-score: 0.8215
The epoch: 126 | phase: test | loss: 0.3768 | accuracy: 0.8866 | mean f1-score: 0.8743 | weighted f1-score: 0.8871
Epoch 126 completed in 0m 1s
Epoch 127/149
----------
The epoch: 127 | phase: train | loss: 0.2196 | accuracy: 0.9119 | mean f1-score: 0.9249 | weighted f1-score: 0.9119
The epoch: 127 | phase: val | loss: 0.6161 | accuracy: 0.8129 | mean f1-score: 0.7893 | weighted f1-score: 0.8175
The epoch: 127 | phase: test | loss: 0.3596 | accuracy: 0.8862 | mean f1-score: 0.8754 | weighted f1-score: 0.8856
Epoch 127 completed in 0m 1s
Epoch 128/149
----------
The epoch: 128 | phase: train | loss: 0.2178 | accuracy: 0.9142 | mean f1-score: 0.9273 | weighted f1-score: 0.9141
The epoch: 128 | phase: val | loss: 0.7339 | accuracy: 0.7892 | mean f1-score: 0.7685 | weighted f1-score: 0.7976
The epoch: 128 | phase: test | loss: 0.3771 | accuracy: 0.8815 | mean f1-score: 0.8710 | weighted f1-score: 0.8816
Epoch 128 completed in 0m 1s
Epoch 129/149
----------
The epoch: 129 | phase: train | loss: 0.2178 | accuracy: 0.9156 | mean f1-score: 0.9278 | weighted f1-score: 0.9156
The epoch: 129 | phase: val | loss: 0.6429 | accuracy: 0.8242 | mean f1-score: 0.7848 | weighted f1-score: 0.8198
The epoch: 129 | phase: test | loss: 0.4884 | accuracy: 0.8590 | mean f1-score: 0.8329 | weighted f1-score: 0.8525
Epoch 129 completed in 0m 1s
Epoch 130/149
----------
The epoch: 130 | phase: train | loss: 0.2148 | accuracy: 0.9159 | mean f1-score: 0.9278 | weighted f1-score: 0.9158
The epoch: 130 | phase: val | loss: 0.6757 | accuracy: 0.8188 | mean f1-score: 0.7908 | weighted f1-score: 0.8232
The epoch: 130 | phase: test | loss: 0.3663 | accuracy: 0.8888 | mean f1-score: 0.8770 | weighted f1-score: 0.8886
Epoch 130 completed in 0m 1s
Epoch 131/149
----------
The epoch: 131 | phase: train | loss: 0.2166 | accuracy: 0.9154 | mean f1-score: 0.9279 | weighted f1-score: 0.9154
The epoch: 131 | phase: val | loss: 0.5942 | accuracy: 0.8290 | mean f1-score: 0.8008 | weighted f1-score: 0.8297
The epoch: 131 | phase: test | loss: 0.3902 | accuracy: 0.8835 | mean f1-score: 0.8711 | weighted f1-score: 0.8814
Epoch 131 completed in 0m 1s
Epoch 132/149
----------
The epoch: 132 | phase: train | loss: 0.2115 | accuracy: 0.9181 | mean f1-score: 0.9306 | weighted f1-score: 0.9181
The epoch: 132 | phase: val | loss: 0.6465 | accuracy: 0.8167 | mean f1-score: 0.7919 | weighted f1-score: 0.8199
The epoch: 132 | phase: test | loss: 0.3628 | accuracy: 0.8879 | mean f1-score: 0.8786 | weighted f1-score: 0.8876
Epoch 132 completed in 0m 1s
Epoch 133/149
----------
The epoch: 133 | phase: train | loss: 0.2148 | accuracy: 0.9151 | mean f1-score: 0.9284 | weighted f1-score: 0.9150
The epoch: 133 | phase: val | loss: 0.7745 | accuracy: 0.7860 | mean f1-score: 0.7702 | weighted f1-score: 0.7958
The epoch: 133 | phase: test | loss: 0.4132 | accuracy: 0.8762 | mean f1-score: 0.8664 | weighted f1-score: 0.8780
Epoch 133 completed in 0m 1s
Epoch 134/149
----------
The epoch: 134 | phase: train | loss: 0.2189 | accuracy: 0.9149 | mean f1-score: 0.9266 | weighted f1-score: 0.9148
The epoch: 134 | phase: val | loss: 0.6615 | accuracy: 0.8086 | mean f1-score: 0.7852 | weighted f1-score: 0.8138
The epoch: 134 | phase: test | loss: 0.3570 | accuracy: 0.8869 | mean f1-score: 0.8781 | weighted f1-score: 0.8863
Epoch 134 completed in 0m 1s
Epoch 135/149
----------
The epoch: 135 | phase: train | loss: 0.2105 | accuracy: 0.9167 | mean f1-score: 0.9291 | weighted f1-score: 0.9166
The epoch: 135 | phase: val | loss: 0.6116 | accuracy: 0.8317 | mean f1-score: 0.8059 | weighted f1-score: 0.8340
The epoch: 135 | phase: test | loss: 0.3760 | accuracy: 0.8849 | mean f1-score: 0.8719 | weighted f1-score: 0.8844
Epoch 135 completed in 0m 2s
Epoch 136/149
----------
The epoch: 136 | phase: train | loss: 0.2132 | accuracy: 0.9161 | mean f1-score: 0.9282 | weighted f1-score: 0.9161
The epoch: 136 | phase: val | loss: 0.7394 | accuracy: 0.7844 | mean f1-score: 0.7637 | weighted f1-score: 0.7924
The epoch: 136 | phase: test | loss: 0.3751 | accuracy: 0.8781 | mean f1-score: 0.8707 | weighted f1-score: 0.8788
Epoch 136 completed in 0m 2s
Epoch 137/149
----------
The epoch: 137 | phase: train | loss: 0.2113 | accuracy: 0.9167 | mean f1-score: 0.9295 | weighted f1-score: 0.9167
The epoch: 137 | phase: val | loss: 0.6606 | accuracy: 0.8194 | mean f1-score: 0.7930 | weighted f1-score: 0.8230
The epoch: 137 | phase: test | loss: 0.3635 | accuracy: 0.8922 | mean f1-score: 0.8827 | weighted f1-score: 0.8913
Epoch 137 completed in 0m 2s
Epoch 138/149
----------
The epoch: 138 | phase: train | loss: 0.2106 | accuracy: 0.9189 | mean f1-score: 0.9321 | weighted f1-score: 0.9189
The epoch: 138 | phase: val | loss: 0.7259 | accuracy: 0.8038 | mean f1-score: 0.7747 | weighted f1-score: 0.8070
The epoch: 138 | phase: test | loss: 0.3806 | accuracy: 0.8845 | mean f1-score: 0.8725 | weighted f1-score: 0.8839
Epoch 138 completed in 0m 2s
Epoch 139/149
----------
The epoch: 139 | phase: train | loss: 0.2127 | accuracy: 0.9164 | mean f1-score: 0.9290 | weighted f1-score: 0.9164
The epoch: 139 | phase: val | loss: 0.6799 | accuracy: 0.8011 | mean f1-score: 0.7796 | weighted f1-score: 0.8070
The epoch: 139 | phase: test | loss: 0.3869 | accuracy: 0.8783 | mean f1-score: 0.8676 | weighted f1-score: 0.8797
Epoch 139 completed in 0m 1s
Epoch 140/149
----------
The epoch: 140 | phase: train | loss: 0.2142 | accuracy: 0.9160 | mean f1-score: 0.9287 | weighted f1-score: 0.9159
The epoch: 140 | phase: val | loss: 0.6907 | accuracy: 0.8108 | mean f1-score: 0.7832 | weighted f1-score: 0.8153
The epoch: 140 | phase: test | loss: 0.3721 | accuracy: 0.8869 | mean f1-score: 0.8747 | weighted f1-score: 0.8864
Epoch 140 completed in 0m 2s
Epoch 141/149
----------
The epoch: 141 | phase: train | loss: 0.2175 | accuracy: 0.9135 | mean f1-score: 0.9270 | weighted f1-score: 0.9135
The epoch: 141 | phase: val | loss: 0.6929 | accuracy: 0.8081 | mean f1-score: 0.7827 | weighted f1-score: 0.8131
The epoch: 141 | phase: test | loss: 0.3679 | accuracy: 0.8911 | mean f1-score: 0.8799 | weighted f1-score: 0.8911
Epoch 141 completed in 0m 1s
Epoch 142/149
----------
The epoch: 142 | phase: train | loss: 0.2114 | accuracy: 0.9165 | mean f1-score: 0.9293 | weighted f1-score: 0.9165
The epoch: 142 | phase: val | loss: 0.6192 | accuracy: 0.8366 | mean f1-score: 0.8094 | weighted f1-score: 0.8383
The epoch: 142 | phase: test | loss: 0.3790 | accuracy: 0.8866 | mean f1-score: 0.8703 | weighted f1-score: 0.8855
Epoch 142 completed in 0m 1s
Epoch 143/149
----------
The epoch: 143 | phase: train | loss: 0.2108 | accuracy: 0.9174 | mean f1-score: 0.9308 | weighted f1-score: 0.9174
The epoch: 143 | phase: val | loss: 0.6566 | accuracy: 0.8194 | mean f1-score: 0.7982 | weighted f1-score: 0.8252
The epoch: 143 | phase: test | loss: 0.3596 | accuracy: 0.8986 | mean f1-score: 0.8872 | weighted f1-score: 0.8982
Epoch 143 completed in 0m 1s
Epoch 144/149
----------
The epoch: 144 | phase: train | loss: 0.2112 | accuracy: 0.9175 | mean f1-score: 0.9307 | weighted f1-score: 0.9175
The epoch: 144 | phase: val | loss: 0.6686 | accuracy: 0.8215 | mean f1-score: 0.7891 | weighted f1-score: 0.8233
The epoch: 144 | phase: test | loss: 0.3847 | accuracy: 0.8849 | mean f1-score: 0.8703 | weighted f1-score: 0.8836
Epoch 144 completed in 0m 2s
Epoch 145/149
----------
The epoch: 145 | phase: train | loss: 0.2041 | accuracy: 0.9197 | mean f1-score: 0.9321 | weighted f1-score: 0.9196
The epoch: 145 | phase: val | loss: 0.6005 | accuracy: 0.8258 | mean f1-score: 0.8000 | weighted f1-score: 0.8272
The epoch: 145 | phase: test | loss: 0.3721 | accuracy: 0.8830 | mean f1-score: 0.8692 | weighted f1-score: 0.8813
Epoch 145 completed in 0m 1s
Epoch 146/149
----------
The epoch: 146 | phase: train | loss: 0.2089 | accuracy: 0.9195 | mean f1-score: 0.9326 | weighted f1-score: 0.9195
The epoch: 146 | phase: val | loss: 0.6076 | accuracy: 0.8371 | mean f1-score: 0.8105 | weighted f1-score: 0.8383
The epoch: 146 | phase: test | loss: 0.3756 | accuracy: 0.8928 | mean f1-score: 0.8806 | weighted f1-score: 0.8919
Epoch 146 completed in 0m 1s
Epoch 147/149
----------
The epoch: 147 | phase: train | loss: 0.2120 | accuracy: 0.9157 | mean f1-score: 0.9287 | weighted f1-score: 0.9157
The epoch: 147 | phase: val | loss: 0.6373 | accuracy: 0.8296 | mean f1-score: 0.8012 | weighted f1-score: 0.8317
The epoch: 147 | phase: test | loss: 0.3816 | accuracy: 0.8903 | mean f1-score: 0.8779 | weighted f1-score: 0.8894
Epoch 147 completed in 0m 1s
Epoch 148/149
----------
The epoch: 148 | phase: train | loss: 0.2066 | accuracy: 0.9185 | mean f1-score: 0.9312 | weighted f1-score: 0.9185
The epoch: 148 | phase: val | loss: 0.7033 | accuracy: 0.8081 | mean f1-score: 0.7925 | weighted f1-score: 0.8146
The epoch: 148 | phase: test | loss: 0.3803 | accuracy: 0.8905 | mean f1-score: 0.8800 | weighted f1-score: 0.8907
Epoch 148 completed in 0m 2s
Epoch 149/149
----------
The epoch: 149 | phase: train | loss: 0.2098 | accuracy: 0.9172 | mean f1-score: 0.9300 | weighted f1-score: 0.9172
The epoch: 149 | phase: val | loss: 0.6934 | accuracy: 0.8011 | mean f1-score: 0.7768 | weighted f1-score: 0.8060
The epoch: 149 | phase: test | loss: 0.3818 | accuracy: 0.8754 | mean f1-score: 0.8669 | weighted f1-score: 0.8752
Epoch 149 completed in 0m 2s
The best epoch is 117
Phase: train, loss: 0.22622292320262935, accuracy: 0.9106319331920728, f1_score: 0.9225774008031884, f1_score weighted: 0.9106087729499032 {'train': [], 'val': [], 'test': []}
Phase: val, loss: 0.5533086136464149, accuracy: 0.8435483870967742, f1_score: 0.8145106250661797, f1_score weighted: 0.8418454114680207 {'train': [], 'val': [], 'test': []}
Phase: test, loss: 0.4131451157293659, accuracy: 0.877711612079966, f1_score: 0.859280935616371, f1_score weighted: 0.8741969679955388 {'train': [], 'val': [], 'test': []}
------ Evaluation complete! ------
