Namespace(window=50, overlap=25, batch_size=64, learning_rate=0.0005, num_epochs=150, gpu_id='0', dataset='uci', kernel_size=3, num_steps_prediction=28, classifier_lr=0.0005, classifier_batch_size=256, saved_model='/workspaces/betania.silva/ssl_tools/contrastive-predictive-coding-for-har/models/May-11-2024/motionsense_k_28_lr_0.0005_bs_64.pkl', learning_schedule='last_layer', random_seed=42, input_size=6, num_classes=7, root_dir='/workspaces/betania.silva/view_concatenated', data_file='uci', device=device(type='cuda', index=0), padding=1)
Data Raw (172066, 6)
Data (6881, 50, 6)
Labels (6881,)
Data Raw (24131, 6)
Data (964, 50, 6)
Labels (964,)
Data Raw (48830, 6)
Data (1952, 50, 6)
Labels (1952,)
The batch size for train phase is: 256
The batch size for val phase is: 256
The batch size for test phase is: 256
Loading the pre-trained weights
Epoch 0/149
----------
The epoch: 0 | phase: train | loss: 1.1894 | accuracy: 0.5392 | mean f1-score: 0.3861 | weighted f1-score: 0.5358
The epoch: 0 | phase: val | loss: 0.9618 | accuracy: 0.6732 | mean f1-score: 0.6356 | weighted f1-score: 0.6316
The epoch: 0 | phase: test | loss: 0.9849 | accuracy: 0.6573 | mean f1-score: 0.6232 | weighted f1-score: 0.6224
Epoch 0 completed in 0m 2s
Epoch 1/149
----------
The epoch: 1 | phase: train | loss: 0.7423 | accuracy: 0.6862 | mean f1-score: 0.6930 | weighted f1-score: 0.6851
The epoch: 1 | phase: val | loss: 0.7295 | accuracy: 0.6691 | mean f1-score: 0.6694 | weighted f1-score: 0.6638
The epoch: 1 | phase: test | loss: 0.6898 | accuracy: 0.6890 | mean f1-score: 0.6907 | weighted f1-score: 0.6861
Epoch 1 completed in 0m 1s
Epoch 2/149
----------
The epoch: 2 | phase: train | loss: 0.5944 | accuracy: 0.7386 | mean f1-score: 0.7475 | weighted f1-score: 0.7376
The epoch: 2 | phase: val | loss: 0.5772 | accuracy: 0.7303 | mean f1-score: 0.7360 | weighted f1-score: 0.7244
The epoch: 2 | phase: test | loss: 0.5228 | accuracy: 0.7608 | mean f1-score: 0.7652 | weighted f1-score: 0.7573
Epoch 2 completed in 0m 1s
Epoch 3/149
----------
The epoch: 3 | phase: train | loss: 0.5119 | accuracy: 0.7634 | mean f1-score: 0.7740 | weighted f1-score: 0.7627
The epoch: 3 | phase: val | loss: 0.4859 | accuracy: 0.7832 | mean f1-score: 0.7860 | weighted f1-score: 0.7778
The epoch: 3 | phase: test | loss: 0.4836 | accuracy: 0.7597 | mean f1-score: 0.7617 | weighted f1-score: 0.7553
Epoch 3 completed in 0m 1s
Epoch 4/149
----------
The epoch: 4 | phase: train | loss: 0.4681 | accuracy: 0.7755 | mean f1-score: 0.7869 | weighted f1-score: 0.7748
The epoch: 4 | phase: val | loss: 0.4622 | accuracy: 0.7842 | mean f1-score: 0.7940 | weighted f1-score: 0.7836
The epoch: 4 | phase: test | loss: 0.4488 | accuracy: 0.7756 | mean f1-score: 0.7833 | weighted f1-score: 0.7757
Epoch 4 completed in 0m 1s
Epoch 5/149
----------
The epoch: 5 | phase: train | loss: 0.4452 | accuracy: 0.7784 | mean f1-score: 0.7903 | weighted f1-score: 0.7780
The epoch: 5 | phase: val | loss: 0.4570 | accuracy: 0.7780 | mean f1-score: 0.7866 | weighted f1-score: 0.7766
The epoch: 5 | phase: test | loss: 0.4247 | accuracy: 0.7853 | mean f1-score: 0.7929 | weighted f1-score: 0.7853
Epoch 5 completed in 0m 1s
Epoch 6/149
----------
The epoch: 6 | phase: train | loss: 0.4261 | accuracy: 0.7901 | mean f1-score: 0.8016 | weighted f1-score: 0.7896
The epoch: 6 | phase: val | loss: 0.4907 | accuracy: 0.7728 | mean f1-score: 0.7798 | weighted f1-score: 0.7713
The epoch: 6 | phase: test | loss: 0.4266 | accuracy: 0.7823 | mean f1-score: 0.7897 | weighted f1-score: 0.7829
Epoch 6 completed in 0m 1s
Epoch 7/149
----------
The epoch: 7 | phase: train | loss: 0.4047 | accuracy: 0.7968 | mean f1-score: 0.8084 | weighted f1-score: 0.7964
The epoch: 7 | phase: val | loss: 0.4803 | accuracy: 0.7801 | mean f1-score: 0.7767 | weighted f1-score: 0.7705
The epoch: 7 | phase: test | loss: 0.4596 | accuracy: 0.7541 | mean f1-score: 0.7513 | weighted f1-score: 0.7452
Epoch 7 completed in 0m 1s
Epoch 8/149
----------
The epoch: 8 | phase: train | loss: 0.3900 | accuracy: 0.8019 | mean f1-score: 0.8138 | weighted f1-score: 0.8017
The epoch: 8 | phase: val | loss: 0.4675 | accuracy: 0.7687 | mean f1-score: 0.7764 | weighted f1-score: 0.7672
The epoch: 8 | phase: test | loss: 0.4197 | accuracy: 0.7812 | mean f1-score: 0.7895 | weighted f1-score: 0.7822
Epoch 8 completed in 0m 1s
Epoch 9/149
----------
The epoch: 9 | phase: train | loss: 0.3842 | accuracy: 0.8015 | mean f1-score: 0.8133 | weighted f1-score: 0.8014
The epoch: 9 | phase: val | loss: 0.4223 | accuracy: 0.7822 | mean f1-score: 0.7924 | weighted f1-score: 0.7815
The epoch: 9 | phase: test | loss: 0.4540 | accuracy: 0.7684 | mean f1-score: 0.7747 | weighted f1-score: 0.7682
Epoch 9 completed in 0m 1s
Epoch 10/149
----------
The epoch: 10 | phase: train | loss: 0.3731 | accuracy: 0.8121 | mean f1-score: 0.8236 | weighted f1-score: 0.8119
The epoch: 10 | phase: val | loss: 0.4735 | accuracy: 0.7573 | mean f1-score: 0.7627 | weighted f1-score: 0.7500
The epoch: 10 | phase: test | loss: 0.3985 | accuracy: 0.7992 | mean f1-score: 0.8012 | weighted f1-score: 0.7926
Epoch 10 completed in 0m 1s
Epoch 11/149
----------
The epoch: 11 | phase: train | loss: 0.3664 | accuracy: 0.8156 | mean f1-score: 0.8271 | weighted f1-score: 0.8154
The epoch: 11 | phase: val | loss: 0.4008 | accuracy: 0.7967 | mean f1-score: 0.8054 | weighted f1-score: 0.7936
The epoch: 11 | phase: test | loss: 0.4055 | accuracy: 0.7961 | mean f1-score: 0.7998 | weighted f1-score: 0.7929
Epoch 11 completed in 0m 1s
Epoch 12/149
----------
The epoch: 12 | phase: train | loss: 0.3536 | accuracy: 0.8138 | mean f1-score: 0.8259 | weighted f1-score: 0.8137
The epoch: 12 | phase: val | loss: 0.6976 | accuracy: 0.6971 | mean f1-score: 0.6846 | weighted f1-score: 0.6817
The epoch: 12 | phase: test | loss: 0.5685 | accuracy: 0.7398 | mean f1-score: 0.7376 | weighted f1-score: 0.7354
Epoch 12 completed in 0m 1s
Epoch 13/149
----------
The epoch: 13 | phase: train | loss: 0.3525 | accuracy: 0.8199 | mean f1-score: 0.8312 | weighted f1-score: 0.8197
The epoch: 13 | phase: val | loss: 0.4031 | accuracy: 0.7936 | mean f1-score: 0.8026 | weighted f1-score: 0.7933
The epoch: 13 | phase: test | loss: 0.4237 | accuracy: 0.7828 | mean f1-score: 0.7904 | weighted f1-score: 0.7833
Epoch 13 completed in 0m 1s
Epoch 14/149
----------
The epoch: 14 | phase: train | loss: 0.3421 | accuracy: 0.8227 | mean f1-score: 0.8345 | weighted f1-score: 0.8225
The epoch: 14 | phase: val | loss: 0.3979 | accuracy: 0.7946 | mean f1-score: 0.8039 | weighted f1-score: 0.7935
The epoch: 14 | phase: test | loss: 0.3734 | accuracy: 0.8089 | mean f1-score: 0.8154 | weighted f1-score: 0.8080
Epoch 14 completed in 0m 1s
Epoch 15/149
----------
The epoch: 15 | phase: train | loss: 0.3336 | accuracy: 0.8323 | mean f1-score: 0.8437 | weighted f1-score: 0.8323
The epoch: 15 | phase: val | loss: 0.4125 | accuracy: 0.8039 | mean f1-score: 0.8098 | weighted f1-score: 0.8016
The epoch: 15 | phase: test | loss: 0.4450 | accuracy: 0.7695 | mean f1-score: 0.7737 | weighted f1-score: 0.7682
Epoch 15 completed in 0m 1s
Epoch 16/149
----------
The epoch: 16 | phase: train | loss: 0.3318 | accuracy: 0.8253 | mean f1-score: 0.8370 | weighted f1-score: 0.8251
The epoch: 16 | phase: val | loss: 0.4036 | accuracy: 0.7873 | mean f1-score: 0.7942 | weighted f1-score: 0.7824
The epoch: 16 | phase: test | loss: 0.4393 | accuracy: 0.7797 | mean f1-score: 0.7837 | weighted f1-score: 0.7757
Epoch 16 completed in 0m 1s
Epoch 17/149
----------
The epoch: 17 | phase: train | loss: 0.3312 | accuracy: 0.8247 | mean f1-score: 0.8364 | weighted f1-score: 0.8247
The epoch: 17 | phase: val | loss: 0.4646 | accuracy: 0.7801 | mean f1-score: 0.7850 | weighted f1-score: 0.7773
The epoch: 17 | phase: test | loss: 0.4028 | accuracy: 0.8058 | mean f1-score: 0.8096 | weighted f1-score: 0.8036
Epoch 17 completed in 0m 1s
Epoch 18/149
----------
The epoch: 18 | phase: train | loss: 0.3229 | accuracy: 0.8323 | mean f1-score: 0.8436 | weighted f1-score: 0.8322
The epoch: 18 | phase: val | loss: 0.4370 | accuracy: 0.7915 | mean f1-score: 0.7999 | weighted f1-score: 0.7910
The epoch: 18 | phase: test | loss: 0.4080 | accuracy: 0.8017 | mean f1-score: 0.8072 | weighted f1-score: 0.8016
Epoch 18 completed in 0m 1s
Epoch 19/149
----------
The epoch: 19 | phase: train | loss: 0.3132 | accuracy: 0.8353 | mean f1-score: 0.8469 | weighted f1-score: 0.8353
The epoch: 19 | phase: val | loss: 0.4328 | accuracy: 0.7873 | mean f1-score: 0.7967 | weighted f1-score: 0.7866
The epoch: 19 | phase: test | loss: 0.3865 | accuracy: 0.8094 | mean f1-score: 0.8158 | weighted f1-score: 0.8087
Epoch 19 completed in 0m 1s
Epoch 20/149
----------
The epoch: 20 | phase: train | loss: 0.3099 | accuracy: 0.8410 | mean f1-score: 0.8523 | weighted f1-score: 0.8410
The epoch: 20 | phase: val | loss: 0.5241 | accuracy: 0.7790 | mean f1-score: 0.7774 | weighted f1-score: 0.7704
The epoch: 20 | phase: test | loss: 0.4243 | accuracy: 0.7864 | mean f1-score: 0.7867 | weighted f1-score: 0.7806
Epoch 20 completed in 0m 1s
Epoch 21/149
----------
The epoch: 21 | phase: train | loss: 0.3107 | accuracy: 0.8361 | mean f1-score: 0.8473 | weighted f1-score: 0.8361
The epoch: 21 | phase: val | loss: 0.4168 | accuracy: 0.7988 | mean f1-score: 0.8061 | weighted f1-score: 0.7974
The epoch: 21 | phase: test | loss: 0.3921 | accuracy: 0.8043 | mean f1-score: 0.8105 | weighted f1-score: 0.8038
Epoch 21 completed in 0m 1s
Epoch 22/149
----------
The epoch: 22 | phase: train | loss: 0.3044 | accuracy: 0.8394 | mean f1-score: 0.8511 | weighted f1-score: 0.8394
The epoch: 22 | phase: val | loss: 0.3886 | accuracy: 0.7946 | mean f1-score: 0.8029 | weighted f1-score: 0.7936
The epoch: 22 | phase: test | loss: 0.3932 | accuracy: 0.7971 | mean f1-score: 0.8041 | weighted f1-score: 0.7976
Epoch 22 completed in 0m 1s
Epoch 23/149
----------
The epoch: 23 | phase: train | loss: 0.3074 | accuracy: 0.8385 | mean f1-score: 0.8499 | weighted f1-score: 0.8385
The epoch: 23 | phase: val | loss: 0.4333 | accuracy: 0.8019 | mean f1-score: 0.8023 | weighted f1-score: 0.7951
The epoch: 23 | phase: test | loss: 0.4066 | accuracy: 0.7915 | mean f1-score: 0.7932 | weighted f1-score: 0.7869
Epoch 23 completed in 0m 1s
Epoch 24/149
----------
The epoch: 24 | phase: train | loss: 0.3002 | accuracy: 0.8365 | mean f1-score: 0.8483 | weighted f1-score: 0.8364
The epoch: 24 | phase: val | loss: 0.4967 | accuracy: 0.7707 | mean f1-score: 0.7775 | weighted f1-score: 0.7682
The epoch: 24 | phase: test | loss: 0.4640 | accuracy: 0.7894 | mean f1-score: 0.7918 | weighted f1-score: 0.7855
Epoch 24 completed in 0m 1s
Epoch 25/149
----------
The epoch: 25 | phase: train | loss: 0.2956 | accuracy: 0.8474 | mean f1-score: 0.8583 | weighted f1-score: 0.8474
The epoch: 25 | phase: val | loss: 0.4203 | accuracy: 0.8060 | mean f1-score: 0.8043 | weighted f1-score: 0.7965
The epoch: 25 | phase: test | loss: 0.3984 | accuracy: 0.7946 | mean f1-score: 0.7944 | weighted f1-score: 0.7883
Epoch 25 completed in 0m 1s
Epoch 26/149
----------
The epoch: 26 | phase: train | loss: 0.2966 | accuracy: 0.8394 | mean f1-score: 0.8508 | weighted f1-score: 0.8392
The epoch: 26 | phase: val | loss: 0.4420 | accuracy: 0.7739 | mean f1-score: 0.7693 | weighted f1-score: 0.7558
The epoch: 26 | phase: test | loss: 0.3955 | accuracy: 0.7869 | mean f1-score: 0.7802 | weighted f1-score: 0.7708
Epoch 26 completed in 0m 1s
Epoch 27/149
----------
The epoch: 27 | phase: train | loss: 0.2937 | accuracy: 0.8429 | mean f1-score: 0.8544 | weighted f1-score: 0.8429
The epoch: 27 | phase: val | loss: 0.4207 | accuracy: 0.8133 | mean f1-score: 0.8215 | weighted f1-score: 0.8125
The epoch: 27 | phase: test | loss: 0.3813 | accuracy: 0.8125 | mean f1-score: 0.8187 | weighted f1-score: 0.8124
Epoch 27 completed in 0m 1s
Epoch 28/149
----------
The epoch: 28 | phase: train | loss: 0.2864 | accuracy: 0.8491 | mean f1-score: 0.8602 | weighted f1-score: 0.8491
The epoch: 28 | phase: val | loss: 0.4326 | accuracy: 0.7915 | mean f1-score: 0.7981 | weighted f1-score: 0.7882
The epoch: 28 | phase: test | loss: 0.3626 | accuracy: 0.8135 | mean f1-score: 0.8186 | weighted f1-score: 0.8114
Epoch 28 completed in 0m 1s
Epoch 29/149
----------
The epoch: 29 | phase: train | loss: 0.2844 | accuracy: 0.8483 | mean f1-score: 0.8593 | weighted f1-score: 0.8482
The epoch: 29 | phase: val | loss: 0.4095 | accuracy: 0.7905 | mean f1-score: 0.7962 | weighted f1-score: 0.7848
The epoch: 29 | phase: test | loss: 0.4152 | accuracy: 0.8028 | mean f1-score: 0.8048 | weighted f1-score: 0.7973
Epoch 29 completed in 0m 1s
Epoch 30/149
----------
The epoch: 30 | phase: train | loss: 0.2789 | accuracy: 0.8557 | mean f1-score: 0.8664 | weighted f1-score: 0.8555
The epoch: 30 | phase: val | loss: 0.4278 | accuracy: 0.7728 | mean f1-score: 0.7719 | weighted f1-score: 0.7584
The epoch: 30 | phase: test | loss: 0.4143 | accuracy: 0.7848 | mean f1-score: 0.7805 | weighted f1-score: 0.7709
Epoch 30 completed in 0m 1s
Epoch 31/149
----------
The epoch: 31 | phase: train | loss: 0.2753 | accuracy: 0.8516 | mean f1-score: 0.8624 | weighted f1-score: 0.8516
The epoch: 31 | phase: val | loss: 0.3963 | accuracy: 0.8112 | mean f1-score: 0.8118 | weighted f1-score: 0.8039
The epoch: 31 | phase: test | loss: 0.3999 | accuracy: 0.7961 | mean f1-score: 0.7955 | weighted f1-score: 0.7894
Epoch 31 completed in 0m 1s
Epoch 32/149
----------
The epoch: 32 | phase: train | loss: 0.2746 | accuracy: 0.8592 | mean f1-score: 0.8698 | weighted f1-score: 0.8592
The epoch: 32 | phase: val | loss: 0.5556 | accuracy: 0.7707 | mean f1-score: 0.7741 | weighted f1-score: 0.7632
The epoch: 32 | phase: test | loss: 0.4099 | accuracy: 0.7982 | mean f1-score: 0.8010 | weighted f1-score: 0.7937
Epoch 32 completed in 0m 1s
Epoch 33/149
----------
The epoch: 33 | phase: train | loss: 0.2840 | accuracy: 0.8516 | mean f1-score: 0.8624 | weighted f1-score: 0.8516
The epoch: 33 | phase: val | loss: 0.3979 | accuracy: 0.7873 | mean f1-score: 0.7967 | weighted f1-score: 0.7847
The epoch: 33 | phase: test | loss: 0.3978 | accuracy: 0.8033 | mean f1-score: 0.8085 | weighted f1-score: 0.8013
Epoch 33 completed in 0m 1s
Epoch 34/149
----------
The epoch: 34 | phase: train | loss: 0.2736 | accuracy: 0.8579 | mean f1-score: 0.8683 | weighted f1-score: 0.8579
The epoch: 34 | phase: val | loss: 0.4191 | accuracy: 0.7988 | mean f1-score: 0.8068 | weighted f1-score: 0.7959
The epoch: 34 | phase: test | loss: 0.3735 | accuracy: 0.8227 | mean f1-score: 0.8281 | weighted f1-score: 0.8215
Epoch 34 completed in 0m 1s
Epoch 35/149
----------
The epoch: 35 | phase: train | loss: 0.2682 | accuracy: 0.8612 | mean f1-score: 0.8717 | weighted f1-score: 0.8612
The epoch: 35 | phase: val | loss: 0.4057 | accuracy: 0.8029 | mean f1-score: 0.8097 | weighted f1-score: 0.7997
The epoch: 35 | phase: test | loss: 0.3894 | accuracy: 0.8074 | mean f1-score: 0.8128 | weighted f1-score: 0.8057
Epoch 35 completed in 0m 1s
Epoch 36/149
----------
The epoch: 36 | phase: train | loss: 0.2720 | accuracy: 0.8513 | mean f1-score: 0.8626 | weighted f1-score: 0.8512
The epoch: 36 | phase: val | loss: 0.3979 | accuracy: 0.8019 | mean f1-score: 0.8101 | weighted f1-score: 0.7990
The epoch: 36 | phase: test | loss: 0.3936 | accuracy: 0.8064 | mean f1-score: 0.8121 | weighted f1-score: 0.8055
Epoch 36 completed in 0m 1s
Epoch 37/149
----------
The epoch: 37 | phase: train | loss: 0.2693 | accuracy: 0.8602 | mean f1-score: 0.8706 | weighted f1-score: 0.8601
The epoch: 37 | phase: val | loss: 0.4126 | accuracy: 0.7988 | mean f1-score: 0.8060 | weighted f1-score: 0.7973
The epoch: 37 | phase: test | loss: 0.3684 | accuracy: 0.8151 | mean f1-score: 0.8216 | weighted f1-score: 0.8155
Epoch 37 completed in 0m 1s
Epoch 38/149
----------
The epoch: 38 | phase: train | loss: 0.2654 | accuracy: 0.8609 | mean f1-score: 0.8713 | weighted f1-score: 0.8608
The epoch: 38 | phase: val | loss: 0.4333 | accuracy: 0.7967 | mean f1-score: 0.8046 | weighted f1-score: 0.7943
The epoch: 38 | phase: test | loss: 0.3620 | accuracy: 0.8222 | mean f1-score: 0.8281 | weighted f1-score: 0.8214
Epoch 38 completed in 0m 1s
Epoch 39/149
----------
The epoch: 39 | phase: train | loss: 0.2677 | accuracy: 0.8574 | mean f1-score: 0.8683 | weighted f1-score: 0.8574
The epoch: 39 | phase: val | loss: 0.4063 | accuracy: 0.8029 | mean f1-score: 0.8082 | weighted f1-score: 0.7973
The epoch: 39 | phase: test | loss: 0.4130 | accuracy: 0.8064 | mean f1-score: 0.8082 | weighted f1-score: 0.8012
Epoch 39 completed in 0m 1s
Epoch 40/149
----------
The epoch: 40 | phase: train | loss: 0.2669 | accuracy: 0.8595 | mean f1-score: 0.8701 | weighted f1-score: 0.8595
The epoch: 40 | phase: val | loss: 0.4424 | accuracy: 0.7811 | mean f1-score: 0.7840 | weighted f1-score: 0.7716
The epoch: 40 | phase: test | loss: 0.3704 | accuracy: 0.8151 | mean f1-score: 0.8155 | weighted f1-score: 0.8072
Epoch 40 completed in 0m 1s
Epoch 41/149
----------
The epoch: 41 | phase: train | loss: 0.2666 | accuracy: 0.8612 | mean f1-score: 0.8717 | weighted f1-score: 0.8612
The epoch: 41 | phase: val | loss: 0.5558 | accuracy: 0.7541 | mean f1-score: 0.7596 | weighted f1-score: 0.7493
The epoch: 41 | phase: test | loss: 0.4247 | accuracy: 0.7992 | mean f1-score: 0.8048 | weighted f1-score: 0.7976
Epoch 41 completed in 0m 1s
Epoch 42/149
----------
The epoch: 42 | phase: train | loss: 0.2637 | accuracy: 0.8590 | mean f1-score: 0.8699 | weighted f1-score: 0.8590
The epoch: 42 | phase: val | loss: 0.4541 | accuracy: 0.8008 | mean f1-score: 0.8055 | weighted f1-score: 0.7974
The epoch: 42 | phase: test | loss: 0.4070 | accuracy: 0.7997 | mean f1-score: 0.8022 | weighted f1-score: 0.7959
Epoch 42 completed in 0m 1s
Epoch 43/149
----------
The epoch: 43 | phase: train | loss: 0.2583 | accuracy: 0.8657 | mean f1-score: 0.8759 | weighted f1-score: 0.8657
The epoch: 43 | phase: val | loss: 0.4545 | accuracy: 0.7863 | mean f1-score: 0.7939 | weighted f1-score: 0.7825
The epoch: 43 | phase: test | loss: 0.3893 | accuracy: 0.8069 | mean f1-score: 0.8117 | weighted f1-score: 0.8044
Epoch 43 completed in 0m 1s
Epoch 44/149
----------
The epoch: 44 | phase: train | loss: 0.2582 | accuracy: 0.8614 | mean f1-score: 0.8721 | weighted f1-score: 0.8613
The epoch: 44 | phase: val | loss: 0.4017 | accuracy: 0.8050 | mean f1-score: 0.8142 | weighted f1-score: 0.8043
The epoch: 44 | phase: test | loss: 0.3806 | accuracy: 0.8105 | mean f1-score: 0.8173 | weighted f1-score: 0.8106
Epoch 44 completed in 0m 1s
Epoch 45/149
----------
The epoch: 45 | phase: train | loss: 0.2543 | accuracy: 0.8653 | mean f1-score: 0.8756 | weighted f1-score: 0.8653
The epoch: 45 | phase: val | loss: 0.3800 | accuracy: 0.8112 | mean f1-score: 0.8202 | weighted f1-score: 0.8106
The epoch: 45 | phase: test | loss: 0.3872 | accuracy: 0.8089 | mean f1-score: 0.8154 | weighted f1-score: 0.8091
Epoch 45 completed in 0m 1s
Epoch 46/149
----------
The epoch: 46 | phase: train | loss: 0.2602 | accuracy: 0.8616 | mean f1-score: 0.8724 | weighted f1-score: 0.8617
The epoch: 46 | phase: val | loss: 0.4177 | accuracy: 0.7998 | mean f1-score: 0.7986 | weighted f1-score: 0.7907
The epoch: 46 | phase: test | loss: 0.4326 | accuracy: 0.8002 | mean f1-score: 0.7973 | weighted f1-score: 0.7914
Epoch 46 completed in 0m 1s
Epoch 47/149
----------
The epoch: 47 | phase: train | loss: 0.2568 | accuracy: 0.8651 | mean f1-score: 0.8754 | weighted f1-score: 0.8652
The epoch: 47 | phase: val | loss: 0.3929 | accuracy: 0.8050 | mean f1-score: 0.8122 | weighted f1-score: 0.8040
The epoch: 47 | phase: test | loss: 0.4224 | accuracy: 0.8048 | mean f1-score: 0.8104 | weighted f1-score: 0.8045
Epoch 47 completed in 0m 1s
Epoch 48/149
----------
The epoch: 48 | phase: train | loss: 0.2545 | accuracy: 0.8643 | mean f1-score: 0.8747 | weighted f1-score: 0.8643
The epoch: 48 | phase: val | loss: 0.4623 | accuracy: 0.7956 | mean f1-score: 0.7967 | weighted f1-score: 0.7884
The epoch: 48 | phase: test | loss: 0.3974 | accuracy: 0.8069 | mean f1-score: 0.8074 | weighted f1-score: 0.8014
Epoch 48 completed in 0m 1s
Epoch 49/149
----------
The epoch: 49 | phase: train | loss: 0.2551 | accuracy: 0.8689 | mean f1-score: 0.8790 | weighted f1-score: 0.8687
The epoch: 49 | phase: val | loss: 0.5233 | accuracy: 0.7697 | mean f1-score: 0.7710 | weighted f1-score: 0.7585
The epoch: 49 | phase: test | loss: 0.4084 | accuracy: 0.8079 | mean f1-score: 0.8082 | weighted f1-score: 0.8005
Epoch 49 completed in 0m 1s
Epoch 50/149
----------
The epoch: 50 | phase: train | loss: 0.2495 | accuracy: 0.8679 | mean f1-score: 0.8782 | weighted f1-score: 0.8679
The epoch: 50 | phase: val | loss: 0.4163 | accuracy: 0.8029 | mean f1-score: 0.8104 | weighted f1-score: 0.8010
The epoch: 50 | phase: test | loss: 0.3686 | accuracy: 0.8202 | mean f1-score: 0.8258 | weighted f1-score: 0.8196
Epoch 50 completed in 0m 1s
Epoch 51/149
----------
The epoch: 51 | phase: train | loss: 0.2465 | accuracy: 0.8715 | mean f1-score: 0.8816 | weighted f1-score: 0.8716
The epoch: 51 | phase: val | loss: 0.4342 | accuracy: 0.7873 | mean f1-score: 0.7960 | weighted f1-score: 0.7871
The epoch: 51 | phase: test | loss: 0.3753 | accuracy: 0.8171 | mean f1-score: 0.8239 | weighted f1-score: 0.8175
Epoch 51 completed in 0m 1s
Epoch 52/149
----------
The epoch: 52 | phase: train | loss: 0.2530 | accuracy: 0.8643 | mean f1-score: 0.8749 | weighted f1-score: 0.8642
The epoch: 52 | phase: val | loss: 0.4622 | accuracy: 0.7863 | mean f1-score: 0.7935 | weighted f1-score: 0.7850
The epoch: 52 | phase: test | loss: 0.4325 | accuracy: 0.8048 | mean f1-score: 0.8104 | weighted f1-score: 0.8044
Epoch 52 completed in 0m 1s
Epoch 53/149
----------
The epoch: 53 | phase: train | loss: 0.2484 | accuracy: 0.8701 | mean f1-score: 0.8802 | weighted f1-score: 0.8700
The epoch: 53 | phase: val | loss: 0.4432 | accuracy: 0.7863 | mean f1-score: 0.7922 | weighted f1-score: 0.7807
The epoch: 53 | phase: test | loss: 0.3828 | accuracy: 0.8145 | mean f1-score: 0.8169 | weighted f1-score: 0.8095
Epoch 53 completed in 0m 1s
Epoch 54/149
----------
The epoch: 54 | phase: train | loss: 0.2436 | accuracy: 0.8756 | mean f1-score: 0.8852 | weighted f1-score: 0.8755
The epoch: 54 | phase: val | loss: 0.4788 | accuracy: 0.7842 | mean f1-score: 0.7882 | weighted f1-score: 0.7764
The epoch: 54 | phase: test | loss: 0.3707 | accuracy: 0.8115 | mean f1-score: 0.8150 | weighted f1-score: 0.8075
Epoch 54 completed in 0m 1s
Epoch 55/149
----------
The epoch: 55 | phase: train | loss: 0.2459 | accuracy: 0.8678 | mean f1-score: 0.8782 | weighted f1-score: 0.8678
The epoch: 55 | phase: val | loss: 0.4441 | accuracy: 0.8029 | mean f1-score: 0.8105 | weighted f1-score: 0.8007
The epoch: 55 | phase: test | loss: 0.3815 | accuracy: 0.8151 | mean f1-score: 0.8205 | weighted f1-score: 0.8137
Epoch 55 completed in 0m 1s
Epoch 56/149
----------
The epoch: 56 | phase: train | loss: 0.2430 | accuracy: 0.8734 | mean f1-score: 0.8833 | weighted f1-score: 0.8734
The epoch: 56 | phase: val | loss: 0.3867 | accuracy: 0.8102 | mean f1-score: 0.8188 | weighted f1-score: 0.8096
The epoch: 56 | phase: test | loss: 0.4171 | accuracy: 0.8151 | mean f1-score: 0.8210 | weighted f1-score: 0.8152
Epoch 56 completed in 0m 1s
Epoch 57/149
----------
The epoch: 57 | phase: train | loss: 0.2381 | accuracy: 0.8784 | mean f1-score: 0.8879 | weighted f1-score: 0.8784
The epoch: 57 | phase: val | loss: 0.3926 | accuracy: 0.8133 | mean f1-score: 0.8220 | weighted f1-score: 0.8124
The epoch: 57 | phase: test | loss: 0.4069 | accuracy: 0.8120 | mean f1-score: 0.8181 | weighted f1-score: 0.8121
Epoch 57 completed in 0m 1s
Epoch 58/149
----------
The epoch: 58 | phase: train | loss: 0.2426 | accuracy: 0.8682 | mean f1-score: 0.8787 | weighted f1-score: 0.8681
The epoch: 58 | phase: val | loss: 0.4352 | accuracy: 0.7988 | mean f1-score: 0.8067 | weighted f1-score: 0.7963
The epoch: 58 | phase: test | loss: 0.3999 | accuracy: 0.8145 | mean f1-score: 0.8200 | weighted f1-score: 0.8132
Epoch 58 completed in 0m 1s
Epoch 59/149
----------
The epoch: 59 | phase: train | loss: 0.2422 | accuracy: 0.8721 | mean f1-score: 0.8821 | weighted f1-score: 0.8722
The epoch: 59 | phase: val | loss: 0.5002 | accuracy: 0.7905 | mean f1-score: 0.7970 | weighted f1-score: 0.7892
The epoch: 59 | phase: test | loss: 0.4509 | accuracy: 0.8074 | mean f1-score: 0.8119 | weighted f1-score: 0.8067
Epoch 59 completed in 0m 1s
Epoch 60/149
----------
The epoch: 60 | phase: train | loss: 0.2363 | accuracy: 0.8753 | mean f1-score: 0.8852 | weighted f1-score: 0.8753
The epoch: 60 | phase: val | loss: 0.4423 | accuracy: 0.8060 | mean f1-score: 0.8143 | weighted f1-score: 0.8050
The epoch: 60 | phase: test | loss: 0.4011 | accuracy: 0.8084 | mean f1-score: 0.8138 | weighted f1-score: 0.8079
Epoch 60 completed in 0m 1s
Epoch 61/149
----------
The epoch: 61 | phase: train | loss: 0.2381 | accuracy: 0.8737 | mean f1-score: 0.8837 | weighted f1-score: 0.8738
The epoch: 61 | phase: val | loss: 0.4154 | accuracy: 0.7998 | mean f1-score: 0.8057 | weighted f1-score: 0.7944
The epoch: 61 | phase: test | loss: 0.3610 | accuracy: 0.8253 | mean f1-score: 0.8302 | weighted f1-score: 0.8233
Epoch 61 completed in 0m 1s
Epoch 62/149
----------
The epoch: 62 | phase: train | loss: 0.2377 | accuracy: 0.8752 | mean f1-score: 0.8850 | weighted f1-score: 0.8751
The epoch: 62 | phase: val | loss: 0.4085 | accuracy: 0.8050 | mean f1-score: 0.8110 | weighted f1-score: 0.7996
The epoch: 62 | phase: test | loss: 0.3998 | accuracy: 0.8140 | mean f1-score: 0.8185 | weighted f1-score: 0.8114
Epoch 62 completed in 0m 1s
Epoch 63/149
----------
The epoch: 63 | phase: train | loss: 0.2341 | accuracy: 0.8760 | mean f1-score: 0.8856 | weighted f1-score: 0.8761
The epoch: 63 | phase: val | loss: 0.5362 | accuracy: 0.7770 | mean f1-score: 0.7840 | weighted f1-score: 0.7744
The epoch: 63 | phase: test | loss: 0.4156 | accuracy: 0.8120 | mean f1-score: 0.8172 | weighted f1-score: 0.8108
Epoch 63 completed in 0m 1s
Epoch 64/149
----------
The epoch: 64 | phase: train | loss: 0.2348 | accuracy: 0.8792 | mean f1-score: 0.8886 | weighted f1-score: 0.8792
The epoch: 64 | phase: val | loss: 0.4629 | accuracy: 0.8071 | mean f1-score: 0.8141 | weighted f1-score: 0.8063
The epoch: 64 | phase: test | loss: 0.3798 | accuracy: 0.8181 | mean f1-score: 0.8250 | weighted f1-score: 0.8187
Epoch 64 completed in 0m 1s
Epoch 65/149
----------
The epoch: 65 | phase: train | loss: 0.2387 | accuracy: 0.8714 | mean f1-score: 0.8814 | weighted f1-score: 0.8714
The epoch: 65 | phase: val | loss: 0.3866 | accuracy: 0.8143 | mean f1-score: 0.8221 | weighted f1-score: 0.8131
The epoch: 65 | phase: test | loss: 0.3904 | accuracy: 0.8151 | mean f1-score: 0.8204 | weighted f1-score: 0.8144
Epoch 65 completed in 0m 1s
Epoch 66/149
----------
The epoch: 66 | phase: train | loss: 0.2356 | accuracy: 0.8771 | mean f1-score: 0.8868 | weighted f1-score: 0.8770
The epoch: 66 | phase: val | loss: 0.4071 | accuracy: 0.8071 | mean f1-score: 0.8103 | weighted f1-score: 0.7993
The epoch: 66 | phase: test | loss: 0.3833 | accuracy: 0.8192 | mean f1-score: 0.8223 | weighted f1-score: 0.8153
Epoch 66 completed in 0m 1s
Epoch 67/149
----------
The epoch: 67 | phase: train | loss: 0.2330 | accuracy: 0.8756 | mean f1-score: 0.8853 | weighted f1-score: 0.8757
The epoch: 67 | phase: val | loss: 0.4223 | accuracy: 0.8122 | mean f1-score: 0.8193 | weighted f1-score: 0.8098
The epoch: 67 | phase: test | loss: 0.4383 | accuracy: 0.8048 | mean f1-score: 0.8103 | weighted f1-score: 0.8039
Epoch 67 completed in 0m 1s
Epoch 68/149
----------
The epoch: 68 | phase: train | loss: 0.2349 | accuracy: 0.8746 | mean f1-score: 0.8843 | weighted f1-score: 0.8745
The epoch: 68 | phase: val | loss: 0.4175 | accuracy: 0.8071 | mean f1-score: 0.8157 | weighted f1-score: 0.8063
The epoch: 68 | phase: test | loss: 0.3692 | accuracy: 0.8253 | mean f1-score: 0.8318 | weighted f1-score: 0.8255
Epoch 68 completed in 0m 1s
Epoch 69/149
----------
The epoch: 69 | phase: train | loss: 0.2319 | accuracy: 0.8772 | mean f1-score: 0.8869 | weighted f1-score: 0.8772
The epoch: 69 | phase: val | loss: 0.4532 | accuracy: 0.7915 | mean f1-score: 0.7956 | weighted f1-score: 0.7836
The epoch: 69 | phase: test | loss: 0.3790 | accuracy: 0.8186 | mean f1-score: 0.8224 | weighted f1-score: 0.8154
Epoch 69 completed in 0m 1s
Epoch 70/149
----------
The epoch: 70 | phase: train | loss: 0.2300 | accuracy: 0.8804 | mean f1-score: 0.8900 | weighted f1-score: 0.8804
The epoch: 70 | phase: val | loss: 0.4178 | accuracy: 0.7988 | mean f1-score: 0.8039 | weighted f1-score: 0.7917
The epoch: 70 | phase: test | loss: 0.4021 | accuracy: 0.8176 | mean f1-score: 0.8194 | weighted f1-score: 0.8120
Epoch 70 completed in 0m 1s
Epoch 71/149
----------
The epoch: 71 | phase: train | loss: 0.2293 | accuracy: 0.8800 | mean f1-score: 0.8895 | weighted f1-score: 0.8800
The epoch: 71 | phase: val | loss: 0.4712 | accuracy: 0.8091 | mean f1-score: 0.8153 | weighted f1-score: 0.8074
The epoch: 71 | phase: test | loss: 0.4053 | accuracy: 0.8135 | mean f1-score: 0.8172 | weighted f1-score: 0.8111
Epoch 71 completed in 0m 1s
Epoch 72/149
----------
The epoch: 72 | phase: train | loss: 0.2358 | accuracy: 0.8734 | mean f1-score: 0.8834 | weighted f1-score: 0.8734
The epoch: 72 | phase: val | loss: 0.4445 | accuracy: 0.8019 | mean f1-score: 0.8089 | weighted f1-score: 0.8006
The epoch: 72 | phase: test | loss: 0.4156 | accuracy: 0.8079 | mean f1-score: 0.8120 | weighted f1-score: 0.8066
Epoch 72 completed in 0m 1s
Epoch 73/149
----------
The epoch: 73 | phase: train | loss: 0.2292 | accuracy: 0.8800 | mean f1-score: 0.8895 | weighted f1-score: 0.8799
The epoch: 73 | phase: val | loss: 0.4591 | accuracy: 0.8029 | mean f1-score: 0.8092 | weighted f1-score: 0.7989
The epoch: 73 | phase: test | loss: 0.3750 | accuracy: 0.8263 | mean f1-score: 0.8315 | weighted f1-score: 0.8248
Epoch 73 completed in 0m 1s
Epoch 74/149
----------
The epoch: 74 | phase: train | loss: 0.2260 | accuracy: 0.8840 | mean f1-score: 0.8933 | weighted f1-score: 0.8840
The epoch: 74 | phase: val | loss: 0.4536 | accuracy: 0.8029 | mean f1-score: 0.8068 | weighted f1-score: 0.7953
The epoch: 74 | phase: test | loss: 0.3893 | accuracy: 0.8151 | mean f1-score: 0.8170 | weighted f1-score: 0.8097
Epoch 74 completed in 0m 1s
Epoch 75/149
----------
The epoch: 75 | phase: train | loss: 0.2264 | accuracy: 0.8805 | mean f1-score: 0.8901 | weighted f1-score: 0.8805
The epoch: 75 | phase: val | loss: 0.4121 | accuracy: 0.8154 | mean f1-score: 0.8240 | weighted f1-score: 0.8141
The epoch: 75 | phase: test | loss: 0.3872 | accuracy: 0.8197 | mean f1-score: 0.8260 | weighted f1-score: 0.8201
Epoch 75 completed in 0m 1s
Epoch 76/149
----------
The epoch: 76 | phase: train | loss: 0.2232 | accuracy: 0.8840 | mean f1-score: 0.8933 | weighted f1-score: 0.8840
The epoch: 76 | phase: val | loss: 0.4498 | accuracy: 0.8008 | mean f1-score: 0.8093 | weighted f1-score: 0.7994
The epoch: 76 | phase: test | loss: 0.3770 | accuracy: 0.8222 | mean f1-score: 0.8285 | weighted f1-score: 0.8224
Epoch 76 completed in 0m 1s
Epoch 77/149
----------
The epoch: 77 | phase: train | loss: 0.2238 | accuracy: 0.8829 | mean f1-score: 0.8923 | weighted f1-score: 0.8829
The epoch: 77 | phase: val | loss: 0.4883 | accuracy: 0.7956 | mean f1-score: 0.8039 | weighted f1-score: 0.7946
The epoch: 77 | phase: test | loss: 0.3954 | accuracy: 0.8207 | mean f1-score: 0.8267 | weighted f1-score: 0.8208
Epoch 77 completed in 0m 1s
Epoch 78/149
----------
The epoch: 78 | phase: train | loss: 0.2238 | accuracy: 0.8802 | mean f1-score: 0.8899 | weighted f1-score: 0.8802
The epoch: 78 | phase: val | loss: 0.4779 | accuracy: 0.7988 | mean f1-score: 0.8067 | weighted f1-score: 0.7977
The epoch: 78 | phase: test | loss: 0.3997 | accuracy: 0.8186 | mean f1-score: 0.8244 | weighted f1-score: 0.8184
Epoch 78 completed in 0m 1s
Epoch 79/149
----------
The epoch: 79 | phase: train | loss: 0.2219 | accuracy: 0.8887 | mean f1-score: 0.8974 | weighted f1-score: 0.8887
The epoch: 79 | phase: val | loss: 0.4293 | accuracy: 0.8008 | mean f1-score: 0.8063 | weighted f1-score: 0.7947
The epoch: 79 | phase: test | loss: 0.3983 | accuracy: 0.8166 | mean f1-score: 0.8209 | weighted f1-score: 0.8141
Epoch 79 completed in 0m 1s
Epoch 80/149
----------
The epoch: 80 | phase: train | loss: 0.2270 | accuracy: 0.8813 | mean f1-score: 0.8907 | weighted f1-score: 0.8813
The epoch: 80 | phase: val | loss: 0.4551 | accuracy: 0.8122 | mean f1-score: 0.8209 | weighted f1-score: 0.8118
The epoch: 80 | phase: test | loss: 0.3995 | accuracy: 0.8161 | mean f1-score: 0.8218 | weighted f1-score: 0.8156
Epoch 80 completed in 0m 1s
Epoch 81/149
----------
The epoch: 81 | phase: train | loss: 0.2261 | accuracy: 0.8795 | mean f1-score: 0.8892 | weighted f1-score: 0.8796
The epoch: 81 | phase: val | loss: 0.4757 | accuracy: 0.7925 | mean f1-score: 0.8006 | weighted f1-score: 0.7908
The epoch: 81 | phase: test | loss: 0.3846 | accuracy: 0.8192 | mean f1-score: 0.8252 | weighted f1-score: 0.8188
Epoch 81 completed in 0m 1s
Epoch 82/149
----------
The epoch: 82 | phase: train | loss: 0.2192 | accuracy: 0.8871 | mean f1-score: 0.8962 | weighted f1-score: 0.8871
The epoch: 82 | phase: val | loss: 0.5396 | accuracy: 0.7822 | mean f1-score: 0.7894 | weighted f1-score: 0.7796
The epoch: 82 | phase: test | loss: 0.4290 | accuracy: 0.8125 | mean f1-score: 0.8181 | weighted f1-score: 0.8118
Epoch 82 completed in 0m 1s
Epoch 83/149
----------
The epoch: 83 | phase: train | loss: 0.2237 | accuracy: 0.8842 | mean f1-score: 0.8935 | weighted f1-score: 0.8842
The epoch: 83 | phase: val | loss: 0.4568 | accuracy: 0.7967 | mean f1-score: 0.8044 | weighted f1-score: 0.7936
The epoch: 83 | phase: test | loss: 0.3703 | accuracy: 0.8289 | mean f1-score: 0.8341 | weighted f1-score: 0.8276
Epoch 83 completed in 0m 1s
Epoch 84/149
----------
The epoch: 84 | phase: train | loss: 0.2201 | accuracy: 0.8840 | mean f1-score: 0.8934 | weighted f1-score: 0.8841
The epoch: 84 | phase: val | loss: 0.4367 | accuracy: 0.8081 | mean f1-score: 0.8151 | weighted f1-score: 0.8041
The epoch: 84 | phase: test | loss: 0.3854 | accuracy: 0.8212 | mean f1-score: 0.8252 | weighted f1-score: 0.8182
Epoch 84 completed in 0m 1s
Epoch 85/149
----------
The epoch: 85 | phase: train | loss: 0.2178 | accuracy: 0.8875 | mean f1-score: 0.8966 | weighted f1-score: 0.8876
The epoch: 85 | phase: val | loss: 0.4798 | accuracy: 0.7884 | mean f1-score: 0.7967 | weighted f1-score: 0.7858
The epoch: 85 | phase: test | loss: 0.3975 | accuracy: 0.8207 | mean f1-score: 0.8273 | weighted f1-score: 0.8212
Epoch 85 completed in 0m 1s
Epoch 86/149
----------
The epoch: 86 | phase: train | loss: 0.2204 | accuracy: 0.8845 | mean f1-score: 0.8937 | weighted f1-score: 0.8845
The epoch: 86 | phase: val | loss: 0.4498 | accuracy: 0.7977 | mean f1-score: 0.8026 | weighted f1-score: 0.7907
The epoch: 86 | phase: test | loss: 0.3715 | accuracy: 0.8243 | mean f1-score: 0.8282 | weighted f1-score: 0.8211
Epoch 86 completed in 0m 1s
Epoch 87/149
----------
The epoch: 87 | phase: train | loss: 0.2261 | accuracy: 0.8834 | mean f1-score: 0.8928 | weighted f1-score: 0.8835
The epoch: 87 | phase: val | loss: 0.4271 | accuracy: 0.8081 | mean f1-score: 0.8165 | weighted f1-score: 0.8066
The epoch: 87 | phase: test | loss: 0.4018 | accuracy: 0.8233 | mean f1-score: 0.8289 | weighted f1-score: 0.8228
Epoch 87 completed in 0m 1s
Epoch 88/149
----------
The epoch: 88 | phase: train | loss: 0.2188 | accuracy: 0.8848 | mean f1-score: 0.8941 | weighted f1-score: 0.8848
The epoch: 88 | phase: val | loss: 0.4092 | accuracy: 0.8205 | mean f1-score: 0.8291 | weighted f1-score: 0.8200
The epoch: 88 | phase: test | loss: 0.3980 | accuracy: 0.8227 | mean f1-score: 0.8293 | weighted f1-score: 0.8232
Epoch 88 completed in 0m 1s
Epoch 89/149
----------
The epoch: 89 | phase: train | loss: 0.2148 | accuracy: 0.8833 | mean f1-score: 0.8928 | weighted f1-score: 0.8833
The epoch: 89 | phase: val | loss: 0.4461 | accuracy: 0.8039 | mean f1-score: 0.8123 | weighted f1-score: 0.8035
The epoch: 89 | phase: test | loss: 0.3870 | accuracy: 0.8263 | mean f1-score: 0.8325 | weighted f1-score: 0.8269
Epoch 89 completed in 0m 1s
Epoch 90/149
----------
The epoch: 90 | phase: train | loss: 0.2200 | accuracy: 0.8830 | mean f1-score: 0.8925 | weighted f1-score: 0.8831
The epoch: 90 | phase: val | loss: 0.5379 | accuracy: 0.8019 | mean f1-score: 0.8010 | weighted f1-score: 0.7940
The epoch: 90 | phase: test | loss: 0.4952 | accuracy: 0.8053 | mean f1-score: 0.8027 | weighted f1-score: 0.7973
Epoch 90 completed in 0m 1s
Epoch 91/149
----------
The epoch: 91 | phase: train | loss: 0.2244 | accuracy: 0.8779 | mean f1-score: 0.8877 | weighted f1-score: 0.8780
The epoch: 91 | phase: val | loss: 0.5238 | accuracy: 0.8029 | mean f1-score: 0.8042 | weighted f1-score: 0.7970
The epoch: 91 | phase: test | loss: 0.4341 | accuracy: 0.8074 | mean f1-score: 0.8078 | weighted f1-score: 0.8018
Epoch 91 completed in 0m 1s
Epoch 92/149
----------
The epoch: 92 | phase: train | loss: 0.2170 | accuracy: 0.8888 | mean f1-score: 0.8977 | weighted f1-score: 0.8887
The epoch: 92 | phase: val | loss: 0.5444 | accuracy: 0.7977 | mean f1-score: 0.8050 | weighted f1-score: 0.7966
The epoch: 92 | phase: test | loss: 0.3930 | accuracy: 0.8268 | mean f1-score: 0.8332 | weighted f1-score: 0.8273
Epoch 92 completed in 0m 1s
Epoch 93/149
----------
The epoch: 93 | phase: train | loss: 0.2182 | accuracy: 0.8850 | mean f1-score: 0.8943 | weighted f1-score: 0.8851
The epoch: 93 | phase: val | loss: 0.4973 | accuracy: 0.7956 | mean f1-score: 0.8036 | weighted f1-score: 0.7937
The epoch: 93 | phase: test | loss: 0.3964 | accuracy: 0.8197 | mean f1-score: 0.8261 | weighted f1-score: 0.8194
Epoch 93 completed in 0m 1s
Epoch 94/149
----------
The epoch: 94 | phase: train | loss: 0.2172 | accuracy: 0.8834 | mean f1-score: 0.8928 | weighted f1-score: 0.8835
The epoch: 94 | phase: val | loss: 0.4429 | accuracy: 0.8050 | mean f1-score: 0.8128 | weighted f1-score: 0.8024
The epoch: 94 | phase: test | loss: 0.4000 | accuracy: 0.8284 | mean f1-score: 0.8339 | weighted f1-score: 0.8276
Epoch 94 completed in 0m 1s
Epoch 95/149
----------
The epoch: 95 | phase: train | loss: 0.2234 | accuracy: 0.8817 | mean f1-score: 0.8912 | weighted f1-score: 0.8818
The epoch: 95 | phase: val | loss: 0.4425 | accuracy: 0.8205 | mean f1-score: 0.8269 | weighted f1-score: 0.8188
The epoch: 95 | phase: test | loss: 0.3901 | accuracy: 0.8279 | mean f1-score: 0.8309 | weighted f1-score: 0.8257
Epoch 95 completed in 0m 1s
Epoch 96/149
----------
The epoch: 96 | phase: train | loss: 0.2189 | accuracy: 0.8805 | mean f1-score: 0.8901 | weighted f1-score: 0.8805
The epoch: 96 | phase: val | loss: 0.4860 | accuracy: 0.8154 | mean f1-score: 0.8226 | weighted f1-score: 0.8143
The epoch: 96 | phase: test | loss: 0.3994 | accuracy: 0.8263 | mean f1-score: 0.8308 | weighted f1-score: 0.8252
Epoch 96 completed in 0m 1s
Epoch 97/149
----------
The epoch: 97 | phase: train | loss: 0.2122 | accuracy: 0.8866 | mean f1-score: 0.8957 | weighted f1-score: 0.8866
The epoch: 97 | phase: val | loss: 0.4936 | accuracy: 0.7873 | mean f1-score: 0.7941 | weighted f1-score: 0.7831
The epoch: 97 | phase: test | loss: 0.4017 | accuracy: 0.8233 | mean f1-score: 0.8286 | weighted f1-score: 0.8223
Epoch 97 completed in 0m 1s
Epoch 98/149
----------
The epoch: 98 | phase: train | loss: 0.2168 | accuracy: 0.8848 | mean f1-score: 0.8937 | weighted f1-score: 0.8847
The epoch: 98 | phase: val | loss: 0.4938 | accuracy: 0.7956 | mean f1-score: 0.7993 | weighted f1-score: 0.7881
The epoch: 98 | phase: test | loss: 0.3901 | accuracy: 0.8289 | mean f1-score: 0.8317 | weighted f1-score: 0.8251
Epoch 98 completed in 0m 1s
Epoch 99/149
----------
The epoch: 99 | phase: train | loss: 0.2143 | accuracy: 0.8861 | mean f1-score: 0.8952 | weighted f1-score: 0.8861
The epoch: 99 | phase: val | loss: 0.4991 | accuracy: 0.7915 | mean f1-score: 0.7887 | weighted f1-score: 0.7747
The epoch: 99 | phase: test | loss: 0.4259 | accuracy: 0.8043 | mean f1-score: 0.8017 | weighted f1-score: 0.7928
Epoch 99 completed in 0m 1s
Epoch 100/149
----------
The epoch: 100 | phase: train | loss: 0.2159 | accuracy: 0.8872 | mean f1-score: 0.8963 | weighted f1-score: 0.8872
The epoch: 100 | phase: val | loss: 0.4185 | accuracy: 0.8143 | mean f1-score: 0.8232 | weighted f1-score: 0.8132
The epoch: 100 | phase: test | loss: 0.3858 | accuracy: 0.8248 | mean f1-score: 0.8309 | weighted f1-score: 0.8243
Epoch 100 completed in 0m 1s
Epoch 101/149
----------
The epoch: 101 | phase: train | loss: 0.2159 | accuracy: 0.8871 | mean f1-score: 0.8961 | weighted f1-score: 0.8871
The epoch: 101 | phase: val | loss: 0.4597 | accuracy: 0.8029 | mean f1-score: 0.8023 | weighted f1-score: 0.7944
The epoch: 101 | phase: test | loss: 0.4447 | accuracy: 0.8084 | mean f1-score: 0.8072 | weighted f1-score: 0.8020
Epoch 101 completed in 0m 1s
Epoch 102/149
----------
The epoch: 102 | phase: train | loss: 0.2121 | accuracy: 0.8877 | mean f1-score: 0.8969 | weighted f1-score: 0.8876
The epoch: 102 | phase: val | loss: 0.4383 | accuracy: 0.8039 | mean f1-score: 0.8136 | weighted f1-score: 0.8033
The epoch: 102 | phase: test | loss: 0.3762 | accuracy: 0.8294 | mean f1-score: 0.8354 | weighted f1-score: 0.8296
Epoch 102 completed in 0m 1s
Epoch 103/149
----------
The epoch: 103 | phase: train | loss: 0.2056 | accuracy: 0.8965 | mean f1-score: 0.9049 | weighted f1-score: 0.8965
The epoch: 103 | phase: val | loss: 0.4215 | accuracy: 0.8102 | mean f1-score: 0.8188 | weighted f1-score: 0.8090
The epoch: 103 | phase: test | loss: 0.4046 | accuracy: 0.8253 | mean f1-score: 0.8314 | weighted f1-score: 0.8254
Epoch 103 completed in 0m 1s
Epoch 104/149
----------
The epoch: 104 | phase: train | loss: 0.2069 | accuracy: 0.8901 | mean f1-score: 0.8991 | weighted f1-score: 0.8902
The epoch: 104 | phase: val | loss: 0.4527 | accuracy: 0.8019 | mean f1-score: 0.8067 | weighted f1-score: 0.7958
The epoch: 104 | phase: test | loss: 0.3856 | accuracy: 0.8320 | mean f1-score: 0.8360 | weighted f1-score: 0.8297
Epoch 104 completed in 0m 1s
Epoch 105/149
----------
The epoch: 105 | phase: train | loss: 0.2141 | accuracy: 0.8919 | mean f1-score: 0.9006 | weighted f1-score: 0.8918
The epoch: 105 | phase: val | loss: 0.4393 | accuracy: 0.8102 | mean f1-score: 0.8180 | weighted f1-score: 0.8093
The epoch: 105 | phase: test | loss: 0.4126 | accuracy: 0.8243 | mean f1-score: 0.8295 | weighted f1-score: 0.8241
Epoch 105 completed in 0m 1s
Epoch 106/149
----------
The epoch: 106 | phase: train | loss: 0.2081 | accuracy: 0.8894 | mean f1-score: 0.8983 | weighted f1-score: 0.8894
The epoch: 106 | phase: val | loss: 0.4285 | accuracy: 0.8060 | mean f1-score: 0.8142 | weighted f1-score: 0.8033
The epoch: 106 | phase: test | loss: 0.4079 | accuracy: 0.8289 | mean f1-score: 0.8340 | weighted f1-score: 0.8277
Epoch 106 completed in 0m 1s
Epoch 107/149
----------
The epoch: 107 | phase: train | loss: 0.2109 | accuracy: 0.8916 | mean f1-score: 0.9003 | weighted f1-score: 0.8916
The epoch: 107 | phase: val | loss: 0.4388 | accuracy: 0.8216 | mean f1-score: 0.8298 | weighted f1-score: 0.8211
The epoch: 107 | phase: test | loss: 0.3872 | accuracy: 0.8222 | mean f1-score: 0.8278 | weighted f1-score: 0.8218
Epoch 107 completed in 0m 1s
Epoch 108/149
----------
The epoch: 108 | phase: train | loss: 0.2079 | accuracy: 0.8925 | mean f1-score: 0.9012 | weighted f1-score: 0.8925
The epoch: 108 | phase: val | loss: 0.4415 | accuracy: 0.8091 | mean f1-score: 0.8169 | weighted f1-score: 0.8069
The epoch: 108 | phase: test | loss: 0.4111 | accuracy: 0.8243 | mean f1-score: 0.8293 | weighted f1-score: 0.8231
Epoch 108 completed in 0m 1s
Epoch 109/149
----------
The epoch: 109 | phase: train | loss: 0.2052 | accuracy: 0.8948 | mean f1-score: 0.9034 | weighted f1-score: 0.8948
The epoch: 109 | phase: val | loss: 0.4526 | accuracy: 0.7988 | mean f1-score: 0.8083 | weighted f1-score: 0.7986
The epoch: 109 | phase: test | loss: 0.3893 | accuracy: 0.8253 | mean f1-score: 0.8316 | weighted f1-score: 0.8257
Epoch 109 completed in 0m 1s
Epoch 110/149
----------
The epoch: 110 | phase: train | loss: 0.2123 | accuracy: 0.8869 | mean f1-score: 0.8961 | weighted f1-score: 0.8870
The epoch: 110 | phase: val | loss: 0.4582 | accuracy: 0.8029 | mean f1-score: 0.8120 | weighted f1-score: 0.8023
The epoch: 110 | phase: test | loss: 0.4007 | accuracy: 0.8289 | mean f1-score: 0.8346 | weighted f1-score: 0.8287
Epoch 110 completed in 0m 1s
Epoch 111/149
----------
The epoch: 111 | phase: train | loss: 0.2054 | accuracy: 0.8975 | mean f1-score: 0.9058 | weighted f1-score: 0.8976
The epoch: 111 | phase: val | loss: 0.4729 | accuracy: 0.8122 | mean f1-score: 0.8197 | weighted f1-score: 0.8109
The epoch: 111 | phase: test | loss: 0.4041 | accuracy: 0.8212 | mean f1-score: 0.8261 | weighted f1-score: 0.8202
Epoch 111 completed in 0m 1s
Epoch 112/149
----------
The epoch: 112 | phase: train | loss: 0.2096 | accuracy: 0.8933 | mean f1-score: 0.9020 | weighted f1-score: 0.8934
The epoch: 112 | phase: val | loss: 0.4539 | accuracy: 0.8133 | mean f1-score: 0.8219 | weighted f1-score: 0.8122
The epoch: 112 | phase: test | loss: 0.3928 | accuracy: 0.8284 | mean f1-score: 0.8342 | weighted f1-score: 0.8286
Epoch 112 completed in 0m 1s
Epoch 113/149
----------
The epoch: 113 | phase: train | loss: 0.2063 | accuracy: 0.8959 | mean f1-score: 0.9044 | weighted f1-score: 0.8960
The epoch: 113 | phase: val | loss: 0.4418 | accuracy: 0.8164 | mean f1-score: 0.8241 | weighted f1-score: 0.8159
The epoch: 113 | phase: test | loss: 0.4058 | accuracy: 0.8207 | mean f1-score: 0.8262 | weighted f1-score: 0.8202
Epoch 113 completed in 0m 1s
Epoch 114/149
----------
The epoch: 114 | phase: train | loss: 0.2070 | accuracy: 0.8958 | mean f1-score: 0.9042 | weighted f1-score: 0.8958
The epoch: 114 | phase: val | loss: 0.4286 | accuracy: 0.8143 | mean f1-score: 0.8228 | weighted f1-score: 0.8126
The epoch: 114 | phase: test | loss: 0.3970 | accuracy: 0.8263 | mean f1-score: 0.8326 | weighted f1-score: 0.8262
Epoch 114 completed in 0m 1s
Epoch 115/149
----------
The epoch: 115 | phase: train | loss: 0.2083 | accuracy: 0.8932 | mean f1-score: 0.9018 | weighted f1-score: 0.8931
The epoch: 115 | phase: val | loss: 0.4944 | accuracy: 0.8019 | mean f1-score: 0.8041 | weighted f1-score: 0.7923
The epoch: 115 | phase: test | loss: 0.3950 | accuracy: 0.8268 | mean f1-score: 0.8291 | weighted f1-score: 0.8219
Epoch 115 completed in 0m 1s
Epoch 116/149
----------
The epoch: 116 | phase: train | loss: 0.2087 | accuracy: 0.8885 | mean f1-score: 0.8975 | weighted f1-score: 0.8885
The epoch: 116 | phase: val | loss: 0.4877 | accuracy: 0.8060 | mean f1-score: 0.8141 | weighted f1-score: 0.8052
The epoch: 116 | phase: test | loss: 0.3815 | accuracy: 0.8320 | mean f1-score: 0.8369 | weighted f1-score: 0.8316
Epoch 116 completed in 0m 1s
Epoch 117/149
----------
The epoch: 117 | phase: train | loss: 0.2066 | accuracy: 0.8930 | mean f1-score: 0.9017 | weighted f1-score: 0.8930
The epoch: 117 | phase: val | loss: 0.4257 | accuracy: 0.8143 | mean f1-score: 0.8216 | weighted f1-score: 0.8110
The epoch: 117 | phase: test | loss: 0.3855 | accuracy: 0.8248 | mean f1-score: 0.8297 | weighted f1-score: 0.8233
Epoch 117 completed in 0m 1s
Epoch 118/149
----------
The epoch: 118 | phase: train | loss: 0.2048 | accuracy: 0.8930 | mean f1-score: 0.9018 | weighted f1-score: 0.8930
The epoch: 118 | phase: val | loss: 0.4693 | accuracy: 0.8081 | mean f1-score: 0.8155 | weighted f1-score: 0.8053
The epoch: 118 | phase: test | loss: 0.4047 | accuracy: 0.8253 | mean f1-score: 0.8310 | weighted f1-score: 0.8249
Epoch 118 completed in 0m 1s
Epoch 119/149
----------
The epoch: 119 | phase: train | loss: 0.2070 | accuracy: 0.8933 | mean f1-score: 0.9020 | weighted f1-score: 0.8933
The epoch: 119 | phase: val | loss: 0.4657 | accuracy: 0.8112 | mean f1-score: 0.8163 | weighted f1-score: 0.8056
The epoch: 119 | phase: test | loss: 0.3925 | accuracy: 0.8274 | mean f1-score: 0.8321 | weighted f1-score: 0.8258
Epoch 119 completed in 0m 1s
Epoch 120/149
----------
The epoch: 120 | phase: train | loss: 0.2043 | accuracy: 0.8958 | mean f1-score: 0.9042 | weighted f1-score: 0.8957
The epoch: 120 | phase: val | loss: 0.4723 | accuracy: 0.8205 | mean f1-score: 0.8281 | weighted f1-score: 0.8196
The epoch: 120 | phase: test | loss: 0.3923 | accuracy: 0.8361 | mean f1-score: 0.8420 | weighted f1-score: 0.8362
Epoch 120 completed in 0m 1s
Epoch 121/149
----------
The epoch: 121 | phase: train | loss: 0.1999 | accuracy: 0.8973 | mean f1-score: 0.9057 | weighted f1-score: 0.8973
The epoch: 121 | phase: val | loss: 0.4399 | accuracy: 0.8091 | mean f1-score: 0.8165 | weighted f1-score: 0.8053
The epoch: 121 | phase: test | loss: 0.3958 | accuracy: 0.8284 | mean f1-score: 0.8334 | weighted f1-score: 0.8268
Epoch 121 completed in 0m 1s
Epoch 122/149
----------
The epoch: 122 | phase: train | loss: 0.2032 | accuracy: 0.8977 | mean f1-score: 0.9060 | weighted f1-score: 0.8977
The epoch: 122 | phase: val | loss: 0.5861 | accuracy: 0.7936 | mean f1-score: 0.8008 | weighted f1-score: 0.7924
The epoch: 122 | phase: test | loss: 0.4743 | accuracy: 0.8227 | mean f1-score: 0.8276 | weighted f1-score: 0.8222
Epoch 122 completed in 0m 1s
Epoch 123/149
----------
The epoch: 123 | phase: train | loss: 0.2047 | accuracy: 0.8949 | mean f1-score: 0.9035 | weighted f1-score: 0.8949
The epoch: 123 | phase: val | loss: 0.4822 | accuracy: 0.8071 | mean f1-score: 0.8128 | weighted f1-score: 0.8046
The epoch: 123 | phase: test | loss: 0.3939 | accuracy: 0.8299 | mean f1-score: 0.8333 | weighted f1-score: 0.8281
Epoch 123 completed in 0m 1s
Epoch 124/149
----------
The epoch: 124 | phase: train | loss: 0.2013 | accuracy: 0.8958 | mean f1-score: 0.9043 | weighted f1-score: 0.8958
The epoch: 124 | phase: val | loss: 0.4520 | accuracy: 0.8237 | mean f1-score: 0.8295 | weighted f1-score: 0.8218
The epoch: 124 | phase: test | loss: 0.3928 | accuracy: 0.8212 | mean f1-score: 0.8258 | weighted f1-score: 0.8199
Epoch 124 completed in 0m 1s
Epoch 125/149
----------
The epoch: 125 | phase: train | loss: 0.2017 | accuracy: 0.8948 | mean f1-score: 0.9034 | weighted f1-score: 0.8948
The epoch: 125 | phase: val | loss: 0.5263 | accuracy: 0.8060 | mean f1-score: 0.8124 | weighted f1-score: 0.8023
The epoch: 125 | phase: test | loss: 0.4278 | accuracy: 0.8279 | mean f1-score: 0.8329 | weighted f1-score: 0.8267
Epoch 125 completed in 0m 1s
Epoch 126/149
----------
The epoch: 126 | phase: train | loss: 0.2038 | accuracy: 0.8942 | mean f1-score: 0.9028 | weighted f1-score: 0.8942
The epoch: 126 | phase: val | loss: 0.4437 | accuracy: 0.8195 | mean f1-score: 0.8273 | weighted f1-score: 0.8182
The epoch: 126 | phase: test | loss: 0.4112 | accuracy: 0.8243 | mean f1-score: 0.8305 | weighted f1-score: 0.8246
Epoch 126 completed in 0m 1s
Epoch 127/149
----------
The epoch: 127 | phase: train | loss: 0.2045 | accuracy: 0.8935 | mean f1-score: 0.9022 | weighted f1-score: 0.8936
The epoch: 127 | phase: val | loss: 0.5713 | accuracy: 0.7873 | mean f1-score: 0.7931 | weighted f1-score: 0.7848
The epoch: 127 | phase: test | loss: 0.4430 | accuracy: 0.8248 | mean f1-score: 0.8279 | weighted f1-score: 0.8226
Epoch 127 completed in 0m 1s
Epoch 128/149
----------
The epoch: 128 | phase: train | loss: 0.2029 | accuracy: 0.8906 | mean f1-score: 0.8995 | weighted f1-score: 0.8905
The epoch: 128 | phase: val | loss: 0.5340 | accuracy: 0.7967 | mean f1-score: 0.8035 | weighted f1-score: 0.7938
The epoch: 128 | phase: test | loss: 0.4233 | accuracy: 0.8274 | mean f1-score: 0.8326 | weighted f1-score: 0.8266
Epoch 128 completed in 0m 1s
Epoch 129/149
----------
The epoch: 129 | phase: train | loss: 0.1979 | accuracy: 0.8990 | mean f1-score: 0.9072 | weighted f1-score: 0.8991
The epoch: 129 | phase: val | loss: 0.4814 | accuracy: 0.8112 | mean f1-score: 0.8178 | weighted f1-score: 0.8074
The epoch: 129 | phase: test | loss: 0.3997 | accuracy: 0.8325 | mean f1-score: 0.8379 | weighted f1-score: 0.8317
Epoch 129 completed in 0m 1s
Epoch 130/149
----------
The epoch: 130 | phase: train | loss: 0.1997 | accuracy: 0.8989 | mean f1-score: 0.9070 | weighted f1-score: 0.8989
The epoch: 130 | phase: val | loss: 0.4721 | accuracy: 0.8205 | mean f1-score: 0.8289 | weighted f1-score: 0.8203
The epoch: 130 | phase: test | loss: 0.3988 | accuracy: 0.8315 | mean f1-score: 0.8375 | weighted f1-score: 0.8318
Epoch 130 completed in 0m 1s
Epoch 131/149
----------
The epoch: 131 | phase: train | loss: 0.2030 | accuracy: 0.8980 | mean f1-score: 0.9063 | weighted f1-score: 0.8980
The epoch: 131 | phase: val | loss: 0.4870 | accuracy: 0.8154 | mean f1-score: 0.8232 | weighted f1-score: 0.8144
The epoch: 131 | phase: test | loss: 0.3945 | accuracy: 0.8361 | mean f1-score: 0.8414 | weighted f1-score: 0.8360
Epoch 131 completed in 0m 1s
Epoch 132/149
----------
The epoch: 132 | phase: train | loss: 0.1951 | accuracy: 0.8978 | mean f1-score: 0.9061 | weighted f1-score: 0.8978
The epoch: 132 | phase: val | loss: 0.4368 | accuracy: 0.8154 | mean f1-score: 0.8228 | weighted f1-score: 0.8127
The epoch: 132 | phase: test | loss: 0.3959 | accuracy: 0.8361 | mean f1-score: 0.8412 | weighted f1-score: 0.8355
Epoch 132 completed in 0m 1s
Epoch 133/149
----------
The epoch: 133 | phase: train | loss: 0.1977 | accuracy: 0.8974 | mean f1-score: 0.9058 | weighted f1-score: 0.8974
The epoch: 133 | phase: val | loss: 0.4876 | accuracy: 0.8143 | mean f1-score: 0.8179 | weighted f1-score: 0.8100
The epoch: 133 | phase: test | loss: 0.4140 | accuracy: 0.8217 | mean f1-score: 0.8237 | weighted f1-score: 0.8184
Epoch 133 completed in 0m 1s
Epoch 134/149
----------
The epoch: 134 | phase: train | loss: 0.2055 | accuracy: 0.8946 | mean f1-score: 0.9032 | weighted f1-score: 0.8944
The epoch: 134 | phase: val | loss: 0.4583 | accuracy: 0.8164 | mean f1-score: 0.8222 | weighted f1-score: 0.8113
The epoch: 134 | phase: test | loss: 0.4032 | accuracy: 0.8304 | mean f1-score: 0.8354 | weighted f1-score: 0.8292
Epoch 134 completed in 0m 1s
Epoch 135/149
----------
The epoch: 135 | phase: train | loss: 0.2051 | accuracy: 0.8946 | mean f1-score: 0.9031 | weighted f1-score: 0.8946
The epoch: 135 | phase: val | loss: 0.5407 | accuracy: 0.7894 | mean f1-score: 0.7980 | weighted f1-score: 0.7890
The epoch: 135 | phase: test | loss: 0.4391 | accuracy: 0.8279 | mean f1-score: 0.8335 | weighted f1-score: 0.8282
Epoch 135 completed in 0m 1s
Epoch 136/149
----------
The epoch: 136 | phase: train | loss: 0.1944 | accuracy: 0.9016 | mean f1-score: 0.9095 | weighted f1-score: 0.9016
The epoch: 136 | phase: val | loss: 0.4815 | accuracy: 0.7977 | mean f1-score: 0.8066 | weighted f1-score: 0.7961
The epoch: 136 | phase: test | loss: 0.3969 | accuracy: 0.8268 | mean f1-score: 0.8331 | weighted f1-score: 0.8273
Epoch 136 completed in 0m 1s
Epoch 137/149
----------
The epoch: 137 | phase: train | loss: 0.1973 | accuracy: 0.8980 | mean f1-score: 0.9064 | weighted f1-score: 0.8980
The epoch: 137 | phase: val | loss: 0.4879 | accuracy: 0.8133 | mean f1-score: 0.8196 | weighted f1-score: 0.8095
The epoch: 137 | phase: test | loss: 0.4004 | accuracy: 0.8299 | mean f1-score: 0.8346 | weighted f1-score: 0.8284
Epoch 137 completed in 0m 1s
Epoch 138/149
----------
The epoch: 138 | phase: train | loss: 0.1978 | accuracy: 0.9000 | mean f1-score: 0.9081 | weighted f1-score: 0.9000
The epoch: 138 | phase: val | loss: 0.4809 | accuracy: 0.7967 | mean f1-score: 0.8009 | weighted f1-score: 0.7894
The epoch: 138 | phase: test | loss: 0.4167 | accuracy: 0.8227 | mean f1-score: 0.8266 | weighted f1-score: 0.8200
Epoch 138 completed in 0m 1s
Epoch 139/149
----------
The epoch: 139 | phase: train | loss: 0.2005 | accuracy: 0.8938 | mean f1-score: 0.9024 | weighted f1-score: 0.8938
The epoch: 139 | phase: val | loss: 0.4733 | accuracy: 0.8091 | mean f1-score: 0.8171 | weighted f1-score: 0.8077
The epoch: 139 | phase: test | loss: 0.4094 | accuracy: 0.8248 | mean f1-score: 0.8307 | weighted f1-score: 0.8247
Epoch 139 completed in 0m 1s
Epoch 140/149
----------
The epoch: 140 | phase: train | loss: 0.2010 | accuracy: 0.8958 | mean f1-score: 0.9041 | weighted f1-score: 0.8958
The epoch: 140 | phase: val | loss: 0.4787 | accuracy: 0.8102 | mean f1-score: 0.8178 | weighted f1-score: 0.8082
The epoch: 140 | phase: test | loss: 0.4040 | accuracy: 0.8274 | mean f1-score: 0.8329 | weighted f1-score: 0.8271
Epoch 140 completed in 0m 1s
Epoch 141/149
----------
The epoch: 141 | phase: train | loss: 0.1952 | accuracy: 0.9003 | mean f1-score: 0.9083 | weighted f1-score: 0.9003
The epoch: 141 | phase: val | loss: 0.4607 | accuracy: 0.8154 | mean f1-score: 0.8238 | weighted f1-score: 0.8144
The epoch: 141 | phase: test | loss: 0.4023 | accuracy: 0.8376 | mean f1-score: 0.8432 | weighted f1-score: 0.8376
Epoch 141 completed in 0m 1s
Epoch 142/149
----------
The epoch: 142 | phase: train | loss: 0.2010 | accuracy: 0.8965 | mean f1-score: 0.9050 | weighted f1-score: 0.8965
The epoch: 142 | phase: val | loss: 0.4529 | accuracy: 0.8091 | mean f1-score: 0.8137 | weighted f1-score: 0.8023
The epoch: 142 | phase: test | loss: 0.4079 | accuracy: 0.8309 | mean f1-score: 0.8341 | weighted f1-score: 0.8273
Epoch 142 completed in 0m 1s
Epoch 143/149
----------
The epoch: 143 | phase: train | loss: 0.1975 | accuracy: 0.8978 | mean f1-score: 0.9062 | weighted f1-score: 0.8979
The epoch: 143 | phase: val | loss: 0.4459 | accuracy: 0.8174 | mean f1-score: 0.8236 | weighted f1-score: 0.8156
The epoch: 143 | phase: test | loss: 0.4242 | accuracy: 0.8227 | mean f1-score: 0.8270 | weighted f1-score: 0.8216
Epoch 143 completed in 0m 1s
Epoch 144/149
----------
The epoch: 144 | phase: train | loss: 0.2001 | accuracy: 0.8954 | mean f1-score: 0.9038 | weighted f1-score: 0.8954
The epoch: 144 | phase: val | loss: 0.4889 | accuracy: 0.8039 | mean f1-score: 0.8109 | weighted f1-score: 0.8012
The epoch: 144 | phase: test | loss: 0.4155 | accuracy: 0.8309 | mean f1-score: 0.8360 | weighted f1-score: 0.8303
Epoch 144 completed in 0m 1s
Epoch 145/149
----------
The epoch: 145 | phase: train | loss: 0.2024 | accuracy: 0.8936 | mean f1-score: 0.9023 | weighted f1-score: 0.8936
The epoch: 145 | phase: val | loss: 0.4914 | accuracy: 0.8122 | mean f1-score: 0.8181 | weighted f1-score: 0.8100
The epoch: 145 | phase: test | loss: 0.4445 | accuracy: 0.8166 | mean f1-score: 0.8205 | weighted f1-score: 0.8149
Epoch 145 completed in 0m 1s
Epoch 146/149
----------
The epoch: 146 | phase: train | loss: 0.1948 | accuracy: 0.8984 | mean f1-score: 0.9066 | weighted f1-score: 0.8985
The epoch: 146 | phase: val | loss: 0.4776 | accuracy: 0.8205 | mean f1-score: 0.8275 | weighted f1-score: 0.8196
The epoch: 146 | phase: test | loss: 0.4035 | accuracy: 0.8263 | mean f1-score: 0.8318 | weighted f1-score: 0.8262
Epoch 146 completed in 0m 1s
Epoch 147/149
----------
The epoch: 147 | phase: train | loss: 0.1919 | accuracy: 0.8993 | mean f1-score: 0.9076 | weighted f1-score: 0.8993
The epoch: 147 | phase: val | loss: 0.4990 | accuracy: 0.8133 | mean f1-score: 0.8194 | weighted f1-score: 0.8110
The epoch: 147 | phase: test | loss: 0.4215 | accuracy: 0.8171 | mean f1-score: 0.8205 | weighted f1-score: 0.8148
Epoch 147 completed in 0m 1s
Epoch 148/149
----------
The epoch: 148 | phase: train | loss: 0.1939 | accuracy: 0.8975 | mean f1-score: 0.9059 | weighted f1-score: 0.8975
The epoch: 148 | phase: val | loss: 0.5279 | accuracy: 0.7936 | mean f1-score: 0.7993 | weighted f1-score: 0.7886
The epoch: 148 | phase: test | loss: 0.4138 | accuracy: 0.8238 | mean f1-score: 0.8282 | weighted f1-score: 0.8221
Epoch 148 completed in 0m 1s
Epoch 149/149
----------
The epoch: 149 | phase: train | loss: 0.1939 | accuracy: 0.9006 | mean f1-score: 0.9087 | weighted f1-score: 0.9006
The epoch: 149 | phase: val | loss: 0.4534 | accuracy: 0.8050 | mean f1-score: 0.8115 | weighted f1-score: 0.8002
The epoch: 149 | phase: test | loss: 0.4030 | accuracy: 0.8279 | mean f1-score: 0.8322 | weighted f1-score: 0.8256
Epoch 149 completed in 0m 1s
The best epoch is 107
Phase: train, loss: 0.21088906373980779, accuracy: 0.891585525359686, f1_score: 0.9003464926093377, f1_score weighted: 0.8916037820490575 {'train': [], 'val': [], 'test': []}
Phase: val, loss: 0.4388072355901552, accuracy: 0.8215767634854771, f1_score: 0.8298206010742047, f1_score weighted: 0.8211293227247151 {'train': [], 'val': [], 'test': []}
Phase: test, loss: 0.38718184242483045, accuracy: 0.8222336065573771, f1_score: 0.8277668824278613, f1_score weighted: 0.8218036533542165 {'train': [], 'val': [], 'test': []}
------ Evaluation complete! ------
