Namespace(window=50, overlap=25, batch_size=64, learning_rate=0.0005, num_epochs=150, gpu_id='0', dataset='uci', kernel_size=3, num_steps_prediction=28, classifier_lr=0.0005, classifier_batch_size=256, saved_model='/workspaces/betania.silva/ssl_tools/contrastive-predictive-coding-for-har/models/May-11-2024/realworld_thigh_k_28_lr_0.0005_bs_64.pkl', learning_schedule='last_layer', random_seed=42, input_size=6, num_classes=7, root_dir='/workspaces/betania.silva/view_concatenated', data_file='uci', device=device(type='cuda', index=0), padding=1)
Data Raw (172066, 6)
Data (6881, 50, 6)
Labels (6881,)
Data Raw (24131, 6)
Data (964, 50, 6)
Labels (964,)
Data Raw (48830, 6)
Data (1952, 50, 6)
Labels (1952,)
The batch size for train phase is: 256
The batch size for val phase is: 256
The batch size for test phase is: 256
Loading the pre-trained weights
Epoch 0/149
----------
The epoch: 0 | phase: train | loss: 1.2313 | accuracy: 0.5079 | mean f1-score: 0.3668 | weighted f1-score: 0.5106
The epoch: 0 | phase: val | loss: 1.1358 | accuracy: 0.5737 | mean f1-score: 0.4975 | weighted f1-score: 0.4962
The epoch: 0 | phase: test | loss: 1.1679 | accuracy: 0.5292 | mean f1-score: 0.4506 | weighted f1-score: 0.4531
Epoch 0 completed in 0m 1s
Epoch 1/149
----------
The epoch: 1 | phase: train | loss: 0.8695 | accuracy: 0.6009 | mean f1-score: 0.6064 | weighted f1-score: 0.6004
The epoch: 1 | phase: val | loss: 0.8008 | accuracy: 0.6473 | mean f1-score: 0.6495 | weighted f1-score: 0.6432
The epoch: 1 | phase: test | loss: 0.8313 | accuracy: 0.6373 | mean f1-score: 0.6410 | weighted f1-score: 0.6365
Epoch 1 completed in 0m 1s
Epoch 2/149
----------
The epoch: 2 | phase: train | loss: 0.7587 | accuracy: 0.6503 | mean f1-score: 0.6558 | weighted f1-score: 0.6485
The epoch: 2 | phase: val | loss: 0.7146 | accuracy: 0.6691 | mean f1-score: 0.6725 | weighted f1-score: 0.6666
The epoch: 2 | phase: test | loss: 0.7287 | accuracy: 0.6721 | mean f1-score: 0.6746 | weighted f1-score: 0.6697
Epoch 2 completed in 0m 1s
Epoch 3/149
----------
The epoch: 3 | phase: train | loss: 0.6987 | accuracy: 0.6644 | mean f1-score: 0.6723 | weighted f1-score: 0.6630
The epoch: 3 | phase: val | loss: 0.6221 | accuracy: 0.7137 | mean f1-score: 0.7080 | weighted f1-score: 0.7002
The epoch: 3 | phase: test | loss: 0.6689 | accuracy: 0.6788 | mean f1-score: 0.6718 | weighted f1-score: 0.6668
Epoch 3 completed in 0m 1s
Epoch 4/149
----------
The epoch: 4 | phase: train | loss: 0.6576 | accuracy: 0.6784 | mean f1-score: 0.6871 | weighted f1-score: 0.6777
The epoch: 4 | phase: val | loss: 0.7344 | accuracy: 0.6203 | mean f1-score: 0.6006 | weighted f1-score: 0.5965
The epoch: 4 | phase: test | loss: 0.7213 | accuracy: 0.6368 | mean f1-score: 0.6297 | weighted f1-score: 0.6270
Epoch 4 completed in 0m 1s
Epoch 5/149
----------
The epoch: 5 | phase: train | loss: 0.6286 | accuracy: 0.6829 | mean f1-score: 0.6918 | weighted f1-score: 0.6814
The epoch: 5 | phase: val | loss: 0.7158 | accuracy: 0.6162 | mean f1-score: 0.6207 | weighted f1-score: 0.6147
The epoch: 5 | phase: test | loss: 0.7362 | accuracy: 0.6434 | mean f1-score: 0.6446 | weighted f1-score: 0.6386
Epoch 5 completed in 0m 1s
Epoch 6/149
----------
The epoch: 6 | phase: train | loss: 0.6053 | accuracy: 0.6961 | mean f1-score: 0.7057 | weighted f1-score: 0.6952
The epoch: 6 | phase: val | loss: 0.6265 | accuracy: 0.6846 | mean f1-score: 0.6577 | weighted f1-score: 0.6520
The epoch: 6 | phase: test | loss: 0.6333 | accuracy: 0.6706 | mean f1-score: 0.6502 | weighted f1-score: 0.6451
Epoch 6 completed in 0m 1s
Epoch 7/149
----------
The epoch: 7 | phase: train | loss: 0.5810 | accuracy: 0.7123 | mean f1-score: 0.7218 | weighted f1-score: 0.7115
The epoch: 7 | phase: val | loss: 0.5948 | accuracy: 0.7106 | mean f1-score: 0.7111 | weighted f1-score: 0.7042
The epoch: 7 | phase: test | loss: 0.6083 | accuracy: 0.6998 | mean f1-score: 0.6952 | weighted f1-score: 0.6893
Epoch 7 completed in 0m 1s
Epoch 8/149
----------
The epoch: 8 | phase: train | loss: 0.5708 | accuracy: 0.7022 | mean f1-score: 0.7118 | weighted f1-score: 0.7006
The epoch: 8 | phase: val | loss: 0.5468 | accuracy: 0.7396 | mean f1-score: 0.7462 | weighted f1-score: 0.7374
The epoch: 8 | phase: test | loss: 0.5778 | accuracy: 0.7106 | mean f1-score: 0.7150 | weighted f1-score: 0.7084
Epoch 8 completed in 0m 1s
Epoch 9/149
----------
The epoch: 9 | phase: train | loss: 0.5504 | accuracy: 0.7166 | mean f1-score: 0.7278 | weighted f1-score: 0.7161
The epoch: 9 | phase: val | loss: 0.5246 | accuracy: 0.7666 | mean f1-score: 0.7773 | weighted f1-score: 0.7662
The epoch: 9 | phase: test | loss: 0.5945 | accuracy: 0.7193 | mean f1-score: 0.7265 | weighted f1-score: 0.7192
Epoch 9 completed in 0m 1s
Epoch 10/149
----------
The epoch: 10 | phase: train | loss: 0.5437 | accuracy: 0.7197 | mean f1-score: 0.7299 | weighted f1-score: 0.7188
The epoch: 10 | phase: val | loss: 0.5074 | accuracy: 0.7427 | mean f1-score: 0.7497 | weighted f1-score: 0.7394
The epoch: 10 | phase: test | loss: 0.5883 | accuracy: 0.7044 | mean f1-score: 0.7074 | weighted f1-score: 0.7009
Epoch 10 completed in 0m 1s
Epoch 11/149
----------
The epoch: 11 | phase: train | loss: 0.5359 | accuracy: 0.7197 | mean f1-score: 0.7290 | weighted f1-score: 0.7178
The epoch: 11 | phase: val | loss: 0.5674 | accuracy: 0.6815 | mean f1-score: 0.6879 | weighted f1-score: 0.6763
The epoch: 11 | phase: test | loss: 0.7069 | accuracy: 0.6352 | mean f1-score: 0.6367 | weighted f1-score: 0.6301
Epoch 11 completed in 0m 1s
Epoch 12/149
----------
The epoch: 12 | phase: train | loss: 0.5188 | accuracy: 0.7362 | mean f1-score: 0.7463 | weighted f1-score: 0.7349
The epoch: 12 | phase: val | loss: 0.7743 | accuracy: 0.5882 | mean f1-score: 0.5896 | weighted f1-score: 0.5857
The epoch: 12 | phase: test | loss: 0.7444 | accuracy: 0.6214 | mean f1-score: 0.6238 | weighted f1-score: 0.6199
Epoch 12 completed in 0m 1s
Epoch 13/149
----------
The epoch: 13 | phase: train | loss: 0.5114 | accuracy: 0.7338 | mean f1-score: 0.7447 | weighted f1-score: 0.7331
The epoch: 13 | phase: val | loss: 0.4921 | accuracy: 0.7541 | mean f1-score: 0.7638 | weighted f1-score: 0.7536
The epoch: 13 | phase: test | loss: 0.5707 | accuracy: 0.7090 | mean f1-score: 0.7161 | weighted f1-score: 0.7094
Epoch 13 completed in 0m 1s
Epoch 14/149
----------
The epoch: 14 | phase: train | loss: 0.5108 | accuracy: 0.7319 | mean f1-score: 0.7430 | weighted f1-score: 0.7311
The epoch: 14 | phase: val | loss: 0.7959 | accuracy: 0.6017 | mean f1-score: 0.5631 | weighted f1-score: 0.5587
The epoch: 14 | phase: test | loss: 0.9119 | accuracy: 0.5912 | mean f1-score: 0.5446 | weighted f1-score: 0.5350
Epoch 14 completed in 0m 1s
Epoch 15/149
----------
The epoch: 15 | phase: train | loss: 0.5101 | accuracy: 0.7349 | mean f1-score: 0.7459 | weighted f1-score: 0.7340
The epoch: 15 | phase: val | loss: 0.4643 | accuracy: 0.7687 | mean f1-score: 0.7781 | weighted f1-score: 0.7676
The epoch: 15 | phase: test | loss: 0.5521 | accuracy: 0.7244 | mean f1-score: 0.7312 | weighted f1-score: 0.7244
Epoch 15 completed in 0m 1s
Epoch 16/149
----------
The epoch: 16 | phase: train | loss: 0.4991 | accuracy: 0.7431 | mean f1-score: 0.7547 | weighted f1-score: 0.7428
The epoch: 16 | phase: val | loss: 0.4873 | accuracy: 0.7500 | mean f1-score: 0.7602 | weighted f1-score: 0.7490
The epoch: 16 | phase: test | loss: 0.5769 | accuracy: 0.6957 | mean f1-score: 0.7024 | weighted f1-score: 0.6958
Epoch 16 completed in 0m 1s
Epoch 17/149
----------
The epoch: 17 | phase: train | loss: 0.5015 | accuracy: 0.7323 | mean f1-score: 0.7437 | weighted f1-score: 0.7315
The epoch: 17 | phase: val | loss: 1.1721 | accuracy: 0.5031 | mean f1-score: 0.4542 | weighted f1-score: 0.4470
The epoch: 17 | phase: test | loss: 1.3264 | accuracy: 0.5026 | mean f1-score: 0.4634 | weighted f1-score: 0.4577
Epoch 17 completed in 0m 1s
Epoch 18/149
----------
The epoch: 18 | phase: train | loss: 0.4967 | accuracy: 0.7383 | mean f1-score: 0.7494 | weighted f1-score: 0.7377
The epoch: 18 | phase: val | loss: 0.4794 | accuracy: 0.7583 | mean f1-score: 0.7694 | weighted f1-score: 0.7581
The epoch: 18 | phase: test | loss: 0.5272 | accuracy: 0.7377 | mean f1-score: 0.7447 | weighted f1-score: 0.7374
Epoch 18 completed in 0m 1s
Epoch 19/149
----------
The epoch: 19 | phase: train | loss: 0.4870 | accuracy: 0.7448 | mean f1-score: 0.7564 | weighted f1-score: 0.7443
The epoch: 19 | phase: val | loss: 0.4802 | accuracy: 0.7448 | mean f1-score: 0.7518 | weighted f1-score: 0.7413
The epoch: 19 | phase: test | loss: 0.5202 | accuracy: 0.7244 | mean f1-score: 0.7304 | weighted f1-score: 0.7228
Epoch 19 completed in 0m 1s
Epoch 20/149
----------
The epoch: 20 | phase: train | loss: 0.4814 | accuracy: 0.7495 | mean f1-score: 0.7606 | weighted f1-score: 0.7488
The epoch: 20 | phase: val | loss: 0.5955 | accuracy: 0.6981 | mean f1-score: 0.6985 | weighted f1-score: 0.6898
The epoch: 20 | phase: test | loss: 0.5883 | accuracy: 0.7013 | mean f1-score: 0.7061 | weighted f1-score: 0.6998
Epoch 20 completed in 0m 1s
Epoch 21/149
----------
The epoch: 21 | phase: train | loss: 0.4777 | accuracy: 0.7452 | mean f1-score: 0.7563 | weighted f1-score: 0.7442
The epoch: 21 | phase: val | loss: 0.6025 | accuracy: 0.6878 | mean f1-score: 0.6793 | weighted f1-score: 0.6734
The epoch: 21 | phase: test | loss: 0.6215 | accuracy: 0.6860 | mean f1-score: 0.6747 | weighted f1-score: 0.6680
Epoch 21 completed in 0m 1s
Epoch 22/149
----------
The epoch: 22 | phase: train | loss: 0.4703 | accuracy: 0.7550 | mean f1-score: 0.7664 | weighted f1-score: 0.7547
The epoch: 22 | phase: val | loss: 0.5565 | accuracy: 0.6867 | mean f1-score: 0.6858 | weighted f1-score: 0.6735
The epoch: 22 | phase: test | loss: 0.6367 | accuracy: 0.6778 | mean f1-score: 0.6739 | weighted f1-score: 0.6643
Epoch 22 completed in 0m 1s
Epoch 23/149
----------
The epoch: 23 | phase: train | loss: 0.4735 | accuracy: 0.7496 | mean f1-score: 0.7609 | weighted f1-score: 0.7492
The epoch: 23 | phase: val | loss: 0.4528 | accuracy: 0.7531 | mean f1-score: 0.7561 | weighted f1-score: 0.7413
The epoch: 23 | phase: test | loss: 0.5038 | accuracy: 0.7444 | mean f1-score: 0.7447 | weighted f1-score: 0.7362
Epoch 23 completed in 0m 1s
Epoch 24/149
----------
The epoch: 24 | phase: train | loss: 0.4674 | accuracy: 0.7506 | mean f1-score: 0.7627 | weighted f1-score: 0.7502
The epoch: 24 | phase: val | loss: 0.6005 | accuracy: 0.7127 | mean f1-score: 0.7059 | weighted f1-score: 0.6962
The epoch: 24 | phase: test | loss: 0.7216 | accuracy: 0.6696 | mean f1-score: 0.6542 | weighted f1-score: 0.6523
Epoch 24 completed in 0m 1s
Epoch 25/149
----------
The epoch: 25 | phase: train | loss: 0.4600 | accuracy: 0.7541 | mean f1-score: 0.7654 | weighted f1-score: 0.7533
The epoch: 25 | phase: val | loss: 0.4368 | accuracy: 0.7604 | mean f1-score: 0.7693 | weighted f1-score: 0.7573
The epoch: 25 | phase: test | loss: 0.5131 | accuracy: 0.7480 | mean f1-score: 0.7539 | weighted f1-score: 0.7464
Epoch 25 completed in 0m 1s
Epoch 26/149
----------
The epoch: 26 | phase: train | loss: 0.4505 | accuracy: 0.7620 | mean f1-score: 0.7740 | weighted f1-score: 0.7616
The epoch: 26 | phase: val | loss: 0.4539 | accuracy: 0.7469 | mean f1-score: 0.7530 | weighted f1-score: 0.7390
The epoch: 26 | phase: test | loss: 0.5251 | accuracy: 0.7305 | mean f1-score: 0.7331 | weighted f1-score: 0.7249
Epoch 26 completed in 0m 1s
Epoch 27/149
----------
The epoch: 27 | phase: train | loss: 0.4486 | accuracy: 0.7586 | mean f1-score: 0.7696 | weighted f1-score: 0.7574
The epoch: 27 | phase: val | loss: 0.4421 | accuracy: 0.7676 | mean f1-score: 0.7785 | weighted f1-score: 0.7673
The epoch: 27 | phase: test | loss: 0.5426 | accuracy: 0.7244 | mean f1-score: 0.7312 | weighted f1-score: 0.7232
Epoch 27 completed in 0m 1s
Epoch 28/149
----------
The epoch: 28 | phase: train | loss: 0.4364 | accuracy: 0.7604 | mean f1-score: 0.7734 | weighted f1-score: 0.7599
The epoch: 28 | phase: val | loss: 0.4067 | accuracy: 0.7687 | mean f1-score: 0.7774 | weighted f1-score: 0.7632
The epoch: 28 | phase: test | loss: 0.4880 | accuracy: 0.7454 | mean f1-score: 0.7500 | weighted f1-score: 0.7419
Epoch 28 completed in 0m 1s
Epoch 29/149
----------
The epoch: 29 | phase: train | loss: 0.4416 | accuracy: 0.7650 | mean f1-score: 0.7763 | weighted f1-score: 0.7643
The epoch: 29 | phase: val | loss: 0.5819 | accuracy: 0.6950 | mean f1-score: 0.7004 | weighted f1-score: 0.6908
The epoch: 29 | phase: test | loss: 0.6772 | accuracy: 0.6829 | mean f1-score: 0.6788 | weighted f1-score: 0.6707
Epoch 29 completed in 0m 1s
Epoch 30/149
----------
The epoch: 30 | phase: train | loss: 0.4398 | accuracy: 0.7609 | mean f1-score: 0.7731 | weighted f1-score: 0.7604
The epoch: 30 | phase: val | loss: 0.4544 | accuracy: 0.7490 | mean f1-score: 0.7589 | weighted f1-score: 0.7469
The epoch: 30 | phase: test | loss: 0.5589 | accuracy: 0.7193 | mean f1-score: 0.7252 | weighted f1-score: 0.7167
Epoch 30 completed in 0m 1s
Epoch 31/149
----------
The epoch: 31 | phase: train | loss: 0.4355 | accuracy: 0.7669 | mean f1-score: 0.7788 | weighted f1-score: 0.7665
The epoch: 31 | phase: val | loss: 0.4403 | accuracy: 0.7583 | mean f1-score: 0.7668 | weighted f1-score: 0.7561
The epoch: 31 | phase: test | loss: 0.4532 | accuracy: 0.7633 | mean f1-score: 0.7703 | weighted f1-score: 0.7627
Epoch 31 completed in 0m 1s
Epoch 32/149
----------
The epoch: 32 | phase: train | loss: 0.4417 | accuracy: 0.7660 | mean f1-score: 0.7777 | weighted f1-score: 0.7657
The epoch: 32 | phase: val | loss: 0.4921 | accuracy: 0.7365 | mean f1-score: 0.7445 | weighted f1-score: 0.7341
The epoch: 32 | phase: test | loss: 0.5077 | accuracy: 0.7367 | mean f1-score: 0.7436 | weighted f1-score: 0.7360
Epoch 32 completed in 0m 1s
Epoch 33/149
----------
The epoch: 33 | phase: train | loss: 0.4408 | accuracy: 0.7608 | mean f1-score: 0.7734 | weighted f1-score: 0.7605
The epoch: 33 | phase: val | loss: 0.4901 | accuracy: 0.7417 | mean f1-score: 0.7488 | weighted f1-score: 0.7400
The epoch: 33 | phase: test | loss: 0.5326 | accuracy: 0.7377 | mean f1-score: 0.7421 | weighted f1-score: 0.7354
Epoch 33 completed in 0m 1s
Epoch 34/149
----------
The epoch: 34 | phase: train | loss: 0.4281 | accuracy: 0.7673 | mean f1-score: 0.7796 | weighted f1-score: 0.7671
The epoch: 34 | phase: val | loss: 0.4324 | accuracy: 0.7707 | mean f1-score: 0.7805 | weighted f1-score: 0.7687
The epoch: 34 | phase: test | loss: 0.4697 | accuracy: 0.7546 | mean f1-score: 0.7612 | weighted f1-score: 0.7530
Epoch 34 completed in 0m 1s
Epoch 35/149
----------
The epoch: 35 | phase: train | loss: 0.4197 | accuracy: 0.7766 | mean f1-score: 0.7888 | weighted f1-score: 0.7762
The epoch: 35 | phase: val | loss: 0.4380 | accuracy: 0.7676 | mean f1-score: 0.7777 | weighted f1-score: 0.7671
The epoch: 35 | phase: test | loss: 0.5267 | accuracy: 0.7228 | mean f1-score: 0.7293 | weighted f1-score: 0.7219
Epoch 35 completed in 0m 1s
Epoch 36/149
----------
The epoch: 36 | phase: train | loss: 0.4172 | accuracy: 0.7711 | mean f1-score: 0.7838 | weighted f1-score: 0.7709
The epoch: 36 | phase: val | loss: 0.4253 | accuracy: 0.7635 | mean f1-score: 0.7734 | weighted f1-score: 0.7620
The epoch: 36 | phase: test | loss: 0.4687 | accuracy: 0.7561 | mean f1-score: 0.7640 | weighted f1-score: 0.7558
Epoch 36 completed in 0m 1s
Epoch 37/149
----------
The epoch: 37 | phase: train | loss: 0.4160 | accuracy: 0.7714 | mean f1-score: 0.7842 | weighted f1-score: 0.7713
The epoch: 37 | phase: val | loss: 0.5251 | accuracy: 0.7386 | mean f1-score: 0.7479 | weighted f1-score: 0.7382
The epoch: 37 | phase: test | loss: 0.6121 | accuracy: 0.7054 | mean f1-score: 0.7114 | weighted f1-score: 0.7055
Epoch 37 completed in 0m 1s
Epoch 38/149
----------
The epoch: 38 | phase: train | loss: 0.4179 | accuracy: 0.7692 | mean f1-score: 0.7818 | weighted f1-score: 0.7689
The epoch: 38 | phase: val | loss: 0.4319 | accuracy: 0.7687 | mean f1-score: 0.7782 | weighted f1-score: 0.7664
The epoch: 38 | phase: test | loss: 0.4607 | accuracy: 0.7623 | mean f1-score: 0.7692 | weighted f1-score: 0.7614
Epoch 38 completed in 0m 1s
Epoch 39/149
----------
The epoch: 39 | phase: train | loss: 0.4219 | accuracy: 0.7675 | mean f1-score: 0.7801 | weighted f1-score: 0.7672
The epoch: 39 | phase: val | loss: 0.4802 | accuracy: 0.7438 | mean f1-score: 0.7539 | weighted f1-score: 0.7440
The epoch: 39 | phase: test | loss: 0.5010 | accuracy: 0.7480 | mean f1-score: 0.7553 | weighted f1-score: 0.7481
Epoch 39 completed in 0m 1s
Epoch 40/149
----------
The epoch: 40 | phase: train | loss: 0.4188 | accuracy: 0.7717 | mean f1-score: 0.7843 | weighted f1-score: 0.7710
The epoch: 40 | phase: val | loss: 0.4618 | accuracy: 0.7490 | mean f1-score: 0.7548 | weighted f1-score: 0.7414
The epoch: 40 | phase: test | loss: 0.4558 | accuracy: 0.7715 | mean f1-score: 0.7767 | weighted f1-score: 0.7680
Epoch 40 completed in 0m 1s
Epoch 41/149
----------
The epoch: 41 | phase: train | loss: 0.4187 | accuracy: 0.7720 | mean f1-score: 0.7833 | weighted f1-score: 0.7709
The epoch: 41 | phase: val | loss: 0.6871 | accuracy: 0.6722 | mean f1-score: 0.6711 | weighted f1-score: 0.6634
The epoch: 41 | phase: test | loss: 0.6320 | accuracy: 0.6860 | mean f1-score: 0.6888 | weighted f1-score: 0.6829
Epoch 41 completed in 0m 1s
Epoch 42/149
----------
The epoch: 42 | phase: train | loss: 0.4134 | accuracy: 0.7765 | mean f1-score: 0.7890 | weighted f1-score: 0.7762
The epoch: 42 | phase: val | loss: 0.4305 | accuracy: 0.7759 | mean f1-score: 0.7859 | weighted f1-score: 0.7744
The epoch: 42 | phase: test | loss: 0.5152 | accuracy: 0.7413 | mean f1-score: 0.7480 | weighted f1-score: 0.7400
Epoch 42 completed in 0m 1s
Epoch 43/149
----------
The epoch: 43 | phase: train | loss: 0.4057 | accuracy: 0.7819 | mean f1-score: 0.7940 | weighted f1-score: 0.7816
The epoch: 43 | phase: val | loss: 0.4254 | accuracy: 0.7614 | mean f1-score: 0.7687 | weighted f1-score: 0.7577
The epoch: 43 | phase: test | loss: 0.4903 | accuracy: 0.7423 | mean f1-score: 0.7465 | weighted f1-score: 0.7390
Epoch 43 completed in 0m 1s
Epoch 44/149
----------
The epoch: 44 | phase: train | loss: 0.4118 | accuracy: 0.7775 | mean f1-score: 0.7898 | weighted f1-score: 0.7772
The epoch: 44 | phase: val | loss: 0.6117 | accuracy: 0.6867 | mean f1-score: 0.6918 | weighted f1-score: 0.6842
The epoch: 44 | phase: test | loss: 0.6904 | accuracy: 0.6670 | mean f1-score: 0.6659 | weighted f1-score: 0.6589
Epoch 44 completed in 0m 1s
Epoch 45/149
----------
The epoch: 45 | phase: train | loss: 0.4113 | accuracy: 0.7756 | mean f1-score: 0.7882 | weighted f1-score: 0.7755
The epoch: 45 | phase: val | loss: 0.5317 | accuracy: 0.7127 | mean f1-score: 0.7142 | weighted f1-score: 0.7011
The epoch: 45 | phase: test | loss: 0.6696 | accuracy: 0.6947 | mean f1-score: 0.6924 | weighted f1-score: 0.6828
Epoch 45 completed in 0m 1s
Epoch 46/149
----------
The epoch: 46 | phase: train | loss: 0.4089 | accuracy: 0.7806 | mean f1-score: 0.7927 | weighted f1-score: 0.7804
The epoch: 46 | phase: val | loss: 0.4487 | accuracy: 0.7635 | mean f1-score: 0.7719 | weighted f1-score: 0.7621
The epoch: 46 | phase: test | loss: 0.4898 | accuracy: 0.7541 | mean f1-score: 0.7615 | weighted f1-score: 0.7540
Epoch 46 completed in 0m 1s
Epoch 47/149
----------
The epoch: 47 | phase: train | loss: 0.4034 | accuracy: 0.7768 | mean f1-score: 0.7893 | weighted f1-score: 0.7766
The epoch: 47 | phase: val | loss: 0.4892 | accuracy: 0.7386 | mean f1-score: 0.7493 | weighted f1-score: 0.7384
The epoch: 47 | phase: test | loss: 0.5724 | accuracy: 0.7147 | mean f1-score: 0.7222 | weighted f1-score: 0.7139
Epoch 47 completed in 0m 1s
Epoch 48/149
----------
The epoch: 48 | phase: train | loss: 0.4067 | accuracy: 0.7730 | mean f1-score: 0.7858 | weighted f1-score: 0.7727
The epoch: 48 | phase: val | loss: 0.4736 | accuracy: 0.7624 | mean f1-score: 0.7585 | weighted f1-score: 0.7493
The epoch: 48 | phase: test | loss: 0.4949 | accuracy: 0.7428 | mean f1-score: 0.7389 | weighted f1-score: 0.7318
Epoch 48 completed in 0m 1s
Epoch 49/149
----------
The epoch: 49 | phase: train | loss: 0.3957 | accuracy: 0.7807 | mean f1-score: 0.7936 | weighted f1-score: 0.7805
The epoch: 49 | phase: val | loss: 0.4461 | accuracy: 0.7583 | mean f1-score: 0.7603 | weighted f1-score: 0.7461
The epoch: 49 | phase: test | loss: 0.5433 | accuracy: 0.7413 | mean f1-score: 0.7421 | weighted f1-score: 0.7336
Epoch 49 completed in 0m 1s
Epoch 50/149
----------
The epoch: 50 | phase: train | loss: 0.3917 | accuracy: 0.7864 | mean f1-score: 0.7989 | weighted f1-score: 0.7862
The epoch: 50 | phase: val | loss: 0.4384 | accuracy: 0.7697 | mean f1-score: 0.7760 | weighted f1-score: 0.7663
The epoch: 50 | phase: test | loss: 0.4621 | accuracy: 0.7597 | mean f1-score: 0.7650 | weighted f1-score: 0.7577
Epoch 50 completed in 0m 1s
Epoch 51/149
----------
The epoch: 51 | phase: train | loss: 0.3886 | accuracy: 0.7865 | mean f1-score: 0.7996 | weighted f1-score: 0.7863
The epoch: 51 | phase: val | loss: 0.4154 | accuracy: 0.7801 | mean f1-score: 0.7906 | weighted f1-score: 0.7797
The epoch: 51 | phase: test | loss: 0.4765 | accuracy: 0.7485 | mean f1-score: 0.7565 | weighted f1-score: 0.7488
Epoch 51 completed in 0m 1s
Epoch 52/149
----------
The epoch: 52 | phase: train | loss: 0.3915 | accuracy: 0.7861 | mean f1-score: 0.7989 | weighted f1-score: 0.7860
The epoch: 52 | phase: val | loss: 0.6363 | accuracy: 0.7158 | mean f1-score: 0.7197 | weighted f1-score: 0.7117
The epoch: 52 | phase: test | loss: 0.5850 | accuracy: 0.7249 | mean f1-score: 0.7289 | weighted f1-score: 0.7223
Epoch 52 completed in 0m 1s
Epoch 53/149
----------
The epoch: 53 | phase: train | loss: 0.3873 | accuracy: 0.7891 | mean f1-score: 0.8020 | weighted f1-score: 0.7890
The epoch: 53 | phase: val | loss: 0.4513 | accuracy: 0.7521 | mean f1-score: 0.7612 | weighted f1-score: 0.7483
The epoch: 53 | phase: test | loss: 0.5043 | accuracy: 0.7464 | mean f1-score: 0.7512 | weighted f1-score: 0.7439
Epoch 53 completed in 0m 1s
Epoch 54/149
----------
The epoch: 54 | phase: train | loss: 0.3819 | accuracy: 0.7887 | mean f1-score: 0.8017 | weighted f1-score: 0.7885
The epoch: 54 | phase: val | loss: 0.5573 | accuracy: 0.7147 | mean f1-score: 0.7167 | weighted f1-score: 0.7049
The epoch: 54 | phase: test | loss: 0.5195 | accuracy: 0.7403 | mean f1-score: 0.7438 | weighted f1-score: 0.7356
Epoch 54 completed in 0m 1s
Epoch 55/149
----------
The epoch: 55 | phase: train | loss: 0.3916 | accuracy: 0.7808 | mean f1-score: 0.7934 | weighted f1-score: 0.7804
The epoch: 55 | phase: val | loss: 0.4482 | accuracy: 0.7562 | mean f1-score: 0.7557 | weighted f1-score: 0.7417
The epoch: 55 | phase: test | loss: 0.5205 | accuracy: 0.7459 | mean f1-score: 0.7451 | weighted f1-score: 0.7353
Epoch 55 completed in 0m 1s
Epoch 56/149
----------
The epoch: 56 | phase: train | loss: 0.3833 | accuracy: 0.7931 | mean f1-score: 0.8055 | weighted f1-score: 0.7927
The epoch: 56 | phase: val | loss: 0.4826 | accuracy: 0.7479 | mean f1-score: 0.7551 | weighted f1-score: 0.7438
The epoch: 56 | phase: test | loss: 0.6137 | accuracy: 0.7018 | mean f1-score: 0.7063 | weighted f1-score: 0.6981
Epoch 56 completed in 0m 1s
Epoch 57/149
----------
The epoch: 57 | phase: train | loss: 0.3881 | accuracy: 0.7887 | mean f1-score: 0.8016 | weighted f1-score: 0.7887
The epoch: 57 | phase: val | loss: 0.3973 | accuracy: 0.7707 | mean f1-score: 0.7705 | weighted f1-score: 0.7545
The epoch: 57 | phase: test | loss: 0.4795 | accuracy: 0.7582 | mean f1-score: 0.7583 | weighted f1-score: 0.7484
Epoch 57 completed in 0m 1s
Epoch 58/149
----------
The epoch: 58 | phase: train | loss: 0.3708 | accuracy: 0.7960 | mean f1-score: 0.8089 | weighted f1-score: 0.7958
The epoch: 58 | phase: val | loss: 0.5979 | accuracy: 0.6857 | mean f1-score: 0.6704 | weighted f1-score: 0.6563
The epoch: 58 | phase: test | loss: 0.6483 | accuracy: 0.6952 | mean f1-score: 0.6781 | weighted f1-score: 0.6675
Epoch 58 completed in 0m 1s
Epoch 59/149
----------
The epoch: 59 | phase: train | loss: 0.3861 | accuracy: 0.7826 | mean f1-score: 0.7947 | weighted f1-score: 0.7817
The epoch: 59 | phase: val | loss: 0.4572 | accuracy: 0.7573 | mean f1-score: 0.7617 | weighted f1-score: 0.7517
The epoch: 59 | phase: test | loss: 0.5641 | accuracy: 0.7188 | mean f1-score: 0.7226 | weighted f1-score: 0.7165
Epoch 59 completed in 0m 1s
Epoch 60/149
----------
The epoch: 60 | phase: train | loss: 0.3765 | accuracy: 0.7855 | mean f1-score: 0.7987 | weighted f1-score: 0.7851
The epoch: 60 | phase: val | loss: 0.5163 | accuracy: 0.7293 | mean f1-score: 0.7323 | weighted f1-score: 0.7235
The epoch: 60 | phase: test | loss: 0.4853 | accuracy: 0.7480 | mean f1-score: 0.7522 | weighted f1-score: 0.7452
Epoch 60 completed in 0m 1s
Epoch 61/149
----------
The epoch: 61 | phase: train | loss: 0.3690 | accuracy: 0.7949 | mean f1-score: 0.8080 | weighted f1-score: 0.7948
The epoch: 61 | phase: val | loss: 0.6389 | accuracy: 0.7147 | mean f1-score: 0.7225 | weighted f1-score: 0.7127
The epoch: 61 | phase: test | loss: 0.6420 | accuracy: 0.7090 | mean f1-score: 0.7154 | weighted f1-score: 0.7091
Epoch 61 completed in 0m 1s
Epoch 62/149
----------
The epoch: 62 | phase: train | loss: 0.3732 | accuracy: 0.7980 | mean f1-score: 0.8107 | weighted f1-score: 0.7979
The epoch: 62 | phase: val | loss: 0.5438 | accuracy: 0.7355 | mean f1-score: 0.7415 | weighted f1-score: 0.7323
The epoch: 62 | phase: test | loss: 0.5043 | accuracy: 0.7520 | mean f1-score: 0.7587 | weighted f1-score: 0.7512
Epoch 62 completed in 0m 1s
Epoch 63/149
----------
The epoch: 63 | phase: train | loss: 0.3758 | accuracy: 0.7907 | mean f1-score: 0.8035 | weighted f1-score: 0.7905
The epoch: 63 | phase: val | loss: 0.4158 | accuracy: 0.7822 | mean f1-score: 0.7914 | weighted f1-score: 0.7796
The epoch: 63 | phase: test | loss: 0.4782 | accuracy: 0.7536 | mean f1-score: 0.7597 | weighted f1-score: 0.7518
Epoch 63 completed in 0m 1s
Epoch 64/149
----------
The epoch: 64 | phase: train | loss: 0.3707 | accuracy: 0.7923 | mean f1-score: 0.8054 | weighted f1-score: 0.7921
The epoch: 64 | phase: val | loss: 0.4997 | accuracy: 0.7448 | mean f1-score: 0.7534 | weighted f1-score: 0.7421
The epoch: 64 | phase: test | loss: 0.4923 | accuracy: 0.7464 | mean f1-score: 0.7535 | weighted f1-score: 0.7454
Epoch 64 completed in 0m 1s
Epoch 65/149
----------
The epoch: 65 | phase: train | loss: 0.3764 | accuracy: 0.7891 | mean f1-score: 0.8017 | weighted f1-score: 0.7889
The epoch: 65 | phase: val | loss: 0.4179 | accuracy: 0.7718 | mean f1-score: 0.7774 | weighted f1-score: 0.7669
The epoch: 65 | phase: test | loss: 0.4858 | accuracy: 0.7459 | mean f1-score: 0.7495 | weighted f1-score: 0.7427
Epoch 65 completed in 0m 1s
Epoch 66/149
----------
The epoch: 66 | phase: train | loss: 0.3653 | accuracy: 0.7964 | mean f1-score: 0.8095 | weighted f1-score: 0.7963
The epoch: 66 | phase: val | loss: 0.4606 | accuracy: 0.7500 | mean f1-score: 0.7561 | weighted f1-score: 0.7428
The epoch: 66 | phase: test | loss: 0.4538 | accuracy: 0.7654 | mean f1-score: 0.7698 | weighted f1-score: 0.7608
Epoch 66 completed in 0m 1s
Epoch 67/149
----------
The epoch: 67 | phase: train | loss: 0.3607 | accuracy: 0.7994 | mean f1-score: 0.8125 | weighted f1-score: 0.7993
The epoch: 67 | phase: val | loss: 0.4770 | accuracy: 0.7541 | mean f1-score: 0.7621 | weighted f1-score: 0.7498
The epoch: 67 | phase: test | loss: 0.6239 | accuracy: 0.7003 | mean f1-score: 0.7056 | weighted f1-score: 0.6983
Epoch 67 completed in 0m 1s
Epoch 68/149
----------
The epoch: 68 | phase: train | loss: 0.3644 | accuracy: 0.7923 | mean f1-score: 0.8059 | weighted f1-score: 0.7922
The epoch: 68 | phase: val | loss: 0.4133 | accuracy: 0.7718 | mean f1-score: 0.7815 | weighted f1-score: 0.7708
The epoch: 68 | phase: test | loss: 0.4642 | accuracy: 0.7597 | mean f1-score: 0.7669 | weighted f1-score: 0.7592
Epoch 68 completed in 0m 1s
Epoch 69/149
----------
The epoch: 69 | phase: train | loss: 0.3747 | accuracy: 0.7920 | mean f1-score: 0.8053 | weighted f1-score: 0.7919
The epoch: 69 | phase: val | loss: 0.4518 | accuracy: 0.7635 | mean f1-score: 0.7713 | weighted f1-score: 0.7588
The epoch: 69 | phase: test | loss: 0.5181 | accuracy: 0.7546 | mean f1-score: 0.7592 | weighted f1-score: 0.7515
Epoch 69 completed in 0m 1s
Epoch 70/149
----------
The epoch: 70 | phase: train | loss: 0.3720 | accuracy: 0.7913 | mean f1-score: 0.8044 | weighted f1-score: 0.7912
The epoch: 70 | phase: val | loss: 0.4916 | accuracy: 0.7417 | mean f1-score: 0.7445 | weighted f1-score: 0.7320
The epoch: 70 | phase: test | loss: 0.5190 | accuracy: 0.7582 | mean f1-score: 0.7614 | weighted f1-score: 0.7527
Epoch 70 completed in 0m 1s
Epoch 71/149
----------
The epoch: 71 | phase: train | loss: 0.3709 | accuracy: 0.7891 | mean f1-score: 0.8020 | weighted f1-score: 0.7888
The epoch: 71 | phase: val | loss: 0.4265 | accuracy: 0.7739 | mean f1-score: 0.7659 | weighted f1-score: 0.7566
The epoch: 71 | phase: test | loss: 0.4584 | accuracy: 0.7556 | mean f1-score: 0.7476 | weighted f1-score: 0.7404
Epoch 71 completed in 0m 1s
Epoch 72/149
----------
The epoch: 72 | phase: train | loss: 0.3676 | accuracy: 0.7906 | mean f1-score: 0.8041 | weighted f1-score: 0.7905
The epoch: 72 | phase: val | loss: 0.4207 | accuracy: 0.7687 | mean f1-score: 0.7781 | weighted f1-score: 0.7652
The epoch: 72 | phase: test | loss: 0.5305 | accuracy: 0.7490 | mean f1-score: 0.7554 | weighted f1-score: 0.7468
Epoch 72 completed in 0m 1s
Epoch 73/149
----------
The epoch: 73 | phase: train | loss: 0.3664 | accuracy: 0.7960 | mean f1-score: 0.8091 | weighted f1-score: 0.7959
The epoch: 73 | phase: val | loss: 0.4385 | accuracy: 0.7707 | mean f1-score: 0.7748 | weighted f1-score: 0.7614
The epoch: 73 | phase: test | loss: 0.4543 | accuracy: 0.7731 | mean f1-score: 0.7767 | weighted f1-score: 0.7679
Epoch 73 completed in 0m 1s
Epoch 74/149
----------
The epoch: 74 | phase: train | loss: 0.3668 | accuracy: 0.8012 | mean f1-score: 0.8136 | weighted f1-score: 0.8011
The epoch: 74 | phase: val | loss: 0.4384 | accuracy: 0.7676 | mean f1-score: 0.7762 | weighted f1-score: 0.7639
The epoch: 74 | phase: test | loss: 0.5056 | accuracy: 0.7582 | mean f1-score: 0.7642 | weighted f1-score: 0.7561
Epoch 74 completed in 0m 1s
Epoch 75/149
----------
The epoch: 75 | phase: train | loss: 0.3580 | accuracy: 0.7994 | mean f1-score: 0.8126 | weighted f1-score: 0.7995
The epoch: 75 | phase: val | loss: 0.4033 | accuracy: 0.7873 | mean f1-score: 0.7975 | weighted f1-score: 0.7853
The epoch: 75 | phase: test | loss: 0.4827 | accuracy: 0.7561 | mean f1-score: 0.7637 | weighted f1-score: 0.7551
Epoch 75 completed in 0m 1s
Epoch 76/149
----------
The epoch: 76 | phase: train | loss: 0.3543 | accuracy: 0.7999 | mean f1-score: 0.8132 | weighted f1-score: 0.7996
The epoch: 76 | phase: val | loss: 0.4067 | accuracy: 0.7936 | mean f1-score: 0.8031 | weighted f1-score: 0.7912
The epoch: 76 | phase: test | loss: 0.4757 | accuracy: 0.7572 | mean f1-score: 0.7639 | weighted f1-score: 0.7558
Epoch 76 completed in 0m 1s
Epoch 77/149
----------
The epoch: 77 | phase: train | loss: 0.3562 | accuracy: 0.8010 | mean f1-score: 0.8141 | weighted f1-score: 0.8009
The epoch: 77 | phase: val | loss: 0.4888 | accuracy: 0.7541 | mean f1-score: 0.7637 | weighted f1-score: 0.7531
The epoch: 77 | phase: test | loss: 0.4813 | accuracy: 0.7536 | mean f1-score: 0.7606 | weighted f1-score: 0.7531
Epoch 77 completed in 0m 1s
Epoch 78/149
----------
The epoch: 78 | phase: train | loss: 0.3497 | accuracy: 0.8034 | mean f1-score: 0.8169 | weighted f1-score: 0.8034
The epoch: 78 | phase: val | loss: 0.4553 | accuracy: 0.7687 | mean f1-score: 0.7776 | weighted f1-score: 0.7657
The epoch: 78 | phase: test | loss: 0.4626 | accuracy: 0.7669 | mean f1-score: 0.7740 | weighted f1-score: 0.7655
Epoch 78 completed in 0m 1s
Epoch 79/149
----------
The epoch: 79 | phase: train | loss: 0.3507 | accuracy: 0.8038 | mean f1-score: 0.8168 | weighted f1-score: 0.8037
The epoch: 79 | phase: val | loss: 0.4707 | accuracy: 0.7500 | mean f1-score: 0.7490 | weighted f1-score: 0.7341
The epoch: 79 | phase: test | loss: 0.4877 | accuracy: 0.7572 | mean f1-score: 0.7581 | weighted f1-score: 0.7488
Epoch 79 completed in 0m 1s
Epoch 80/149
----------
The epoch: 80 | phase: train | loss: 0.3505 | accuracy: 0.7964 | mean f1-score: 0.8097 | weighted f1-score: 0.7961
The epoch: 80 | phase: val | loss: 0.4540 | accuracy: 0.7604 | mean f1-score: 0.7686 | weighted f1-score: 0.7580
The epoch: 80 | phase: test | loss: 0.5365 | accuracy: 0.7500 | mean f1-score: 0.7553 | weighted f1-score: 0.7474
Epoch 80 completed in 0m 1s
Epoch 81/149
----------
The epoch: 81 | phase: train | loss: 0.3497 | accuracy: 0.8048 | mean f1-score: 0.8179 | weighted f1-score: 0.8048
The epoch: 81 | phase: val | loss: 0.4120 | accuracy: 0.7759 | mean f1-score: 0.7830 | weighted f1-score: 0.7691
The epoch: 81 | phase: test | loss: 0.4799 | accuracy: 0.7602 | mean f1-score: 0.7652 | weighted f1-score: 0.7569
Epoch 81 completed in 0m 1s
Epoch 82/149
----------
The epoch: 82 | phase: train | loss: 0.3477 | accuracy: 0.8031 | mean f1-score: 0.8167 | weighted f1-score: 0.8032
The epoch: 82 | phase: val | loss: 0.4122 | accuracy: 0.7780 | mean f1-score: 0.7842 | weighted f1-score: 0.7711
The epoch: 82 | phase: test | loss: 0.4599 | accuracy: 0.7695 | mean f1-score: 0.7733 | weighted f1-score: 0.7642
Epoch 82 completed in 0m 1s
Epoch 83/149
----------
The epoch: 83 | phase: train | loss: 0.3514 | accuracy: 0.8012 | mean f1-score: 0.8142 | weighted f1-score: 0.8011
The epoch: 83 | phase: val | loss: 0.4992 | accuracy: 0.7448 | mean f1-score: 0.7524 | weighted f1-score: 0.7415
The epoch: 83 | phase: test | loss: 0.5801 | accuracy: 0.7382 | mean f1-score: 0.7428 | weighted f1-score: 0.7345
Epoch 83 completed in 0m 1s
Epoch 84/149
----------
The epoch: 84 | phase: train | loss: 0.3550 | accuracy: 0.7997 | mean f1-score: 0.8126 | weighted f1-score: 0.7997
The epoch: 84 | phase: val | loss: 0.4395 | accuracy: 0.7645 | mean f1-score: 0.7736 | weighted f1-score: 0.7630
The epoch: 84 | phase: test | loss: 0.5230 | accuracy: 0.7346 | mean f1-score: 0.7419 | weighted f1-score: 0.7353
Epoch 84 completed in 0m 1s
Epoch 85/149
----------
The epoch: 85 | phase: train | loss: 0.3507 | accuracy: 0.8031 | mean f1-score: 0.8164 | weighted f1-score: 0.8031
The epoch: 85 | phase: val | loss: 0.5720 | accuracy: 0.7282 | mean f1-score: 0.7288 | weighted f1-score: 0.7185
The epoch: 85 | phase: test | loss: 0.7048 | accuracy: 0.7075 | mean f1-score: 0.7023 | weighted f1-score: 0.6935
Epoch 85 completed in 0m 1s
Epoch 86/149
----------
The epoch: 86 | phase: train | loss: 0.3484 | accuracy: 0.8010 | mean f1-score: 0.8140 | weighted f1-score: 0.8009
The epoch: 86 | phase: val | loss: 0.4308 | accuracy: 0.7676 | mean f1-score: 0.7751 | weighted f1-score: 0.7651
The epoch: 86 | phase: test | loss: 0.4386 | accuracy: 0.7741 | mean f1-score: 0.7809 | weighted f1-score: 0.7731
Epoch 86 completed in 0m 1s
Epoch 87/149
----------
The epoch: 87 | phase: train | loss: 0.3471 | accuracy: 0.8003 | mean f1-score: 0.8139 | weighted f1-score: 0.8003
The epoch: 87 | phase: val | loss: 0.4266 | accuracy: 0.7728 | mean f1-score: 0.7820 | weighted f1-score: 0.7716
The epoch: 87 | phase: test | loss: 0.5371 | accuracy: 0.7357 | mean f1-score: 0.7428 | weighted f1-score: 0.7357
Epoch 87 completed in 0m 1s
Epoch 88/149
----------
The epoch: 88 | phase: train | loss: 0.3464 | accuracy: 0.8054 | mean f1-score: 0.8184 | weighted f1-score: 0.8051
The epoch: 88 | phase: val | loss: 0.4227 | accuracy: 0.7801 | mean f1-score: 0.7907 | weighted f1-score: 0.7794
The epoch: 88 | phase: test | loss: 0.4868 | accuracy: 0.7628 | mean f1-score: 0.7710 | weighted f1-score: 0.7629
Epoch 88 completed in 0m 1s
Epoch 89/149
----------
The epoch: 89 | phase: train | loss: 0.3447 | accuracy: 0.8034 | mean f1-score: 0.8163 | weighted f1-score: 0.8034
The epoch: 89 | phase: val | loss: 0.4544 | accuracy: 0.7645 | mean f1-score: 0.7739 | weighted f1-score: 0.7644
The epoch: 89 | phase: test | loss: 0.4938 | accuracy: 0.7556 | mean f1-score: 0.7636 | weighted f1-score: 0.7554
Epoch 89 completed in 0m 1s
Epoch 90/149
----------
The epoch: 90 | phase: train | loss: 0.3494 | accuracy: 0.8038 | mean f1-score: 0.8168 | weighted f1-score: 0.8038
The epoch: 90 | phase: val | loss: 0.9324 | accuracy: 0.6297 | mean f1-score: 0.6312 | weighted f1-score: 0.6257
The epoch: 90 | phase: test | loss: 1.1065 | accuracy: 0.6076 | mean f1-score: 0.6082 | weighted f1-score: 0.6044
Epoch 90 completed in 0m 1s
Epoch 91/149
----------
The epoch: 91 | phase: train | loss: 0.3450 | accuracy: 0.8082 | mean f1-score: 0.8211 | weighted f1-score: 0.8081
The epoch: 91 | phase: val | loss: 0.4176 | accuracy: 0.7822 | mean f1-score: 0.7922 | weighted f1-score: 0.7810
The epoch: 91 | phase: test | loss: 0.4529 | accuracy: 0.7638 | mean f1-score: 0.7715 | weighted f1-score: 0.7636
Epoch 91 completed in 0m 1s
Epoch 92/149
----------
The epoch: 92 | phase: train | loss: 0.3434 | accuracy: 0.8060 | mean f1-score: 0.8189 | weighted f1-score: 0.8059
The epoch: 92 | phase: val | loss: 0.4230 | accuracy: 0.7863 | mean f1-score: 0.7961 | weighted f1-score: 0.7836
The epoch: 92 | phase: test | loss: 0.4526 | accuracy: 0.7715 | mean f1-score: 0.7773 | weighted f1-score: 0.7687
Epoch 92 completed in 0m 1s
Epoch 93/149
----------
The epoch: 93 | phase: train | loss: 0.3456 | accuracy: 0.8067 | mean f1-score: 0.8198 | weighted f1-score: 0.8065
The epoch: 93 | phase: val | loss: 0.4286 | accuracy: 0.7759 | mean f1-score: 0.7858 | weighted f1-score: 0.7741
The epoch: 93 | phase: test | loss: 0.4428 | accuracy: 0.7751 | mean f1-score: 0.7821 | weighted f1-score: 0.7736
Epoch 93 completed in 0m 1s
Epoch 94/149
----------
The epoch: 94 | phase: train | loss: 0.3407 | accuracy: 0.8090 | mean f1-score: 0.8220 | weighted f1-score: 0.8090
The epoch: 94 | phase: val | loss: 0.4458 | accuracy: 0.7614 | mean f1-score: 0.7695 | weighted f1-score: 0.7583
The epoch: 94 | phase: test | loss: 0.5105 | accuracy: 0.7679 | mean f1-score: 0.7738 | weighted f1-score: 0.7661
Epoch 94 completed in 0m 1s
Epoch 95/149
----------
The epoch: 95 | phase: train | loss: 0.3402 | accuracy: 0.8095 | mean f1-score: 0.8225 | weighted f1-score: 0.8095
The epoch: 95 | phase: val | loss: 0.4354 | accuracy: 0.7666 | mean f1-score: 0.7749 | weighted f1-score: 0.7641
The epoch: 95 | phase: test | loss: 0.4526 | accuracy: 0.7674 | mean f1-score: 0.7739 | weighted f1-score: 0.7665
Epoch 95 completed in 0m 1s
Epoch 96/149
----------
The epoch: 96 | phase: train | loss: 0.3476 | accuracy: 0.8028 | mean f1-score: 0.8157 | weighted f1-score: 0.8028
The epoch: 96 | phase: val | loss: 0.4394 | accuracy: 0.7676 | mean f1-score: 0.7736 | weighted f1-score: 0.7633
The epoch: 96 | phase: test | loss: 0.4430 | accuracy: 0.7628 | mean f1-score: 0.7670 | weighted f1-score: 0.7597
Epoch 96 completed in 0m 1s
Epoch 97/149
----------
The epoch: 97 | phase: train | loss: 0.3483 | accuracy: 0.8035 | mean f1-score: 0.8166 | weighted f1-score: 0.8033
The epoch: 97 | phase: val | loss: 0.4162 | accuracy: 0.7770 | mean f1-score: 0.7826 | weighted f1-score: 0.7694
The epoch: 97 | phase: test | loss: 0.4858 | accuracy: 0.7618 | mean f1-score: 0.7646 | weighted f1-score: 0.7557
Epoch 97 completed in 0m 1s
Epoch 98/149
----------
The epoch: 98 | phase: train | loss: 0.3554 | accuracy: 0.8022 | mean f1-score: 0.8152 | weighted f1-score: 0.8022
The epoch: 98 | phase: val | loss: 0.4213 | accuracy: 0.7739 | mean f1-score: 0.7801 | weighted f1-score: 0.7664
The epoch: 98 | phase: test | loss: 0.4421 | accuracy: 0.7802 | mean f1-score: 0.7838 | weighted f1-score: 0.7748
Epoch 98 completed in 0m 1s
Epoch 99/149
----------
The epoch: 99 | phase: train | loss: 0.3449 | accuracy: 0.8021 | mean f1-score: 0.8158 | weighted f1-score: 0.8020
The epoch: 99 | phase: val | loss: 0.4189 | accuracy: 0.7728 | mean f1-score: 0.7780 | weighted f1-score: 0.7638
The epoch: 99 | phase: test | loss: 0.4517 | accuracy: 0.7736 | mean f1-score: 0.7774 | weighted f1-score: 0.7685
Epoch 99 completed in 0m 1s
Epoch 100/149
----------
The epoch: 100 | phase: train | loss: 0.3384 | accuracy: 0.8047 | mean f1-score: 0.8179 | weighted f1-score: 0.8046
The epoch: 100 | phase: val | loss: 0.4171 | accuracy: 0.7873 | mean f1-score: 0.7976 | weighted f1-score: 0.7863
The epoch: 100 | phase: test | loss: 0.4306 | accuracy: 0.7756 | mean f1-score: 0.7833 | weighted f1-score: 0.7752
Epoch 100 completed in 0m 1s
Epoch 101/149
----------
The epoch: 101 | phase: train | loss: 0.3401 | accuracy: 0.8031 | mean f1-score: 0.8166 | weighted f1-score: 0.8032
The epoch: 101 | phase: val | loss: 0.4095 | accuracy: 0.7842 | mean f1-score: 0.7938 | weighted f1-score: 0.7816
The epoch: 101 | phase: test | loss: 0.4934 | accuracy: 0.7633 | mean f1-score: 0.7706 | weighted f1-score: 0.7622
Epoch 101 completed in 0m 1s
Epoch 102/149
----------
The epoch: 102 | phase: train | loss: 0.3267 | accuracy: 0.8156 | mean f1-score: 0.8287 | weighted f1-score: 0.8154
The epoch: 102 | phase: val | loss: 0.4172 | accuracy: 0.7759 | mean f1-score: 0.7866 | weighted f1-score: 0.7753
The epoch: 102 | phase: test | loss: 0.4365 | accuracy: 0.7777 | mean f1-score: 0.7859 | weighted f1-score: 0.7783
Epoch 102 completed in 0m 1s
Epoch 103/149
----------
The epoch: 103 | phase: train | loss: 0.3229 | accuracy: 0.8183 | mean f1-score: 0.8315 | weighted f1-score: 0.8184
The epoch: 103 | phase: val | loss: 0.4055 | accuracy: 0.7925 | mean f1-score: 0.7983 | weighted f1-score: 0.7882
The epoch: 103 | phase: test | loss: 0.4472 | accuracy: 0.7674 | mean f1-score: 0.7723 | weighted f1-score: 0.7647
Epoch 103 completed in 0m 1s
Epoch 104/149
----------
The epoch: 104 | phase: train | loss: 0.3275 | accuracy: 0.8135 | mean f1-score: 0.8271 | weighted f1-score: 0.8135
The epoch: 104 | phase: val | loss: 0.4932 | accuracy: 0.7500 | mean f1-score: 0.7580 | weighted f1-score: 0.7488
The epoch: 104 | phase: test | loss: 0.5850 | accuracy: 0.7351 | mean f1-score: 0.7418 | weighted f1-score: 0.7363
Epoch 104 completed in 0m 1s
Epoch 105/149
----------
The epoch: 105 | phase: train | loss: 0.3316 | accuracy: 0.8072 | mean f1-score: 0.8205 | weighted f1-score: 0.8071
The epoch: 105 | phase: val | loss: 0.4535 | accuracy: 0.7759 | mean f1-score: 0.7843 | weighted f1-score: 0.7728
The epoch: 105 | phase: test | loss: 0.4603 | accuracy: 0.7659 | mean f1-score: 0.7726 | weighted f1-score: 0.7642
Epoch 105 completed in 0m 1s
Epoch 106/149
----------
The epoch: 106 | phase: train | loss: 0.3320 | accuracy: 0.8054 | mean f1-score: 0.8188 | weighted f1-score: 0.8053
The epoch: 106 | phase: val | loss: 0.4330 | accuracy: 0.7790 | mean f1-score: 0.7895 | weighted f1-score: 0.7782
The epoch: 106 | phase: test | loss: 0.4406 | accuracy: 0.7695 | mean f1-score: 0.7776 | weighted f1-score: 0.7694
Epoch 106 completed in 0m 1s
Epoch 107/149
----------
The epoch: 107 | phase: train | loss: 0.3270 | accuracy: 0.8165 | mean f1-score: 0.8294 | weighted f1-score: 0.8163
The epoch: 107 | phase: val | loss: 0.4530 | accuracy: 0.7697 | mean f1-score: 0.7777 | weighted f1-score: 0.7658
The epoch: 107 | phase: test | loss: 0.4453 | accuracy: 0.7715 | mean f1-score: 0.7781 | weighted f1-score: 0.7692
Epoch 107 completed in 0m 1s
Epoch 108/149
----------
The epoch: 108 | phase: train | loss: 0.3280 | accuracy: 0.8166 | mean f1-score: 0.8293 | weighted f1-score: 0.8166
The epoch: 108 | phase: val | loss: 0.4031 | accuracy: 0.7842 | mean f1-score: 0.7941 | weighted f1-score: 0.7835
The epoch: 108 | phase: test | loss: 0.4816 | accuracy: 0.7664 | mean f1-score: 0.7736 | weighted f1-score: 0.7660
Epoch 108 completed in 0m 1s
Epoch 109/149
----------
The epoch: 109 | phase: train | loss: 0.3298 | accuracy: 0.8102 | mean f1-score: 0.8236 | weighted f1-score: 0.8097
The epoch: 109 | phase: val | loss: 0.4636 | accuracy: 0.7604 | mean f1-score: 0.7693 | weighted f1-score: 0.7581
The epoch: 109 | phase: test | loss: 0.5497 | accuracy: 0.7485 | mean f1-score: 0.7556 | weighted f1-score: 0.7469
Epoch 109 completed in 0m 1s
Epoch 110/149
----------
The epoch: 110 | phase: train | loss: 0.3284 | accuracy: 0.8128 | mean f1-score: 0.8261 | weighted f1-score: 0.8127
The epoch: 110 | phase: val | loss: 0.5586 | accuracy: 0.7469 | mean f1-score: 0.7554 | weighted f1-score: 0.7451
The epoch: 110 | phase: test | loss: 0.5935 | accuracy: 0.7433 | mean f1-score: 0.7493 | weighted f1-score: 0.7428
Epoch 110 completed in 0m 1s
Epoch 111/149
----------
The epoch: 111 | phase: train | loss: 0.3268 | accuracy: 0.8122 | mean f1-score: 0.8256 | weighted f1-score: 0.8122
The epoch: 111 | phase: val | loss: 0.4377 | accuracy: 0.7822 | mean f1-score: 0.7919 | weighted f1-score: 0.7811
The epoch: 111 | phase: test | loss: 0.4842 | accuracy: 0.7623 | mean f1-score: 0.7689 | weighted f1-score: 0.7622
Epoch 111 completed in 0m 1s
Epoch 112/149
----------
The epoch: 112 | phase: train | loss: 0.3264 | accuracy: 0.8109 | mean f1-score: 0.8241 | weighted f1-score: 0.8109
The epoch: 112 | phase: val | loss: 0.4430 | accuracy: 0.7697 | mean f1-score: 0.7805 | weighted f1-score: 0.7685
The epoch: 112 | phase: test | loss: 0.4537 | accuracy: 0.7710 | mean f1-score: 0.7791 | weighted f1-score: 0.7710
Epoch 112 completed in 0m 1s
Epoch 113/149
----------
The epoch: 113 | phase: train | loss: 0.3265 | accuracy: 0.8111 | mean f1-score: 0.8245 | weighted f1-score: 0.8110
The epoch: 113 | phase: val | loss: 0.4737 | accuracy: 0.7624 | mean f1-score: 0.7721 | weighted f1-score: 0.7610
The epoch: 113 | phase: test | loss: 0.5005 | accuracy: 0.7700 | mean f1-score: 0.7772 | weighted f1-score: 0.7698
Epoch 113 completed in 0m 1s
Epoch 114/149
----------
The epoch: 114 | phase: train | loss: 0.3310 | accuracy: 0.8144 | mean f1-score: 0.8275 | weighted f1-score: 0.8144
The epoch: 114 | phase: val | loss: 0.4503 | accuracy: 0.7884 | mean f1-score: 0.7973 | weighted f1-score: 0.7865
The epoch: 114 | phase: test | loss: 0.4456 | accuracy: 0.7772 | mean f1-score: 0.7840 | weighted f1-score: 0.7755
Epoch 114 completed in 0m 1s
Epoch 115/149
----------
The epoch: 115 | phase: train | loss: 0.3210 | accuracy: 0.8114 | mean f1-score: 0.8253 | weighted f1-score: 0.8115
The epoch: 115 | phase: val | loss: 0.4307 | accuracy: 0.7863 | mean f1-score: 0.7960 | weighted f1-score: 0.7854
The epoch: 115 | phase: test | loss: 0.4288 | accuracy: 0.7828 | mean f1-score: 0.7908 | weighted f1-score: 0.7828
Epoch 115 completed in 0m 1s
Epoch 116/149
----------
The epoch: 116 | phase: train | loss: 0.3255 | accuracy: 0.8149 | mean f1-score: 0.8283 | weighted f1-score: 0.8150
The epoch: 116 | phase: val | loss: 0.4169 | accuracy: 0.7822 | mean f1-score: 0.7934 | weighted f1-score: 0.7808
The epoch: 116 | phase: test | loss: 0.4387 | accuracy: 0.7736 | mean f1-score: 0.7815 | weighted f1-score: 0.7735
Epoch 116 completed in 0m 1s
Epoch 117/149
----------
The epoch: 117 | phase: train | loss: 0.3264 | accuracy: 0.8114 | mean f1-score: 0.8247 | weighted f1-score: 0.8112
The epoch: 117 | phase: val | loss: 0.4388 | accuracy: 0.7697 | mean f1-score: 0.7697 | weighted f1-score: 0.7559
The epoch: 117 | phase: test | loss: 0.4689 | accuracy: 0.7772 | mean f1-score: 0.7768 | weighted f1-score: 0.7672
Epoch 117 completed in 0m 1s
Epoch 118/149
----------
The epoch: 118 | phase: train | loss: 0.3246 | accuracy: 0.8134 | mean f1-score: 0.8266 | weighted f1-score: 0.8135
The epoch: 118 | phase: val | loss: 0.4233 | accuracy: 0.7811 | mean f1-score: 0.7890 | weighted f1-score: 0.7773
The epoch: 118 | phase: test | loss: 0.4440 | accuracy: 0.7731 | mean f1-score: 0.7791 | weighted f1-score: 0.7709
Epoch 118 completed in 0m 1s
Epoch 119/149
----------
The epoch: 119 | phase: train | loss: 0.3244 | accuracy: 0.8165 | mean f1-score: 0.8295 | weighted f1-score: 0.8162
The epoch: 119 | phase: val | loss: 0.4207 | accuracy: 0.7801 | mean f1-score: 0.7895 | weighted f1-score: 0.7790
The epoch: 119 | phase: test | loss: 0.5319 | accuracy: 0.7474 | mean f1-score: 0.7542 | weighted f1-score: 0.7463
Epoch 119 completed in 0m 1s
Epoch 120/149
----------
The epoch: 120 | phase: train | loss: 0.3256 | accuracy: 0.8182 | mean f1-score: 0.8312 | weighted f1-score: 0.8183
The epoch: 120 | phase: val | loss: 0.4430 | accuracy: 0.7822 | mean f1-score: 0.7918 | weighted f1-score: 0.7817
The epoch: 120 | phase: test | loss: 0.5114 | accuracy: 0.7531 | mean f1-score: 0.7621 | weighted f1-score: 0.7537
Epoch 120 completed in 0m 1s
Epoch 121/149
----------
The epoch: 121 | phase: train | loss: 0.3273 | accuracy: 0.8149 | mean f1-score: 0.8277 | weighted f1-score: 0.8148
The epoch: 121 | phase: val | loss: 0.4124 | accuracy: 0.7894 | mean f1-score: 0.7996 | weighted f1-score: 0.7888
The epoch: 121 | phase: test | loss: 0.4769 | accuracy: 0.7633 | mean f1-score: 0.7712 | weighted f1-score: 0.7639
Epoch 121 completed in 0m 1s
Epoch 122/149
----------
The epoch: 122 | phase: train | loss: 0.3212 | accuracy: 0.8156 | mean f1-score: 0.8287 | weighted f1-score: 0.8153
The epoch: 122 | phase: val | loss: 0.4316 | accuracy: 0.7853 | mean f1-score: 0.7936 | weighted f1-score: 0.7824
The epoch: 122 | phase: test | loss: 0.4869 | accuracy: 0.7643 | mean f1-score: 0.7710 | weighted f1-score: 0.7634
Epoch 122 completed in 0m 1s
Epoch 123/149
----------
The epoch: 123 | phase: train | loss: 0.3284 | accuracy: 0.8079 | mean f1-score: 0.8213 | weighted f1-score: 0.8078
The epoch: 123 | phase: val | loss: 0.4353 | accuracy: 0.7718 | mean f1-score: 0.7787 | weighted f1-score: 0.7679
The epoch: 123 | phase: test | loss: 0.5110 | accuracy: 0.7531 | mean f1-score: 0.7579 | weighted f1-score: 0.7516
Epoch 123 completed in 0m 1s
Epoch 124/149
----------
The epoch: 124 | phase: train | loss: 0.3255 | accuracy: 0.8170 | mean f1-score: 0.8297 | weighted f1-score: 0.8165
The epoch: 124 | phase: val | loss: 0.4166 | accuracy: 0.7905 | mean f1-score: 0.7910 | weighted f1-score: 0.7768
The epoch: 124 | phase: test | loss: 0.4598 | accuracy: 0.7715 | mean f1-score: 0.7708 | weighted f1-score: 0.7612
Epoch 124 completed in 0m 1s
Epoch 125/149
----------
The epoch: 125 | phase: train | loss: 0.3215 | accuracy: 0.8157 | mean f1-score: 0.8292 | weighted f1-score: 0.8158
The epoch: 125 | phase: val | loss: 0.4493 | accuracy: 0.7801 | mean f1-score: 0.7841 | weighted f1-score: 0.7721
The epoch: 125 | phase: test | loss: 0.4385 | accuracy: 0.7766 | mean f1-score: 0.7812 | weighted f1-score: 0.7722
Epoch 125 completed in 0m 1s
Epoch 126/149
----------
The epoch: 126 | phase: train | loss: 0.3142 | accuracy: 0.8212 | mean f1-score: 0.8342 | weighted f1-score: 0.8213
The epoch: 126 | phase: val | loss: 0.4310 | accuracy: 0.7936 | mean f1-score: 0.8008 | weighted f1-score: 0.7879
The epoch: 126 | phase: test | loss: 0.4397 | accuracy: 0.7792 | mean f1-score: 0.7840 | weighted f1-score: 0.7752
Epoch 126 completed in 0m 1s
Epoch 127/149
----------
The epoch: 127 | phase: train | loss: 0.3161 | accuracy: 0.8114 | mean f1-score: 0.8251 | weighted f1-score: 0.8115
The epoch: 127 | phase: val | loss: 0.4159 | accuracy: 0.7905 | mean f1-score: 0.8007 | weighted f1-score: 0.7896
The epoch: 127 | phase: test | loss: 0.4573 | accuracy: 0.7690 | mean f1-score: 0.7770 | weighted f1-score: 0.7686
Epoch 127 completed in 0m 1s
Epoch 128/149
----------
The epoch: 128 | phase: train | loss: 0.3163 | accuracy: 0.8173 | mean f1-score: 0.8307 | weighted f1-score: 0.8171
The epoch: 128 | phase: val | loss: 0.3988 | accuracy: 0.7822 | mean f1-score: 0.7916 | weighted f1-score: 0.7791
The epoch: 128 | phase: test | loss: 0.4517 | accuracy: 0.7690 | mean f1-score: 0.7760 | weighted f1-score: 0.7676
Epoch 128 completed in 0m 1s
Epoch 129/149
----------
The epoch: 129 | phase: train | loss: 0.3165 | accuracy: 0.8138 | mean f1-score: 0.8273 | weighted f1-score: 0.8136
The epoch: 129 | phase: val | loss: 0.4229 | accuracy: 0.7925 | mean f1-score: 0.7964 | weighted f1-score: 0.7833
The epoch: 129 | phase: test | loss: 0.4289 | accuracy: 0.7848 | mean f1-score: 0.7883 | weighted f1-score: 0.7793
Epoch 129 completed in 0m 1s
Epoch 130/149
----------
The epoch: 130 | phase: train | loss: 0.3115 | accuracy: 0.8180 | mean f1-score: 0.8316 | weighted f1-score: 0.8182
The epoch: 130 | phase: val | loss: 0.4377 | accuracy: 0.7811 | mean f1-score: 0.7904 | weighted f1-score: 0.7795
The epoch: 130 | phase: test | loss: 0.4407 | accuracy: 0.7777 | mean f1-score: 0.7851 | weighted f1-score: 0.7771
Epoch 130 completed in 0m 1s
Epoch 131/149
----------
The epoch: 131 | phase: train | loss: 0.3182 | accuracy: 0.8127 | mean f1-score: 0.8260 | weighted f1-score: 0.8123
The epoch: 131 | phase: val | loss: 0.4096 | accuracy: 0.7915 | mean f1-score: 0.7995 | weighted f1-score: 0.7874
The epoch: 131 | phase: test | loss: 0.4386 | accuracy: 0.7761 | mean f1-score: 0.7822 | weighted f1-score: 0.7736
Epoch 131 completed in 0m 1s
Epoch 132/149
----------
The epoch: 132 | phase: train | loss: 0.3153 | accuracy: 0.8196 | mean f1-score: 0.8327 | weighted f1-score: 0.8196
The epoch: 132 | phase: val | loss: 0.4173 | accuracy: 0.7801 | mean f1-score: 0.7864 | weighted f1-score: 0.7726
The epoch: 132 | phase: test | loss: 0.5067 | accuracy: 0.7500 | mean f1-score: 0.7557 | weighted f1-score: 0.7472
Epoch 132 completed in 0m 1s
Epoch 133/149
----------
The epoch: 133 | phase: train | loss: 0.3196 | accuracy: 0.8135 | mean f1-score: 0.8270 | weighted f1-score: 0.8136
The epoch: 133 | phase: val | loss: 0.4409 | accuracy: 0.7687 | mean f1-score: 0.7759 | weighted f1-score: 0.7645
The epoch: 133 | phase: test | loss: 0.4461 | accuracy: 0.7741 | mean f1-score: 0.7793 | weighted f1-score: 0.7716
Epoch 133 completed in 0m 1s
Epoch 134/149
----------
The epoch: 134 | phase: train | loss: 0.3165 | accuracy: 0.8128 | mean f1-score: 0.8263 | weighted f1-score: 0.8123
The epoch: 134 | phase: val | loss: 0.4323 | accuracy: 0.7863 | mean f1-score: 0.7964 | weighted f1-score: 0.7852
The epoch: 134 | phase: test | loss: 0.5172 | accuracy: 0.7561 | mean f1-score: 0.7633 | weighted f1-score: 0.7561
Epoch 134 completed in 0m 1s
Epoch 135/149
----------
The epoch: 135 | phase: train | loss: 0.3132 | accuracy: 0.8207 | mean f1-score: 0.8338 | weighted f1-score: 0.8206
The epoch: 135 | phase: val | loss: 0.4994 | accuracy: 0.7614 | mean f1-score: 0.7715 | weighted f1-score: 0.7604
The epoch: 135 | phase: test | loss: 0.4869 | accuracy: 0.7633 | mean f1-score: 0.7701 | weighted f1-score: 0.7626
Epoch 135 completed in 0m 1s
Epoch 136/149
----------
The epoch: 136 | phase: train | loss: 0.3146 | accuracy: 0.8182 | mean f1-score: 0.8317 | weighted f1-score: 0.8182
The epoch: 136 | phase: val | loss: 0.4575 | accuracy: 0.7718 | mean f1-score: 0.7810 | weighted f1-score: 0.7709
The epoch: 136 | phase: test | loss: 0.5007 | accuracy: 0.7643 | mean f1-score: 0.7709 | weighted f1-score: 0.7646
Epoch 136 completed in 0m 1s
Epoch 137/149
----------
The epoch: 137 | phase: train | loss: 0.3121 | accuracy: 0.8196 | mean f1-score: 0.8329 | weighted f1-score: 0.8197
The epoch: 137 | phase: val | loss: 0.4520 | accuracy: 0.7749 | mean f1-score: 0.7819 | weighted f1-score: 0.7718
The epoch: 137 | phase: test | loss: 0.4453 | accuracy: 0.7649 | mean f1-score: 0.7706 | weighted f1-score: 0.7629
Epoch 137 completed in 0m 1s
Epoch 138/149
----------
The epoch: 138 | phase: train | loss: 0.3123 | accuracy: 0.8212 | mean f1-score: 0.8344 | weighted f1-score: 0.8211
The epoch: 138 | phase: val | loss: 0.4127 | accuracy: 0.7967 | mean f1-score: 0.8064 | weighted f1-score: 0.7951
The epoch: 138 | phase: test | loss: 0.4481 | accuracy: 0.7787 | mean f1-score: 0.7862 | weighted f1-score: 0.7783
Epoch 138 completed in 0m 1s
Epoch 139/149
----------
The epoch: 139 | phase: train | loss: 0.3131 | accuracy: 0.8208 | mean f1-score: 0.8342 | weighted f1-score: 0.8208
The epoch: 139 | phase: val | loss: 0.4831 | accuracy: 0.7573 | mean f1-score: 0.7665 | weighted f1-score: 0.7571
The epoch: 139 | phase: test | loss: 0.5092 | accuracy: 0.7602 | mean f1-score: 0.7681 | weighted f1-score: 0.7603
Epoch 139 completed in 0m 1s
Epoch 140/149
----------
The epoch: 140 | phase: train | loss: 0.3143 | accuracy: 0.8165 | mean f1-score: 0.8299 | weighted f1-score: 0.8164
The epoch: 140 | phase: val | loss: 0.4300 | accuracy: 0.7832 | mean f1-score: 0.7918 | weighted f1-score: 0.7809
The epoch: 140 | phase: test | loss: 0.4618 | accuracy: 0.7669 | mean f1-score: 0.7736 | weighted f1-score: 0.7664
Epoch 140 completed in 0m 1s
Epoch 141/149
----------
The epoch: 141 | phase: train | loss: 0.3096 | accuracy: 0.8224 | mean f1-score: 0.8354 | weighted f1-score: 0.8220
The epoch: 141 | phase: val | loss: 0.4557 | accuracy: 0.7822 | mean f1-score: 0.7913 | weighted f1-score: 0.7813
The epoch: 141 | phase: test | loss: 0.4386 | accuracy: 0.7818 | mean f1-score: 0.7895 | weighted f1-score: 0.7814
Epoch 141 completed in 0m 1s
Epoch 142/149
----------
The epoch: 142 | phase: train | loss: 0.3124 | accuracy: 0.8207 | mean f1-score: 0.8339 | weighted f1-score: 0.8207
The epoch: 142 | phase: val | loss: 0.4108 | accuracy: 0.7905 | mean f1-score: 0.8004 | weighted f1-score: 0.7896
The epoch: 142 | phase: test | loss: 0.4304 | accuracy: 0.7807 | mean f1-score: 0.7881 | weighted f1-score: 0.7802
Epoch 142 completed in 0m 1s
Epoch 143/149
----------
The epoch: 143 | phase: train | loss: 0.3100 | accuracy: 0.8237 | mean f1-score: 0.8367 | weighted f1-score: 0.8234
The epoch: 143 | phase: val | loss: 0.4280 | accuracy: 0.7853 | mean f1-score: 0.7907 | weighted f1-score: 0.7785
The epoch: 143 | phase: test | loss: 0.4371 | accuracy: 0.7777 | mean f1-score: 0.7820 | weighted f1-score: 0.7730
Epoch 143 completed in 0m 1s
Epoch 144/149
----------
The epoch: 144 | phase: train | loss: 0.3076 | accuracy: 0.8135 | mean f1-score: 0.8274 | weighted f1-score: 0.8136
The epoch: 144 | phase: val | loss: 0.4258 | accuracy: 0.7822 | mean f1-score: 0.7897 | weighted f1-score: 0.7795
The epoch: 144 | phase: test | loss: 0.4473 | accuracy: 0.7741 | mean f1-score: 0.7812 | weighted f1-score: 0.7733
Epoch 144 completed in 0m 1s
Epoch 145/149
----------
The epoch: 145 | phase: train | loss: 0.3101 | accuracy: 0.8223 | mean f1-score: 0.8356 | weighted f1-score: 0.8221
The epoch: 145 | phase: val | loss: 0.4420 | accuracy: 0.7801 | mean f1-score: 0.7864 | weighted f1-score: 0.7765
The epoch: 145 | phase: test | loss: 0.4418 | accuracy: 0.7772 | mean f1-score: 0.7828 | weighted f1-score: 0.7754
Epoch 145 completed in 0m 1s
Epoch 146/149
----------
The epoch: 146 | phase: train | loss: 0.3090 | accuracy: 0.8223 | mean f1-score: 0.8354 | weighted f1-score: 0.8223
The epoch: 146 | phase: val | loss: 0.4144 | accuracy: 0.7801 | mean f1-score: 0.7858 | weighted f1-score: 0.7754
The epoch: 146 | phase: test | loss: 0.4424 | accuracy: 0.7710 | mean f1-score: 0.7757 | weighted f1-score: 0.7677
Epoch 146 completed in 0m 1s
Epoch 147/149
----------
The epoch: 147 | phase: train | loss: 0.3107 | accuracy: 0.8202 | mean f1-score: 0.8334 | weighted f1-score: 0.8202
The epoch: 147 | phase: val | loss: 0.4589 | accuracy: 0.7853 | mean f1-score: 0.7956 | weighted f1-score: 0.7843
The epoch: 147 | phase: test | loss: 0.4555 | accuracy: 0.7756 | mean f1-score: 0.7834 | weighted f1-score: 0.7756
Epoch 147 completed in 0m 1s
Epoch 148/149
----------
The epoch: 148 | phase: train | loss: 0.3085 | accuracy: 0.8207 | mean f1-score: 0.8338 | weighted f1-score: 0.8207
The epoch: 148 | phase: val | loss: 0.4231 | accuracy: 0.7801 | mean f1-score: 0.7887 | weighted f1-score: 0.7783
The epoch: 148 | phase: test | loss: 0.4342 | accuracy: 0.7782 | mean f1-score: 0.7848 | weighted f1-score: 0.7773
Epoch 148 completed in 0m 1s
Epoch 149/149
----------
The epoch: 149 | phase: train | loss: 0.3094 | accuracy: 0.8233 | mean f1-score: 0.8364 | weighted f1-score: 0.8233
The epoch: 149 | phase: val | loss: 0.4150 | accuracy: 0.7946 | mean f1-score: 0.8038 | weighted f1-score: 0.7920
The epoch: 149 | phase: test | loss: 0.5253 | accuracy: 0.7592 | mean f1-score: 0.7656 | weighted f1-score: 0.7572
Epoch 149 completed in 0m 1s
The best epoch is 138
Phase: train, loss: 0.3122518992046339, accuracy: 0.8212469117860776, f1_score: 0.8343782407591769, f1_score weighted: 0.8210531441576001 {'train': [], 'val': [], 'test': []}
Phase: val, loss: 0.4127245016117808, accuracy: 0.7966804979253111, f1_score: 0.8063785048766903, f1_score weighted: 0.7951242773838331 {'train': [], 'val': [], 'test': []}
Phase: test, loss: 0.4480911063366249, accuracy: 0.7786885245901639, f1_score: 0.786229785068264, f1_score weighted: 0.7782521000534701 {'train': [], 'val': [], 'test': []}
------ Evaluation complete! ------
