Namespace(window=50, overlap=25, batch_size=64, learning_rate=0.0005, num_epochs=150, gpu_id='0', dataset='kuhar', kernel_size=3, num_steps_prediction=28, classifier_lr=0.0005, classifier_batch_size=256, saved_model='/workspaces/betania.silva/ssl_tools/contrastive-predictive-coding-for-har/models/May-11-2024/uci_k_28_lr_0.0005_bs_64.pkl', learning_schedule='all_layers', random_seed=42, input_size=6, num_classes=7, root_dir='/workspaces/betania.silva/view_concatenated', data_file='kuhar', device=device(type='cuda', index=0), padding=1)
Data Raw (248462, 6)
Data (9937, 50, 6)
Labels (9937,)
Data Raw (112812, 6)
Data (4511, 50, 6)
Labels (4511,)
Data Raw (52196, 6)
Data (2086, 50, 6)
Labels (2086,)
The batch size for train phase is: 256
The batch size for val phase is: 256
The batch size for test phase is: 256
Loading the pre-trained weights
Epoch 0/149
----------
The epoch: 0 | phase: train | loss: 0.9778 | accuracy: 0.6648 | mean f1-score: 0.4864 | weighted f1-score: 0.6478
The epoch: 0 | phase: val | loss: 1.2161 | accuracy: 0.4702 | mean f1-score: 0.4758 | weighted f1-score: 0.4407
The epoch: 0 | phase: test | loss: 0.7152 | accuracy: 0.7248 | mean f1-score: 0.7047 | weighted f1-score: 0.7099
Epoch 0 completed in 0m 3s
Epoch 1/149
----------
The epoch: 1 | phase: train | loss: 0.4699 | accuracy: 0.8402 | mean f1-score: 0.8553 | weighted f1-score: 0.8398
The epoch: 1 | phase: val | loss: 1.2243 | accuracy: 0.5034 | mean f1-score: 0.5633 | weighted f1-score: 0.5061
The epoch: 1 | phase: test | loss: 0.4327 | accuracy: 0.8595 | mean f1-score: 0.8541 | weighted f1-score: 0.8597
Epoch 1 completed in 0m 3s
Epoch 2/149
----------
The epoch: 2 | phase: train | loss: 0.3047 | accuracy: 0.8981 | mean f1-score: 0.9189 | weighted f1-score: 0.8980
The epoch: 2 | phase: val | loss: 1.5618 | accuracy: 0.4533 | mean f1-score: 0.5162 | weighted f1-score: 0.4629
The epoch: 2 | phase: test | loss: 0.4095 | accuracy: 0.8567 | mean f1-score: 0.8782 | weighted f1-score: 0.8558
Epoch 2 completed in 0m 2s
Epoch 3/149
----------
The epoch: 3 | phase: train | loss: 0.2358 | accuracy: 0.9250 | mean f1-score: 0.9375 | weighted f1-score: 0.9250
The epoch: 3 | phase: val | loss: 1.5523 | accuracy: 0.4700 | mean f1-score: 0.5410 | weighted f1-score: 0.4832
The epoch: 3 | phase: test | loss: 0.4940 | accuracy: 0.7919 | mean f1-score: 0.8335 | weighted f1-score: 0.7856
Epoch 3 completed in 0m 2s
Epoch 4/149
----------
The epoch: 4 | phase: train | loss: 0.2015 | accuracy: 0.9355 | mean f1-score: 0.9474 | weighted f1-score: 0.9355
The epoch: 4 | phase: val | loss: 1.6079 | accuracy: 0.4828 | mean f1-score: 0.5465 | weighted f1-score: 0.4895
The epoch: 4 | phase: test | loss: 0.3889 | accuracy: 0.8969 | mean f1-score: 0.8846 | weighted f1-score: 0.8967
Epoch 4 completed in 0m 2s
Epoch 5/149
----------
The epoch: 5 | phase: train | loss: 0.1745 | accuracy: 0.9454 | mean f1-score: 0.9561 | weighted f1-score: 0.9453
The epoch: 5 | phase: val | loss: 1.5877 | accuracy: 0.5119 | mean f1-score: 0.5744 | weighted f1-score: 0.5190
The epoch: 5 | phase: test | loss: 0.3229 | accuracy: 0.8993 | mean f1-score: 0.8901 | weighted f1-score: 0.8996
Epoch 5 completed in 0m 2s
Epoch 6/149
----------
The epoch: 6 | phase: train | loss: 0.1586 | accuracy: 0.9491 | mean f1-score: 0.9591 | weighted f1-score: 0.9491
The epoch: 6 | phase: val | loss: 1.4514 | accuracy: 0.5524 | mean f1-score: 0.6016 | weighted f1-score: 0.5542
The epoch: 6 | phase: test | loss: 0.3811 | accuracy: 0.8859 | mean f1-score: 0.8448 | weighted f1-score: 0.8868
Epoch 6 completed in 0m 2s
Epoch 7/149
----------
The epoch: 7 | phase: train | loss: 0.1422 | accuracy: 0.9540 | mean f1-score: 0.9627 | weighted f1-score: 0.9540
The epoch: 7 | phase: val | loss: 1.4153 | accuracy: 0.5635 | mean f1-score: 0.6110 | weighted f1-score: 0.5674
The epoch: 7 | phase: test | loss: 0.3339 | accuracy: 0.9137 | mean f1-score: 0.9159 | weighted f1-score: 0.9140
Epoch 7 completed in 0m 2s
Epoch 8/149
----------
The epoch: 8 | phase: train | loss: 0.1433 | accuracy: 0.9545 | mean f1-score: 0.9658 | weighted f1-score: 0.9545
The epoch: 8 | phase: val | loss: 1.7414 | accuracy: 0.5088 | mean f1-score: 0.5818 | weighted f1-score: 0.5405
The epoch: 8 | phase: test | loss: 0.3157 | accuracy: 0.9281 | mean f1-score: 0.9431 | weighted f1-score: 0.9281
Epoch 8 completed in 0m 2s
Epoch 9/149
----------
The epoch: 9 | phase: train | loss: 0.1221 | accuracy: 0.9601 | mean f1-score: 0.9691 | weighted f1-score: 0.9601
The epoch: 9 | phase: val | loss: 1.6020 | accuracy: 0.5227 | mean f1-score: 0.5905 | weighted f1-score: 0.5406
The epoch: 9 | phase: test | loss: 0.3122 | accuracy: 0.9257 | mean f1-score: 0.9358 | weighted f1-score: 0.9258
Epoch 9 completed in 0m 2s
Epoch 10/149
----------
The epoch: 10 | phase: train | loss: 0.1242 | accuracy: 0.9605 | mean f1-score: 0.9716 | weighted f1-score: 0.9605
The epoch: 10 | phase: val | loss: 1.7326 | accuracy: 0.5338 | mean f1-score: 0.5905 | weighted f1-score: 0.5352
The epoch: 10 | phase: test | loss: 0.2763 | accuracy: 0.9338 | mean f1-score: 0.9345 | weighted f1-score: 0.9339
Epoch 10 completed in 0m 2s
Epoch 11/149
----------
The epoch: 11 | phase: train | loss: 0.1103 | accuracy: 0.9632 | mean f1-score: 0.9710 | weighted f1-score: 0.9632
The epoch: 11 | phase: val | loss: 1.5660 | accuracy: 0.5451 | mean f1-score: 0.6114 | weighted f1-score: 0.5610
The epoch: 11 | phase: test | loss: 0.2866 | accuracy: 0.9267 | mean f1-score: 0.9427 | weighted f1-score: 0.9267
Epoch 11 completed in 0m 2s
Epoch 12/149
----------
The epoch: 12 | phase: train | loss: 0.1134 | accuracy: 0.9622 | mean f1-score: 0.9723 | weighted f1-score: 0.9622
The epoch: 12 | phase: val | loss: 1.5314 | accuracy: 0.5476 | mean f1-score: 0.6121 | weighted f1-score: 0.5660
The epoch: 12 | phase: test | loss: 0.3273 | accuracy: 0.9281 | mean f1-score: 0.9440 | weighted f1-score: 0.9281
Epoch 12 completed in 0m 2s
Epoch 13/149
----------
The epoch: 13 | phase: train | loss: 0.1061 | accuracy: 0.9661 | mean f1-score: 0.9759 | weighted f1-score: 0.9661
The epoch: 13 | phase: val | loss: 1.6920 | accuracy: 0.5365 | mean f1-score: 0.5958 | weighted f1-score: 0.5481
The epoch: 13 | phase: test | loss: 0.2755 | accuracy: 0.9372 | mean f1-score: 0.9359 | weighted f1-score: 0.9372
Epoch 13 completed in 0m 2s
Epoch 14/149
----------
The epoch: 14 | phase: train | loss: 0.0952 | accuracy: 0.9694 | mean f1-score: 0.9784 | weighted f1-score: 0.9694
The epoch: 14 | phase: val | loss: 1.6571 | accuracy: 0.5586 | mean f1-score: 0.6181 | weighted f1-score: 0.5626
The epoch: 14 | phase: test | loss: 0.2858 | accuracy: 0.9300 | mean f1-score: 0.9198 | weighted f1-score: 0.9300
Epoch 14 completed in 0m 2s
Epoch 15/149
----------
The epoch: 15 | phase: train | loss: 0.0942 | accuracy: 0.9689 | mean f1-score: 0.9799 | weighted f1-score: 0.9689
The epoch: 15 | phase: val | loss: 2.1266 | accuracy: 0.5017 | mean f1-score: 0.5776 | weighted f1-score: 0.5210
The epoch: 15 | phase: test | loss: 0.3443 | accuracy: 0.9343 | mean f1-score: 0.9433 | weighted f1-score: 0.9343
Epoch 15 completed in 0m 2s
Epoch 16/149
----------
The epoch: 16 | phase: train | loss: 0.0919 | accuracy: 0.9705 | mean f1-score: 0.9799 | weighted f1-score: 0.9705
The epoch: 16 | phase: val | loss: 2.0972 | accuracy: 0.5156 | mean f1-score: 0.5709 | weighted f1-score: 0.5198
The epoch: 16 | phase: test | loss: 0.4479 | accuracy: 0.8998 | mean f1-score: 0.9058 | weighted f1-score: 0.8995
Epoch 16 completed in 0m 2s
Epoch 17/149
----------
The epoch: 17 | phase: train | loss: 0.0965 | accuracy: 0.9697 | mean f1-score: 0.9811 | weighted f1-score: 0.9697
The epoch: 17 | phase: val | loss: 1.6467 | accuracy: 0.5742 | mean f1-score: 0.6229 | weighted f1-score: 0.5705
The epoch: 17 | phase: test | loss: 0.2899 | accuracy: 0.9382 | mean f1-score: 0.9266 | weighted f1-score: 0.9383
Epoch 17 completed in 0m 2s
Epoch 18/149
----------
The epoch: 18 | phase: train | loss: 0.0780 | accuracy: 0.9730 | mean f1-score: 0.9825 | weighted f1-score: 0.9730
The epoch: 18 | phase: val | loss: 1.9626 | accuracy: 0.5504 | mean f1-score: 0.6124 | weighted f1-score: 0.5637
The epoch: 18 | phase: test | loss: 0.3034 | accuracy: 0.9348 | mean f1-score: 0.9385 | weighted f1-score: 0.9350
Epoch 18 completed in 0m 2s
Epoch 19/149
----------
The epoch: 19 | phase: train | loss: 0.0829 | accuracy: 0.9729 | mean f1-score: 0.9818 | weighted f1-score: 0.9729
The epoch: 19 | phase: val | loss: 2.4632 | accuracy: 0.5028 | mean f1-score: 0.5723 | weighted f1-score: 0.5180
The epoch: 19 | phase: test | loss: 0.3910 | accuracy: 0.8830 | mean f1-score: 0.9118 | weighted f1-score: 0.8820
Epoch 19 completed in 0m 2s
Epoch 20/149
----------
The epoch: 20 | phase: train | loss: 0.0849 | accuracy: 0.9717 | mean f1-score: 0.9801 | weighted f1-score: 0.9717
The epoch: 20 | phase: val | loss: 1.9914 | accuracy: 0.5549 | mean f1-score: 0.6066 | weighted f1-score: 0.5525
The epoch: 20 | phase: test | loss: 0.2885 | accuracy: 0.9372 | mean f1-score: 0.9310 | weighted f1-score: 0.9372
Epoch 20 completed in 0m 2s
Epoch 21/149
----------
The epoch: 21 | phase: train | loss: 0.0784 | accuracy: 0.9744 | mean f1-score: 0.9829 | weighted f1-score: 0.9744
The epoch: 21 | phase: val | loss: 2.1188 | accuracy: 0.5433 | mean f1-score: 0.6109 | weighted f1-score: 0.5488
The epoch: 21 | phase: test | loss: 0.3128 | accuracy: 0.9377 | mean f1-score: 0.9452 | weighted f1-score: 0.9377
Epoch 21 completed in 0m 2s
Epoch 22/149
----------
The epoch: 22 | phase: train | loss: 0.0796 | accuracy: 0.9737 | mean f1-score: 0.9827 | weighted f1-score: 0.9737
The epoch: 22 | phase: val | loss: 2.0457 | accuracy: 0.5730 | mean f1-score: 0.6294 | weighted f1-score: 0.5677
The epoch: 22 | phase: test | loss: 0.3186 | accuracy: 0.9324 | mean f1-score: 0.9223 | weighted f1-score: 0.9329
Epoch 22 completed in 0m 2s
Epoch 23/149
----------
The epoch: 23 | phase: train | loss: 0.0730 | accuracy: 0.9763 | mean f1-score: 0.9839 | weighted f1-score: 0.9763
The epoch: 23 | phase: val | loss: 2.0207 | accuracy: 0.5442 | mean f1-score: 0.6091 | weighted f1-score: 0.5443
The epoch: 23 | phase: test | loss: 0.3045 | accuracy: 0.9406 | mean f1-score: 0.9343 | weighted f1-score: 0.9407
Epoch 23 completed in 0m 2s
Epoch 24/149
----------
The epoch: 24 | phase: train | loss: 0.0716 | accuracy: 0.9779 | mean f1-score: 0.9862 | weighted f1-score: 0.9779
The epoch: 24 | phase: val | loss: 2.0827 | accuracy: 0.5662 | mean f1-score: 0.6256 | weighted f1-score: 0.5751
The epoch: 24 | phase: test | loss: 0.3020 | accuracy: 0.9458 | mean f1-score: 0.9491 | weighted f1-score: 0.9459
Epoch 24 completed in 0m 2s
Epoch 25/149
----------
The epoch: 25 | phase: train | loss: 0.0656 | accuracy: 0.9781 | mean f1-score: 0.9858 | weighted f1-score: 0.9781
The epoch: 25 | phase: val | loss: 2.1078 | accuracy: 0.5473 | mean f1-score: 0.6116 | weighted f1-score: 0.5608
The epoch: 25 | phase: test | loss: 0.2901 | accuracy: 0.9410 | mean f1-score: 0.9448 | weighted f1-score: 0.9411
Epoch 25 completed in 0m 1s
Epoch 26/149
----------
The epoch: 26 | phase: train | loss: 0.0680 | accuracy: 0.9784 | mean f1-score: 0.9863 | weighted f1-score: 0.9784
The epoch: 26 | phase: val | loss: 2.2817 | accuracy: 0.5260 | mean f1-score: 0.5925 | weighted f1-score: 0.5351
The epoch: 26 | phase: test | loss: 0.2630 | accuracy: 0.9338 | mean f1-score: 0.9478 | weighted f1-score: 0.9339
Epoch 26 completed in 0m 1s
Epoch 27/149
----------
The epoch: 27 | phase: train | loss: 0.0654 | accuracy: 0.9792 | mean f1-score: 0.9876 | weighted f1-score: 0.9792
The epoch: 27 | phase: val | loss: 2.0706 | accuracy: 0.5686 | mean f1-score: 0.6296 | weighted f1-score: 0.5725
The epoch: 27 | phase: test | loss: 0.2861 | accuracy: 0.9468 | mean f1-score: 0.9511 | weighted f1-score: 0.9469
Epoch 27 completed in 0m 2s
Epoch 28/149
----------
The epoch: 28 | phase: train | loss: 0.0589 | accuracy: 0.9813 | mean f1-score: 0.9893 | weighted f1-score: 0.9813
The epoch: 28 | phase: val | loss: 1.9875 | accuracy: 0.5622 | mean f1-score: 0.6216 | weighted f1-score: 0.5629
The epoch: 28 | phase: test | loss: 0.3356 | accuracy: 0.9372 | mean f1-score: 0.9376 | weighted f1-score: 0.9373
Epoch 28 completed in 0m 1s
Epoch 29/149
----------
The epoch: 29 | phase: train | loss: 0.0611 | accuracy: 0.9799 | mean f1-score: 0.9880 | weighted f1-score: 0.9799
The epoch: 29 | phase: val | loss: 2.2085 | accuracy: 0.5416 | mean f1-score: 0.6054 | weighted f1-score: 0.5448
The epoch: 29 | phase: test | loss: 0.3089 | accuracy: 0.9362 | mean f1-score: 0.9426 | weighted f1-score: 0.9363
Epoch 29 completed in 0m 1s
Epoch 30/149
----------
The epoch: 30 | phase: train | loss: 0.0602 | accuracy: 0.9797 | mean f1-score: 0.9873 | weighted f1-score: 0.9797
The epoch: 30 | phase: val | loss: 2.2039 | accuracy: 0.5582 | mean f1-score: 0.6140 | weighted f1-score: 0.5610
The epoch: 30 | phase: test | loss: 0.3681 | accuracy: 0.9104 | mean f1-score: 0.9252 | weighted f1-score: 0.9104
Epoch 30 completed in 0m 2s
Epoch 31/149
----------
The epoch: 31 | phase: train | loss: 0.0583 | accuracy: 0.9814 | mean f1-score: 0.9891 | weighted f1-score: 0.9814
The epoch: 31 | phase: val | loss: 2.1129 | accuracy: 0.5515 | mean f1-score: 0.6174 | weighted f1-score: 0.5660
The epoch: 31 | phase: test | loss: 0.2904 | accuracy: 0.9511 | mean f1-score: 0.9539 | weighted f1-score: 0.9511
Epoch 31 completed in 0m 2s
Epoch 32/149
----------
The epoch: 32 | phase: train | loss: 0.0552 | accuracy: 0.9809 | mean f1-score: 0.9888 | weighted f1-score: 0.9809
The epoch: 32 | phase: val | loss: 2.2572 | accuracy: 0.5476 | mean f1-score: 0.6082 | weighted f1-score: 0.5485
The epoch: 32 | phase: test | loss: 0.3031 | accuracy: 0.9406 | mean f1-score: 0.9309 | weighted f1-score: 0.9409
Epoch 32 completed in 0m 2s
Epoch 33/149
----------
The epoch: 33 | phase: train | loss: 0.0522 | accuracy: 0.9820 | mean f1-score: 0.9887 | weighted f1-score: 0.9820
The epoch: 33 | phase: val | loss: 2.0212 | accuracy: 0.5875 | mean f1-score: 0.6518 | weighted f1-score: 0.5940
The epoch: 33 | phase: test | loss: 0.3239 | accuracy: 0.9396 | mean f1-score: 0.9320 | weighted f1-score: 0.9398
Epoch 33 completed in 0m 2s
Epoch 34/149
----------
The epoch: 34 | phase: train | loss: 0.0511 | accuracy: 0.9824 | mean f1-score: 0.9903 | weighted f1-score: 0.9824
The epoch: 34 | phase: val | loss: 2.2462 | accuracy: 0.5675 | mean f1-score: 0.6236 | weighted f1-score: 0.5823
The epoch: 34 | phase: test | loss: 0.3011 | accuracy: 0.9343 | mean f1-score: 0.9464 | weighted f1-score: 0.9343
Epoch 34 completed in 0m 2s
Epoch 35/149
----------
The epoch: 35 | phase: train | loss: 0.0533 | accuracy: 0.9809 | mean f1-score: 0.9882 | weighted f1-score: 0.9809
The epoch: 35 | phase: val | loss: 2.2984 | accuracy: 0.5436 | mean f1-score: 0.5977 | weighted f1-score: 0.5462
The epoch: 35 | phase: test | loss: 0.3390 | accuracy: 0.9453 | mean f1-score: 0.9446 | weighted f1-score: 0.9454
Epoch 35 completed in 0m 2s
Epoch 36/149
----------
The epoch: 36 | phase: train | loss: 0.0489 | accuracy: 0.9833 | mean f1-score: 0.9904 | weighted f1-score: 0.9833
The epoch: 36 | phase: val | loss: 2.2020 | accuracy: 0.5456 | mean f1-score: 0.6050 | weighted f1-score: 0.5509
The epoch: 36 | phase: test | loss: 0.3215 | accuracy: 0.9377 | mean f1-score: 0.9523 | weighted f1-score: 0.9377
Epoch 36 completed in 0m 2s
Epoch 37/149
----------
The epoch: 37 | phase: train | loss: 0.0462 | accuracy: 0.9841 | mean f1-score: 0.9905 | weighted f1-score: 0.9841
The epoch: 37 | phase: val | loss: 2.1380 | accuracy: 0.5773 | mean f1-score: 0.6348 | weighted f1-score: 0.5773
The epoch: 37 | phase: test | loss: 0.3138 | accuracy: 0.9449 | mean f1-score: 0.9480 | weighted f1-score: 0.9450
Epoch 37 completed in 0m 2s
Epoch 38/149
----------
The epoch: 38 | phase: train | loss: 0.0506 | accuracy: 0.9826 | mean f1-score: 0.9889 | weighted f1-score: 0.9826
The epoch: 38 | phase: val | loss: 2.0629 | accuracy: 0.5715 | mean f1-score: 0.6234 | weighted f1-score: 0.5825
The epoch: 38 | phase: test | loss: 0.3343 | accuracy: 0.9477 | mean f1-score: 0.9418 | weighted f1-score: 0.9478
Epoch 38 completed in 0m 2s
Epoch 39/149
----------
The epoch: 39 | phase: train | loss: 0.0471 | accuracy: 0.9835 | mean f1-score: 0.9887 | weighted f1-score: 0.9835
The epoch: 39 | phase: val | loss: 2.2641 | accuracy: 0.5507 | mean f1-score: 0.6084 | weighted f1-score: 0.5669
The epoch: 39 | phase: test | loss: 0.3917 | accuracy: 0.9252 | mean f1-score: 0.9344 | weighted f1-score: 0.9250
Epoch 39 completed in 0m 2s
Epoch 40/149
----------
The epoch: 40 | phase: train | loss: 0.0520 | accuracy: 0.9825 | mean f1-score: 0.9888 | weighted f1-score: 0.9825
The epoch: 40 | phase: val | loss: 2.0916 | accuracy: 0.5586 | mean f1-score: 0.6191 | weighted f1-score: 0.5749
The epoch: 40 | phase: test | loss: 0.3307 | accuracy: 0.9463 | mean f1-score: 0.9552 | weighted f1-score: 0.9464
Epoch 40 completed in 0m 2s
Epoch 41/149
----------
The epoch: 41 | phase: train | loss: 0.0480 | accuracy: 0.9833 | mean f1-score: 0.9890 | weighted f1-score: 0.9833
The epoch: 41 | phase: val | loss: 2.4405 | accuracy: 0.5236 | mean f1-score: 0.5929 | weighted f1-score: 0.5445
The epoch: 41 | phase: test | loss: 0.2996 | accuracy: 0.9396 | mean f1-score: 0.9544 | weighted f1-score: 0.9396
Epoch 41 completed in 0m 2s
Epoch 42/149
----------
The epoch: 42 | phase: train | loss: 0.0425 | accuracy: 0.9860 | mean f1-score: 0.9921 | weighted f1-score: 0.9860
The epoch: 42 | phase: val | loss: 2.3049 | accuracy: 0.5460 | mean f1-score: 0.6074 | weighted f1-score: 0.5594
The epoch: 42 | phase: test | loss: 0.3367 | accuracy: 0.9453 | mean f1-score: 0.9543 | weighted f1-score: 0.9454
Epoch 42 completed in 0m 2s
Epoch 43/149
----------
The epoch: 43 | phase: train | loss: 0.0396 | accuracy: 0.9870 | mean f1-score: 0.9918 | weighted f1-score: 0.9870
The epoch: 43 | phase: val | loss: 2.4650 | accuracy: 0.5382 | mean f1-score: 0.6042 | weighted f1-score: 0.5542
The epoch: 43 | phase: test | loss: 0.3418 | accuracy: 0.9410 | mean f1-score: 0.9522 | weighted f1-score: 0.9411
Epoch 43 completed in 0m 2s
Epoch 44/149
----------
The epoch: 44 | phase: train | loss: 0.0394 | accuracy: 0.9878 | mean f1-score: 0.9930 | weighted f1-score: 0.9878
The epoch: 44 | phase: val | loss: 2.5951 | accuracy: 0.5329 | mean f1-score: 0.6010 | weighted f1-score: 0.5503
The epoch: 44 | phase: test | loss: 0.3624 | accuracy: 0.9434 | mean f1-score: 0.9522 | weighted f1-score: 0.9434
Epoch 44 completed in 0m 2s
Epoch 45/149
----------
The epoch: 45 | phase: train | loss: 0.0375 | accuracy: 0.9867 | mean f1-score: 0.9913 | weighted f1-score: 0.9867
The epoch: 45 | phase: val | loss: 2.4271 | accuracy: 0.5378 | mean f1-score: 0.6027 | weighted f1-score: 0.5507
The epoch: 45 | phase: test | loss: 0.3783 | accuracy: 0.9434 | mean f1-score: 0.9467 | weighted f1-score: 0.9434
Epoch 45 completed in 0m 2s
Epoch 46/149
----------
The epoch: 46 | phase: train | loss: 0.0388 | accuracy: 0.9857 | mean f1-score: 0.9911 | weighted f1-score: 0.9857
The epoch: 46 | phase: val | loss: 2.3941 | accuracy: 0.5342 | mean f1-score: 0.6008 | weighted f1-score: 0.5511
The epoch: 46 | phase: test | loss: 0.3247 | accuracy: 0.9406 | mean f1-score: 0.9510 | weighted f1-score: 0.9406
Epoch 46 completed in 0m 2s
Epoch 47/149
----------
The epoch: 47 | phase: train | loss: 0.0432 | accuracy: 0.9863 | mean f1-score: 0.9917 | weighted f1-score: 0.9863
The epoch: 47 | phase: val | loss: 2.1430 | accuracy: 0.5648 | mean f1-score: 0.6120 | weighted f1-score: 0.5615
The epoch: 47 | phase: test | loss: 0.3620 | accuracy: 0.9406 | mean f1-score: 0.9175 | weighted f1-score: 0.9404
Epoch 47 completed in 0m 2s
Epoch 48/149
----------
The epoch: 48 | phase: train | loss: 0.0345 | accuracy: 0.9879 | mean f1-score: 0.9928 | weighted f1-score: 0.9879
The epoch: 48 | phase: val | loss: 2.4105 | accuracy: 0.5476 | mean f1-score: 0.6040 | weighted f1-score: 0.5643
The epoch: 48 | phase: test | loss: 0.3314 | accuracy: 0.9382 | mean f1-score: 0.9483 | weighted f1-score: 0.9382
Epoch 48 completed in 0m 2s
Epoch 49/149
----------
The epoch: 49 | phase: train | loss: 0.0329 | accuracy: 0.9884 | mean f1-score: 0.9931 | weighted f1-score: 0.9884
The epoch: 49 | phase: val | loss: 2.2538 | accuracy: 0.5673 | mean f1-score: 0.6246 | weighted f1-score: 0.5697
The epoch: 49 | phase: test | loss: 0.3506 | accuracy: 0.9367 | mean f1-score: 0.9492 | weighted f1-score: 0.9367
Epoch 49 completed in 0m 2s
Epoch 50/149
----------
The epoch: 50 | phase: train | loss: 0.0346 | accuracy: 0.9889 | mean f1-score: 0.9938 | weighted f1-score: 0.9889
The epoch: 50 | phase: val | loss: 2.3151 | accuracy: 0.5600 | mean f1-score: 0.6188 | weighted f1-score: 0.5687
The epoch: 50 | phase: test | loss: 0.3591 | accuracy: 0.9415 | mean f1-score: 0.9533 | weighted f1-score: 0.9415
Epoch 50 completed in 0m 2s
Epoch 51/149
----------
The epoch: 51 | phase: train | loss: 0.0358 | accuracy: 0.9872 | mean f1-score: 0.9925 | weighted f1-score: 0.9872
The epoch: 51 | phase: val | loss: 2.2672 | accuracy: 0.5624 | mean f1-score: 0.6237 | weighted f1-score: 0.5752
The epoch: 51 | phase: test | loss: 0.3275 | accuracy: 0.9473 | mean f1-score: 0.9473 | weighted f1-score: 0.9473
Epoch 51 completed in 0m 1s
Epoch 52/149
----------
The epoch: 52 | phase: train | loss: 0.0324 | accuracy: 0.9888 | mean f1-score: 0.9936 | weighted f1-score: 0.9888
The epoch: 52 | phase: val | loss: 2.3615 | accuracy: 0.5626 | mean f1-score: 0.6229 | weighted f1-score: 0.5813
The epoch: 52 | phase: test | loss: 0.3564 | accuracy: 0.9449 | mean f1-score: 0.9607 | weighted f1-score: 0.9449
Epoch 52 completed in 0m 2s
Epoch 53/149
----------
The epoch: 53 | phase: train | loss: 0.0318 | accuracy: 0.9893 | mean f1-score: 0.9936 | weighted f1-score: 0.9893
The epoch: 53 | phase: val | loss: 2.2816 | accuracy: 0.5513 | mean f1-score: 0.6092 | weighted f1-score: 0.5686
The epoch: 53 | phase: test | loss: 0.3731 | accuracy: 0.9425 | mean f1-score: 0.9477 | weighted f1-score: 0.9424
Epoch 53 completed in 0m 2s
Epoch 54/149
----------
The epoch: 54 | phase: train | loss: 0.0340 | accuracy: 0.9893 | mean f1-score: 0.9935 | weighted f1-score: 0.9893
The epoch: 54 | phase: val | loss: 2.5672 | accuracy: 0.5367 | mean f1-score: 0.5996 | weighted f1-score: 0.5531
The epoch: 54 | phase: test | loss: 0.3791 | accuracy: 0.9449 | mean f1-score: 0.9503 | weighted f1-score: 0.9449
Epoch 54 completed in 0m 2s
Epoch 55/149
----------
The epoch: 55 | phase: train | loss: 0.0300 | accuracy: 0.9896 | mean f1-score: 0.9935 | weighted f1-score: 0.9896
The epoch: 55 | phase: val | loss: 2.5244 | accuracy: 0.5425 | mean f1-score: 0.6043 | weighted f1-score: 0.5543
The epoch: 55 | phase: test | loss: 0.3568 | accuracy: 0.9463 | mean f1-score: 0.9534 | weighted f1-score: 0.9463
Epoch 55 completed in 0m 2s
Epoch 56/149
----------
The epoch: 56 | phase: train | loss: 0.0316 | accuracy: 0.9892 | mean f1-score: 0.9937 | weighted f1-score: 0.9892
The epoch: 56 | phase: val | loss: 2.6690 | accuracy: 0.5460 | mean f1-score: 0.6094 | weighted f1-score: 0.5546
The epoch: 56 | phase: test | loss: 0.3475 | accuracy: 0.9511 | mean f1-score: 0.9604 | weighted f1-score: 0.9511
Epoch 56 completed in 0m 2s
Epoch 57/149
----------
The epoch: 57 | phase: train | loss: 0.0271 | accuracy: 0.9903 | mean f1-score: 0.9944 | weighted f1-score: 0.9903
The epoch: 57 | phase: val | loss: 2.3604 | accuracy: 0.5662 | mean f1-score: 0.6224 | weighted f1-score: 0.5817
The epoch: 57 | phase: test | loss: 0.3450 | accuracy: 0.9377 | mean f1-score: 0.9545 | weighted f1-score: 0.9377
Epoch 57 completed in 0m 2s
Epoch 58/149
----------
The epoch: 58 | phase: train | loss: 0.0244 | accuracy: 0.9917 | mean f1-score: 0.9951 | weighted f1-score: 0.9917
The epoch: 58 | phase: val | loss: 2.3769 | accuracy: 0.5518 | mean f1-score: 0.6046 | weighted f1-score: 0.5536
The epoch: 58 | phase: test | loss: 0.3667 | accuracy: 0.9439 | mean f1-score: 0.9550 | weighted f1-score: 0.9439
Epoch 58 completed in 0m 3s
Epoch 59/149
----------
The epoch: 59 | phase: train | loss: 0.0219 | accuracy: 0.9930 | mean f1-score: 0.9957 | weighted f1-score: 0.9930
The epoch: 59 | phase: val | loss: 2.2519 | accuracy: 0.5799 | mean f1-score: 0.6351 | weighted f1-score: 0.5852
The epoch: 59 | phase: test | loss: 0.3587 | accuracy: 0.9444 | mean f1-score: 0.9409 | weighted f1-score: 0.9444
Epoch 59 completed in 0m 3s
Epoch 60/149
----------
The epoch: 60 | phase: train | loss: 0.0281 | accuracy: 0.9902 | mean f1-score: 0.9937 | weighted f1-score: 0.9902
The epoch: 60 | phase: val | loss: 2.3995 | accuracy: 0.5531 | mean f1-score: 0.6129 | weighted f1-score: 0.5636
The epoch: 60 | phase: test | loss: 0.3785 | accuracy: 0.9473 | mean f1-score: 0.9517 | weighted f1-score: 0.9473
Epoch 60 completed in 0m 2s
Epoch 61/149
----------
The epoch: 61 | phase: train | loss: 0.0232 | accuracy: 0.9924 | mean f1-score: 0.9953 | weighted f1-score: 0.9924
The epoch: 61 | phase: val | loss: 2.6878 | accuracy: 0.5252 | mean f1-score: 0.5894 | weighted f1-score: 0.5378
The epoch: 61 | phase: test | loss: 0.3632 | accuracy: 0.9415 | mean f1-score: 0.9492 | weighted f1-score: 0.9415
Epoch 61 completed in 0m 2s
Epoch 62/149
----------
The epoch: 62 | phase: train | loss: 0.0251 | accuracy: 0.9909 | mean f1-score: 0.9944 | weighted f1-score: 0.9909
The epoch: 62 | phase: val | loss: 2.4561 | accuracy: 0.5575 | mean f1-score: 0.6091 | weighted f1-score: 0.5636
The epoch: 62 | phase: test | loss: 0.3569 | accuracy: 0.9401 | mean f1-score: 0.9506 | weighted f1-score: 0.9401
Epoch 62 completed in 0m 3s
Epoch 63/149
----------
The epoch: 63 | phase: train | loss: 0.0233 | accuracy: 0.9915 | mean f1-score: 0.9949 | weighted f1-score: 0.9915
The epoch: 63 | phase: val | loss: 2.3683 | accuracy: 0.5504 | mean f1-score: 0.6041 | weighted f1-score: 0.5550
The epoch: 63 | phase: test | loss: 0.3604 | accuracy: 0.9449 | mean f1-score: 0.9462 | weighted f1-score: 0.9449
Epoch 63 completed in 0m 3s
Epoch 64/149
----------
The epoch: 64 | phase: train | loss: 0.0236 | accuracy: 0.9930 | mean f1-score: 0.9947 | weighted f1-score: 0.9930
The epoch: 64 | phase: val | loss: 2.3630 | accuracy: 0.5580 | mean f1-score: 0.5988 | weighted f1-score: 0.5552
The epoch: 64 | phase: test | loss: 0.3512 | accuracy: 0.9434 | mean f1-score: 0.9362 | weighted f1-score: 0.9435
Epoch 64 completed in 0m 2s
Epoch 65/149
----------
The epoch: 65 | phase: train | loss: 0.0342 | accuracy: 0.9888 | mean f1-score: 0.9930 | weighted f1-score: 0.9888
The epoch: 65 | phase: val | loss: 1.9760 | accuracy: 0.5983 | mean f1-score: 0.6430 | weighted f1-score: 0.6065
The epoch: 65 | phase: test | loss: 0.3660 | accuracy: 0.9525 | mean f1-score: 0.9562 | weighted f1-score: 0.9526
Epoch 65 completed in 0m 3s
Epoch 66/149
----------
The epoch: 66 | phase: train | loss: 0.0217 | accuracy: 0.9938 | mean f1-score: 0.9961 | weighted f1-score: 0.9938
The epoch: 66 | phase: val | loss: 2.0332 | accuracy: 0.5934 | mean f1-score: 0.6386 | weighted f1-score: 0.5937
The epoch: 66 | phase: test | loss: 0.3776 | accuracy: 0.9430 | mean f1-score: 0.9386 | weighted f1-score: 0.9432
Epoch 66 completed in 0m 2s
Epoch 67/149
----------
The epoch: 67 | phase: train | loss: 0.0168 | accuracy: 0.9942 | mean f1-score: 0.9966 | weighted f1-score: 0.9942
The epoch: 67 | phase: val | loss: 2.4055 | accuracy: 0.5597 | mean f1-score: 0.6179 | weighted f1-score: 0.5768
The epoch: 67 | phase: test | loss: 0.3706 | accuracy: 0.9482 | mean f1-score: 0.9594 | weighted f1-score: 0.9482
Epoch 67 completed in 0m 3s
Epoch 68/149
----------
The epoch: 68 | phase: train | loss: 0.0180 | accuracy: 0.9944 | mean f1-score: 0.9962 | weighted f1-score: 0.9944
The epoch: 68 | phase: val | loss: 2.3353 | accuracy: 0.5546 | mean f1-score: 0.6119 | weighted f1-score: 0.5670
The epoch: 68 | phase: test | loss: 0.3378 | accuracy: 0.9453 | mean f1-score: 0.9546 | weighted f1-score: 0.9454
Epoch 68 completed in 0m 2s
Epoch 69/149
----------
The epoch: 69 | phase: train | loss: 0.0212 | accuracy: 0.9931 | mean f1-score: 0.9957 | weighted f1-score: 0.9931
The epoch: 69 | phase: val | loss: 2.2518 | accuracy: 0.5901 | mean f1-score: 0.6360 | weighted f1-score: 0.5903
The epoch: 69 | phase: test | loss: 0.4410 | accuracy: 0.9353 | mean f1-score: 0.9283 | weighted f1-score: 0.9355
Epoch 69 completed in 0m 2s
Epoch 70/149
----------
The epoch: 70 | phase: train | loss: 0.0223 | accuracy: 0.9919 | mean f1-score: 0.9955 | weighted f1-score: 0.9919
The epoch: 70 | phase: val | loss: 2.1287 | accuracy: 0.5948 | mean f1-score: 0.6406 | weighted f1-score: 0.6034
The epoch: 70 | phase: test | loss: 0.3412 | accuracy: 0.9482 | mean f1-score: 0.9562 | weighted f1-score: 0.9483
Epoch 70 completed in 0m 2s
Epoch 71/149
----------
The epoch: 71 | phase: train | loss: 0.0237 | accuracy: 0.9908 | mean f1-score: 0.9944 | weighted f1-score: 0.9908
The epoch: 71 | phase: val | loss: 2.3381 | accuracy: 0.5708 | mean f1-score: 0.6215 | weighted f1-score: 0.5822
The epoch: 71 | phase: test | loss: 0.3525 | accuracy: 0.9477 | mean f1-score: 0.9536 | weighted f1-score: 0.9479
Epoch 71 completed in 0m 3s
Epoch 72/149
----------
The epoch: 72 | phase: train | loss: 0.0283 | accuracy: 0.9904 | mean f1-score: 0.9931 | weighted f1-score: 0.9904
The epoch: 72 | phase: val | loss: 2.6601 | accuracy: 0.5331 | mean f1-score: 0.5959 | weighted f1-score: 0.5512
The epoch: 72 | phase: test | loss: 0.4099 | accuracy: 0.9439 | mean f1-score: 0.9542 | weighted f1-score: 0.9439
Epoch 72 completed in 0m 3s
Epoch 73/149
----------
The epoch: 73 | phase: train | loss: 0.0222 | accuracy: 0.9929 | mean f1-score: 0.9947 | weighted f1-score: 0.9929
The epoch: 73 | phase: val | loss: 2.4999 | accuracy: 0.5456 | mean f1-score: 0.6105 | weighted f1-score: 0.5677
The epoch: 73 | phase: test | loss: 0.3585 | accuracy: 0.9439 | mean f1-score: 0.9591 | weighted f1-score: 0.9439
Epoch 73 completed in 0m 3s
Epoch 74/149
----------
The epoch: 74 | phase: train | loss: 0.0201 | accuracy: 0.9926 | mean f1-score: 0.9950 | weighted f1-score: 0.9926
The epoch: 74 | phase: val | loss: 2.4182 | accuracy: 0.5467 | mean f1-score: 0.6047 | weighted f1-score: 0.5610
The epoch: 74 | phase: test | loss: 0.3716 | accuracy: 0.9439 | mean f1-score: 0.9540 | weighted f1-score: 0.9439
Epoch 74 completed in 0m 2s
Epoch 75/149
----------
The epoch: 75 | phase: train | loss: 0.0163 | accuracy: 0.9946 | mean f1-score: 0.9969 | weighted f1-score: 0.9946
The epoch: 75 | phase: val | loss: 2.4407 | accuracy: 0.5464 | mean f1-score: 0.6067 | weighted f1-score: 0.5700
The epoch: 75 | phase: test | loss: 0.4024 | accuracy: 0.9415 | mean f1-score: 0.9553 | weighted f1-score: 0.9415
Epoch 75 completed in 0m 3s
Epoch 76/149
----------
The epoch: 76 | phase: train | loss: 0.0158 | accuracy: 0.9944 | mean f1-score: 0.9958 | weighted f1-score: 0.9944
The epoch: 76 | phase: val | loss: 2.4563 | accuracy: 0.5402 | mean f1-score: 0.5950 | weighted f1-score: 0.5558
The epoch: 76 | phase: test | loss: 0.4183 | accuracy: 0.9310 | mean f1-score: 0.9476 | weighted f1-score: 0.9309
Epoch 76 completed in 0m 2s
Epoch 77/149
----------
The epoch: 77 | phase: train | loss: 0.0134 | accuracy: 0.9950 | mean f1-score: 0.9971 | weighted f1-score: 0.9950
The epoch: 77 | phase: val | loss: 2.4140 | accuracy: 0.5589 | mean f1-score: 0.6118 | weighted f1-score: 0.5669
The epoch: 77 | phase: test | loss: 0.4014 | accuracy: 0.9434 | mean f1-score: 0.9525 | weighted f1-score: 0.9434
Epoch 77 completed in 0m 2s
Epoch 78/149
----------
The epoch: 78 | phase: train | loss: 0.0177 | accuracy: 0.9936 | mean f1-score: 0.9959 | weighted f1-score: 0.9936
The epoch: 78 | phase: val | loss: 2.3293 | accuracy: 0.5580 | mean f1-score: 0.6128 | weighted f1-score: 0.5744
The epoch: 78 | phase: test | loss: 0.4274 | accuracy: 0.9343 | mean f1-score: 0.9487 | weighted f1-score: 0.9343
Epoch 78 completed in 0m 2s
Epoch 79/149
----------
The epoch: 79 | phase: train | loss: 0.0140 | accuracy: 0.9958 | mean f1-score: 0.9978 | weighted f1-score: 0.9958
The epoch: 79 | phase: val | loss: 2.1500 | accuracy: 0.5826 | mean f1-score: 0.6260 | weighted f1-score: 0.5928
The epoch: 79 | phase: test | loss: 0.3775 | accuracy: 0.9430 | mean f1-score: 0.9553 | weighted f1-score: 0.9430
Epoch 79 completed in 0m 2s
Epoch 80/149
----------
The epoch: 80 | phase: train | loss: 0.0121 | accuracy: 0.9961 | mean f1-score: 0.9978 | weighted f1-score: 0.9961
The epoch: 80 | phase: val | loss: 2.2426 | accuracy: 0.5737 | mean f1-score: 0.6177 | weighted f1-score: 0.5802
The epoch: 80 | phase: test | loss: 0.3894 | accuracy: 0.9420 | mean f1-score: 0.9522 | weighted f1-score: 0.9420
Epoch 80 completed in 0m 2s
Epoch 81/149
----------
The epoch: 81 | phase: train | loss: 0.0133 | accuracy: 0.9955 | mean f1-score: 0.9971 | weighted f1-score: 0.9955
The epoch: 81 | phase: val | loss: 2.2141 | accuracy: 0.5846 | mean f1-score: 0.6265 | weighted f1-score: 0.5961
The epoch: 81 | phase: test | loss: 0.3955 | accuracy: 0.9420 | mean f1-score: 0.9497 | weighted f1-score: 0.9420
Epoch 81 completed in 0m 2s
Epoch 82/149
----------
The epoch: 82 | phase: train | loss: 0.0120 | accuracy: 0.9959 | mean f1-score: 0.9976 | weighted f1-score: 0.9959
The epoch: 82 | phase: val | loss: 2.2841 | accuracy: 0.5735 | mean f1-score: 0.6176 | weighted f1-score: 0.5823
The epoch: 82 | phase: test | loss: 0.3807 | accuracy: 0.9444 | mean f1-score: 0.9550 | weighted f1-score: 0.9444
Epoch 82 completed in 0m 3s
Epoch 83/149
----------
The epoch: 83 | phase: train | loss: 0.0107 | accuracy: 0.9962 | mean f1-score: 0.9980 | weighted f1-score: 0.9962
The epoch: 83 | phase: val | loss: 2.3920 | accuracy: 0.5606 | mean f1-score: 0.6141 | weighted f1-score: 0.5809
The epoch: 83 | phase: test | loss: 0.3893 | accuracy: 0.9386 | mean f1-score: 0.9578 | weighted f1-score: 0.9386
Epoch 83 completed in 0m 3s
Epoch 84/149
----------
The epoch: 84 | phase: train | loss: 0.0131 | accuracy: 0.9949 | mean f1-score: 0.9970 | weighted f1-score: 0.9949
The epoch: 84 | phase: val | loss: 2.1659 | accuracy: 0.5930 | mean f1-score: 0.6402 | weighted f1-score: 0.5976
The epoch: 84 | phase: test | loss: 0.3853 | accuracy: 0.9415 | mean f1-score: 0.9521 | weighted f1-score: 0.9416
Epoch 84 completed in 0m 3s
Epoch 85/149
----------
The epoch: 85 | phase: train | loss: 0.0120 | accuracy: 0.9966 | mean f1-score: 0.9979 | weighted f1-score: 0.9966
The epoch: 85 | phase: val | loss: 2.3627 | accuracy: 0.5642 | mean f1-score: 0.6162 | weighted f1-score: 0.5779
The epoch: 85 | phase: test | loss: 0.3841 | accuracy: 0.9477 | mean f1-score: 0.9573 | weighted f1-score: 0.9478
Epoch 85 completed in 0m 3s
Epoch 86/149
----------
The epoch: 86 | phase: train | loss: 0.0147 | accuracy: 0.9955 | mean f1-score: 0.9974 | weighted f1-score: 0.9955
The epoch: 86 | phase: val | loss: 2.2800 | accuracy: 0.5788 | mean f1-score: 0.6242 | weighted f1-score: 0.5834
The epoch: 86 | phase: test | loss: 0.3923 | accuracy: 0.9425 | mean f1-score: 0.9469 | weighted f1-score: 0.9425
Epoch 86 completed in 0m 3s
Epoch 87/149
----------
The epoch: 87 | phase: train | loss: 0.0126 | accuracy: 0.9958 | mean f1-score: 0.9978 | weighted f1-score: 0.9958
The epoch: 87 | phase: val | loss: 2.4792 | accuracy: 0.5691 | mean f1-score: 0.6169 | weighted f1-score: 0.5772
The epoch: 87 | phase: test | loss: 0.4223 | accuracy: 0.9401 | mean f1-score: 0.9432 | weighted f1-score: 0.9401
Epoch 87 completed in 0m 3s
Epoch 88/149
----------
The epoch: 88 | phase: train | loss: 0.0138 | accuracy: 0.9952 | mean f1-score: 0.9975 | weighted f1-score: 0.9952
The epoch: 88 | phase: val | loss: 2.5923 | accuracy: 0.5522 | mean f1-score: 0.6044 | weighted f1-score: 0.5656
The epoch: 88 | phase: test | loss: 0.3684 | accuracy: 0.9458 | mean f1-score: 0.9517 | weighted f1-score: 0.9459
Epoch 88 completed in 0m 2s
Epoch 89/149
----------
The epoch: 89 | phase: train | loss: 0.0146 | accuracy: 0.9954 | mean f1-score: 0.9974 | weighted f1-score: 0.9954
The epoch: 89 | phase: val | loss: 2.6408 | accuracy: 0.5464 | mean f1-score: 0.6038 | weighted f1-score: 0.5626
The epoch: 89 | phase: test | loss: 0.3734 | accuracy: 0.9477 | mean f1-score: 0.9500 | weighted f1-score: 0.9478
Epoch 89 completed in 0m 3s
Epoch 90/149
----------
The epoch: 90 | phase: train | loss: 0.0093 | accuracy: 0.9965 | mean f1-score: 0.9976 | weighted f1-score: 0.9965
The epoch: 90 | phase: val | loss: 2.7781 | accuracy: 0.5393 | mean f1-score: 0.6038 | weighted f1-score: 0.5605
The epoch: 90 | phase: test | loss: 0.4294 | accuracy: 0.9406 | mean f1-score: 0.9444 | weighted f1-score: 0.9405
Epoch 90 completed in 0m 3s
Epoch 91/149
----------
The epoch: 91 | phase: train | loss: 0.0107 | accuracy: 0.9962 | mean f1-score: 0.9980 | weighted f1-score: 0.9962
The epoch: 91 | phase: val | loss: 2.5998 | accuracy: 0.5682 | mean f1-score: 0.6267 | weighted f1-score: 0.5847
The epoch: 91 | phase: test | loss: 0.3814 | accuracy: 0.9453 | mean f1-score: 0.9462 | weighted f1-score: 0.9454
Epoch 91 completed in 0m 3s
Epoch 92/149
----------
The epoch: 92 | phase: train | loss: 0.0165 | accuracy: 0.9948 | mean f1-score: 0.9970 | weighted f1-score: 0.9948
The epoch: 92 | phase: val | loss: 2.6787 | accuracy: 0.5438 | mean f1-score: 0.6046 | weighted f1-score: 0.5610
The epoch: 92 | phase: test | loss: 0.4014 | accuracy: 0.9358 | mean f1-score: 0.9519 | weighted f1-score: 0.9358
Epoch 92 completed in 0m 3s
Epoch 93/149
----------
The epoch: 93 | phase: train | loss: 0.0149 | accuracy: 0.9957 | mean f1-score: 0.9973 | weighted f1-score: 0.9957
The epoch: 93 | phase: val | loss: 2.7078 | accuracy: 0.5482 | mean f1-score: 0.6106 | weighted f1-score: 0.5698
The epoch: 93 | phase: test | loss: 0.3940 | accuracy: 0.9410 | mean f1-score: 0.9521 | weighted f1-score: 0.9411
Epoch 93 completed in 0m 3s
Epoch 94/149
----------
The epoch: 94 | phase: train | loss: 0.0096 | accuracy: 0.9957 | mean f1-score: 0.9974 | weighted f1-score: 0.9957
The epoch: 94 | phase: val | loss: 2.5110 | accuracy: 0.5631 | mean f1-score: 0.6138 | weighted f1-score: 0.5734
The epoch: 94 | phase: test | loss: 0.3891 | accuracy: 0.9401 | mean f1-score: 0.9475 | weighted f1-score: 0.9401
Epoch 94 completed in 0m 3s
Epoch 95/149
----------
The epoch: 95 | phase: train | loss: 0.0127 | accuracy: 0.9960 | mean f1-score: 0.9973 | weighted f1-score: 0.9960
The epoch: 95 | phase: val | loss: 2.5811 | accuracy: 0.5482 | mean f1-score: 0.6069 | weighted f1-score: 0.5629
The epoch: 95 | phase: test | loss: 0.3829 | accuracy: 0.9468 | mean f1-score: 0.9545 | weighted f1-score: 0.9468
Epoch 95 completed in 0m 3s
Epoch 96/149
----------
The epoch: 96 | phase: train | loss: 0.0144 | accuracy: 0.9948 | mean f1-score: 0.9968 | weighted f1-score: 0.9948
The epoch: 96 | phase: val | loss: 2.4591 | accuracy: 0.5642 | mean f1-score: 0.6106 | weighted f1-score: 0.5679
The epoch: 96 | phase: test | loss: 0.4575 | accuracy: 0.9382 | mean f1-score: 0.9475 | weighted f1-score: 0.9382
Epoch 96 completed in 0m 3s
Epoch 97/149
----------
The epoch: 97 | phase: train | loss: 0.0100 | accuracy: 0.9966 | mean f1-score: 0.9980 | weighted f1-score: 0.9966
The epoch: 97 | phase: val | loss: 2.4619 | accuracy: 0.5722 | mean f1-score: 0.6264 | weighted f1-score: 0.5878
The epoch: 97 | phase: test | loss: 0.3873 | accuracy: 0.9468 | mean f1-score: 0.9535 | weighted f1-score: 0.9468
Epoch 97 completed in 0m 3s
Epoch 98/149
----------
The epoch: 98 | phase: train | loss: 0.0081 | accuracy: 0.9971 | mean f1-score: 0.9983 | weighted f1-score: 0.9971
The epoch: 98 | phase: val | loss: 2.6096 | accuracy: 0.5535 | mean f1-score: 0.6020 | weighted f1-score: 0.5579
The epoch: 98 | phase: test | loss: 0.4338 | accuracy: 0.9425 | mean f1-score: 0.9413 | weighted f1-score: 0.9425
Epoch 98 completed in 0m 3s
Epoch 99/149
----------
The epoch: 99 | phase: train | loss: 0.0103 | accuracy: 0.9966 | mean f1-score: 0.9981 | weighted f1-score: 0.9966
The epoch: 99 | phase: val | loss: 2.5710 | accuracy: 0.5617 | mean f1-score: 0.6152 | weighted f1-score: 0.5746
The epoch: 99 | phase: test | loss: 0.4200 | accuracy: 0.9458 | mean f1-score: 0.9495 | weighted f1-score: 0.9459
Epoch 99 completed in 0m 3s
Epoch 100/149
----------
The epoch: 100 | phase: train | loss: 0.0103 | accuracy: 0.9955 | mean f1-score: 0.9971 | weighted f1-score: 0.9955
The epoch: 100 | phase: val | loss: 2.6049 | accuracy: 0.5531 | mean f1-score: 0.6132 | weighted f1-score: 0.5734
The epoch: 100 | phase: test | loss: 0.4297 | accuracy: 0.9415 | mean f1-score: 0.9484 | weighted f1-score: 0.9416
Epoch 100 completed in 0m 3s
Epoch 101/149
----------
The epoch: 101 | phase: train | loss: 0.0091 | accuracy: 0.9967 | mean f1-score: 0.9978 | weighted f1-score: 0.9967
The epoch: 101 | phase: val | loss: 2.7162 | accuracy: 0.5416 | mean f1-score: 0.5993 | weighted f1-score: 0.5617
The epoch: 101 | phase: test | loss: 0.4690 | accuracy: 0.9425 | mean f1-score: 0.9451 | weighted f1-score: 0.9425
Epoch 101 completed in 0m 3s
Epoch 102/149
----------
The epoch: 102 | phase: train | loss: 0.0139 | accuracy: 0.9951 | mean f1-score: 0.9966 | weighted f1-score: 0.9951
The epoch: 102 | phase: val | loss: 2.5033 | accuracy: 0.5648 | mean f1-score: 0.6154 | weighted f1-score: 0.5778
The epoch: 102 | phase: test | loss: 0.4435 | accuracy: 0.9334 | mean f1-score: 0.9396 | weighted f1-score: 0.9335
Epoch 102 completed in 0m 3s
Epoch 103/149
----------
The epoch: 103 | phase: train | loss: 0.0083 | accuracy: 0.9974 | mean f1-score: 0.9984 | weighted f1-score: 0.9974
The epoch: 103 | phase: val | loss: 2.1899 | accuracy: 0.5903 | mean f1-score: 0.6354 | weighted f1-score: 0.5947
The epoch: 103 | phase: test | loss: 0.4323 | accuracy: 0.9391 | mean f1-score: 0.9440 | weighted f1-score: 0.9392
Epoch 103 completed in 0m 3s
Epoch 104/149
----------
The epoch: 104 | phase: train | loss: 0.0052 | accuracy: 0.9985 | mean f1-score: 0.9991 | weighted f1-score: 0.9985
The epoch: 104 | phase: val | loss: 2.4898 | accuracy: 0.5544 | mean f1-score: 0.6087 | weighted f1-score: 0.5693
The epoch: 104 | phase: test | loss: 0.3925 | accuracy: 0.9482 | mean f1-score: 0.9524 | weighted f1-score: 0.9483
Epoch 104 completed in 0m 3s
Epoch 105/149
----------
The epoch: 105 | phase: train | loss: 0.0092 | accuracy: 0.9966 | mean f1-score: 0.9975 | weighted f1-score: 0.9966
The epoch: 105 | phase: val | loss: 2.4606 | accuracy: 0.5677 | mean f1-score: 0.6218 | weighted f1-score: 0.5888
The epoch: 105 | phase: test | loss: 0.4108 | accuracy: 0.9449 | mean f1-score: 0.9476 | weighted f1-score: 0.9450
Epoch 105 completed in 0m 3s
Epoch 106/149
----------
The epoch: 106 | phase: train | loss: 0.0095 | accuracy: 0.9969 | mean f1-score: 0.9983 | weighted f1-score: 0.9969
The epoch: 106 | phase: val | loss: 2.4034 | accuracy: 0.5768 | mean f1-score: 0.6277 | weighted f1-score: 0.5919
The epoch: 106 | phase: test | loss: 0.4704 | accuracy: 0.9396 | mean f1-score: 0.9472 | weighted f1-score: 0.9397
Epoch 106 completed in 0m 3s
Epoch 107/149
----------
The epoch: 107 | phase: train | loss: 0.0074 | accuracy: 0.9980 | mean f1-score: 0.9987 | weighted f1-score: 0.9980
The epoch: 107 | phase: val | loss: 2.5759 | accuracy: 0.5637 | mean f1-score: 0.6156 | weighted f1-score: 0.5777
The epoch: 107 | phase: test | loss: 0.4877 | accuracy: 0.9319 | mean f1-score: 0.9363 | weighted f1-score: 0.9319
Epoch 107 completed in 0m 3s
Epoch 108/149
----------
The epoch: 108 | phase: train | loss: 0.0099 | accuracy: 0.9971 | mean f1-score: 0.9978 | weighted f1-score: 0.9971
The epoch: 108 | phase: val | loss: 2.3177 | accuracy: 0.5810 | mean f1-score: 0.6312 | weighted f1-score: 0.5965
The epoch: 108 | phase: test | loss: 0.4331 | accuracy: 0.9420 | mean f1-score: 0.9496 | weighted f1-score: 0.9420
Epoch 108 completed in 0m 3s
Epoch 109/149
----------
The epoch: 109 | phase: train | loss: 0.0070 | accuracy: 0.9974 | mean f1-score: 0.9983 | weighted f1-score: 0.9974
The epoch: 109 | phase: val | loss: 2.7757 | accuracy: 0.5327 | mean f1-score: 0.6004 | weighted f1-score: 0.5609
The epoch: 109 | phase: test | loss: 0.4308 | accuracy: 0.9396 | mean f1-score: 0.9548 | weighted f1-score: 0.9396
Epoch 109 completed in 0m 3s
Epoch 110/149
----------
The epoch: 110 | phase: train | loss: 0.0103 | accuracy: 0.9963 | mean f1-score: 0.9973 | weighted f1-score: 0.9963
The epoch: 110 | phase: val | loss: 2.6032 | accuracy: 0.5558 | mean f1-score: 0.6099 | weighted f1-score: 0.5696
The epoch: 110 | phase: test | loss: 0.4447 | accuracy: 0.9434 | mean f1-score: 0.9548 | weighted f1-score: 0.9435
Epoch 110 completed in 0m 3s
Epoch 111/149
----------
The epoch: 111 | phase: train | loss: 0.0102 | accuracy: 0.9968 | mean f1-score: 0.9979 | weighted f1-score: 0.9968
The epoch: 111 | phase: val | loss: 2.4710 | accuracy: 0.5702 | mean f1-score: 0.6234 | weighted f1-score: 0.5860
The epoch: 111 | phase: test | loss: 0.4524 | accuracy: 0.9362 | mean f1-score: 0.9455 | weighted f1-score: 0.9363
Epoch 111 completed in 0m 3s
Epoch 112/149
----------
The epoch: 112 | phase: train | loss: 0.0146 | accuracy: 0.9953 | mean f1-score: 0.9972 | weighted f1-score: 0.9953
The epoch: 112 | phase: val | loss: 2.8583 | accuracy: 0.5298 | mean f1-score: 0.5929 | weighted f1-score: 0.5472
The epoch: 112 | phase: test | loss: 0.4595 | accuracy: 0.9477 | mean f1-score: 0.9583 | weighted f1-score: 0.9478
Epoch 112 completed in 0m 3s
Epoch 113/149
----------
The epoch: 113 | phase: train | loss: 0.0096 | accuracy: 0.9969 | mean f1-score: 0.9974 | weighted f1-score: 0.9969
The epoch: 113 | phase: val | loss: 2.5194 | accuracy: 0.5954 | mean f1-score: 0.6323 | weighted f1-score: 0.5996
The epoch: 113 | phase: test | loss: 0.4403 | accuracy: 0.9338 | mean f1-score: 0.9434 | weighted f1-score: 0.9339
Epoch 113 completed in 0m 3s
Epoch 114/149
----------
The epoch: 114 | phase: train | loss: 0.0086 | accuracy: 0.9970 | mean f1-score: 0.9978 | weighted f1-score: 0.9970
The epoch: 114 | phase: val | loss: 2.4103 | accuracy: 0.5799 | mean f1-score: 0.6265 | weighted f1-score: 0.5910
The epoch: 114 | phase: test | loss: 0.4847 | accuracy: 0.9386 | mean f1-score: 0.9513 | weighted f1-score: 0.9387
Epoch 114 completed in 0m 3s
Epoch 115/149
----------
The epoch: 115 | phase: train | loss: 0.0085 | accuracy: 0.9969 | mean f1-score: 0.9980 | weighted f1-score: 0.9969
The epoch: 115 | phase: val | loss: 2.5457 | accuracy: 0.5795 | mean f1-score: 0.6301 | weighted f1-score: 0.5940
The epoch: 115 | phase: test | loss: 0.4229 | accuracy: 0.9439 | mean f1-score: 0.9421 | weighted f1-score: 0.9440
Epoch 115 completed in 0m 3s
Epoch 116/149
----------
The epoch: 116 | phase: train | loss: 0.0082 | accuracy: 0.9969 | mean f1-score: 0.9984 | weighted f1-score: 0.9969
The epoch: 116 | phase: val | loss: 2.5400 | accuracy: 0.5808 | mean f1-score: 0.6281 | weighted f1-score: 0.5929
The epoch: 116 | phase: test | loss: 0.4918 | accuracy: 0.9439 | mean f1-score: 0.9488 | weighted f1-score: 0.9440
Epoch 116 completed in 0m 3s
Epoch 117/149
----------
The epoch: 117 | phase: train | loss: 0.0063 | accuracy: 0.9977 | mean f1-score: 0.9988 | weighted f1-score: 0.9977
The epoch: 117 | phase: val | loss: 2.5359 | accuracy: 0.5708 | mean f1-score: 0.6233 | weighted f1-score: 0.5858
The epoch: 117 | phase: test | loss: 0.4906 | accuracy: 0.9434 | mean f1-score: 0.9559 | weighted f1-score: 0.9435
Epoch 117 completed in 0m 3s
Epoch 118/149
----------
The epoch: 118 | phase: train | loss: 0.0073 | accuracy: 0.9975 | mean f1-score: 0.9985 | weighted f1-score: 0.9975
The epoch: 118 | phase: val | loss: 2.4748 | accuracy: 0.5737 | mean f1-score: 0.6227 | weighted f1-score: 0.5864
The epoch: 118 | phase: test | loss: 0.4512 | accuracy: 0.9434 | mean f1-score: 0.9514 | weighted f1-score: 0.9435
Epoch 118 completed in 0m 3s
Epoch 119/149
----------
The epoch: 119 | phase: train | loss: 0.0065 | accuracy: 0.9980 | mean f1-score: 0.9989 | weighted f1-score: 0.9980
The epoch: 119 | phase: val | loss: 2.4307 | accuracy: 0.5817 | mean f1-score: 0.6291 | weighted f1-score: 0.5918
The epoch: 119 | phase: test | loss: 0.4779 | accuracy: 0.9396 | mean f1-score: 0.9504 | weighted f1-score: 0.9396
Epoch 119 completed in 0m 3s
Epoch 120/149
----------
The epoch: 120 | phase: train | loss: 0.0060 | accuracy: 0.9981 | mean f1-score: 0.9988 | weighted f1-score: 0.9981
The epoch: 120 | phase: val | loss: 2.4976 | accuracy: 0.5901 | mean f1-score: 0.6350 | weighted f1-score: 0.6013
The epoch: 120 | phase: test | loss: 0.4433 | accuracy: 0.9430 | mean f1-score: 0.9511 | weighted f1-score: 0.9430
Epoch 120 completed in 0m 3s
Epoch 121/149
----------
The epoch: 121 | phase: train | loss: 0.0109 | accuracy: 0.9971 | mean f1-score: 0.9977 | weighted f1-score: 0.9971
The epoch: 121 | phase: val | loss: 2.3269 | accuracy: 0.6005 | mean f1-score: 0.6366 | weighted f1-score: 0.5968
The epoch: 121 | phase: test | loss: 0.4842 | accuracy: 0.9449 | mean f1-score: 0.9379 | weighted f1-score: 0.9449
Epoch 121 completed in 0m 3s
Epoch 122/149
----------
The epoch: 122 | phase: train | loss: 0.0081 | accuracy: 0.9974 | mean f1-score: 0.9983 | weighted f1-score: 0.9974
The epoch: 122 | phase: val | loss: 2.4092 | accuracy: 0.5926 | mean f1-score: 0.6305 | weighted f1-score: 0.5973
The epoch: 122 | phase: test | loss: 0.4649 | accuracy: 0.9415 | mean f1-score: 0.9459 | weighted f1-score: 0.9416
Epoch 122 completed in 0m 3s
Epoch 123/149
----------
The epoch: 123 | phase: train | loss: 0.0072 | accuracy: 0.9974 | mean f1-score: 0.9986 | weighted f1-score: 0.9974
The epoch: 123 | phase: val | loss: 2.3518 | accuracy: 0.5937 | mean f1-score: 0.6326 | weighted f1-score: 0.6007
The epoch: 123 | phase: test | loss: 0.4585 | accuracy: 0.9420 | mean f1-score: 0.9414 | weighted f1-score: 0.9420
Epoch 123 completed in 0m 3s
Epoch 124/149
----------
The epoch: 124 | phase: train | loss: 0.0054 | accuracy: 0.9983 | mean f1-score: 0.9987 | weighted f1-score: 0.9983
The epoch: 124 | phase: val | loss: 2.6749 | accuracy: 0.5640 | mean f1-score: 0.6129 | weighted f1-score: 0.5818
The epoch: 124 | phase: test | loss: 0.4457 | accuracy: 0.9444 | mean f1-score: 0.9524 | weighted f1-score: 0.9444
Epoch 124 completed in 0m 3s
Epoch 125/149
----------
The epoch: 125 | phase: train | loss: 0.0062 | accuracy: 0.9979 | mean f1-score: 0.9983 | weighted f1-score: 0.9979
The epoch: 125 | phase: val | loss: 2.6316 | accuracy: 0.5655 | mean f1-score: 0.6122 | weighted f1-score: 0.5744
The epoch: 125 | phase: test | loss: 0.4673 | accuracy: 0.9444 | mean f1-score: 0.9396 | weighted f1-score: 0.9444
Epoch 125 completed in 0m 3s
Epoch 126/149
----------
The epoch: 126 | phase: train | loss: 0.0068 | accuracy: 0.9976 | mean f1-score: 0.9986 | weighted f1-score: 0.9976
The epoch: 126 | phase: val | loss: 2.6054 | accuracy: 0.5710 | mean f1-score: 0.6181 | weighted f1-score: 0.5832
The epoch: 126 | phase: test | loss: 0.4900 | accuracy: 0.9401 | mean f1-score: 0.9523 | weighted f1-score: 0.9401
Epoch 126 completed in 0m 3s
Epoch 127/149
----------
The epoch: 127 | phase: train | loss: 0.0070 | accuracy: 0.9980 | mean f1-score: 0.9987 | weighted f1-score: 0.9980
The epoch: 127 | phase: val | loss: 2.5472 | accuracy: 0.5790 | mean f1-score: 0.6267 | weighted f1-score: 0.5917
The epoch: 127 | phase: test | loss: 0.4788 | accuracy: 0.9420 | mean f1-score: 0.9529 | weighted f1-score: 0.9420
Epoch 127 completed in 0m 3s
Epoch 128/149
----------
The epoch: 128 | phase: train | loss: 0.0088 | accuracy: 0.9974 | mean f1-score: 0.9985 | weighted f1-score: 0.9974
The epoch: 128 | phase: val | loss: 2.7669 | accuracy: 0.5602 | mean f1-score: 0.6134 | weighted f1-score: 0.5822
The epoch: 128 | phase: test | loss: 0.4622 | accuracy: 0.9492 | mean f1-score: 0.9571 | weighted f1-score: 0.9492
Epoch 128 completed in 0m 4s
Epoch 129/149
----------
The epoch: 129 | phase: train | loss: 0.0053 | accuracy: 0.9986 | mean f1-score: 0.9990 | weighted f1-score: 0.9986
The epoch: 129 | phase: val | loss: 2.4847 | accuracy: 0.5828 | mean f1-score: 0.6255 | weighted f1-score: 0.5961
The epoch: 129 | phase: test | loss: 0.4651 | accuracy: 0.9406 | mean f1-score: 0.9514 | weighted f1-score: 0.9406
Epoch 129 completed in 0m 3s
Epoch 130/149
----------
The epoch: 130 | phase: train | loss: 0.0074 | accuracy: 0.9983 | mean f1-score: 0.9991 | weighted f1-score: 0.9983
The epoch: 130 | phase: val | loss: 2.6344 | accuracy: 0.5646 | mean f1-score: 0.6180 | weighted f1-score: 0.5849
The epoch: 130 | phase: test | loss: 0.4869 | accuracy: 0.9415 | mean f1-score: 0.9533 | weighted f1-score: 0.9415
Epoch 130 completed in 0m 3s
Epoch 131/149
----------
The epoch: 131 | phase: train | loss: 0.0051 | accuracy: 0.9984 | mean f1-score: 0.9988 | weighted f1-score: 0.9984
The epoch: 131 | phase: val | loss: 2.4624 | accuracy: 0.5972 | mean f1-score: 0.6374 | weighted f1-score: 0.6006
The epoch: 131 | phase: test | loss: 0.4715 | accuracy: 0.9377 | mean f1-score: 0.9411 | weighted f1-score: 0.9377
Epoch 131 completed in 0m 4s
Epoch 132/149
----------
The epoch: 132 | phase: train | loss: 0.0058 | accuracy: 0.9980 | mean f1-score: 0.9988 | weighted f1-score: 0.9980
The epoch: 132 | phase: val | loss: 2.7204 | accuracy: 0.5742 | mean f1-score: 0.6231 | weighted f1-score: 0.5842
The epoch: 132 | phase: test | loss: 0.4749 | accuracy: 0.9497 | mean f1-score: 0.9463 | weighted f1-score: 0.9497
Epoch 132 completed in 0m 3s
Epoch 133/149
----------
The epoch: 133 | phase: train | loss: 0.0045 | accuracy: 0.9987 | mean f1-score: 0.9992 | weighted f1-score: 0.9987
The epoch: 133 | phase: val | loss: 2.6413 | accuracy: 0.5726 | mean f1-score: 0.6206 | weighted f1-score: 0.5808
The epoch: 133 | phase: test | loss: 0.4655 | accuracy: 0.9482 | mean f1-score: 0.9481 | weighted f1-score: 0.9482
Epoch 133 completed in 0m 3s
Epoch 134/149
----------
The epoch: 134 | phase: train | loss: 0.0056 | accuracy: 0.9982 | mean f1-score: 0.9988 | weighted f1-score: 0.9982
The epoch: 134 | phase: val | loss: 2.6512 | accuracy: 0.5686 | mean f1-score: 0.6162 | weighted f1-score: 0.5771
The epoch: 134 | phase: test | loss: 0.4891 | accuracy: 0.9458 | mean f1-score: 0.9534 | weighted f1-score: 0.9459
Epoch 134 completed in 0m 3s
Epoch 135/149
----------
The epoch: 135 | phase: train | loss: 0.0059 | accuracy: 0.9984 | mean f1-score: 0.9992 | weighted f1-score: 0.9984
The epoch: 135 | phase: val | loss: 2.7347 | accuracy: 0.5620 | mean f1-score: 0.6127 | weighted f1-score: 0.5758
The epoch: 135 | phase: test | loss: 0.4724 | accuracy: 0.9415 | mean f1-score: 0.9489 | weighted f1-score: 0.9415
Epoch 135 completed in 0m 4s
Epoch 136/149
----------
The epoch: 136 | phase: train | loss: 0.0043 | accuracy: 0.9988 | mean f1-score: 0.9990 | weighted f1-score: 0.9988
The epoch: 136 | phase: val | loss: 2.5933 | accuracy: 0.5817 | mean f1-score: 0.6260 | weighted f1-score: 0.5769
The epoch: 136 | phase: test | loss: 0.4898 | accuracy: 0.9434 | mean f1-score: 0.9408 | weighted f1-score: 0.9435
Epoch 136 completed in 0m 3s
Epoch 137/149
----------
The epoch: 137 | phase: train | loss: 0.0048 | accuracy: 0.9986 | mean f1-score: 0.9991 | weighted f1-score: 0.9986
The epoch: 137 | phase: val | loss: 2.8695 | accuracy: 0.5449 | mean f1-score: 0.6000 | weighted f1-score: 0.5530
The epoch: 137 | phase: test | loss: 0.4583 | accuracy: 0.9410 | mean f1-score: 0.9515 | weighted f1-score: 0.9411
Epoch 137 completed in 0m 3s
Epoch 138/149
----------
The epoch: 138 | phase: train | loss: 0.0041 | accuracy: 0.9986 | mean f1-score: 0.9992 | weighted f1-score: 0.9986
The epoch: 138 | phase: val | loss: 2.9286 | accuracy: 0.5398 | mean f1-score: 0.5966 | weighted f1-score: 0.5518
The epoch: 138 | phase: test | loss: 0.4949 | accuracy: 0.9377 | mean f1-score: 0.9501 | weighted f1-score: 0.9377
Epoch 138 completed in 0m 3s
Epoch 139/149
----------
The epoch: 139 | phase: train | loss: 0.0067 | accuracy: 0.9975 | mean f1-score: 0.9987 | weighted f1-score: 0.9975
The epoch: 139 | phase: val | loss: 2.9694 | accuracy: 0.5349 | mean f1-score: 0.5976 | weighted f1-score: 0.5483
The epoch: 139 | phase: test | loss: 0.4737 | accuracy: 0.9497 | mean f1-score: 0.9553 | weighted f1-score: 0.9497
Epoch 139 completed in 0m 3s
Epoch 140/149
----------
The epoch: 140 | phase: train | loss: 0.0048 | accuracy: 0.9983 | mean f1-score: 0.9991 | weighted f1-score: 0.9983
The epoch: 140 | phase: val | loss: 2.7852 | accuracy: 0.5502 | mean f1-score: 0.6055 | weighted f1-score: 0.5607
The epoch: 140 | phase: test | loss: 0.4768 | accuracy: 0.9473 | mean f1-score: 0.9533 | weighted f1-score: 0.9473
Epoch 140 completed in 0m 3s
Epoch 141/149
----------
The epoch: 141 | phase: train | loss: 0.0056 | accuracy: 0.9982 | mean f1-score: 0.9990 | weighted f1-score: 0.9982
The epoch: 141 | phase: val | loss: 2.7319 | accuracy: 0.5642 | mean f1-score: 0.6176 | weighted f1-score: 0.5743
The epoch: 141 | phase: test | loss: 0.4702 | accuracy: 0.9492 | mean f1-score: 0.9555 | weighted f1-score: 0.9492
Epoch 141 completed in 0m 3s
Epoch 142/149
----------
The epoch: 142 | phase: train | loss: 0.0102 | accuracy: 0.9964 | mean f1-score: 0.9975 | weighted f1-score: 0.9964
The epoch: 142 | phase: val | loss: 2.6465 | accuracy: 0.5775 | mean f1-score: 0.6223 | weighted f1-score: 0.5808
The epoch: 142 | phase: test | loss: 0.4541 | accuracy: 0.9406 | mean f1-score: 0.9437 | weighted f1-score: 0.9406
Epoch 142 completed in 0m 3s
Epoch 143/149
----------
The epoch: 143 | phase: train | loss: 0.0056 | accuracy: 0.9978 | mean f1-score: 0.9987 | weighted f1-score: 0.9978
The epoch: 143 | phase: val | loss: 2.5446 | accuracy: 0.5846 | mean f1-score: 0.6295 | weighted f1-score: 0.5915
The epoch: 143 | phase: test | loss: 0.4965 | accuracy: 0.9382 | mean f1-score: 0.9475 | weighted f1-score: 0.9382
Epoch 143 completed in 0m 3s
Epoch 144/149
----------
The epoch: 144 | phase: train | loss: 0.0057 | accuracy: 0.9984 | mean f1-score: 0.9992 | weighted f1-score: 0.9984
The epoch: 144 | phase: val | loss: 2.6896 | accuracy: 0.5684 | mean f1-score: 0.6171 | weighted f1-score: 0.5757
The epoch: 144 | phase: test | loss: 0.4723 | accuracy: 0.9463 | mean f1-score: 0.9532 | weighted f1-score: 0.9463
Epoch 144 completed in 0m 3s
Epoch 145/149
----------
The epoch: 145 | phase: train | loss: 0.0039 | accuracy: 0.9991 | mean f1-score: 0.9994 | weighted f1-score: 0.9991
The epoch: 145 | phase: val | loss: 2.8099 | accuracy: 0.5606 | mean f1-score: 0.6126 | weighted f1-score: 0.5718
The epoch: 145 | phase: test | loss: 0.4808 | accuracy: 0.9406 | mean f1-score: 0.9458 | weighted f1-score: 0.9406
Epoch 145 completed in 0m 3s
Epoch 146/149
----------
The epoch: 146 | phase: train | loss: 0.0031 | accuracy: 0.9990 | mean f1-score: 0.9995 | weighted f1-score: 0.9990
The epoch: 146 | phase: val | loss: 2.7937 | accuracy: 0.5628 | mean f1-score: 0.6156 | weighted f1-score: 0.5732
The epoch: 146 | phase: test | loss: 0.4597 | accuracy: 0.9497 | mean f1-score: 0.9522 | weighted f1-score: 0.9497
Epoch 146 completed in 0m 3s
Epoch 147/149
----------
The epoch: 147 | phase: train | loss: 0.0058 | accuracy: 0.9980 | mean f1-score: 0.9989 | weighted f1-score: 0.9980
The epoch: 147 | phase: val | loss: 2.7847 | accuracy: 0.5648 | mean f1-score: 0.6202 | weighted f1-score: 0.5802
The epoch: 147 | phase: test | loss: 0.4693 | accuracy: 0.9487 | mean f1-score: 0.9515 | weighted f1-score: 0.9487
Epoch 147 completed in 0m 2s
Epoch 148/149
----------
The epoch: 148 | phase: train | loss: 0.0072 | accuracy: 0.9973 | mean f1-score: 0.9982 | weighted f1-score: 0.9973
The epoch: 148 | phase: val | loss: 2.8656 | accuracy: 0.5668 | mean f1-score: 0.6177 | weighted f1-score: 0.5756
The epoch: 148 | phase: test | loss: 0.4936 | accuracy: 0.9468 | mean f1-score: 0.9478 | weighted f1-score: 0.9468
Epoch 148 completed in 0m 3s
Epoch 149/149
----------
The epoch: 149 | phase: train | loss: 0.0044 | accuracy: 0.9987 | mean f1-score: 0.9993 | weighted f1-score: 0.9987
The epoch: 149 | phase: val | loss: 2.9390 | accuracy: 0.5540 | mean f1-score: 0.6103 | weighted f1-score: 0.5694
The epoch: 149 | phase: test | loss: 0.4769 | accuracy: 0.9473 | mean f1-score: 0.9528 | weighted f1-score: 0.9473
Epoch 149 completed in 0m 3s
The best epoch is 33
Phase: train, loss: 0.052246286434895484, accuracy: 0.9819865150447822, f1_score: 0.9886881218451657, f1_score weighted: 0.9819866998512885 {'train': [], 'val': [], 'test': []}
Phase: val, loss: 2.0211945549429875, accuracy: 0.5874528929283972, f1_score: 0.6517648913799947, f1_score weighted: 0.5939633618722395 {'train': [], 'val': [], 'test': []}
Phase: test, loss: 0.32394223588082155, accuracy: 0.9395973154362416, f1_score: 0.9320013800394898, f1_score weighted: 0.939768121713048 {'train': [], 'val': [], 'test': []}
------ Evaluation complete! ------
