Namespace(window=50, overlap=25, batch_size=64, learning_rate=0.0005, num_epochs=150, gpu_id='0', dataset='kuhar', kernel_size=3, num_steps_prediction=28, classifier_lr=0.0005, classifier_batch_size=256, saved_model='/workspaces/betania.silva/ssl_tools/contrastive-predictive-coding-for-har/models/May-11-2024/wisdm_k_28_lr_0.0005_bs_64.pkl', learning_schedule='all_layers', random_seed=42, input_size=6, num_classes=7, root_dir='/workspaces/betania.silva/view_concatenated', data_file='kuhar', device=device(type='cuda', index=0), padding=1)
Data Raw (248462, 6)
Data (9937, 50, 6)
Labels (9937,)
Data Raw (112812, 6)
Data (4511, 50, 6)
Labels (4511,)
Data Raw (52196, 6)
Data (2086, 50, 6)
Labels (2086,)
The batch size for train phase is: 256
The batch size for val phase is: 256
The batch size for test phase is: 256
Loading the pre-trained weights
Epoch 0/149
----------
The epoch: 0 | phase: train | loss: 0.9410 | accuracy: 0.6617 | mean f1-score: 0.5630 | weighted f1-score: 0.6448
The epoch: 0 | phase: val | loss: 1.3318 | accuracy: 0.4955 | mean f1-score: 0.5489 | weighted f1-score: 0.5102
The epoch: 0 | phase: test | loss: 0.5709 | accuracy: 0.8447 | mean f1-score: 0.8232 | weighted f1-score: 0.8432
Epoch 0 completed in 0m 3s
Epoch 1/149
----------
The epoch: 1 | phase: train | loss: 0.3324 | accuracy: 0.9110 | mean f1-score: 0.9236 | weighted f1-score: 0.9110
The epoch: 1 | phase: val | loss: 1.1826 | accuracy: 0.5688 | mean f1-score: 0.6184 | weighted f1-score: 0.5726
The epoch: 1 | phase: test | loss: 0.4256 | accuracy: 0.8442 | mean f1-score: 0.7901 | weighted f1-score: 0.8449
Epoch 1 completed in 0m 3s
Epoch 2/149
----------
The epoch: 2 | phase: train | loss: 0.2084 | accuracy: 0.9430 | mean f1-score: 0.9517 | weighted f1-score: 0.9430
The epoch: 2 | phase: val | loss: 1.2100 | accuracy: 0.6125 | mean f1-score: 0.6499 | weighted f1-score: 0.6185
The epoch: 2 | phase: test | loss: 0.3426 | accuracy: 0.8778 | mean f1-score: 0.8261 | weighted f1-score: 0.8786
Epoch 2 completed in 0m 2s
Epoch 3/149
----------
The epoch: 3 | phase: train | loss: 0.1741 | accuracy: 0.9512 | mean f1-score: 0.9582 | weighted f1-score: 0.9512
The epoch: 3 | phase: val | loss: 1.1004 | accuracy: 0.6440 | mean f1-score: 0.6691 | weighted f1-score: 0.6472
The epoch: 3 | phase: test | loss: 0.3758 | accuracy: 0.8859 | mean f1-score: 0.8354 | weighted f1-score: 0.8873
Epoch 3 completed in 0m 2s
Epoch 4/149
----------
The epoch: 4 | phase: train | loss: 0.1506 | accuracy: 0.9580 | mean f1-score: 0.9653 | weighted f1-score: 0.9580
The epoch: 4 | phase: val | loss: 1.1359 | accuracy: 0.6427 | mean f1-score: 0.6844 | weighted f1-score: 0.6551
The epoch: 4 | phase: test | loss: 0.2938 | accuracy: 0.9233 | mean f1-score: 0.8841 | weighted f1-score: 0.9234
Epoch 4 completed in 0m 2s
Epoch 5/149
----------
The epoch: 5 | phase: train | loss: 0.1318 | accuracy: 0.9617 | mean f1-score: 0.9693 | weighted f1-score: 0.9617
The epoch: 5 | phase: val | loss: 1.2894 | accuracy: 0.6526 | mean f1-score: 0.6771 | weighted f1-score: 0.6373
The epoch: 5 | phase: test | loss: 0.3531 | accuracy: 0.9247 | mean f1-score: 0.8982 | weighted f1-score: 0.9258
Epoch 5 completed in 0m 2s
Epoch 6/149
----------
The epoch: 6 | phase: train | loss: 0.1244 | accuracy: 0.9631 | mean f1-score: 0.9705 | weighted f1-score: 0.9631
The epoch: 6 | phase: val | loss: 1.1124 | accuracy: 0.6637 | mean f1-score: 0.6779 | weighted f1-score: 0.6643
The epoch: 6 | phase: test | loss: 0.4027 | accuracy: 0.8408 | mean f1-score: 0.8469 | weighted f1-score: 0.8399
Epoch 6 completed in 0m 2s
Epoch 7/149
----------
The epoch: 7 | phase: train | loss: 0.1175 | accuracy: 0.9677 | mean f1-score: 0.9763 | weighted f1-score: 0.9677
The epoch: 7 | phase: val | loss: 1.0262 | accuracy: 0.6779 | mean f1-score: 0.7071 | weighted f1-score: 0.6895
The epoch: 7 | phase: test | loss: 0.3018 | accuracy: 0.9329 | mean f1-score: 0.8993 | weighted f1-score: 0.9328
Epoch 7 completed in 0m 2s
Epoch 8/149
----------
The epoch: 8 | phase: train | loss: 0.1051 | accuracy: 0.9702 | mean f1-score: 0.9771 | weighted f1-score: 0.9702
The epoch: 8 | phase: val | loss: 1.4503 | accuracy: 0.6231 | mean f1-score: 0.6778 | weighted f1-score: 0.6532
The epoch: 8 | phase: test | loss: 0.3088 | accuracy: 0.9319 | mean f1-score: 0.8885 | weighted f1-score: 0.9310
Epoch 8 completed in 0m 2s
Epoch 9/149
----------
The epoch: 9 | phase: train | loss: 0.0964 | accuracy: 0.9737 | mean f1-score: 0.9802 | weighted f1-score: 0.9737
The epoch: 9 | phase: val | loss: 1.2420 | accuracy: 0.6894 | mean f1-score: 0.7149 | weighted f1-score: 0.6730
The epoch: 9 | phase: test | loss: 0.2811 | accuracy: 0.9123 | mean f1-score: 0.8638 | weighted f1-score: 0.9132
Epoch 9 completed in 0m 3s
Epoch 10/149
----------
The epoch: 10 | phase: train | loss: 0.0962 | accuracy: 0.9709 | mean f1-score: 0.9780 | weighted f1-score: 0.9709
The epoch: 10 | phase: val | loss: 1.3558 | accuracy: 0.6435 | mean f1-score: 0.6857 | weighted f1-score: 0.6440
The epoch: 10 | phase: test | loss: 0.2652 | accuracy: 0.9367 | mean f1-score: 0.9114 | weighted f1-score: 0.9365
Epoch 10 completed in 0m 2s
Epoch 11/149
----------
The epoch: 11 | phase: train | loss: 0.0878 | accuracy: 0.9741 | mean f1-score: 0.9809 | weighted f1-score: 0.9741
The epoch: 11 | phase: val | loss: 1.3764 | accuracy: 0.6611 | mean f1-score: 0.7013 | weighted f1-score: 0.6719
The epoch: 11 | phase: test | loss: 0.2623 | accuracy: 0.9386 | mean f1-score: 0.9333 | weighted f1-score: 0.9387
Epoch 11 completed in 0m 2s
Epoch 12/149
----------
The epoch: 12 | phase: train | loss: 0.0960 | accuracy: 0.9700 | mean f1-score: 0.9811 | weighted f1-score: 0.9700
The epoch: 12 | phase: val | loss: 1.6038 | accuracy: 0.6152 | mean f1-score: 0.6690 | weighted f1-score: 0.6294
The epoch: 12 | phase: test | loss: 0.3051 | accuracy: 0.9310 | mean f1-score: 0.9023 | weighted f1-score: 0.9304
Epoch 12 completed in 0m 2s
Epoch 13/149
----------
The epoch: 13 | phase: train | loss: 0.0850 | accuracy: 0.9760 | mean f1-score: 0.9832 | weighted f1-score: 0.9761
The epoch: 13 | phase: val | loss: 1.5041 | accuracy: 0.6533 | mean f1-score: 0.6916 | weighted f1-score: 0.6536
The epoch: 13 | phase: test | loss: 0.2806 | accuracy: 0.9358 | mean f1-score: 0.9241 | weighted f1-score: 0.9359
Epoch 13 completed in 0m 2s
Epoch 14/149
----------
The epoch: 14 | phase: train | loss: 0.0822 | accuracy: 0.9773 | mean f1-score: 0.9845 | weighted f1-score: 0.9773
The epoch: 14 | phase: val | loss: 1.5218 | accuracy: 0.6535 | mean f1-score: 0.6987 | weighted f1-score: 0.6705
The epoch: 14 | phase: test | loss: 0.2755 | accuracy: 0.9468 | mean f1-score: 0.9371 | weighted f1-score: 0.9467
Epoch 14 completed in 0m 2s
Epoch 15/149
----------
The epoch: 15 | phase: train | loss: 0.0808 | accuracy: 0.9773 | mean f1-score: 0.9853 | weighted f1-score: 0.9773
The epoch: 15 | phase: val | loss: 1.7470 | accuracy: 0.6486 | mean f1-score: 0.6824 | weighted f1-score: 0.6413
The epoch: 15 | phase: test | loss: 0.2708 | accuracy: 0.9348 | mean f1-score: 0.9083 | weighted f1-score: 0.9352
Epoch 15 completed in 0m 2s
Epoch 16/149
----------
The epoch: 16 | phase: train | loss: 0.0805 | accuracy: 0.9769 | mean f1-score: 0.9852 | weighted f1-score: 0.9768
The epoch: 16 | phase: val | loss: 1.6658 | accuracy: 0.6504 | mean f1-score: 0.6865 | weighted f1-score: 0.6413
The epoch: 16 | phase: test | loss: 0.2968 | accuracy: 0.9410 | mean f1-score: 0.9221 | weighted f1-score: 0.9411
Epoch 16 completed in 0m 2s
Epoch 17/149
----------
The epoch: 17 | phase: train | loss: 0.0798 | accuracy: 0.9769 | mean f1-score: 0.9830 | weighted f1-score: 0.9769
The epoch: 17 | phase: val | loss: 1.6289 | accuracy: 0.6460 | mean f1-score: 0.6904 | weighted f1-score: 0.6564
The epoch: 17 | phase: test | loss: 0.3006 | accuracy: 0.9391 | mean f1-score: 0.9061 | weighted f1-score: 0.9395
Epoch 17 completed in 0m 3s
Epoch 18/149
----------
The epoch: 18 | phase: train | loss: 0.0674 | accuracy: 0.9803 | mean f1-score: 0.9865 | weighted f1-score: 0.9803
The epoch: 18 | phase: val | loss: 1.6634 | accuracy: 0.6347 | mean f1-score: 0.6833 | weighted f1-score: 0.6489
The epoch: 18 | phase: test | loss: 0.3246 | accuracy: 0.9377 | mean f1-score: 0.9239 | weighted f1-score: 0.9374
Epoch 18 completed in 0m 2s
Epoch 19/149
----------
The epoch: 19 | phase: train | loss: 0.0673 | accuracy: 0.9800 | mean f1-score: 0.9886 | weighted f1-score: 0.9800
The epoch: 19 | phase: val | loss: 1.7957 | accuracy: 0.6267 | mean f1-score: 0.6714 | weighted f1-score: 0.6421
The epoch: 19 | phase: test | loss: 0.2961 | accuracy: 0.9199 | mean f1-score: 0.9277 | weighted f1-score: 0.9197
Epoch 19 completed in 0m 2s
Epoch 20/149
----------
The epoch: 20 | phase: train | loss: 0.0633 | accuracy: 0.9820 | mean f1-score: 0.9898 | weighted f1-score: 0.9820
The epoch: 20 | phase: val | loss: 1.8073 | accuracy: 0.6433 | mean f1-score: 0.6898 | weighted f1-score: 0.6524
The epoch: 20 | phase: test | loss: 0.2612 | accuracy: 0.9482 | mean f1-score: 0.9354 | weighted f1-score: 0.9481
Epoch 20 completed in 0m 2s
Epoch 21/149
----------
The epoch: 21 | phase: train | loss: 0.0618 | accuracy: 0.9814 | mean f1-score: 0.9890 | weighted f1-score: 0.9814
The epoch: 21 | phase: val | loss: 1.6474 | accuracy: 0.6748 | mean f1-score: 0.7234 | weighted f1-score: 0.6789
The epoch: 21 | phase: test | loss: 0.2719 | accuracy: 0.9439 | mean f1-score: 0.9182 | weighted f1-score: 0.9441
Epoch 21 completed in 0m 2s
Epoch 22/149
----------
The epoch: 22 | phase: train | loss: 0.0601 | accuracy: 0.9832 | mean f1-score: 0.9900 | weighted f1-score: 0.9832
The epoch: 22 | phase: val | loss: 1.7742 | accuracy: 0.6542 | mean f1-score: 0.6977 | weighted f1-score: 0.6683
The epoch: 22 | phase: test | loss: 0.3389 | accuracy: 0.9458 | mean f1-score: 0.9365 | weighted f1-score: 0.9458
Epoch 22 completed in 0m 2s
Epoch 23/149
----------
The epoch: 23 | phase: train | loss: 0.0600 | accuracy: 0.9821 | mean f1-score: 0.9890 | weighted f1-score: 0.9821
The epoch: 23 | phase: val | loss: 1.7513 | accuracy: 0.6316 | mean f1-score: 0.6826 | weighted f1-score: 0.6444
The epoch: 23 | phase: test | loss: 0.2790 | accuracy: 0.9439 | mean f1-score: 0.9224 | weighted f1-score: 0.9439
Epoch 23 completed in 0m 2s
Epoch 24/149
----------
The epoch: 24 | phase: train | loss: 0.0598 | accuracy: 0.9826 | mean f1-score: 0.9900 | weighted f1-score: 0.9826
The epoch: 24 | phase: val | loss: 1.8872 | accuracy: 0.6619 | mean f1-score: 0.6998 | weighted f1-score: 0.6620
The epoch: 24 | phase: test | loss: 0.2822 | accuracy: 0.9343 | mean f1-score: 0.9116 | weighted f1-score: 0.9342
Epoch 24 completed in 0m 2s
Epoch 25/149
----------
The epoch: 25 | phase: train | loss: 0.0553 | accuracy: 0.9841 | mean f1-score: 0.9911 | weighted f1-score: 0.9841
The epoch: 25 | phase: val | loss: 1.8354 | accuracy: 0.6546 | mean f1-score: 0.7004 | weighted f1-score: 0.6671
The epoch: 25 | phase: test | loss: 0.2834 | accuracy: 0.9468 | mean f1-score: 0.9397 | weighted f1-score: 0.9467
Epoch 25 completed in 0m 3s
Epoch 26/149
----------
The epoch: 26 | phase: train | loss: 0.0553 | accuracy: 0.9838 | mean f1-score: 0.9904 | weighted f1-score: 0.9838
The epoch: 26 | phase: val | loss: 1.7518 | accuracy: 0.6599 | mean f1-score: 0.7009 | weighted f1-score: 0.6630
The epoch: 26 | phase: test | loss: 0.2681 | accuracy: 0.9492 | mean f1-score: 0.9375 | weighted f1-score: 0.9492
Epoch 26 completed in 0m 2s
Epoch 27/149
----------
The epoch: 27 | phase: train | loss: 0.0554 | accuracy: 0.9830 | mean f1-score: 0.9898 | weighted f1-score: 0.9830
The epoch: 27 | phase: val | loss: 1.6389 | accuracy: 0.6779 | mean f1-score: 0.7136 | weighted f1-score: 0.6841
The epoch: 27 | phase: test | loss: 0.2434 | accuracy: 0.9501 | mean f1-score: 0.9341 | weighted f1-score: 0.9502
Epoch 27 completed in 0m 2s
Epoch 28/149
----------
The epoch: 28 | phase: train | loss: 0.0542 | accuracy: 0.9839 | mean f1-score: 0.9905 | weighted f1-score: 0.9839
The epoch: 28 | phase: val | loss: 2.1589 | accuracy: 0.5932 | mean f1-score: 0.6431 | weighted f1-score: 0.6125
The epoch: 28 | phase: test | loss: 0.3925 | accuracy: 0.9219 | mean f1-score: 0.9291 | weighted f1-score: 0.9216
Epoch 28 completed in 0m 2s
Epoch 29/149
----------
The epoch: 29 | phase: train | loss: 0.0566 | accuracy: 0.9830 | mean f1-score: 0.9888 | weighted f1-score: 0.9830
The epoch: 29 | phase: val | loss: 1.7137 | accuracy: 0.6721 | mean f1-score: 0.7110 | weighted f1-score: 0.6625
The epoch: 29 | phase: test | loss: 0.3581 | accuracy: 0.9281 | mean f1-score: 0.8863 | weighted f1-score: 0.9294
Epoch 29 completed in 0m 2s
Epoch 30/149
----------
The epoch: 30 | phase: train | loss: 0.0497 | accuracy: 0.9863 | mean f1-score: 0.9921 | weighted f1-score: 0.9863
The epoch: 30 | phase: val | loss: 2.0476 | accuracy: 0.6604 | mean f1-score: 0.6959 | weighted f1-score: 0.6599
The epoch: 30 | phase: test | loss: 0.2640 | accuracy: 0.9271 | mean f1-score: 0.9217 | weighted f1-score: 0.9271
Epoch 30 completed in 0m 2s
Epoch 31/149
----------
The epoch: 31 | phase: train | loss: 0.0476 | accuracy: 0.9848 | mean f1-score: 0.9917 | weighted f1-score: 0.9848
The epoch: 31 | phase: val | loss: 1.7961 | accuracy: 0.6548 | mean f1-score: 0.6969 | weighted f1-score: 0.6645
The epoch: 31 | phase: test | loss: 0.3046 | accuracy: 0.9453 | mean f1-score: 0.9231 | weighted f1-score: 0.9454
Epoch 31 completed in 0m 2s
Epoch 32/149
----------
The epoch: 32 | phase: train | loss: 0.0488 | accuracy: 0.9844 | mean f1-score: 0.9910 | weighted f1-score: 0.9844
The epoch: 32 | phase: val | loss: 1.8151 | accuracy: 0.6661 | mean f1-score: 0.7034 | weighted f1-score: 0.6768
The epoch: 32 | phase: test | loss: 0.2572 | accuracy: 0.9362 | mean f1-score: 0.9227 | weighted f1-score: 0.9362
Epoch 32 completed in 0m 2s
Epoch 33/149
----------
The epoch: 33 | phase: train | loss: 0.0482 | accuracy: 0.9846 | mean f1-score: 0.9907 | weighted f1-score: 0.9846
The epoch: 33 | phase: val | loss: 1.7142 | accuracy: 0.6670 | mean f1-score: 0.7065 | weighted f1-score: 0.6800
The epoch: 33 | phase: test | loss: 0.3002 | accuracy: 0.9377 | mean f1-score: 0.9207 | weighted f1-score: 0.9376
Epoch 33 completed in 0m 3s
Epoch 34/149
----------
The epoch: 34 | phase: train | loss: 0.0494 | accuracy: 0.9839 | mean f1-score: 0.9902 | weighted f1-score: 0.9839
The epoch: 34 | phase: val | loss: 1.6244 | accuracy: 0.6865 | mean f1-score: 0.7178 | weighted f1-score: 0.6899
The epoch: 34 | phase: test | loss: 0.2872 | accuracy: 0.9243 | mean f1-score: 0.9287 | weighted f1-score: 0.9242
Epoch 34 completed in 0m 2s
Epoch 35/149
----------
The epoch: 35 | phase: train | loss: 0.0471 | accuracy: 0.9850 | mean f1-score: 0.9908 | weighted f1-score: 0.9850
The epoch: 35 | phase: val | loss: 1.8023 | accuracy: 0.6404 | mean f1-score: 0.6870 | weighted f1-score: 0.6579
The epoch: 35 | phase: test | loss: 0.3784 | accuracy: 0.9386 | mean f1-score: 0.9151 | weighted f1-score: 0.9378
Epoch 35 completed in 0m 2s
Epoch 36/149
----------
The epoch: 36 | phase: train | loss: 0.0469 | accuracy: 0.9836 | mean f1-score: 0.9898 | weighted f1-score: 0.9836
The epoch: 36 | phase: val | loss: 1.8922 | accuracy: 0.6338 | mean f1-score: 0.6839 | weighted f1-score: 0.6471
The epoch: 36 | phase: test | loss: 0.2865 | accuracy: 0.9377 | mean f1-score: 0.9208 | weighted f1-score: 0.9373
Epoch 36 completed in 0m 2s
Epoch 37/149
----------
The epoch: 37 | phase: train | loss: 0.0456 | accuracy: 0.9857 | mean f1-score: 0.9918 | weighted f1-score: 0.9857
The epoch: 37 | phase: val | loss: 1.9666 | accuracy: 0.6504 | mean f1-score: 0.6931 | weighted f1-score: 0.6625
The epoch: 37 | phase: test | loss: 0.3013 | accuracy: 0.9458 | mean f1-score: 0.9319 | weighted f1-score: 0.9458
Epoch 37 completed in 0m 2s
Epoch 38/149
----------
The epoch: 38 | phase: train | loss: 0.0438 | accuracy: 0.9854 | mean f1-score: 0.9918 | weighted f1-score: 0.9854
The epoch: 38 | phase: val | loss: 1.9219 | accuracy: 0.6531 | mean f1-score: 0.6976 | weighted f1-score: 0.6647
The epoch: 38 | phase: test | loss: 0.2883 | accuracy: 0.9497 | mean f1-score: 0.9358 | weighted f1-score: 0.9495
Epoch 38 completed in 0m 2s
Epoch 39/149
----------
The epoch: 39 | phase: train | loss: 0.0430 | accuracy: 0.9856 | mean f1-score: 0.9919 | weighted f1-score: 0.9856
The epoch: 39 | phase: val | loss: 2.0170 | accuracy: 0.6427 | mean f1-score: 0.6830 | weighted f1-score: 0.6562
The epoch: 39 | phase: test | loss: 0.3207 | accuracy: 0.9286 | mean f1-score: 0.9302 | weighted f1-score: 0.9284
Epoch 39 completed in 0m 2s
Epoch 40/149
----------
The epoch: 40 | phase: train | loss: 0.0418 | accuracy: 0.9856 | mean f1-score: 0.9923 | weighted f1-score: 0.9856
The epoch: 40 | phase: val | loss: 2.1253 | accuracy: 0.6400 | mean f1-score: 0.6818 | weighted f1-score: 0.6471
The epoch: 40 | phase: test | loss: 0.3263 | accuracy: 0.9420 | mean f1-score: 0.9285 | weighted f1-score: 0.9420
Epoch 40 completed in 0m 2s
Epoch 41/149
----------
The epoch: 41 | phase: train | loss: 0.0412 | accuracy: 0.9871 | mean f1-score: 0.9929 | weighted f1-score: 0.9871
The epoch: 41 | phase: val | loss: 1.9815 | accuracy: 0.6429 | mean f1-score: 0.6899 | weighted f1-score: 0.6518
The epoch: 41 | phase: test | loss: 0.2989 | accuracy: 0.9458 | mean f1-score: 0.9343 | weighted f1-score: 0.9458
Epoch 41 completed in 0m 2s
Epoch 42/149
----------
The epoch: 42 | phase: train | loss: 0.0413 | accuracy: 0.9881 | mean f1-score: 0.9928 | weighted f1-score: 0.9881
The epoch: 42 | phase: val | loss: 2.2232 | accuracy: 0.6116 | mean f1-score: 0.6625 | weighted f1-score: 0.6238
The epoch: 42 | phase: test | loss: 0.3462 | accuracy: 0.9439 | mean f1-score: 0.9335 | weighted f1-score: 0.9438
Epoch 42 completed in 0m 1s
Epoch 43/149
----------
The epoch: 43 | phase: train | loss: 0.0380 | accuracy: 0.9884 | mean f1-score: 0.9936 | weighted f1-score: 0.9884
The epoch: 43 | phase: val | loss: 1.8252 | accuracy: 0.6628 | mean f1-score: 0.6975 | weighted f1-score: 0.6667
The epoch: 43 | phase: test | loss: 0.3567 | accuracy: 0.9372 | mean f1-score: 0.9246 | weighted f1-score: 0.9372
Epoch 43 completed in 0m 1s
Epoch 44/149
----------
The epoch: 44 | phase: train | loss: 0.0359 | accuracy: 0.9877 | mean f1-score: 0.9931 | weighted f1-score: 0.9877
The epoch: 44 | phase: val | loss: 2.0566 | accuracy: 0.6557 | mean f1-score: 0.6881 | weighted f1-score: 0.6539
The epoch: 44 | phase: test | loss: 0.3231 | accuracy: 0.9444 | mean f1-score: 0.9351 | weighted f1-score: 0.9444
Epoch 44 completed in 0m 1s
Epoch 45/149
----------
The epoch: 45 | phase: train | loss: 0.0373 | accuracy: 0.9883 | mean f1-score: 0.9932 | weighted f1-score: 0.9883
The epoch: 45 | phase: val | loss: 2.3538 | accuracy: 0.6085 | mean f1-score: 0.6629 | weighted f1-score: 0.6276
The epoch: 45 | phase: test | loss: 0.3196 | accuracy: 0.9386 | mean f1-score: 0.9234 | weighted f1-score: 0.9380
Epoch 45 completed in 0m 1s
Epoch 46/149
----------
The epoch: 46 | phase: train | loss: 0.0385 | accuracy: 0.9873 | mean f1-score: 0.9918 | weighted f1-score: 0.9873
The epoch: 46 | phase: val | loss: 1.7182 | accuracy: 0.6726 | mean f1-score: 0.7070 | weighted f1-score: 0.6821
The epoch: 46 | phase: test | loss: 0.3559 | accuracy: 0.9430 | mean f1-score: 0.9272 | weighted f1-score: 0.9429
Epoch 46 completed in 0m 1s
Epoch 47/149
----------
The epoch: 47 | phase: train | loss: 0.0355 | accuracy: 0.9878 | mean f1-score: 0.9928 | weighted f1-score: 0.9878
The epoch: 47 | phase: val | loss: 2.1387 | accuracy: 0.6214 | mean f1-score: 0.6620 | weighted f1-score: 0.6327
The epoch: 47 | phase: test | loss: 0.3301 | accuracy: 0.9276 | mean f1-score: 0.9304 | weighted f1-score: 0.9275
Epoch 47 completed in 0m 1s
Epoch 48/149
----------
The epoch: 48 | phase: train | loss: 0.0342 | accuracy: 0.9895 | mean f1-score: 0.9944 | weighted f1-score: 0.9895
The epoch: 48 | phase: val | loss: 1.9510 | accuracy: 0.6584 | mean f1-score: 0.6966 | weighted f1-score: 0.6707
The epoch: 48 | phase: test | loss: 0.3245 | accuracy: 0.9415 | mean f1-score: 0.9232 | weighted f1-score: 0.9415
Epoch 48 completed in 0m 1s
Epoch 49/149
----------
The epoch: 49 | phase: train | loss: 0.0321 | accuracy: 0.9901 | mean f1-score: 0.9941 | weighted f1-score: 0.9901
The epoch: 49 | phase: val | loss: 2.5386 | accuracy: 0.5934 | mean f1-score: 0.6534 | weighted f1-score: 0.6141
The epoch: 49 | phase: test | loss: 0.3054 | accuracy: 0.9185 | mean f1-score: 0.8930 | weighted f1-score: 0.9177
Epoch 49 completed in 0m 1s
Epoch 50/149
----------
The epoch: 50 | phase: train | loss: 0.0307 | accuracy: 0.9897 | mean f1-score: 0.9934 | weighted f1-score: 0.9897
The epoch: 50 | phase: val | loss: 2.2328 | accuracy: 0.6349 | mean f1-score: 0.6821 | weighted f1-score: 0.6441
The epoch: 50 | phase: test | loss: 0.3275 | accuracy: 0.9396 | mean f1-score: 0.9050 | weighted f1-score: 0.9393
Epoch 50 completed in 0m 1s
Epoch 51/149
----------
The epoch: 51 | phase: train | loss: 0.0304 | accuracy: 0.9904 | mean f1-score: 0.9945 | weighted f1-score: 0.9904
The epoch: 51 | phase: val | loss: 2.2504 | accuracy: 0.6227 | mean f1-score: 0.6720 | weighted f1-score: 0.6356
The epoch: 51 | phase: test | loss: 0.3482 | accuracy: 0.9386 | mean f1-score: 0.9309 | weighted f1-score: 0.9385
Epoch 51 completed in 0m 2s
Epoch 52/149
----------
The epoch: 52 | phase: train | loss: 0.0306 | accuracy: 0.9895 | mean f1-score: 0.9939 | weighted f1-score: 0.9895
The epoch: 52 | phase: val | loss: 2.2194 | accuracy: 0.6336 | mean f1-score: 0.6803 | weighted f1-score: 0.6414
The epoch: 52 | phase: test | loss: 0.3345 | accuracy: 0.9386 | mean f1-score: 0.9287 | weighted f1-score: 0.9385
Epoch 52 completed in 0m 2s
Epoch 53/149
----------
The epoch: 53 | phase: train | loss: 0.0260 | accuracy: 0.9917 | mean f1-score: 0.9952 | weighted f1-score: 0.9917
The epoch: 53 | phase: val | loss: 2.2515 | accuracy: 0.6196 | mean f1-score: 0.6712 | weighted f1-score: 0.6322
The epoch: 53 | phase: test | loss: 0.3426 | accuracy: 0.9430 | mean f1-score: 0.9371 | weighted f1-score: 0.9429
Epoch 53 completed in 0m 2s
Epoch 54/149
----------
The epoch: 54 | phase: train | loss: 0.0295 | accuracy: 0.9901 | mean f1-score: 0.9948 | weighted f1-score: 0.9901
The epoch: 54 | phase: val | loss: 2.0681 | accuracy: 0.6471 | mean f1-score: 0.6882 | weighted f1-score: 0.6570
The epoch: 54 | phase: test | loss: 0.3189 | accuracy: 0.9396 | mean f1-score: 0.9283 | weighted f1-score: 0.9396
Epoch 54 completed in 0m 2s
Epoch 55/149
----------
The epoch: 55 | phase: train | loss: 0.0278 | accuracy: 0.9911 | mean f1-score: 0.9953 | weighted f1-score: 0.9911
The epoch: 55 | phase: val | loss: 2.1417 | accuracy: 0.6353 | mean f1-score: 0.6842 | weighted f1-score: 0.6542
The epoch: 55 | phase: test | loss: 0.2966 | accuracy: 0.9444 | mean f1-score: 0.9308 | weighted f1-score: 0.9443
Epoch 55 completed in 0m 2s
Epoch 56/149
----------
The epoch: 56 | phase: train | loss: 0.0281 | accuracy: 0.9907 | mean f1-score: 0.9949 | weighted f1-score: 0.9907
The epoch: 56 | phase: val | loss: 1.8484 | accuracy: 0.6739 | mean f1-score: 0.7123 | weighted f1-score: 0.6822
The epoch: 56 | phase: test | loss: 0.3505 | accuracy: 0.9243 | mean f1-score: 0.9025 | weighted f1-score: 0.9245
Epoch 56 completed in 0m 2s
Epoch 57/149
----------
The epoch: 57 | phase: train | loss: 0.0289 | accuracy: 0.9913 | mean f1-score: 0.9950 | weighted f1-score: 0.9913
The epoch: 57 | phase: val | loss: 2.1485 | accuracy: 0.6524 | mean f1-score: 0.6952 | weighted f1-score: 0.6626
The epoch: 57 | phase: test | loss: 0.3157 | accuracy: 0.9482 | mean f1-score: 0.9419 | weighted f1-score: 0.9482
Epoch 57 completed in 0m 2s
Epoch 58/149
----------
The epoch: 58 | phase: train | loss: 0.0273 | accuracy: 0.9912 | mean f1-score: 0.9945 | weighted f1-score: 0.9912
The epoch: 58 | phase: val | loss: 2.2310 | accuracy: 0.6229 | mean f1-score: 0.6680 | weighted f1-score: 0.6364
The epoch: 58 | phase: test | loss: 0.3102 | accuracy: 0.9430 | mean f1-score: 0.9343 | weighted f1-score: 0.9427
Epoch 58 completed in 0m 2s
Epoch 59/149
----------
The epoch: 59 | phase: train | loss: 0.0217 | accuracy: 0.9932 | mean f1-score: 0.9962 | weighted f1-score: 0.9932
The epoch: 59 | phase: val | loss: 1.8947 | accuracy: 0.6668 | mean f1-score: 0.7100 | weighted f1-score: 0.6704
The epoch: 59 | phase: test | loss: 0.3318 | accuracy: 0.9449 | mean f1-score: 0.9379 | weighted f1-score: 0.9449
Epoch 59 completed in 0m 2s
Epoch 60/149
----------
The epoch: 60 | phase: train | loss: 0.0268 | accuracy: 0.9906 | mean f1-score: 0.9947 | weighted f1-score: 0.9906
The epoch: 60 | phase: val | loss: 2.2608 | accuracy: 0.6313 | mean f1-score: 0.6772 | weighted f1-score: 0.6387
The epoch: 60 | phase: test | loss: 0.3195 | accuracy: 0.9516 | mean f1-score: 0.9480 | weighted f1-score: 0.9515
Epoch 60 completed in 0m 2s
Epoch 61/149
----------
The epoch: 61 | phase: train | loss: 0.0318 | accuracy: 0.9901 | mean f1-score: 0.9941 | weighted f1-score: 0.9901
The epoch: 61 | phase: val | loss: 2.0154 | accuracy: 0.6586 | mean f1-score: 0.6919 | weighted f1-score: 0.6571
The epoch: 61 | phase: test | loss: 0.3700 | accuracy: 0.9214 | mean f1-score: 0.8849 | weighted f1-score: 0.9212
Epoch 61 completed in 0m 2s
Epoch 62/149
----------
The epoch: 62 | phase: train | loss: 0.0269 | accuracy: 0.9904 | mean f1-score: 0.9942 | weighted f1-score: 0.9904
The epoch: 62 | phase: val | loss: 2.0791 | accuracy: 0.6564 | mean f1-score: 0.6951 | weighted f1-score: 0.6671
The epoch: 62 | phase: test | loss: 0.3725 | accuracy: 0.9463 | mean f1-score: 0.9372 | weighted f1-score: 0.9463
Epoch 62 completed in 0m 2s
Epoch 63/149
----------
The epoch: 63 | phase: train | loss: 0.0272 | accuracy: 0.9911 | mean f1-score: 0.9942 | weighted f1-score: 0.9911
The epoch: 63 | phase: val | loss: 1.8375 | accuracy: 0.6699 | mean f1-score: 0.7051 | weighted f1-score: 0.6776
The epoch: 63 | phase: test | loss: 0.3218 | accuracy: 0.9338 | mean f1-score: 0.9252 | weighted f1-score: 0.9338
Epoch 63 completed in 0m 2s
Epoch 64/149
----------
The epoch: 64 | phase: train | loss: 0.0238 | accuracy: 0.9913 | mean f1-score: 0.9954 | weighted f1-score: 0.9913
The epoch: 64 | phase: val | loss: 2.0893 | accuracy: 0.6646 | mean f1-score: 0.6964 | weighted f1-score: 0.6683
The epoch: 64 | phase: test | loss: 0.3428 | accuracy: 0.9406 | mean f1-score: 0.9182 | weighted f1-score: 0.9407
Epoch 64 completed in 0m 3s
Epoch 65/149
----------
The epoch: 65 | phase: train | loss: 0.0244 | accuracy: 0.9920 | mean f1-score: 0.9955 | weighted f1-score: 0.9921
The epoch: 65 | phase: val | loss: 2.2711 | accuracy: 0.6218 | mean f1-score: 0.6746 | weighted f1-score: 0.6434
The epoch: 65 | phase: test | loss: 0.3279 | accuracy: 0.9463 | mean f1-score: 0.9336 | weighted f1-score: 0.9462
Epoch 65 completed in 0m 2s
Epoch 66/149
----------
The epoch: 66 | phase: train | loss: 0.0218 | accuracy: 0.9937 | mean f1-score: 0.9961 | weighted f1-score: 0.9937
The epoch: 66 | phase: val | loss: 1.9659 | accuracy: 0.6537 | mean f1-score: 0.6971 | weighted f1-score: 0.6674
The epoch: 66 | phase: test | loss: 0.3297 | accuracy: 0.9449 | mean f1-score: 0.9289 | weighted f1-score: 0.9448
Epoch 66 completed in 0m 2s
Epoch 67/149
----------
The epoch: 67 | phase: train | loss: 0.0214 | accuracy: 0.9925 | mean f1-score: 0.9958 | weighted f1-score: 0.9925
The epoch: 67 | phase: val | loss: 2.1193 | accuracy: 0.6704 | mean f1-score: 0.7052 | weighted f1-score: 0.6727
The epoch: 67 | phase: test | loss: 0.3360 | accuracy: 0.9439 | mean f1-score: 0.9245 | weighted f1-score: 0.9441
Epoch 67 completed in 0m 2s
Epoch 68/149
----------
The epoch: 68 | phase: train | loss: 0.0231 | accuracy: 0.9919 | mean f1-score: 0.9955 | weighted f1-score: 0.9919
The epoch: 68 | phase: val | loss: 2.0451 | accuracy: 0.6593 | mean f1-score: 0.6994 | weighted f1-score: 0.6687
The epoch: 68 | phase: test | loss: 0.3474 | accuracy: 0.9410 | mean f1-score: 0.9389 | weighted f1-score: 0.9409
Epoch 68 completed in 0m 2s
Epoch 69/149
----------
The epoch: 69 | phase: train | loss: 0.0235 | accuracy: 0.9925 | mean f1-score: 0.9956 | weighted f1-score: 0.9925
The epoch: 69 | phase: val | loss: 2.0816 | accuracy: 0.6750 | mean f1-score: 0.7046 | weighted f1-score: 0.6774
The epoch: 69 | phase: test | loss: 0.3943 | accuracy: 0.9084 | mean f1-score: 0.9007 | weighted f1-score: 0.9086
Epoch 69 completed in 0m 2s
Epoch 70/149
----------
The epoch: 70 | phase: train | loss: 0.0207 | accuracy: 0.9936 | mean f1-score: 0.9958 | weighted f1-score: 0.9936
The epoch: 70 | phase: val | loss: 2.1152 | accuracy: 0.6695 | mean f1-score: 0.7087 | weighted f1-score: 0.6820
The epoch: 70 | phase: test | loss: 0.3462 | accuracy: 0.9367 | mean f1-score: 0.9215 | weighted f1-score: 0.9366
Epoch 70 completed in 0m 3s
Epoch 71/149
----------
The epoch: 71 | phase: train | loss: 0.0199 | accuracy: 0.9930 | mean f1-score: 0.9959 | weighted f1-score: 0.9930
The epoch: 71 | phase: val | loss: 2.0424 | accuracy: 0.6582 | mean f1-score: 0.6979 | weighted f1-score: 0.6687
The epoch: 71 | phase: test | loss: 0.3687 | accuracy: 0.9444 | mean f1-score: 0.9248 | weighted f1-score: 0.9442
Epoch 71 completed in 0m 3s
Epoch 72/149
----------
The epoch: 72 | phase: train | loss: 0.0220 | accuracy: 0.9936 | mean f1-score: 0.9966 | weighted f1-score: 0.9936
The epoch: 72 | phase: val | loss: 2.0884 | accuracy: 0.6681 | mean f1-score: 0.7082 | weighted f1-score: 0.6765
The epoch: 72 | phase: test | loss: 0.3524 | accuracy: 0.9458 | mean f1-score: 0.9374 | weighted f1-score: 0.9457
Epoch 72 completed in 0m 2s
Epoch 73/149
----------
The epoch: 73 | phase: train | loss: 0.0221 | accuracy: 0.9928 | mean f1-score: 0.9957 | weighted f1-score: 0.9928
The epoch: 73 | phase: val | loss: 2.3165 | accuracy: 0.6400 | mean f1-score: 0.6701 | weighted f1-score: 0.6291
The epoch: 73 | phase: test | loss: 0.3930 | accuracy: 0.9271 | mean f1-score: 0.8634 | weighted f1-score: 0.9256
Epoch 73 completed in 0m 2s
Epoch 74/149
----------
The epoch: 74 | phase: train | loss: 0.0219 | accuracy: 0.9928 | mean f1-score: 0.9957 | weighted f1-score: 0.9928
The epoch: 74 | phase: val | loss: 2.0768 | accuracy: 0.6595 | mean f1-score: 0.6843 | weighted f1-score: 0.6555
The epoch: 74 | phase: test | loss: 0.4180 | accuracy: 0.9353 | mean f1-score: 0.8998 | weighted f1-score: 0.9352
Epoch 74 completed in 0m 3s
Epoch 75/149
----------
The epoch: 75 | phase: train | loss: 0.0199 | accuracy: 0.9934 | mean f1-score: 0.9964 | weighted f1-score: 0.9934
The epoch: 75 | phase: val | loss: 2.0356 | accuracy: 0.6701 | mean f1-score: 0.7031 | weighted f1-score: 0.6735
The epoch: 75 | phase: test | loss: 0.3478 | accuracy: 0.9410 | mean f1-score: 0.9077 | weighted f1-score: 0.9409
Epoch 75 completed in 0m 3s
Epoch 76/149
----------
The epoch: 76 | phase: train | loss: 0.0209 | accuracy: 0.9936 | mean f1-score: 0.9962 | weighted f1-score: 0.9936
The epoch: 76 | phase: val | loss: 2.0216 | accuracy: 0.6681 | mean f1-score: 0.7049 | weighted f1-score: 0.6770
The epoch: 76 | phase: test | loss: 0.3524 | accuracy: 0.9343 | mean f1-score: 0.9262 | weighted f1-score: 0.9340
Epoch 76 completed in 0m 2s
Epoch 77/149
----------
The epoch: 77 | phase: train | loss: 0.0202 | accuracy: 0.9933 | mean f1-score: 0.9962 | weighted f1-score: 0.9933
The epoch: 77 | phase: val | loss: 2.2172 | accuracy: 0.6555 | mean f1-score: 0.6957 | weighted f1-score: 0.6608
The epoch: 77 | phase: test | loss: 0.3225 | accuracy: 0.9458 | mean f1-score: 0.9354 | weighted f1-score: 0.9457
Epoch 77 completed in 0m 2s
Epoch 78/149
----------
The epoch: 78 | phase: train | loss: 0.0170 | accuracy: 0.9941 | mean f1-score: 0.9969 | weighted f1-score: 0.9941
The epoch: 78 | phase: val | loss: 2.2477 | accuracy: 0.6535 | mean f1-score: 0.6950 | weighted f1-score: 0.6622
The epoch: 78 | phase: test | loss: 0.3429 | accuracy: 0.9516 | mean f1-score: 0.9496 | weighted f1-score: 0.9515
Epoch 78 completed in 0m 2s
Epoch 79/149
----------
The epoch: 79 | phase: train | loss: 0.0175 | accuracy: 0.9936 | mean f1-score: 0.9960 | weighted f1-score: 0.9936
The epoch: 79 | phase: val | loss: 2.1795 | accuracy: 0.6475 | mean f1-score: 0.6901 | weighted f1-score: 0.6593
The epoch: 79 | phase: test | loss: 0.3280 | accuracy: 0.9487 | mean f1-score: 0.9406 | weighted f1-score: 0.9485
Epoch 79 completed in 0m 2s
Epoch 80/149
----------
The epoch: 80 | phase: train | loss: 0.0192 | accuracy: 0.9931 | mean f1-score: 0.9960 | weighted f1-score: 0.9931
The epoch: 80 | phase: val | loss: 2.1568 | accuracy: 0.6597 | mean f1-score: 0.6959 | weighted f1-score: 0.6653
The epoch: 80 | phase: test | loss: 0.3067 | accuracy: 0.9463 | mean f1-score: 0.9489 | weighted f1-score: 0.9463
Epoch 80 completed in 0m 3s
Epoch 81/149
----------
The epoch: 81 | phase: train | loss: 0.0148 | accuracy: 0.9953 | mean f1-score: 0.9971 | weighted f1-score: 0.9953
The epoch: 81 | phase: val | loss: 2.1136 | accuracy: 0.6677 | mean f1-score: 0.7046 | weighted f1-score: 0.6782
The epoch: 81 | phase: test | loss: 0.3039 | accuracy: 0.9468 | mean f1-score: 0.9346 | weighted f1-score: 0.9468
Epoch 81 completed in 0m 3s
Epoch 82/149
----------
The epoch: 82 | phase: train | loss: 0.0167 | accuracy: 0.9941 | mean f1-score: 0.9961 | weighted f1-score: 0.9941
The epoch: 82 | phase: val | loss: 1.9905 | accuracy: 0.6788 | mean f1-score: 0.7133 | weighted f1-score: 0.6808
The epoch: 82 | phase: test | loss: 0.3864 | accuracy: 0.9329 | mean f1-score: 0.9241 | weighted f1-score: 0.9331
Epoch 82 completed in 0m 2s
Epoch 83/149
----------
The epoch: 83 | phase: train | loss: 0.0158 | accuracy: 0.9951 | mean f1-score: 0.9973 | weighted f1-score: 0.9951
The epoch: 83 | phase: val | loss: 2.1648 | accuracy: 0.6537 | mean f1-score: 0.6902 | weighted f1-score: 0.6536
The epoch: 83 | phase: test | loss: 0.3232 | accuracy: 0.9410 | mean f1-score: 0.9146 | weighted f1-score: 0.9410
Epoch 83 completed in 0m 2s
Epoch 84/149
----------
The epoch: 84 | phase: train | loss: 0.0146 | accuracy: 0.9953 | mean f1-score: 0.9974 | weighted f1-score: 0.9953
The epoch: 84 | phase: val | loss: 2.3459 | accuracy: 0.6344 | mean f1-score: 0.6758 | weighted f1-score: 0.6419
The epoch: 84 | phase: test | loss: 0.3551 | accuracy: 0.9415 | mean f1-score: 0.9436 | weighted f1-score: 0.9415
Epoch 84 completed in 0m 3s
Epoch 85/149
----------
The epoch: 85 | phase: train | loss: 0.0146 | accuracy: 0.9953 | mean f1-score: 0.9974 | weighted f1-score: 0.9953
The epoch: 85 | phase: val | loss: 2.1117 | accuracy: 0.6684 | mean f1-score: 0.7092 | weighted f1-score: 0.6791
The epoch: 85 | phase: test | loss: 0.3720 | accuracy: 0.9415 | mean f1-score: 0.9424 | weighted f1-score: 0.9415
Epoch 85 completed in 0m 2s
Epoch 86/149
----------
The epoch: 86 | phase: train | loss: 0.0140 | accuracy: 0.9953 | mean f1-score: 0.9967 | weighted f1-score: 0.9953
The epoch: 86 | phase: val | loss: 2.3017 | accuracy: 0.6398 | mean f1-score: 0.6888 | weighted f1-score: 0.6564
The epoch: 86 | phase: test | loss: 0.3422 | accuracy: 0.9477 | mean f1-score: 0.9556 | weighted f1-score: 0.9477
Epoch 86 completed in 0m 3s
Epoch 87/149
----------
The epoch: 87 | phase: train | loss: 0.0177 | accuracy: 0.9938 | mean f1-score: 0.9965 | weighted f1-score: 0.9938
The epoch: 87 | phase: val | loss: 2.2656 | accuracy: 0.6491 | mean f1-score: 0.6893 | weighted f1-score: 0.6573
The epoch: 87 | phase: test | loss: 0.3557 | accuracy: 0.9410 | mean f1-score: 0.9211 | weighted f1-score: 0.9409
Epoch 87 completed in 0m 3s
Epoch 88/149
----------
The epoch: 88 | phase: train | loss: 0.0155 | accuracy: 0.9951 | mean f1-score: 0.9967 | weighted f1-score: 0.9951
The epoch: 88 | phase: val | loss: 2.3064 | accuracy: 0.6444 | mean f1-score: 0.6893 | weighted f1-score: 0.6567
The epoch: 88 | phase: test | loss: 0.3335 | accuracy: 0.9477 | mean f1-score: 0.9426 | weighted f1-score: 0.9478
Epoch 88 completed in 0m 3s
Epoch 89/149
----------
The epoch: 89 | phase: train | loss: 0.0164 | accuracy: 0.9942 | mean f1-score: 0.9965 | weighted f1-score: 0.9942
The epoch: 89 | phase: val | loss: 2.2897 | accuracy: 0.6285 | mean f1-score: 0.6777 | weighted f1-score: 0.6477
The epoch: 89 | phase: test | loss: 0.3130 | accuracy: 0.9501 | mean f1-score: 0.9409 | weighted f1-score: 0.9500
Epoch 89 completed in 0m 3s
Epoch 90/149
----------
The epoch: 90 | phase: train | loss: 0.0146 | accuracy: 0.9955 | mean f1-score: 0.9967 | weighted f1-score: 0.9955
The epoch: 90 | phase: val | loss: 2.2393 | accuracy: 0.6389 | mean f1-score: 0.6835 | weighted f1-score: 0.6550
The epoch: 90 | phase: test | loss: 0.3205 | accuracy: 0.9468 | mean f1-score: 0.9346 | weighted f1-score: 0.9466
Epoch 90 completed in 0m 3s
Epoch 91/149
----------
The epoch: 91 | phase: train | loss: 0.0143 | accuracy: 0.9957 | mean f1-score: 0.9971 | weighted f1-score: 0.9957
The epoch: 91 | phase: val | loss: 2.1425 | accuracy: 0.6611 | mean f1-score: 0.7027 | weighted f1-score: 0.6662
The epoch: 91 | phase: test | loss: 0.2950 | accuracy: 0.9506 | mean f1-score: 0.9453 | weighted f1-score: 0.9506
Epoch 91 completed in 0m 3s
Epoch 92/149
----------
The epoch: 92 | phase: train | loss: 0.0157 | accuracy: 0.9944 | mean f1-score: 0.9962 | weighted f1-score: 0.9944
The epoch: 92 | phase: val | loss: 2.3785 | accuracy: 0.6318 | mean f1-score: 0.6751 | weighted f1-score: 0.6373
The epoch: 92 | phase: test | loss: 0.3579 | accuracy: 0.9439 | mean f1-score: 0.9361 | weighted f1-score: 0.9439
Epoch 92 completed in 0m 3s
Epoch 93/149
----------
The epoch: 93 | phase: train | loss: 0.0153 | accuracy: 0.9949 | mean f1-score: 0.9969 | weighted f1-score: 0.9949
The epoch: 93 | phase: val | loss: 2.2101 | accuracy: 0.6486 | mean f1-score: 0.6950 | weighted f1-score: 0.6602
The epoch: 93 | phase: test | loss: 0.3837 | accuracy: 0.9473 | mean f1-score: 0.9341 | weighted f1-score: 0.9471
Epoch 93 completed in 0m 3s
Epoch 94/149
----------
The epoch: 94 | phase: train | loss: 0.0156 | accuracy: 0.9948 | mean f1-score: 0.9969 | weighted f1-score: 0.9948
The epoch: 94 | phase: val | loss: 2.1826 | accuracy: 0.6502 | mean f1-score: 0.6959 | weighted f1-score: 0.6568
The epoch: 94 | phase: test | loss: 0.3608 | accuracy: 0.9420 | mean f1-score: 0.9236 | weighted f1-score: 0.9420
Epoch 94 completed in 0m 3s
Epoch 95/149
----------
The epoch: 95 | phase: train | loss: 0.0143 | accuracy: 0.9950 | mean f1-score: 0.9969 | weighted f1-score: 0.9950
The epoch: 95 | phase: val | loss: 2.3139 | accuracy: 0.6431 | mean f1-score: 0.6857 | weighted f1-score: 0.6494
The epoch: 95 | phase: test | loss: 0.3608 | accuracy: 0.9449 | mean f1-score: 0.9187 | weighted f1-score: 0.9449
Epoch 95 completed in 0m 3s
Epoch 96/149
----------
The epoch: 96 | phase: train | loss: 0.0141 | accuracy: 0.9947 | mean f1-score: 0.9968 | weighted f1-score: 0.9947
The epoch: 96 | phase: val | loss: 2.1514 | accuracy: 0.6564 | mean f1-score: 0.6960 | weighted f1-score: 0.6641
The epoch: 96 | phase: test | loss: 0.3133 | accuracy: 0.9444 | mean f1-score: 0.9207 | weighted f1-score: 0.9444
Epoch 96 completed in 0m 3s
Epoch 97/149
----------
The epoch: 97 | phase: train | loss: 0.0149 | accuracy: 0.9946 | mean f1-score: 0.9971 | weighted f1-score: 0.9946
The epoch: 97 | phase: val | loss: 2.2667 | accuracy: 0.6466 | mean f1-score: 0.6905 | weighted f1-score: 0.6542
The epoch: 97 | phase: test | loss: 0.3251 | accuracy: 0.9439 | mean f1-score: 0.9228 | weighted f1-score: 0.9439
Epoch 97 completed in 0m 3s
Epoch 98/149
----------
The epoch: 98 | phase: train | loss: 0.0142 | accuracy: 0.9956 | mean f1-score: 0.9971 | weighted f1-score: 0.9956
The epoch: 98 | phase: val | loss: 2.0183 | accuracy: 0.6788 | mean f1-score: 0.7135 | weighted f1-score: 0.6892
The epoch: 98 | phase: test | loss: 0.3461 | accuracy: 0.9410 | mean f1-score: 0.9173 | weighted f1-score: 0.9411
Epoch 98 completed in 0m 3s
Epoch 99/149
----------
The epoch: 99 | phase: train | loss: 0.0151 | accuracy: 0.9944 | mean f1-score: 0.9965 | weighted f1-score: 0.9944
The epoch: 99 | phase: val | loss: 1.8432 | accuracy: 0.6894 | mean f1-score: 0.7232 | weighted f1-score: 0.6980
The epoch: 99 | phase: test | loss: 0.3676 | accuracy: 0.9396 | mean f1-score: 0.9167 | weighted f1-score: 0.9397
Epoch 99 completed in 0m 3s
Epoch 100/149
----------
The epoch: 100 | phase: train | loss: 0.0121 | accuracy: 0.9958 | mean f1-score: 0.9975 | weighted f1-score: 0.9958
The epoch: 100 | phase: val | loss: 2.2177 | accuracy: 0.6591 | mean f1-score: 0.6993 | weighted f1-score: 0.6710
The epoch: 100 | phase: test | loss: 0.3212 | accuracy: 0.9420 | mean f1-score: 0.9120 | weighted f1-score: 0.9421
Epoch 100 completed in 0m 3s
Epoch 101/149
----------
The epoch: 101 | phase: train | loss: 0.0100 | accuracy: 0.9967 | mean f1-score: 0.9983 | weighted f1-score: 0.9967
The epoch: 101 | phase: val | loss: 2.3287 | accuracy: 0.6515 | mean f1-score: 0.6932 | weighted f1-score: 0.6622
The epoch: 101 | phase: test | loss: 0.3603 | accuracy: 0.9434 | mean f1-score: 0.9285 | weighted f1-score: 0.9433
Epoch 101 completed in 0m 3s
Epoch 102/149
----------
The epoch: 102 | phase: train | loss: 0.0102 | accuracy: 0.9969 | mean f1-score: 0.9982 | weighted f1-score: 0.9969
The epoch: 102 | phase: val | loss: 2.4974 | accuracy: 0.6294 | mean f1-score: 0.6768 | weighted f1-score: 0.6437
The epoch: 102 | phase: test | loss: 0.3346 | accuracy: 0.9430 | mean f1-score: 0.9415 | weighted f1-score: 0.9428
Epoch 102 completed in 0m 3s
Epoch 103/149
----------
The epoch: 103 | phase: train | loss: 0.0093 | accuracy: 0.9970 | mean f1-score: 0.9982 | weighted f1-score: 0.9970
The epoch: 103 | phase: val | loss: 2.0611 | accuracy: 0.6648 | mean f1-score: 0.7004 | weighted f1-score: 0.6691
The epoch: 103 | phase: test | loss: 0.3597 | accuracy: 0.9425 | mean f1-score: 0.9297 | weighted f1-score: 0.9425
Epoch 103 completed in 0m 3s
Epoch 104/149
----------
The epoch: 104 | phase: train | loss: 0.0111 | accuracy: 0.9962 | mean f1-score: 0.9980 | weighted f1-score: 0.9962
The epoch: 104 | phase: val | loss: 2.1709 | accuracy: 0.6586 | mean f1-score: 0.6962 | weighted f1-score: 0.6645
The epoch: 104 | phase: test | loss: 0.3305 | accuracy: 0.9458 | mean f1-score: 0.9212 | weighted f1-score: 0.9458
Epoch 104 completed in 0m 3s
Epoch 105/149
----------
The epoch: 105 | phase: train | loss: 0.0095 | accuracy: 0.9976 | mean f1-score: 0.9984 | weighted f1-score: 0.9976
The epoch: 105 | phase: val | loss: 1.9375 | accuracy: 0.6737 | mean f1-score: 0.7097 | weighted f1-score: 0.6846
The epoch: 105 | phase: test | loss: 0.3652 | accuracy: 0.9444 | mean f1-score: 0.9181 | weighted f1-score: 0.9443
Epoch 105 completed in 0m 3s
Epoch 106/149
----------
The epoch: 106 | phase: train | loss: 0.0095 | accuracy: 0.9968 | mean f1-score: 0.9979 | weighted f1-score: 0.9968
The epoch: 106 | phase: val | loss: 2.2259 | accuracy: 0.6480 | mean f1-score: 0.6861 | weighted f1-score: 0.6518
The epoch: 106 | phase: test | loss: 0.3535 | accuracy: 0.9497 | mean f1-score: 0.9353 | weighted f1-score: 0.9495
Epoch 106 completed in 0m 3s
Epoch 107/149
----------
The epoch: 107 | phase: train | loss: 0.0084 | accuracy: 0.9968 | mean f1-score: 0.9982 | weighted f1-score: 0.9968
The epoch: 107 | phase: val | loss: 1.9085 | accuracy: 0.6755 | mean f1-score: 0.7073 | weighted f1-score: 0.6784
The epoch: 107 | phase: test | loss: 0.3697 | accuracy: 0.9358 | mean f1-score: 0.9156 | weighted f1-score: 0.9358
Epoch 107 completed in 0m 3s
Epoch 108/149
----------
The epoch: 108 | phase: train | loss: 0.0128 | accuracy: 0.9949 | mean f1-score: 0.9973 | weighted f1-score: 0.9949
The epoch: 108 | phase: val | loss: 1.9391 | accuracy: 0.6783 | mean f1-score: 0.7134 | weighted f1-score: 0.6809
The epoch: 108 | phase: test | loss: 0.3391 | accuracy: 0.9477 | mean f1-score: 0.9373 | weighted f1-score: 0.9477
Epoch 108 completed in 0m 3s
Epoch 109/149
----------
The epoch: 109 | phase: train | loss: 0.0112 | accuracy: 0.9964 | mean f1-score: 0.9978 | weighted f1-score: 0.9964
The epoch: 109 | phase: val | loss: 2.2544 | accuracy: 0.6524 | mean f1-score: 0.6924 | weighted f1-score: 0.6582
The epoch: 109 | phase: test | loss: 0.3442 | accuracy: 0.9449 | mean f1-score: 0.9409 | weighted f1-score: 0.9448
Epoch 109 completed in 0m 3s
Epoch 110/149
----------
The epoch: 110 | phase: train | loss: 0.0081 | accuracy: 0.9969 | mean f1-score: 0.9984 | weighted f1-score: 0.9969
The epoch: 110 | phase: val | loss: 2.1850 | accuracy: 0.6562 | mean f1-score: 0.6918 | weighted f1-score: 0.6605
The epoch: 110 | phase: test | loss: 0.3868 | accuracy: 0.9410 | mean f1-score: 0.9382 | weighted f1-score: 0.9410
Epoch 110 completed in 0m 3s
Epoch 111/149
----------
The epoch: 111 | phase: train | loss: 0.0111 | accuracy: 0.9959 | mean f1-score: 0.9978 | weighted f1-score: 0.9959
The epoch: 111 | phase: val | loss: 2.1020 | accuracy: 0.6673 | mean f1-score: 0.7017 | weighted f1-score: 0.6730
The epoch: 111 | phase: test | loss: 0.3380 | accuracy: 0.9463 | mean f1-score: 0.9436 | weighted f1-score: 0.9463
Epoch 111 completed in 0m 3s
Epoch 112/149
----------
The epoch: 112 | phase: train | loss: 0.0110 | accuracy: 0.9963 | mean f1-score: 0.9980 | weighted f1-score: 0.9963
The epoch: 112 | phase: val | loss: 2.1822 | accuracy: 0.6602 | mean f1-score: 0.6955 | weighted f1-score: 0.6662
The epoch: 112 | phase: test | loss: 0.3615 | accuracy: 0.9487 | mean f1-score: 0.9462 | weighted f1-score: 0.9487
Epoch 112 completed in 0m 3s
Epoch 113/149
----------
The epoch: 113 | phase: train | loss: 0.0115 | accuracy: 0.9959 | mean f1-score: 0.9978 | weighted f1-score: 0.9959
The epoch: 113 | phase: val | loss: 2.1472 | accuracy: 0.6579 | mean f1-score: 0.6903 | weighted f1-score: 0.6625
The epoch: 113 | phase: test | loss: 0.3706 | accuracy: 0.9391 | mean f1-score: 0.9304 | weighted f1-score: 0.9391
Epoch 113 completed in 0m 3s
Epoch 114/149
----------
The epoch: 114 | phase: train | loss: 0.0115 | accuracy: 0.9958 | mean f1-score: 0.9975 | weighted f1-score: 0.9958
The epoch: 114 | phase: val | loss: 2.1584 | accuracy: 0.6517 | mean f1-score: 0.6924 | weighted f1-score: 0.6623
The epoch: 114 | phase: test | loss: 0.3586 | accuracy: 0.9516 | mean f1-score: 0.9444 | weighted f1-score: 0.9515
Epoch 114 completed in 0m 3s
Epoch 115/149
----------
The epoch: 115 | phase: train | loss: 0.0096 | accuracy: 0.9960 | mean f1-score: 0.9975 | weighted f1-score: 0.9960
The epoch: 115 | phase: val | loss: 2.0763 | accuracy: 0.6588 | mean f1-score: 0.6975 | weighted f1-score: 0.6673
The epoch: 115 | phase: test | loss: 0.3864 | accuracy: 0.9434 | mean f1-score: 0.9254 | weighted f1-score: 0.9433
Epoch 115 completed in 0m 3s
Epoch 116/149
----------
The epoch: 116 | phase: train | loss: 0.0112 | accuracy: 0.9963 | mean f1-score: 0.9976 | weighted f1-score: 0.9963
The epoch: 116 | phase: val | loss: 2.1009 | accuracy: 0.6626 | mean f1-score: 0.6985 | weighted f1-score: 0.6691
The epoch: 116 | phase: test | loss: 0.3469 | accuracy: 0.9434 | mean f1-score: 0.9379 | weighted f1-score: 0.9434
Epoch 116 completed in 0m 3s
Epoch 117/149
----------
The epoch: 117 | phase: train | loss: 0.0103 | accuracy: 0.9962 | mean f1-score: 0.9980 | weighted f1-score: 0.9962
The epoch: 117 | phase: val | loss: 2.3305 | accuracy: 0.6378 | mean f1-score: 0.6832 | weighted f1-score: 0.6530
The epoch: 117 | phase: test | loss: 0.4072 | accuracy: 0.9386 | mean f1-score: 0.9361 | weighted f1-score: 0.9385
Epoch 117 completed in 0m 3s
Epoch 118/149
----------
The epoch: 118 | phase: train | loss: 0.0094 | accuracy: 0.9968 | mean f1-score: 0.9982 | weighted f1-score: 0.9968
The epoch: 118 | phase: val | loss: 2.1337 | accuracy: 0.6668 | mean f1-score: 0.7010 | weighted f1-score: 0.6690
The epoch: 118 | phase: test | loss: 0.4116 | accuracy: 0.9377 | mean f1-score: 0.9232 | weighted f1-score: 0.9379
Epoch 118 completed in 0m 2s
Epoch 119/149
----------
The epoch: 119 | phase: train | loss: 0.0122 | accuracy: 0.9959 | mean f1-score: 0.9978 | weighted f1-score: 0.9959
The epoch: 119 | phase: val | loss: 2.1547 | accuracy: 0.6571 | mean f1-score: 0.6985 | weighted f1-score: 0.6691
The epoch: 119 | phase: test | loss: 0.3686 | accuracy: 0.9444 | mean f1-score: 0.9364 | weighted f1-score: 0.9444
Epoch 119 completed in 0m 2s
Epoch 120/149
----------
The epoch: 120 | phase: train | loss: 0.0066 | accuracy: 0.9979 | mean f1-score: 0.9989 | weighted f1-score: 0.9979
The epoch: 120 | phase: val | loss: 2.1523 | accuracy: 0.6579 | mean f1-score: 0.6944 | weighted f1-score: 0.6662
The epoch: 120 | phase: test | loss: 0.3878 | accuracy: 0.9439 | mean f1-score: 0.9390 | weighted f1-score: 0.9439
Epoch 120 completed in 0m 3s
Epoch 121/149
----------
The epoch: 121 | phase: train | loss: 0.0090 | accuracy: 0.9968 | mean f1-score: 0.9983 | weighted f1-score: 0.9968
The epoch: 121 | phase: val | loss: 2.2356 | accuracy: 0.6500 | mean f1-score: 0.6854 | weighted f1-score: 0.6600
The epoch: 121 | phase: test | loss: 0.3927 | accuracy: 0.9391 | mean f1-score: 0.9348 | weighted f1-score: 0.9391
Epoch 121 completed in 0m 3s
Epoch 122/149
----------
The epoch: 122 | phase: train | loss: 0.0118 | accuracy: 0.9958 | mean f1-score: 0.9978 | weighted f1-score: 0.9958
The epoch: 122 | phase: val | loss: 2.2379 | accuracy: 0.6531 | mean f1-score: 0.6926 | weighted f1-score: 0.6633
The epoch: 122 | phase: test | loss: 0.3713 | accuracy: 0.9386 | mean f1-score: 0.9391 | weighted f1-score: 0.9386
Epoch 122 completed in 0m 2s
Epoch 123/149
----------
The epoch: 123 | phase: train | loss: 0.0092 | accuracy: 0.9972 | mean f1-score: 0.9984 | weighted f1-score: 0.9972
The epoch: 123 | phase: val | loss: 2.2279 | accuracy: 0.6513 | mean f1-score: 0.6908 | weighted f1-score: 0.6633
The epoch: 123 | phase: test | loss: 0.4107 | accuracy: 0.9396 | mean f1-score: 0.9373 | weighted f1-score: 0.9396
Epoch 123 completed in 0m 3s
Epoch 124/149
----------
The epoch: 124 | phase: train | loss: 0.0113 | accuracy: 0.9963 | mean f1-score: 0.9978 | weighted f1-score: 0.9963
The epoch: 124 | phase: val | loss: 2.2373 | accuracy: 0.6657 | mean f1-score: 0.7052 | weighted f1-score: 0.6769
The epoch: 124 | phase: test | loss: 0.4102 | accuracy: 0.9449 | mean f1-score: 0.9186 | weighted f1-score: 0.9447
Epoch 124 completed in 0m 3s
Epoch 125/149
----------
The epoch: 125 | phase: train | loss: 0.0113 | accuracy: 0.9956 | mean f1-score: 0.9976 | weighted f1-score: 0.9956
The epoch: 125 | phase: val | loss: 2.2197 | accuracy: 0.6611 | mean f1-score: 0.7012 | weighted f1-score: 0.6732
The epoch: 125 | phase: test | loss: 0.3578 | accuracy: 0.9386 | mean f1-score: 0.9092 | weighted f1-score: 0.9384
Epoch 125 completed in 0m 3s
Epoch 126/149
----------
The epoch: 126 | phase: train | loss: 0.0108 | accuracy: 0.9964 | mean f1-score: 0.9980 | weighted f1-score: 0.9964
The epoch: 126 | phase: val | loss: 2.1888 | accuracy: 0.6608 | mean f1-score: 0.6986 | weighted f1-score: 0.6667
The epoch: 126 | phase: test | loss: 0.3923 | accuracy: 0.9434 | mean f1-score: 0.9201 | weighted f1-score: 0.9433
Epoch 126 completed in 0m 3s
Epoch 127/149
----------
The epoch: 127 | phase: train | loss: 0.0079 | accuracy: 0.9975 | mean f1-score: 0.9986 | weighted f1-score: 0.9975
The epoch: 127 | phase: val | loss: 2.3407 | accuracy: 0.6497 | mean f1-score: 0.6905 | weighted f1-score: 0.6599
The epoch: 127 | phase: test | loss: 0.4269 | accuracy: 0.9257 | mean f1-score: 0.9099 | weighted f1-score: 0.9255
Epoch 127 completed in 0m 3s
Epoch 128/149
----------
The epoch: 128 | phase: train | loss: 0.0095 | accuracy: 0.9962 | mean f1-score: 0.9978 | weighted f1-score: 0.9962
The epoch: 128 | phase: val | loss: 2.3574 | accuracy: 0.6517 | mean f1-score: 0.6916 | weighted f1-score: 0.6600
The epoch: 128 | phase: test | loss: 0.3964 | accuracy: 0.9430 | mean f1-score: 0.9131 | weighted f1-score: 0.9428
Epoch 128 completed in 0m 3s
Epoch 129/149
----------
The epoch: 129 | phase: train | loss: 0.0058 | accuracy: 0.9981 | mean f1-score: 0.9990 | weighted f1-score: 0.9981
The epoch: 129 | phase: val | loss: 2.3162 | accuracy: 0.6497 | mean f1-score: 0.6911 | weighted f1-score: 0.6584
The epoch: 129 | phase: test | loss: 0.3923 | accuracy: 0.9430 | mean f1-score: 0.9314 | weighted f1-score: 0.9429
Epoch 129 completed in 0m 3s
Epoch 130/149
----------
The epoch: 130 | phase: train | loss: 0.0064 | accuracy: 0.9977 | mean f1-score: 0.9988 | weighted f1-score: 0.9977
The epoch: 130 | phase: val | loss: 2.3067 | accuracy: 0.6471 | mean f1-score: 0.6860 | weighted f1-score: 0.6539
The epoch: 130 | phase: test | loss: 0.3856 | accuracy: 0.9430 | mean f1-score: 0.9268 | weighted f1-score: 0.9429
Epoch 130 completed in 0m 3s
Epoch 131/149
----------
The epoch: 131 | phase: train | loss: 0.0060 | accuracy: 0.9980 | mean f1-score: 0.9988 | weighted f1-score: 0.9980
The epoch: 131 | phase: val | loss: 2.4211 | accuracy: 0.6442 | mean f1-score: 0.6866 | weighted f1-score: 0.6548
The epoch: 131 | phase: test | loss: 0.3920 | accuracy: 0.9482 | mean f1-score: 0.9356 | weighted f1-score: 0.9482
Epoch 131 completed in 0m 3s
Epoch 132/149
----------
The epoch: 132 | phase: train | loss: 0.0084 | accuracy: 0.9971 | mean f1-score: 0.9981 | weighted f1-score: 0.9971
The epoch: 132 | phase: val | loss: 2.5878 | accuracy: 0.6309 | mean f1-score: 0.6778 | weighted f1-score: 0.6455
The epoch: 132 | phase: test | loss: 0.3801 | accuracy: 0.9487 | mean f1-score: 0.9392 | weighted f1-score: 0.9486
Epoch 132 completed in 0m 3s
Epoch 133/149
----------
The epoch: 133 | phase: train | loss: 0.0082 | accuracy: 0.9968 | mean f1-score: 0.9980 | weighted f1-score: 0.9968
The epoch: 133 | phase: val | loss: 2.3886 | accuracy: 0.6584 | mean f1-score: 0.6934 | weighted f1-score: 0.6619
The epoch: 133 | phase: test | loss: 0.3827 | accuracy: 0.9358 | mean f1-score: 0.9228 | weighted f1-score: 0.9358
Epoch 133 completed in 0m 3s
Epoch 134/149
----------
The epoch: 134 | phase: train | loss: 0.0088 | accuracy: 0.9970 | mean f1-score: 0.9984 | weighted f1-score: 0.9970
The epoch: 134 | phase: val | loss: 2.4893 | accuracy: 0.6489 | mean f1-score: 0.6905 | weighted f1-score: 0.6597
The epoch: 134 | phase: test | loss: 0.3977 | accuracy: 0.9420 | mean f1-score: 0.9395 | weighted f1-score: 0.9419
Epoch 134 completed in 0m 3s
Epoch 135/149
----------
The epoch: 135 | phase: train | loss: 0.0050 | accuracy: 0.9986 | mean f1-score: 0.9993 | weighted f1-score: 0.9986
The epoch: 135 | phase: val | loss: 2.3053 | accuracy: 0.6604 | mean f1-score: 0.6985 | weighted f1-score: 0.6733
The epoch: 135 | phase: test | loss: 0.3918 | accuracy: 0.9401 | mean f1-score: 0.9374 | weighted f1-score: 0.9400
Epoch 135 completed in 0m 3s
Epoch 136/149
----------
The epoch: 136 | phase: train | loss: 0.0050 | accuracy: 0.9984 | mean f1-score: 0.9992 | weighted f1-score: 0.9984
The epoch: 136 | phase: val | loss: 2.4323 | accuracy: 0.6491 | mean f1-score: 0.6894 | weighted f1-score: 0.6639
The epoch: 136 | phase: test | loss: 0.3902 | accuracy: 0.9487 | mean f1-score: 0.9457 | weighted f1-score: 0.9487
Epoch 136 completed in 0m 3s
Epoch 137/149
----------
The epoch: 137 | phase: train | loss: 0.0059 | accuracy: 0.9982 | mean f1-score: 0.9989 | weighted f1-score: 0.9982
The epoch: 137 | phase: val | loss: 2.7074 | accuracy: 0.6329 | mean f1-score: 0.6769 | weighted f1-score: 0.6434
The epoch: 137 | phase: test | loss: 0.3999 | accuracy: 0.9434 | mean f1-score: 0.9456 | weighted f1-score: 0.9434
Epoch 137 completed in 0m 3s
Epoch 138/149
----------
The epoch: 138 | phase: train | loss: 0.0067 | accuracy: 0.9979 | mean f1-score: 0.9989 | weighted f1-score: 0.9979
The epoch: 138 | phase: val | loss: 2.4878 | accuracy: 0.6495 | mean f1-score: 0.6903 | weighted f1-score: 0.6581
The epoch: 138 | phase: test | loss: 0.4120 | accuracy: 0.9358 | mean f1-score: 0.9316 | weighted f1-score: 0.9357
Epoch 138 completed in 0m 4s
Epoch 139/149
----------
The epoch: 139 | phase: train | loss: 0.0083 | accuracy: 0.9977 | mean f1-score: 0.9985 | weighted f1-score: 0.9977
The epoch: 139 | phase: val | loss: 2.0901 | accuracy: 0.6657 | mean f1-score: 0.6983 | weighted f1-score: 0.6685
The epoch: 139 | phase: test | loss: 0.3976 | accuracy: 0.9415 | mean f1-score: 0.9295 | weighted f1-score: 0.9416
Epoch 139 completed in 0m 3s
Epoch 140/149
----------
The epoch: 140 | phase: train | loss: 0.0062 | accuracy: 0.9981 | mean f1-score: 0.9986 | weighted f1-score: 0.9981
The epoch: 140 | phase: val | loss: 2.2531 | accuracy: 0.6642 | mean f1-score: 0.6979 | weighted f1-score: 0.6668
The epoch: 140 | phase: test | loss: 0.3785 | accuracy: 0.9434 | mean f1-score: 0.9349 | weighted f1-score: 0.9436
Epoch 140 completed in 0m 3s
Epoch 141/149
----------
The epoch: 141 | phase: train | loss: 0.0098 | accuracy: 0.9967 | mean f1-score: 0.9981 | weighted f1-score: 0.9967
The epoch: 141 | phase: val | loss: 2.6652 | accuracy: 0.6240 | mean f1-score: 0.6701 | weighted f1-score: 0.6348
The epoch: 141 | phase: test | loss: 0.4122 | accuracy: 0.9415 | mean f1-score: 0.9252 | weighted f1-score: 0.9413
Epoch 141 completed in 0m 3s
Epoch 142/149
----------
The epoch: 142 | phase: train | loss: 0.0078 | accuracy: 0.9976 | mean f1-score: 0.9987 | weighted f1-score: 0.9976
The epoch: 142 | phase: val | loss: 2.4395 | accuracy: 0.6429 | mean f1-score: 0.6841 | weighted f1-score: 0.6490
The epoch: 142 | phase: test | loss: 0.3876 | accuracy: 0.9458 | mean f1-score: 0.9289 | weighted f1-score: 0.9457
Epoch 142 completed in 0m 3s
Epoch 143/149
----------
The epoch: 143 | phase: train | loss: 0.0071 | accuracy: 0.9975 | mean f1-score: 0.9985 | weighted f1-score: 0.9975
The epoch: 143 | phase: val | loss: 2.2849 | accuracy: 0.6531 | mean f1-score: 0.6951 | weighted f1-score: 0.6663
The epoch: 143 | phase: test | loss: 0.4417 | accuracy: 0.9401 | mean f1-score: 0.9269 | weighted f1-score: 0.9398
Epoch 143 completed in 0m 4s
Epoch 144/149
----------
The epoch: 144 | phase: train | loss: 0.0055 | accuracy: 0.9980 | mean f1-score: 0.9989 | weighted f1-score: 0.9980
The epoch: 144 | phase: val | loss: 2.3711 | accuracy: 0.6495 | mean f1-score: 0.6933 | weighted f1-score: 0.6633
The epoch: 144 | phase: test | loss: 0.4533 | accuracy: 0.9410 | mean f1-score: 0.9368 | weighted f1-score: 0.9409
Epoch 144 completed in 0m 3s
Epoch 145/149
----------
The epoch: 145 | phase: train | loss: 0.0039 | accuracy: 0.9987 | mean f1-score: 0.9993 | weighted f1-score: 0.9987
The epoch: 145 | phase: val | loss: 2.3752 | accuracy: 0.6506 | mean f1-score: 0.6949 | weighted f1-score: 0.6644
The epoch: 145 | phase: test | loss: 0.3904 | accuracy: 0.9453 | mean f1-score: 0.9423 | weighted f1-score: 0.9452
Epoch 145 completed in 0m 3s
Epoch 146/149
----------
The epoch: 146 | phase: train | loss: 0.0049 | accuracy: 0.9982 | mean f1-score: 0.9988 | weighted f1-score: 0.9982
The epoch: 146 | phase: val | loss: 2.3456 | accuracy: 0.6477 | mean f1-score: 0.6915 | weighted f1-score: 0.6616
The epoch: 146 | phase: test | loss: 0.4181 | accuracy: 0.9492 | mean f1-score: 0.9394 | weighted f1-score: 0.9490
Epoch 146 completed in 0m 3s
Epoch 147/149
----------
The epoch: 147 | phase: train | loss: 0.0068 | accuracy: 0.9972 | mean f1-score: 0.9984 | weighted f1-score: 0.9972
The epoch: 147 | phase: val | loss: 2.3366 | accuracy: 0.6619 | mean f1-score: 0.6974 | weighted f1-score: 0.6608
The epoch: 147 | phase: test | loss: 0.3907 | accuracy: 0.9458 | mean f1-score: 0.9203 | weighted f1-score: 0.9458
Epoch 147 completed in 0m 3s
Epoch 148/149
----------
The epoch: 148 | phase: train | loss: 0.0071 | accuracy: 0.9970 | mean f1-score: 0.9983 | weighted f1-score: 0.9970
The epoch: 148 | phase: val | loss: 2.4994 | accuracy: 0.6395 | mean f1-score: 0.6833 | weighted f1-score: 0.6474
The epoch: 148 | phase: test | loss: 0.3990 | accuracy: 0.9453 | mean f1-score: 0.9420 | weighted f1-score: 0.9453
Epoch 148 completed in 0m 3s
Epoch 149/149
----------
The epoch: 149 | phase: train | loss: 0.0067 | accuracy: 0.9978 | mean f1-score: 0.9988 | weighted f1-score: 0.9978
The epoch: 149 | phase: val | loss: 2.3093 | accuracy: 0.6553 | mean f1-score: 0.6982 | weighted f1-score: 0.6704
The epoch: 149 | phase: test | loss: 0.4102 | accuracy: 0.9439 | mean f1-score: 0.9343 | weighted f1-score: 0.9437
Epoch 149 completed in 0m 3s
The best epoch is 21
Phase: train, loss: 0.061763382696092904, accuracy: 0.9813827110798028, f1_score: 0.9889988102414033, f1_score weighted: 0.9813840719439048 {'train': [], 'val': [], 'test': []}
Phase: val, loss: 1.6474463808922355, accuracy: 0.6747949456883174, f1_score: 0.7234011336070978, f1_score weighted: 0.6788965490535647 {'train': [], 'val': [], 'test': []}
Phase: test, loss: 0.27188596203708926, accuracy: 0.9439117929050815, f1_score: 0.9181747100610962, f1_score weighted: 0.9441213965765884 {'train': [], 'val': [], 'test': []}
------ Evaluation complete! ------
