Namespace(window=50, overlap=25, batch_size=64, learning_rate=0.0005, num_epochs=150, gpu_id='0', dataset='kuhar', kernel_size=3, num_steps_prediction=28, classifier_lr=0.0005, classifier_batch_size=256, saved_model='/workspaces/betania.silva/ssl_tools/contrastive-predictive-coding-for-har/models/May-11-2024/realworld_waist_k_28_lr_0.0005_bs_64.pkl', learning_schedule='all_layers', random_seed=42, input_size=6, num_classes=7, root_dir='/workspaces/betania.silva/view_concatenated', data_file='kuhar', device=device(type='cuda', index=0), padding=1)
Data Raw (248462, 6)
Data (9937, 50, 6)
Labels (9937,)
Data Raw (112812, 6)
Data (4511, 50, 6)
Labels (4511,)
Data Raw (52196, 6)
Data (2086, 50, 6)
Labels (2086,)
The batch size for train phase is: 256
The batch size for val phase is: 256
The batch size for test phase is: 256
Loading the pre-trained weights
Epoch 0/149
----------
The epoch: 0 | phase: train | loss: 0.8367 | accuracy: 0.7398 | mean f1-score: 0.6087 | weighted f1-score: 0.7384
The epoch: 0 | phase: val | loss: 1.0501 | accuracy: 0.6278 | mean f1-score: 0.6529 | weighted f1-score: 0.6184
The epoch: 0 | phase: test | loss: 0.5282 | accuracy: 0.8135 | mean f1-score: 0.8073 | weighted f1-score: 0.8128
Epoch 0 completed in 0m 2s
Epoch 1/149
----------
The epoch: 1 | phase: train | loss: 0.3593 | accuracy: 0.8894 | mean f1-score: 0.9109 | weighted f1-score: 0.8894
The epoch: 1 | phase: val | loss: 1.1721 | accuracy: 0.5385 | mean f1-score: 0.5786 | weighted f1-score: 0.5511
The epoch: 1 | phase: test | loss: 0.4083 | accuracy: 0.8619 | mean f1-score: 0.8739 | weighted f1-score: 0.8613
Epoch 1 completed in 0m 1s
Epoch 2/149
----------
The epoch: 2 | phase: train | loss: 0.2556 | accuracy: 0.9159 | mean f1-score: 0.9385 | weighted f1-score: 0.9159
The epoch: 2 | phase: val | loss: 1.2056 | accuracy: 0.5420 | mean f1-score: 0.5844 | weighted f1-score: 0.5536
The epoch: 2 | phase: test | loss: 0.4257 | accuracy: 0.8471 | mean f1-score: 0.8163 | weighted f1-score: 0.8479
Epoch 2 completed in 0m 1s
Epoch 3/149
----------
The epoch: 3 | phase: train | loss: 0.2142 | accuracy: 0.9295 | mean f1-score: 0.9499 | weighted f1-score: 0.9294
The epoch: 3 | phase: val | loss: 1.3474 | accuracy: 0.5221 | mean f1-score: 0.5803 | weighted f1-score: 0.5437
The epoch: 3 | phase: test | loss: 0.3620 | accuracy: 0.8768 | mean f1-score: 0.8561 | weighted f1-score: 0.8782
Epoch 3 completed in 0m 1s
Epoch 4/149
----------
The epoch: 4 | phase: train | loss: 0.1784 | accuracy: 0.9439 | mean f1-score: 0.9592 | weighted f1-score: 0.9439
The epoch: 4 | phase: val | loss: 1.4392 | accuracy: 0.5123 | mean f1-score: 0.5706 | weighted f1-score: 0.5300
The epoch: 4 | phase: test | loss: 0.3066 | accuracy: 0.9075 | mean f1-score: 0.9101 | weighted f1-score: 0.9074
Epoch 4 completed in 0m 1s
Epoch 5/149
----------
The epoch: 5 | phase: train | loss: 0.1586 | accuracy: 0.9500 | mean f1-score: 0.9645 | weighted f1-score: 0.9500
The epoch: 5 | phase: val | loss: 1.3535 | accuracy: 0.5183 | mean f1-score: 0.5749 | weighted f1-score: 0.5377
The epoch: 5 | phase: test | loss: 0.3100 | accuracy: 0.9161 | mean f1-score: 0.9302 | weighted f1-score: 0.9161
Epoch 5 completed in 0m 1s
Epoch 6/149
----------
The epoch: 6 | phase: train | loss: 0.1416 | accuracy: 0.9540 | mean f1-score: 0.9699 | weighted f1-score: 0.9540
The epoch: 6 | phase: val | loss: 1.3976 | accuracy: 0.5385 | mean f1-score: 0.5873 | weighted f1-score: 0.5526
The epoch: 6 | phase: test | loss: 0.3011 | accuracy: 0.8993 | mean f1-score: 0.9151 | weighted f1-score: 0.8990
Epoch 6 completed in 0m 2s
Epoch 7/149
----------
The epoch: 7 | phase: train | loss: 0.1310 | accuracy: 0.9585 | mean f1-score: 0.9706 | weighted f1-score: 0.9585
The epoch: 7 | phase: val | loss: 1.6148 | accuracy: 0.5176 | mean f1-score: 0.5653 | weighted f1-score: 0.5251
The epoch: 7 | phase: test | loss: 0.3281 | accuracy: 0.9113 | mean f1-score: 0.9203 | weighted f1-score: 0.9114
Epoch 7 completed in 0m 2s
Epoch 8/149
----------
The epoch: 8 | phase: train | loss: 0.1299 | accuracy: 0.9567 | mean f1-score: 0.9709 | weighted f1-score: 0.9567
The epoch: 8 | phase: val | loss: 1.6346 | accuracy: 0.5416 | mean f1-score: 0.6005 | weighted f1-score: 0.5697
The epoch: 8 | phase: test | loss: 0.3306 | accuracy: 0.8826 | mean f1-score: 0.8854 | weighted f1-score: 0.8828
Epoch 8 completed in 0m 2s
Epoch 9/149
----------
The epoch: 9 | phase: train | loss: 0.1101 | accuracy: 0.9657 | mean f1-score: 0.9775 | weighted f1-score: 0.9657
The epoch: 9 | phase: val | loss: 1.5093 | accuracy: 0.5640 | mean f1-score: 0.6163 | weighted f1-score: 0.5869
The epoch: 9 | phase: test | loss: 0.3096 | accuracy: 0.9142 | mean f1-score: 0.9313 | weighted f1-score: 0.9142
Epoch 9 completed in 0m 2s
Epoch 10/149
----------
The epoch: 10 | phase: train | loss: 0.1065 | accuracy: 0.9678 | mean f1-score: 0.9796 | weighted f1-score: 0.9678
The epoch: 10 | phase: val | loss: 1.4634 | accuracy: 0.5730 | mean f1-score: 0.6166 | weighted f1-score: 0.5843
The epoch: 10 | phase: test | loss: 0.2973 | accuracy: 0.9286 | mean f1-score: 0.9361 | weighted f1-score: 0.9285
Epoch 10 completed in 0m 2s
Epoch 11/149
----------
The epoch: 11 | phase: train | loss: 0.0965 | accuracy: 0.9696 | mean f1-score: 0.9802 | weighted f1-score: 0.9696
The epoch: 11 | phase: val | loss: 1.7729 | accuracy: 0.5533 | mean f1-score: 0.6086 | weighted f1-score: 0.5780
The epoch: 11 | phase: test | loss: 0.3168 | accuracy: 0.9233 | mean f1-score: 0.9409 | weighted f1-score: 0.9233
Epoch 11 completed in 0m 2s
Epoch 12/149
----------
The epoch: 12 | phase: train | loss: 0.1007 | accuracy: 0.9680 | mean f1-score: 0.9788 | weighted f1-score: 0.9680
The epoch: 12 | phase: val | loss: 1.8774 | accuracy: 0.5409 | mean f1-score: 0.5995 | weighted f1-score: 0.5590
The epoch: 12 | phase: test | loss: 0.3013 | accuracy: 0.9161 | mean f1-score: 0.9210 | weighted f1-score: 0.9160
Epoch 12 completed in 0m 2s
Epoch 13/149
----------
The epoch: 13 | phase: train | loss: 0.0943 | accuracy: 0.9714 | mean f1-score: 0.9814 | weighted f1-score: 0.9714
The epoch: 13 | phase: val | loss: 1.9391 | accuracy: 0.5303 | mean f1-score: 0.5847 | weighted f1-score: 0.5520
The epoch: 13 | phase: test | loss: 0.2947 | accuracy: 0.9329 | mean f1-score: 0.9181 | weighted f1-score: 0.9331
Epoch 13 completed in 0m 2s
Epoch 14/149
----------
The epoch: 14 | phase: train | loss: 0.0881 | accuracy: 0.9735 | mean f1-score: 0.9831 | weighted f1-score: 0.9735
The epoch: 14 | phase: val | loss: 1.6888 | accuracy: 0.5409 | mean f1-score: 0.5889 | weighted f1-score: 0.5424
The epoch: 14 | phase: test | loss: 0.2828 | accuracy: 0.9314 | mean f1-score: 0.9307 | weighted f1-score: 0.9314
Epoch 14 completed in 0m 1s
Epoch 15/149
----------
The epoch: 15 | phase: train | loss: 0.0861 | accuracy: 0.9734 | mean f1-score: 0.9835 | weighted f1-score: 0.9734
The epoch: 15 | phase: val | loss: 1.4922 | accuracy: 0.6247 | mean f1-score: 0.6506 | weighted f1-score: 0.6329
The epoch: 15 | phase: test | loss: 0.2682 | accuracy: 0.9353 | mean f1-score: 0.9364 | weighted f1-score: 0.9353
Epoch 15 completed in 0m 1s
Epoch 16/149
----------
The epoch: 16 | phase: train | loss: 0.0845 | accuracy: 0.9722 | mean f1-score: 0.9828 | weighted f1-score: 0.9722
The epoch: 16 | phase: val | loss: 1.7161 | accuracy: 0.5467 | mean f1-score: 0.5880 | weighted f1-score: 0.5549
The epoch: 16 | phase: test | loss: 0.3254 | accuracy: 0.9223 | mean f1-score: 0.9283 | weighted f1-score: 0.9224
Epoch 16 completed in 0m 2s
Epoch 17/149
----------
The epoch: 17 | phase: train | loss: 0.0858 | accuracy: 0.9724 | mean f1-score: 0.9830 | weighted f1-score: 0.9724
The epoch: 17 | phase: val | loss: 1.5845 | accuracy: 0.6234 | mean f1-score: 0.6495 | weighted f1-score: 0.6290
The epoch: 17 | phase: test | loss: 0.3077 | accuracy: 0.9353 | mean f1-score: 0.9046 | weighted f1-score: 0.9352
Epoch 17 completed in 0m 2s
Epoch 18/149
----------
The epoch: 18 | phase: train | loss: 0.0717 | accuracy: 0.9772 | mean f1-score: 0.9861 | weighted f1-score: 0.9772
The epoch: 18 | phase: val | loss: 1.9950 | accuracy: 0.5558 | mean f1-score: 0.6031 | weighted f1-score: 0.5662
The epoch: 18 | phase: test | loss: 0.3249 | accuracy: 0.9238 | mean f1-score: 0.9262 | weighted f1-score: 0.9238
Epoch 18 completed in 0m 2s
Epoch 19/149
----------
The epoch: 19 | phase: train | loss: 0.0710 | accuracy: 0.9785 | mean f1-score: 0.9861 | weighted f1-score: 0.9785
The epoch: 19 | phase: val | loss: 1.9299 | accuracy: 0.5635 | mean f1-score: 0.6178 | weighted f1-score: 0.5882
The epoch: 19 | phase: test | loss: 0.3240 | accuracy: 0.9132 | mean f1-score: 0.9411 | weighted f1-score: 0.9130
Epoch 19 completed in 0m 2s
Epoch 20/149
----------
The epoch: 20 | phase: train | loss: 0.0707 | accuracy: 0.9775 | mean f1-score: 0.9850 | weighted f1-score: 0.9775
The epoch: 20 | phase: val | loss: 2.3896 | accuracy: 0.5236 | mean f1-score: 0.5867 | weighted f1-score: 0.5430
The epoch: 20 | phase: test | loss: 0.3368 | accuracy: 0.9185 | mean f1-score: 0.9101 | weighted f1-score: 0.9184
Epoch 20 completed in 0m 2s
Epoch 21/149
----------
The epoch: 21 | phase: train | loss: 0.0774 | accuracy: 0.9744 | mean f1-score: 0.9838 | weighted f1-score: 0.9744
The epoch: 21 | phase: val | loss: 1.4922 | accuracy: 0.6021 | mean f1-score: 0.6362 | weighted f1-score: 0.6115
The epoch: 21 | phase: test | loss: 0.3334 | accuracy: 0.9223 | mean f1-score: 0.9281 | weighted f1-score: 0.9223
Epoch 21 completed in 0m 2s
Epoch 22/149
----------
The epoch: 22 | phase: train | loss: 0.0693 | accuracy: 0.9784 | mean f1-score: 0.9858 | weighted f1-score: 0.9784
The epoch: 22 | phase: val | loss: 1.8746 | accuracy: 0.5436 | mean f1-score: 0.6031 | weighted f1-score: 0.5649
The epoch: 22 | phase: test | loss: 0.3081 | accuracy: 0.9329 | mean f1-score: 0.9329 | weighted f1-score: 0.9327
Epoch 22 completed in 0m 1s
Epoch 23/149
----------
The epoch: 23 | phase: train | loss: 0.0609 | accuracy: 0.9809 | mean f1-score: 0.9886 | weighted f1-score: 0.9809
The epoch: 23 | phase: val | loss: 2.1702 | accuracy: 0.5458 | mean f1-score: 0.6068 | weighted f1-score: 0.5712
The epoch: 23 | phase: test | loss: 0.3188 | accuracy: 0.9334 | mean f1-score: 0.9386 | weighted f1-score: 0.9333
Epoch 23 completed in 0m 1s
Epoch 24/149
----------
The epoch: 24 | phase: train | loss: 0.0629 | accuracy: 0.9798 | mean f1-score: 0.9875 | weighted f1-score: 0.9798
The epoch: 24 | phase: val | loss: 1.9343 | accuracy: 0.5679 | mean f1-score: 0.6189 | weighted f1-score: 0.5917
The epoch: 24 | phase: test | loss: 0.3540 | accuracy: 0.9238 | mean f1-score: 0.9326 | weighted f1-score: 0.9237
Epoch 24 completed in 0m 1s
Epoch 25/149
----------
The epoch: 25 | phase: train | loss: 0.0533 | accuracy: 0.9825 | mean f1-score: 0.9894 | weighted f1-score: 0.9825
The epoch: 25 | phase: val | loss: 1.8101 | accuracy: 0.5620 | mean f1-score: 0.6130 | weighted f1-score: 0.5731
The epoch: 25 | phase: test | loss: 0.2993 | accuracy: 0.9310 | mean f1-score: 0.9309 | weighted f1-score: 0.9309
Epoch 25 completed in 0m 1s
Epoch 26/149
----------
The epoch: 26 | phase: train | loss: 0.0591 | accuracy: 0.9801 | mean f1-score: 0.9880 | weighted f1-score: 0.9801
The epoch: 26 | phase: val | loss: 2.3231 | accuracy: 0.5573 | mean f1-score: 0.6048 | weighted f1-score: 0.5728
The epoch: 26 | phase: test | loss: 0.3077 | accuracy: 0.9343 | mean f1-score: 0.9267 | weighted f1-score: 0.9343
Epoch 26 completed in 0m 1s
Epoch 27/149
----------
The epoch: 27 | phase: train | loss: 0.0523 | accuracy: 0.9821 | mean f1-score: 0.9898 | weighted f1-score: 0.9821
The epoch: 27 | phase: val | loss: 2.0660 | accuracy: 0.5566 | mean f1-score: 0.6041 | weighted f1-score: 0.5742
The epoch: 27 | phase: test | loss: 0.2946 | accuracy: 0.9348 | mean f1-score: 0.9477 | weighted f1-score: 0.9348
Epoch 27 completed in 0m 2s
Epoch 28/149
----------
The epoch: 28 | phase: train | loss: 0.0468 | accuracy: 0.9842 | mean f1-score: 0.9915 | weighted f1-score: 0.9842
The epoch: 28 | phase: val | loss: 2.1523 | accuracy: 0.5617 | mean f1-score: 0.6094 | weighted f1-score: 0.5763
The epoch: 28 | phase: test | loss: 0.3284 | accuracy: 0.9281 | mean f1-score: 0.9203 | weighted f1-score: 0.9281
Epoch 28 completed in 0m 2s
Epoch 29/149
----------
The epoch: 29 | phase: train | loss: 0.0540 | accuracy: 0.9839 | mean f1-score: 0.9913 | weighted f1-score: 0.9839
The epoch: 29 | phase: val | loss: 2.0348 | accuracy: 0.5671 | mean f1-score: 0.6063 | weighted f1-score: 0.5800
The epoch: 29 | phase: test | loss: 0.4355 | accuracy: 0.9075 | mean f1-score: 0.9338 | weighted f1-score: 0.9072
Epoch 29 completed in 0m 2s
Epoch 30/149
----------
The epoch: 30 | phase: train | loss: 0.0520 | accuracy: 0.9819 | mean f1-score: 0.9897 | weighted f1-score: 0.9819
The epoch: 30 | phase: val | loss: 2.1528 | accuracy: 0.5524 | mean f1-score: 0.6039 | weighted f1-score: 0.5761
The epoch: 30 | phase: test | loss: 0.3502 | accuracy: 0.9204 | mean f1-score: 0.9330 | weighted f1-score: 0.9202
Epoch 30 completed in 0m 1s
Epoch 31/149
----------
The epoch: 31 | phase: train | loss: 0.0456 | accuracy: 0.9846 | mean f1-score: 0.9912 | weighted f1-score: 0.9846
The epoch: 31 | phase: val | loss: 1.9988 | accuracy: 0.5589 | mean f1-score: 0.5989 | weighted f1-score: 0.5788
The epoch: 31 | phase: test | loss: 0.3550 | accuracy: 0.9175 | mean f1-score: 0.9107 | weighted f1-score: 0.9172
Epoch 31 completed in 0m 1s
Epoch 32/149
----------
The epoch: 32 | phase: train | loss: 0.0450 | accuracy: 0.9858 | mean f1-score: 0.9918 | weighted f1-score: 0.9858
The epoch: 32 | phase: val | loss: 2.2862 | accuracy: 0.5582 | mean f1-score: 0.6018 | weighted f1-score: 0.5792
The epoch: 32 | phase: test | loss: 0.4052 | accuracy: 0.8984 | mean f1-score: 0.9134 | weighted f1-score: 0.8980
Epoch 32 completed in 0m 1s
Epoch 33/149
----------
The epoch: 33 | phase: train | loss: 0.0436 | accuracy: 0.9847 | mean f1-score: 0.9911 | weighted f1-score: 0.9847
The epoch: 33 | phase: val | loss: 2.3467 | accuracy: 0.5511 | mean f1-score: 0.6028 | weighted f1-score: 0.5787
The epoch: 33 | phase: test | loss: 0.3812 | accuracy: 0.9070 | mean f1-score: 0.9243 | weighted f1-score: 0.9067
Epoch 33 completed in 0m 1s
Epoch 34/149
----------
The epoch: 34 | phase: train | loss: 0.0478 | accuracy: 0.9827 | mean f1-score: 0.9903 | weighted f1-score: 0.9827
The epoch: 34 | phase: val | loss: 2.3118 | accuracy: 0.5626 | mean f1-score: 0.5991 | weighted f1-score: 0.5808
The epoch: 34 | phase: test | loss: 0.3529 | accuracy: 0.9080 | mean f1-score: 0.9023 | weighted f1-score: 0.9079
Epoch 34 completed in 0m 2s
Epoch 35/149
----------
The epoch: 35 | phase: train | loss: 0.0376 | accuracy: 0.9876 | mean f1-score: 0.9928 | weighted f1-score: 0.9876
The epoch: 35 | phase: val | loss: 2.6086 | accuracy: 0.5245 | mean f1-score: 0.5887 | weighted f1-score: 0.5508
The epoch: 35 | phase: test | loss: 0.3675 | accuracy: 0.9286 | mean f1-score: 0.9156 | weighted f1-score: 0.9284
Epoch 35 completed in 0m 2s
Epoch 36/149
----------
The epoch: 36 | phase: train | loss: 0.0449 | accuracy: 0.9832 | mean f1-score: 0.9902 | weighted f1-score: 0.9832
The epoch: 36 | phase: val | loss: 2.2024 | accuracy: 0.5478 | mean f1-score: 0.6008 | weighted f1-score: 0.5684
The epoch: 36 | phase: test | loss: 0.3202 | accuracy: 0.9291 | mean f1-score: 0.9071 | weighted f1-score: 0.9289
Epoch 36 completed in 0m 2s
Epoch 37/149
----------
The epoch: 37 | phase: train | loss: 0.0424 | accuracy: 0.9865 | mean f1-score: 0.9920 | weighted f1-score: 0.9865
The epoch: 37 | phase: val | loss: 2.6119 | accuracy: 0.5502 | mean f1-score: 0.5986 | weighted f1-score: 0.5688
The epoch: 37 | phase: test | loss: 0.3997 | accuracy: 0.9175 | mean f1-score: 0.8867 | weighted f1-score: 0.9185
Epoch 37 completed in 0m 1s
Epoch 38/149
----------
The epoch: 38 | phase: train | loss: 0.0394 | accuracy: 0.9865 | mean f1-score: 0.9913 | weighted f1-score: 0.9865
The epoch: 38 | phase: val | loss: 2.2707 | accuracy: 0.5606 | mean f1-score: 0.6000 | weighted f1-score: 0.5800
The epoch: 38 | phase: test | loss: 0.3645 | accuracy: 0.9199 | mean f1-score: 0.9036 | weighted f1-score: 0.9197
Epoch 38 completed in 0m 1s
Epoch 39/149
----------
The epoch: 39 | phase: train | loss: 0.0383 | accuracy: 0.9878 | mean f1-score: 0.9923 | weighted f1-score: 0.9878
The epoch: 39 | phase: val | loss: 2.4307 | accuracy: 0.5449 | mean f1-score: 0.5910 | weighted f1-score: 0.5659
The epoch: 39 | phase: test | loss: 0.3842 | accuracy: 0.9276 | mean f1-score: 0.9320 | weighted f1-score: 0.9276
Epoch 39 completed in 0m 1s
Epoch 40/149
----------
The epoch: 40 | phase: train | loss: 0.0405 | accuracy: 0.9860 | mean f1-score: 0.9910 | weighted f1-score: 0.9860
The epoch: 40 | phase: val | loss: 2.4799 | accuracy: 0.5657 | mean f1-score: 0.5966 | weighted f1-score: 0.5738
The epoch: 40 | phase: test | loss: 0.3260 | accuracy: 0.9300 | mean f1-score: 0.9267 | weighted f1-score: 0.9304
Epoch 40 completed in 0m 1s
Epoch 41/149
----------
The epoch: 41 | phase: train | loss: 0.0321 | accuracy: 0.9894 | mean f1-score: 0.9940 | weighted f1-score: 0.9894
The epoch: 41 | phase: val | loss: 2.5212 | accuracy: 0.5314 | mean f1-score: 0.5885 | weighted f1-score: 0.5586
The epoch: 41 | phase: test | loss: 0.3560 | accuracy: 0.9334 | mean f1-score: 0.9329 | weighted f1-score: 0.9333
Epoch 41 completed in 0m 1s
Epoch 42/149
----------
The epoch: 42 | phase: train | loss: 0.0354 | accuracy: 0.9886 | mean f1-score: 0.9934 | weighted f1-score: 0.9886
The epoch: 42 | phase: val | loss: 2.4366 | accuracy: 0.5422 | mean f1-score: 0.5858 | weighted f1-score: 0.5553
The epoch: 42 | phase: test | loss: 0.3752 | accuracy: 0.9343 | mean f1-score: 0.9370 | weighted f1-score: 0.9343
Epoch 42 completed in 0m 1s
Epoch 43/149
----------
The epoch: 43 | phase: train | loss: 0.0391 | accuracy: 0.9877 | mean f1-score: 0.9926 | weighted f1-score: 0.9877
The epoch: 43 | phase: val | loss: 2.4867 | accuracy: 0.5407 | mean f1-score: 0.5918 | weighted f1-score: 0.5657
The epoch: 43 | phase: test | loss: 0.3888 | accuracy: 0.9300 | mean f1-score: 0.9376 | weighted f1-score: 0.9300
Epoch 43 completed in 0m 1s
Epoch 44/149
----------
The epoch: 44 | phase: train | loss: 0.0319 | accuracy: 0.9890 | mean f1-score: 0.9938 | weighted f1-score: 0.9890
The epoch: 44 | phase: val | loss: 2.5188 | accuracy: 0.5440 | mean f1-score: 0.5997 | weighted f1-score: 0.5702
The epoch: 44 | phase: test | loss: 0.3546 | accuracy: 0.9291 | mean f1-score: 0.9292 | weighted f1-score: 0.9291
Epoch 44 completed in 0m 1s
Epoch 45/149
----------
The epoch: 45 | phase: train | loss: 0.0301 | accuracy: 0.9904 | mean f1-score: 0.9934 | weighted f1-score: 0.9904
The epoch: 45 | phase: val | loss: 2.3821 | accuracy: 0.5391 | mean f1-score: 0.5896 | weighted f1-score: 0.5499
The epoch: 45 | phase: test | loss: 0.3988 | accuracy: 0.9252 | mean f1-score: 0.9142 | weighted f1-score: 0.9252
Epoch 45 completed in 0m 1s
Epoch 46/149
----------
The epoch: 46 | phase: train | loss: 0.0301 | accuracy: 0.9893 | mean f1-score: 0.9935 | weighted f1-score: 0.9893
The epoch: 46 | phase: val | loss: 2.2324 | accuracy: 0.5841 | mean f1-score: 0.6172 | weighted f1-score: 0.5941
The epoch: 46 | phase: test | loss: 0.3401 | accuracy: 0.9319 | mean f1-score: 0.9224 | weighted f1-score: 0.9320
Epoch 46 completed in 0m 1s
Epoch 47/149
----------
The epoch: 47 | phase: train | loss: 0.0309 | accuracy: 0.9889 | mean f1-score: 0.9936 | weighted f1-score: 0.9889
The epoch: 47 | phase: val | loss: 2.4921 | accuracy: 0.5646 | mean f1-score: 0.6059 | weighted f1-score: 0.5823
The epoch: 47 | phase: test | loss: 0.3908 | accuracy: 0.9195 | mean f1-score: 0.9146 | weighted f1-score: 0.9197
Epoch 47 completed in 0m 1s
Epoch 48/149
----------
The epoch: 48 | phase: train | loss: 0.0307 | accuracy: 0.9894 | mean f1-score: 0.9940 | weighted f1-score: 0.9894
The epoch: 48 | phase: val | loss: 2.1504 | accuracy: 0.5985 | mean f1-score: 0.6340 | weighted f1-score: 0.6145
The epoch: 48 | phase: test | loss: 0.3380 | accuracy: 0.9209 | mean f1-score: 0.8988 | weighted f1-score: 0.9212
Epoch 48 completed in 0m 1s
Epoch 49/149
----------
The epoch: 49 | phase: train | loss: 0.0272 | accuracy: 0.9902 | mean f1-score: 0.9940 | weighted f1-score: 0.9902
The epoch: 49 | phase: val | loss: 2.1682 | accuracy: 0.5912 | mean f1-score: 0.6295 | weighted f1-score: 0.6137
The epoch: 49 | phase: test | loss: 0.4005 | accuracy: 0.9310 | mean f1-score: 0.9359 | weighted f1-score: 0.9309
Epoch 49 completed in 0m 1s
Epoch 50/149
----------
The epoch: 50 | phase: train | loss: 0.0209 | accuracy: 0.9934 | mean f1-score: 0.9963 | weighted f1-score: 0.9934
The epoch: 50 | phase: val | loss: 2.3889 | accuracy: 0.5735 | mean f1-score: 0.6204 | weighted f1-score: 0.5974
The epoch: 50 | phase: test | loss: 0.3443 | accuracy: 0.9343 | mean f1-score: 0.9335 | weighted f1-score: 0.9343
Epoch 50 completed in 0m 1s
Epoch 51/149
----------
The epoch: 51 | phase: train | loss: 0.0200 | accuracy: 0.9930 | mean f1-score: 0.9957 | weighted f1-score: 0.9930
The epoch: 51 | phase: val | loss: 2.5271 | accuracy: 0.5759 | mean f1-score: 0.6193 | weighted f1-score: 0.5959
The epoch: 51 | phase: test | loss: 0.3825 | accuracy: 0.9180 | mean f1-score: 0.9112 | weighted f1-score: 0.9177
Epoch 51 completed in 0m 1s
Epoch 52/149
----------
The epoch: 52 | phase: train | loss: 0.0265 | accuracy: 0.9913 | mean f1-score: 0.9948 | weighted f1-score: 0.9913
The epoch: 52 | phase: val | loss: 2.3758 | accuracy: 0.5781 | mean f1-score: 0.6193 | weighted f1-score: 0.5992
The epoch: 52 | phase: test | loss: 0.3213 | accuracy: 0.9386 | mean f1-score: 0.9401 | weighted f1-score: 0.9386
Epoch 52 completed in 0m 1s
Epoch 53/149
----------
The epoch: 53 | phase: train | loss: 0.0217 | accuracy: 0.9927 | mean f1-score: 0.9960 | weighted f1-score: 0.9927
The epoch: 53 | phase: val | loss: 2.2124 | accuracy: 0.5848 | mean f1-score: 0.6243 | weighted f1-score: 0.6047
The epoch: 53 | phase: test | loss: 0.4151 | accuracy: 0.9271 | mean f1-score: 0.9386 | weighted f1-score: 0.9271
Epoch 53 completed in 0m 1s
Epoch 54/149
----------
The epoch: 54 | phase: train | loss: 0.0215 | accuracy: 0.9925 | mean f1-score: 0.9958 | weighted f1-score: 0.9925
The epoch: 54 | phase: val | loss: 2.4227 | accuracy: 0.5726 | mean f1-score: 0.6198 | weighted f1-score: 0.5981
The epoch: 54 | phase: test | loss: 0.3705 | accuracy: 0.9295 | mean f1-score: 0.9277 | weighted f1-score: 0.9295
Epoch 54 completed in 0m 1s
Epoch 55/149
----------
The epoch: 55 | phase: train | loss: 0.0228 | accuracy: 0.9922 | mean f1-score: 0.9954 | weighted f1-score: 0.9922
The epoch: 55 | phase: val | loss: 2.5840 | accuracy: 0.5591 | mean f1-score: 0.6105 | weighted f1-score: 0.5840
The epoch: 55 | phase: test | loss: 0.3905 | accuracy: 0.9257 | mean f1-score: 0.9230 | weighted f1-score: 0.9257
Epoch 55 completed in 0m 1s
Epoch 56/149
----------
The epoch: 56 | phase: train | loss: 0.0220 | accuracy: 0.9934 | mean f1-score: 0.9955 | weighted f1-score: 0.9934
The epoch: 56 | phase: val | loss: 2.1694 | accuracy: 0.5950 | mean f1-score: 0.6262 | weighted f1-score: 0.6099
The epoch: 56 | phase: test | loss: 0.3408 | accuracy: 0.9391 | mean f1-score: 0.9460 | weighted f1-score: 0.9391
Epoch 56 completed in 0m 1s
Epoch 57/149
----------
The epoch: 57 | phase: train | loss: 0.0217 | accuracy: 0.9929 | mean f1-score: 0.9953 | weighted f1-score: 0.9929
The epoch: 57 | phase: val | loss: 2.5378 | accuracy: 0.5666 | mean f1-score: 0.6115 | weighted f1-score: 0.5817
The epoch: 57 | phase: test | loss: 0.3872 | accuracy: 0.9334 | mean f1-score: 0.9386 | weighted f1-score: 0.9334
Epoch 57 completed in 0m 1s
Epoch 58/149
----------
The epoch: 58 | phase: train | loss: 0.0148 | accuracy: 0.9947 | mean f1-score: 0.9972 | weighted f1-score: 0.9947
The epoch: 58 | phase: val | loss: 2.3533 | accuracy: 0.5810 | mean f1-score: 0.6223 | weighted f1-score: 0.5995
The epoch: 58 | phase: test | loss: 0.3651 | accuracy: 0.9314 | mean f1-score: 0.9433 | weighted f1-score: 0.9315
Epoch 58 completed in 0m 1s
Epoch 59/149
----------
The epoch: 59 | phase: train | loss: 0.0212 | accuracy: 0.9928 | mean f1-score: 0.9956 | weighted f1-score: 0.9928
The epoch: 59 | phase: val | loss: 2.2461 | accuracy: 0.5826 | mean f1-score: 0.6280 | weighted f1-score: 0.6066
The epoch: 59 | phase: test | loss: 0.4279 | accuracy: 0.9281 | mean f1-score: 0.9280 | weighted f1-score: 0.9281
Epoch 59 completed in 0m 1s
Epoch 60/149
----------
The epoch: 60 | phase: train | loss: 0.0183 | accuracy: 0.9938 | mean f1-score: 0.9950 | weighted f1-score: 0.9938
The epoch: 60 | phase: val | loss: 2.4236 | accuracy: 0.5819 | mean f1-score: 0.6231 | weighted f1-score: 0.5968
The epoch: 60 | phase: test | loss: 0.3411 | accuracy: 0.9391 | mean f1-score: 0.9386 | weighted f1-score: 0.9391
Epoch 60 completed in 0m 1s
Epoch 61/149
----------
The epoch: 61 | phase: train | loss: 0.0166 | accuracy: 0.9944 | mean f1-score: 0.9967 | weighted f1-score: 0.9944
The epoch: 61 | phase: val | loss: 2.3593 | accuracy: 0.5839 | mean f1-score: 0.6357 | weighted f1-score: 0.6128
The epoch: 61 | phase: test | loss: 0.3869 | accuracy: 0.9314 | mean f1-score: 0.9318 | weighted f1-score: 0.9315
Epoch 61 completed in 0m 1s
Epoch 62/149
----------
The epoch: 62 | phase: train | loss: 0.0187 | accuracy: 0.9943 | mean f1-score: 0.9957 | weighted f1-score: 0.9943
The epoch: 62 | phase: val | loss: 2.9103 | accuracy: 0.5571 | mean f1-score: 0.5969 | weighted f1-score: 0.5626
The epoch: 62 | phase: test | loss: 0.4325 | accuracy: 0.9276 | mean f1-score: 0.9069 | weighted f1-score: 0.9275
Epoch 62 completed in 0m 1s
Epoch 63/149
----------
The epoch: 63 | phase: train | loss: 0.0171 | accuracy: 0.9943 | mean f1-score: 0.9952 | weighted f1-score: 0.9943
The epoch: 63 | phase: val | loss: 2.2222 | accuracy: 0.5954 | mean f1-score: 0.6292 | weighted f1-score: 0.6080
The epoch: 63 | phase: test | loss: 0.4515 | accuracy: 0.9334 | mean f1-score: 0.9502 | weighted f1-score: 0.9334
Epoch 63 completed in 0m 2s
Epoch 64/149
----------
The epoch: 64 | phase: train | loss: 0.0146 | accuracy: 0.9953 | mean f1-score: 0.9973 | weighted f1-score: 0.9953
The epoch: 64 | phase: val | loss: 2.4073 | accuracy: 0.5808 | mean f1-score: 0.6287 | weighted f1-score: 0.6040
The epoch: 64 | phase: test | loss: 0.4087 | accuracy: 0.9343 | mean f1-score: 0.9503 | weighted f1-score: 0.9343
Epoch 64 completed in 0m 1s
Epoch 65/149
----------
The epoch: 65 | phase: train | loss: 0.0140 | accuracy: 0.9954 | mean f1-score: 0.9974 | weighted f1-score: 0.9954
The epoch: 65 | phase: val | loss: 2.4590 | accuracy: 0.5764 | mean f1-score: 0.6241 | weighted f1-score: 0.5968
The epoch: 65 | phase: test | loss: 0.3756 | accuracy: 0.9319 | mean f1-score: 0.9417 | weighted f1-score: 0.9319
Epoch 65 completed in 0m 1s
Epoch 66/149
----------
The epoch: 66 | phase: train | loss: 0.0145 | accuracy: 0.9957 | mean f1-score: 0.9972 | weighted f1-score: 0.9957
The epoch: 66 | phase: val | loss: 2.3979 | accuracy: 0.5848 | mean f1-score: 0.6301 | weighted f1-score: 0.6061
The epoch: 66 | phase: test | loss: 0.3952 | accuracy: 0.9353 | mean f1-score: 0.9501 | weighted f1-score: 0.9353
Epoch 66 completed in 0m 1s
Epoch 67/149
----------
The epoch: 67 | phase: train | loss: 0.0198 | accuracy: 0.9937 | mean f1-score: 0.9966 | weighted f1-score: 0.9937
The epoch: 67 | phase: val | loss: 2.2579 | accuracy: 0.5981 | mean f1-score: 0.6344 | weighted f1-score: 0.6133
The epoch: 67 | phase: test | loss: 0.3579 | accuracy: 0.9348 | mean f1-score: 0.9361 | weighted f1-score: 0.9348
Epoch 67 completed in 0m 1s
Epoch 68/149
----------
The epoch: 68 | phase: train | loss: 0.0152 | accuracy: 0.9952 | mean f1-score: 0.9973 | weighted f1-score: 0.9952
The epoch: 68 | phase: val | loss: 2.2735 | accuracy: 0.5950 | mean f1-score: 0.6381 | weighted f1-score: 0.6193
The epoch: 68 | phase: test | loss: 0.3911 | accuracy: 0.9367 | mean f1-score: 0.9481 | weighted f1-score: 0.9367
Epoch 68 completed in 0m 1s
Epoch 69/149
----------
The epoch: 69 | phase: train | loss: 0.0132 | accuracy: 0.9955 | mean f1-score: 0.9969 | weighted f1-score: 0.9955
The epoch: 69 | phase: val | loss: 2.6816 | accuracy: 0.5589 | mean f1-score: 0.6188 | weighted f1-score: 0.5902
The epoch: 69 | phase: test | loss: 0.4175 | accuracy: 0.9300 | mean f1-score: 0.9298 | weighted f1-score: 0.9299
Epoch 69 completed in 0m 1s
Epoch 70/149
----------
The epoch: 70 | phase: train | loss: 0.0110 | accuracy: 0.9971 | mean f1-score: 0.9978 | weighted f1-score: 0.9971
The epoch: 70 | phase: val | loss: 2.5445 | accuracy: 0.5832 | mean f1-score: 0.6295 | weighted f1-score: 0.6102
The epoch: 70 | phase: test | loss: 0.4725 | accuracy: 0.9257 | mean f1-score: 0.9113 | weighted f1-score: 0.9257
Epoch 70 completed in 0m 1s
Epoch 71/149
----------
The epoch: 71 | phase: train | loss: 0.0114 | accuracy: 0.9960 | mean f1-score: 0.9975 | weighted f1-score: 0.9960
The epoch: 71 | phase: val | loss: 2.2919 | accuracy: 0.5897 | mean f1-score: 0.6333 | weighted f1-score: 0.6189
The epoch: 71 | phase: test | loss: 0.3817 | accuracy: 0.9367 | mean f1-score: 0.9270 | weighted f1-score: 0.9367
Epoch 71 completed in 0m 1s
Epoch 72/149
----------
The epoch: 72 | phase: train | loss: 0.0108 | accuracy: 0.9960 | mean f1-score: 0.9966 | weighted f1-score: 0.9960
The epoch: 72 | phase: val | loss: 2.3265 | accuracy: 0.5990 | mean f1-score: 0.6397 | weighted f1-score: 0.6239
The epoch: 72 | phase: test | loss: 0.4260 | accuracy: 0.9329 | mean f1-score: 0.9422 | weighted f1-score: 0.9329
Epoch 72 completed in 0m 1s
Epoch 73/149
----------
The epoch: 73 | phase: train | loss: 0.0139 | accuracy: 0.9953 | mean f1-score: 0.9969 | weighted f1-score: 0.9953
The epoch: 73 | phase: val | loss: 2.6879 | accuracy: 0.5562 | mean f1-score: 0.6065 | weighted f1-score: 0.5743
The epoch: 73 | phase: test | loss: 0.4087 | accuracy: 0.9314 | mean f1-score: 0.9405 | weighted f1-score: 0.9314
Epoch 73 completed in 0m 1s
Epoch 74/149
----------
The epoch: 74 | phase: train | loss: 0.0131 | accuracy: 0.9948 | mean f1-score: 0.9966 | weighted f1-score: 0.9948
The epoch: 74 | phase: val | loss: 2.2261 | accuracy: 0.5992 | mean f1-score: 0.6337 | weighted f1-score: 0.6090
The epoch: 74 | phase: test | loss: 0.4902 | accuracy: 0.9228 | mean f1-score: 0.9225 | weighted f1-score: 0.9228
Epoch 74 completed in 0m 2s
Epoch 75/149
----------
The epoch: 75 | phase: train | loss: 0.0113 | accuracy: 0.9956 | mean f1-score: 0.9973 | weighted f1-score: 0.9956
The epoch: 75 | phase: val | loss: 2.4823 | accuracy: 0.5810 | mean f1-score: 0.6224 | weighted f1-score: 0.6001
The epoch: 75 | phase: test | loss: 0.4680 | accuracy: 0.9257 | mean f1-score: 0.9327 | weighted f1-score: 0.9257
Epoch 75 completed in 0m 2s
Epoch 76/149
----------
The epoch: 76 | phase: train | loss: 0.0114 | accuracy: 0.9962 | mean f1-score: 0.9974 | weighted f1-score: 0.9962
The epoch: 76 | phase: val | loss: 2.5189 | accuracy: 0.5817 | mean f1-score: 0.6232 | weighted f1-score: 0.6035
The epoch: 76 | phase: test | loss: 0.4453 | accuracy: 0.9252 | mean f1-score: 0.9369 | weighted f1-score: 0.9251
Epoch 76 completed in 0m 1s
Epoch 77/149
----------
The epoch: 77 | phase: train | loss: 0.0134 | accuracy: 0.9956 | mean f1-score: 0.9977 | weighted f1-score: 0.9956
The epoch: 77 | phase: val | loss: 2.5315 | accuracy: 0.5673 | mean f1-score: 0.6083 | weighted f1-score: 0.5856
The epoch: 77 | phase: test | loss: 0.4540 | accuracy: 0.9223 | mean f1-score: 0.9423 | weighted f1-score: 0.9223
Epoch 77 completed in 0m 1s
Epoch 78/149
----------
The epoch: 78 | phase: train | loss: 0.0102 | accuracy: 0.9965 | mean f1-score: 0.9981 | weighted f1-score: 0.9965
The epoch: 78 | phase: val | loss: 2.5309 | accuracy: 0.5737 | mean f1-score: 0.6146 | weighted f1-score: 0.5902
The epoch: 78 | phase: test | loss: 0.4087 | accuracy: 0.9329 | mean f1-score: 0.9345 | weighted f1-score: 0.9328
Epoch 78 completed in 0m 1s
Epoch 79/149
----------
The epoch: 79 | phase: train | loss: 0.0082 | accuracy: 0.9973 | mean f1-score: 0.9982 | weighted f1-score: 0.9973
The epoch: 79 | phase: val | loss: 2.8164 | accuracy: 0.5418 | mean f1-score: 0.5961 | weighted f1-score: 0.5640
The epoch: 79 | phase: test | loss: 0.4640 | accuracy: 0.9276 | mean f1-score: 0.9115 | weighted f1-score: 0.9272
Epoch 79 completed in 0m 1s
Epoch 80/149
----------
The epoch: 80 | phase: train | loss: 0.0096 | accuracy: 0.9965 | mean f1-score: 0.9976 | weighted f1-score: 0.9965
The epoch: 80 | phase: val | loss: 2.3968 | accuracy: 0.5919 | mean f1-score: 0.6261 | weighted f1-score: 0.5989
The epoch: 80 | phase: test | loss: 0.4203 | accuracy: 0.9319 | mean f1-score: 0.9133 | weighted f1-score: 0.9320
Epoch 80 completed in 0m 2s
Epoch 81/149
----------
The epoch: 81 | phase: train | loss: 0.0101 | accuracy: 0.9964 | mean f1-score: 0.9978 | weighted f1-score: 0.9964
The epoch: 81 | phase: val | loss: 2.4811 | accuracy: 0.5724 | mean f1-score: 0.6154 | weighted f1-score: 0.5917
The epoch: 81 | phase: test | loss: 0.4911 | accuracy: 0.9175 | mean f1-score: 0.9237 | weighted f1-score: 0.9174
Epoch 81 completed in 0m 2s
Epoch 82/149
----------
The epoch: 82 | phase: train | loss: 0.0137 | accuracy: 0.9953 | mean f1-score: 0.9974 | weighted f1-score: 0.9953
The epoch: 82 | phase: val | loss: 2.8006 | accuracy: 0.5420 | mean f1-score: 0.5948 | weighted f1-score: 0.5635
The epoch: 82 | phase: test | loss: 0.4723 | accuracy: 0.9377 | mean f1-score: 0.9453 | weighted f1-score: 0.9376
Epoch 82 completed in 0m 2s
Epoch 83/149
----------
The epoch: 83 | phase: train | loss: 0.0083 | accuracy: 0.9970 | mean f1-score: 0.9978 | weighted f1-score: 0.9970
The epoch: 83 | phase: val | loss: 2.6287 | accuracy: 0.5666 | mean f1-score: 0.6030 | weighted f1-score: 0.5742
The epoch: 83 | phase: test | loss: 0.5030 | accuracy: 0.9223 | mean f1-score: 0.8808 | weighted f1-score: 0.9218
Epoch 83 completed in 0m 1s
Epoch 84/149
----------
The epoch: 84 | phase: train | loss: 0.0106 | accuracy: 0.9970 | mean f1-score: 0.9974 | weighted f1-score: 0.9970
The epoch: 84 | phase: val | loss: 2.6207 | accuracy: 0.5773 | mean f1-score: 0.6090 | weighted f1-score: 0.5779
The epoch: 84 | phase: test | loss: 0.5079 | accuracy: 0.9247 | mean f1-score: 0.8804 | weighted f1-score: 0.9241
Epoch 84 completed in 0m 1s
Epoch 85/149
----------
The epoch: 85 | phase: train | loss: 0.0082 | accuracy: 0.9979 | mean f1-score: 0.9981 | weighted f1-score: 0.9979
The epoch: 85 | phase: val | loss: 2.6748 | accuracy: 0.5464 | mean f1-score: 0.5976 | weighted f1-score: 0.5655
The epoch: 85 | phase: test | loss: 0.4509 | accuracy: 0.9377 | mean f1-score: 0.9338 | weighted f1-score: 0.9373
Epoch 85 completed in 0m 2s
Epoch 86/149
----------
The epoch: 86 | phase: train | loss: 0.0059 | accuracy: 0.9986 | mean f1-score: 0.9993 | weighted f1-score: 0.9986
The epoch: 86 | phase: val | loss: 2.3537 | accuracy: 0.5930 | mean f1-score: 0.6291 | weighted f1-score: 0.6058
The epoch: 86 | phase: test | loss: 0.4343 | accuracy: 0.9372 | mean f1-score: 0.9393 | weighted f1-score: 0.9372
Epoch 86 completed in 0m 2s
Epoch 87/149
----------
The epoch: 87 | phase: train | loss: 0.0151 | accuracy: 0.9952 | mean f1-score: 0.9969 | weighted f1-score: 0.9952
The epoch: 87 | phase: val | loss: 2.4217 | accuracy: 0.5996 | mean f1-score: 0.6324 | weighted f1-score: 0.6142
The epoch: 87 | phase: test | loss: 0.4279 | accuracy: 0.9386 | mean f1-score: 0.9356 | weighted f1-score: 0.9386
Epoch 87 completed in 0m 2s
Epoch 88/149
----------
The epoch: 88 | phase: train | loss: 0.0127 | accuracy: 0.9955 | mean f1-score: 0.9974 | weighted f1-score: 0.9955
The epoch: 88 | phase: val | loss: 2.5482 | accuracy: 0.5691 | mean f1-score: 0.6141 | weighted f1-score: 0.5889
The epoch: 88 | phase: test | loss: 0.4004 | accuracy: 0.9372 | mean f1-score: 0.9335 | weighted f1-score: 0.9371
Epoch 88 completed in 0m 1s
Epoch 89/149
----------
The epoch: 89 | phase: train | loss: 0.0109 | accuracy: 0.9963 | mean f1-score: 0.9979 | weighted f1-score: 0.9963
The epoch: 89 | phase: val | loss: 2.3811 | accuracy: 0.5883 | mean f1-score: 0.6265 | weighted f1-score: 0.6097
The epoch: 89 | phase: test | loss: 0.4517 | accuracy: 0.9353 | mean f1-score: 0.9392 | weighted f1-score: 0.9353
Epoch 89 completed in 0m 2s
Epoch 90/149
----------
The epoch: 90 | phase: train | loss: 0.0117 | accuracy: 0.9960 | mean f1-score: 0.9977 | weighted f1-score: 0.9960
The epoch: 90 | phase: val | loss: 2.4267 | accuracy: 0.5821 | mean f1-score: 0.6225 | weighted f1-score: 0.5969
The epoch: 90 | phase: test | loss: 0.4600 | accuracy: 0.9338 | mean f1-score: 0.9308 | weighted f1-score: 0.9338
Epoch 90 completed in 0m 2s
Epoch 91/149
----------
The epoch: 91 | phase: train | loss: 0.0085 | accuracy: 0.9970 | mean f1-score: 0.9979 | weighted f1-score: 0.9970
The epoch: 91 | phase: val | loss: 2.4821 | accuracy: 0.5793 | mean f1-score: 0.6223 | weighted f1-score: 0.6015
The epoch: 91 | phase: test | loss: 0.4613 | accuracy: 0.9324 | mean f1-score: 0.9459 | weighted f1-score: 0.9324
Epoch 91 completed in 0m 2s
Epoch 92/149
----------
The epoch: 92 | phase: train | loss: 0.0117 | accuracy: 0.9960 | mean f1-score: 0.9976 | weighted f1-score: 0.9960
The epoch: 92 | phase: val | loss: 2.3435 | accuracy: 0.5897 | mean f1-score: 0.6221 | weighted f1-score: 0.6118
The epoch: 92 | phase: test | loss: 0.4895 | accuracy: 0.9271 | mean f1-score: 0.9428 | weighted f1-score: 0.9270
Epoch 92 completed in 0m 2s
Epoch 93/149
----------
The epoch: 93 | phase: train | loss: 0.0083 | accuracy: 0.9966 | mean f1-score: 0.9973 | weighted f1-score: 0.9966
The epoch: 93 | phase: val | loss: 2.4189 | accuracy: 0.5870 | mean f1-score: 0.6255 | weighted f1-score: 0.6128
The epoch: 93 | phase: test | loss: 0.4586 | accuracy: 0.9247 | mean f1-score: 0.9164 | weighted f1-score: 0.9245
Epoch 93 completed in 0m 2s
Epoch 94/149
----------
The epoch: 94 | phase: train | loss: 0.0095 | accuracy: 0.9969 | mean f1-score: 0.9974 | weighted f1-score: 0.9969
The epoch: 94 | phase: val | loss: 2.3908 | accuracy: 0.6023 | mean f1-score: 0.6351 | weighted f1-score: 0.6216
The epoch: 94 | phase: test | loss: 0.4385 | accuracy: 0.9396 | mean f1-score: 0.9366 | weighted f1-score: 0.9396
Epoch 94 completed in 0m 2s
Epoch 95/149
----------
The epoch: 95 | phase: train | loss: 0.0077 | accuracy: 0.9974 | mean f1-score: 0.9985 | weighted f1-score: 0.9974
The epoch: 95 | phase: val | loss: 2.6559 | accuracy: 0.5837 | mean f1-score: 0.6263 | weighted f1-score: 0.6072
The epoch: 95 | phase: test | loss: 0.4772 | accuracy: 0.9358 | mean f1-score: 0.9468 | weighted f1-score: 0.9357
Epoch 95 completed in 0m 2s
Epoch 96/149
----------
The epoch: 96 | phase: train | loss: 0.0095 | accuracy: 0.9967 | mean f1-score: 0.9980 | weighted f1-score: 0.9967
The epoch: 96 | phase: val | loss: 2.4527 | accuracy: 0.5965 | mean f1-score: 0.6316 | weighted f1-score: 0.6156
The epoch: 96 | phase: test | loss: 0.4384 | accuracy: 0.9377 | mean f1-score: 0.9472 | weighted f1-score: 0.9376
Epoch 96 completed in 0m 2s
Epoch 97/149
----------
The epoch: 97 | phase: train | loss: 0.0090 | accuracy: 0.9970 | mean f1-score: 0.9984 | weighted f1-score: 0.9970
The epoch: 97 | phase: val | loss: 2.4845 | accuracy: 0.6081 | mean f1-score: 0.6433 | weighted f1-score: 0.6283
The epoch: 97 | phase: test | loss: 0.4133 | accuracy: 0.9386 | mean f1-score: 0.9467 | weighted f1-score: 0.9386
Epoch 97 completed in 0m 2s
Epoch 98/149
----------
The epoch: 98 | phase: train | loss: 0.0081 | accuracy: 0.9973 | mean f1-score: 0.9981 | weighted f1-score: 0.9973
The epoch: 98 | phase: val | loss: 2.8693 | accuracy: 0.5673 | mean f1-score: 0.6194 | weighted f1-score: 0.5953
The epoch: 98 | phase: test | loss: 0.4446 | accuracy: 0.9367 | mean f1-score: 0.9539 | weighted f1-score: 0.9367
Epoch 98 completed in 0m 2s
Epoch 99/149
----------
The epoch: 99 | phase: train | loss: 0.0069 | accuracy: 0.9983 | mean f1-score: 0.9991 | weighted f1-score: 0.9983
The epoch: 99 | phase: val | loss: 2.8331 | accuracy: 0.5558 | mean f1-score: 0.6074 | weighted f1-score: 0.5789
The epoch: 99 | phase: test | loss: 0.5335 | accuracy: 0.9291 | mean f1-score: 0.9396 | weighted f1-score: 0.9289
Epoch 99 completed in 0m 2s
Epoch 100/149
----------
The epoch: 100 | phase: train | loss: 0.0079 | accuracy: 0.9976 | mean f1-score: 0.9981 | weighted f1-score: 0.9976
The epoch: 100 | phase: val | loss: 2.6930 | accuracy: 0.5728 | mean f1-score: 0.6198 | weighted f1-score: 0.5965
The epoch: 100 | phase: test | loss: 0.4941 | accuracy: 0.9358 | mean f1-score: 0.9522 | weighted f1-score: 0.9357
Epoch 100 completed in 0m 2s
Epoch 101/149
----------
The epoch: 101 | phase: train | loss: 0.0048 | accuracy: 0.9987 | mean f1-score: 0.9991 | weighted f1-score: 0.9987
The epoch: 101 | phase: val | loss: 2.5267 | accuracy: 0.5886 | mean f1-score: 0.6230 | weighted f1-score: 0.6009
The epoch: 101 | phase: test | loss: 0.4922 | accuracy: 0.9286 | mean f1-score: 0.9318 | weighted f1-score: 0.9287
Epoch 101 completed in 0m 2s
Epoch 102/149
----------
The epoch: 102 | phase: train | loss: 0.0059 | accuracy: 0.9981 | mean f1-score: 0.9987 | weighted f1-score: 0.9981
The epoch: 102 | phase: val | loss: 2.6025 | accuracy: 0.5781 | mean f1-score: 0.6215 | weighted f1-score: 0.5991
The epoch: 102 | phase: test | loss: 0.4776 | accuracy: 0.9386 | mean f1-score: 0.9475 | weighted f1-score: 0.9385
Epoch 102 completed in 0m 2s
Epoch 103/149
----------
The epoch: 103 | phase: train | loss: 0.0054 | accuracy: 0.9981 | mean f1-score: 0.9990 | weighted f1-score: 0.9981
The epoch: 103 | phase: val | loss: 2.4685 | accuracy: 0.5890 | mean f1-score: 0.6275 | weighted f1-score: 0.6055
The epoch: 103 | phase: test | loss: 0.4910 | accuracy: 0.9358 | mean f1-score: 0.9391 | weighted f1-score: 0.9357
Epoch 103 completed in 0m 2s
Epoch 104/149
----------
The epoch: 104 | phase: train | loss: 0.0077 | accuracy: 0.9976 | mean f1-score: 0.9986 | weighted f1-score: 0.9976
The epoch: 104 | phase: val | loss: 2.6284 | accuracy: 0.5875 | mean f1-score: 0.6238 | weighted f1-score: 0.6033
The epoch: 104 | phase: test | loss: 0.4587 | accuracy: 0.9343 | mean f1-score: 0.9438 | weighted f1-score: 0.9342
Epoch 104 completed in 0m 2s
Epoch 105/149
----------
The epoch: 105 | phase: train | loss: 0.0057 | accuracy: 0.9979 | mean f1-score: 0.9985 | weighted f1-score: 0.9979
The epoch: 105 | phase: val | loss: 2.2528 | accuracy: 0.6165 | mean f1-score: 0.6438 | weighted f1-score: 0.6263
The epoch: 105 | phase: test | loss: 0.4397 | accuracy: 0.9401 | mean f1-score: 0.9417 | weighted f1-score: 0.9401
Epoch 105 completed in 0m 2s
Epoch 106/149
----------
The epoch: 106 | phase: train | loss: 0.0060 | accuracy: 0.9980 | mean f1-score: 0.9989 | weighted f1-score: 0.9980
The epoch: 106 | phase: val | loss: 2.4238 | accuracy: 0.6010 | mean f1-score: 0.6330 | weighted f1-score: 0.6191
The epoch: 106 | phase: test | loss: 0.4264 | accuracy: 0.9377 | mean f1-score: 0.9456 | weighted f1-score: 0.9376
Epoch 106 completed in 0m 2s
Epoch 107/149
----------
The epoch: 107 | phase: train | loss: 0.0049 | accuracy: 0.9985 | mean f1-score: 0.9989 | weighted f1-score: 0.9985
The epoch: 107 | phase: val | loss: 2.4049 | accuracy: 0.6036 | mean f1-score: 0.6346 | weighted f1-score: 0.6174
The epoch: 107 | phase: test | loss: 0.4518 | accuracy: 0.9348 | mean f1-score: 0.9308 | weighted f1-score: 0.9347
Epoch 107 completed in 0m 2s
Epoch 108/149
----------
The epoch: 108 | phase: train | loss: 0.0070 | accuracy: 0.9975 | mean f1-score: 0.9987 | weighted f1-score: 0.9975
The epoch: 108 | phase: val | loss: 2.4597 | accuracy: 0.6001 | mean f1-score: 0.6337 | weighted f1-score: 0.6185
The epoch: 108 | phase: test | loss: 0.4471 | accuracy: 0.9434 | mean f1-score: 0.9505 | weighted f1-score: 0.9433
Epoch 108 completed in 0m 2s
Epoch 109/149
----------
The epoch: 109 | phase: train | loss: 0.0030 | accuracy: 0.9992 | mean f1-score: 0.9996 | weighted f1-score: 0.9992
The epoch: 109 | phase: val | loss: 2.5660 | accuracy: 0.5948 | mean f1-score: 0.6316 | weighted f1-score: 0.6135
The epoch: 109 | phase: test | loss: 0.4664 | accuracy: 0.9386 | mean f1-score: 0.9506 | weighted f1-score: 0.9386
Epoch 109 completed in 0m 2s
Epoch 110/149
----------
The epoch: 110 | phase: train | loss: 0.0042 | accuracy: 0.9985 | mean f1-score: 0.9992 | weighted f1-score: 0.9985
The epoch: 110 | phase: val | loss: 2.5898 | accuracy: 0.5983 | mean f1-score: 0.6360 | weighted f1-score: 0.6177
The epoch: 110 | phase: test | loss: 0.5106 | accuracy: 0.9319 | mean f1-score: 0.9425 | weighted f1-score: 0.9318
Epoch 110 completed in 0m 2s
Epoch 111/149
----------
The epoch: 111 | phase: train | loss: 0.0065 | accuracy: 0.9977 | mean f1-score: 0.9988 | weighted f1-score: 0.9977
The epoch: 111 | phase: val | loss: 2.5864 | accuracy: 0.5934 | mean f1-score: 0.6295 | weighted f1-score: 0.6134
The epoch: 111 | phase: test | loss: 0.4641 | accuracy: 0.9338 | mean f1-score: 0.9397 | weighted f1-score: 0.9338
Epoch 111 completed in 0m 2s
Epoch 112/149
----------
The epoch: 112 | phase: train | loss: 0.0045 | accuracy: 0.9987 | mean f1-score: 0.9993 | weighted f1-score: 0.9987
The epoch: 112 | phase: val | loss: 2.6096 | accuracy: 0.5941 | mean f1-score: 0.6324 | weighted f1-score: 0.6130
The epoch: 112 | phase: test | loss: 0.4610 | accuracy: 0.9391 | mean f1-score: 0.9442 | weighted f1-score: 0.9391
Epoch 112 completed in 0m 2s
Epoch 113/149
----------
The epoch: 113 | phase: train | loss: 0.0034 | accuracy: 0.9988 | mean f1-score: 0.9991 | weighted f1-score: 0.9988
The epoch: 113 | phase: val | loss: 2.6318 | accuracy: 0.5804 | mean f1-score: 0.6247 | weighted f1-score: 0.5992
The epoch: 113 | phase: test | loss: 0.4721 | accuracy: 0.9386 | mean f1-score: 0.9367 | weighted f1-score: 0.9385
Epoch 113 completed in 0m 2s
Epoch 114/149
----------
The epoch: 114 | phase: train | loss: 0.0044 | accuracy: 0.9986 | mean f1-score: 0.9991 | weighted f1-score: 0.9986
The epoch: 114 | phase: val | loss: 2.9547 | accuracy: 0.5507 | mean f1-score: 0.5912 | weighted f1-score: 0.5732
The epoch: 114 | phase: test | loss: 0.5095 | accuracy: 0.9300 | mean f1-score: 0.9347 | weighted f1-score: 0.9299
Epoch 114 completed in 0m 2s
Epoch 115/149
----------
The epoch: 115 | phase: train | loss: 0.0038 | accuracy: 0.9985 | mean f1-score: 0.9982 | weighted f1-score: 0.9985
The epoch: 115 | phase: val | loss: 2.6152 | accuracy: 0.5932 | mean f1-score: 0.6310 | weighted f1-score: 0.6062
The epoch: 115 | phase: test | loss: 0.5030 | accuracy: 0.9382 | mean f1-score: 0.9386 | weighted f1-score: 0.9381
Epoch 115 completed in 0m 2s
Epoch 116/149
----------
The epoch: 116 | phase: train | loss: 0.0072 | accuracy: 0.9977 | mean f1-score: 0.9988 | weighted f1-score: 0.9977
The epoch: 116 | phase: val | loss: 2.5711 | accuracy: 0.6021 | mean f1-score: 0.6355 | weighted f1-score: 0.6153
The epoch: 116 | phase: test | loss: 0.6657 | accuracy: 0.9166 | mean f1-score: 0.9205 | weighted f1-score: 0.9164
Epoch 116 completed in 0m 2s
Epoch 117/149
----------
The epoch: 117 | phase: train | loss: 0.0050 | accuracy: 0.9987 | mean f1-score: 0.9990 | weighted f1-score: 0.9987
The epoch: 117 | phase: val | loss: 2.7059 | accuracy: 0.5972 | mean f1-score: 0.6387 | weighted f1-score: 0.6155
The epoch: 117 | phase: test | loss: 0.4952 | accuracy: 0.9324 | mean f1-score: 0.9344 | weighted f1-score: 0.9324
Epoch 117 completed in 0m 2s
Epoch 118/149
----------
The epoch: 118 | phase: train | loss: 0.0059 | accuracy: 0.9978 | mean f1-score: 0.9987 | weighted f1-score: 0.9978
The epoch: 118 | phase: val | loss: 2.8985 | accuracy: 0.5759 | mean f1-score: 0.6242 | weighted f1-score: 0.5964
The epoch: 118 | phase: test | loss: 0.4482 | accuracy: 0.9353 | mean f1-score: 0.9307 | weighted f1-score: 0.9352
Epoch 118 completed in 0m 2s
Epoch 119/149
----------
The epoch: 119 | phase: train | loss: 0.0088 | accuracy: 0.9972 | mean f1-score: 0.9984 | weighted f1-score: 0.9972
The epoch: 119 | phase: val | loss: 2.7466 | accuracy: 0.5801 | mean f1-score: 0.6227 | weighted f1-score: 0.5969
The epoch: 119 | phase: test | loss: 0.4595 | accuracy: 0.9362 | mean f1-score: 0.9337 | weighted f1-score: 0.9362
Epoch 119 completed in 0m 2s
Epoch 120/149
----------
The epoch: 120 | phase: train | loss: 0.0067 | accuracy: 0.9977 | mean f1-score: 0.9981 | weighted f1-score: 0.9977
The epoch: 120 | phase: val | loss: 2.7783 | accuracy: 0.6003 | mean f1-score: 0.6364 | weighted f1-score: 0.6146
The epoch: 120 | phase: test | loss: 0.4837 | accuracy: 0.9338 | mean f1-score: 0.9306 | weighted f1-score: 0.9339
Epoch 120 completed in 0m 2s
Epoch 121/149
----------
The epoch: 121 | phase: train | loss: 0.0055 | accuracy: 0.9982 | mean f1-score: 0.9985 | weighted f1-score: 0.9982
The epoch: 121 | phase: val | loss: 2.4425 | accuracy: 0.6112 | mean f1-score: 0.6445 | weighted f1-score: 0.6217
The epoch: 121 | phase: test | loss: 0.4666 | accuracy: 0.9348 | mean f1-score: 0.9279 | weighted f1-score: 0.9348
Epoch 121 completed in 0m 2s
Epoch 122/149
----------
The epoch: 122 | phase: train | loss: 0.0040 | accuracy: 0.9992 | mean f1-score: 0.9996 | weighted f1-score: 0.9992
The epoch: 122 | phase: val | loss: 2.4447 | accuracy: 0.6085 | mean f1-score: 0.6422 | weighted f1-score: 0.6214
The epoch: 122 | phase: test | loss: 0.4826 | accuracy: 0.9329 | mean f1-score: 0.9347 | weighted f1-score: 0.9328
Epoch 122 completed in 0m 2s
Epoch 123/149
----------
The epoch: 123 | phase: train | loss: 0.0044 | accuracy: 0.9987 | mean f1-score: 0.9991 | weighted f1-score: 0.9987
The epoch: 123 | phase: val | loss: 2.5864 | accuracy: 0.6054 | mean f1-score: 0.6429 | weighted f1-score: 0.6237
The epoch: 123 | phase: test | loss: 0.5266 | accuracy: 0.9305 | mean f1-score: 0.9379 | weighted f1-score: 0.9304
Epoch 123 completed in 0m 2s
Epoch 124/149
----------
The epoch: 124 | phase: train | loss: 0.0056 | accuracy: 0.9985 | mean f1-score: 0.9988 | weighted f1-score: 0.9985
The epoch: 124 | phase: val | loss: 2.5722 | accuracy: 0.5968 | mean f1-score: 0.6381 | weighted f1-score: 0.6132
The epoch: 124 | phase: test | loss: 0.5278 | accuracy: 0.9348 | mean f1-score: 0.9289 | weighted f1-score: 0.9347
Epoch 124 completed in 0m 2s
Epoch 125/149
----------
The epoch: 125 | phase: train | loss: 0.0042 | accuracy: 0.9985 | mean f1-score: 0.9988 | weighted f1-score: 0.9985
The epoch: 125 | phase: val | loss: 2.9201 | accuracy: 0.5655 | mean f1-score: 0.6197 | weighted f1-score: 0.5949
The epoch: 125 | phase: test | loss: 0.5021 | accuracy: 0.9348 | mean f1-score: 0.9521 | weighted f1-score: 0.9347
Epoch 125 completed in 0m 2s
Epoch 126/149
----------
The epoch: 126 | phase: train | loss: 0.0040 | accuracy: 0.9982 | mean f1-score: 0.9987 | weighted f1-score: 0.9982
The epoch: 126 | phase: val | loss: 2.3435 | accuracy: 0.6094 | mean f1-score: 0.6462 | weighted f1-score: 0.6260
The epoch: 126 | phase: test | loss: 0.4552 | accuracy: 0.9430 | mean f1-score: 0.9545 | weighted f1-score: 0.9429
Epoch 126 completed in 0m 2s
Epoch 127/149
----------
The epoch: 127 | phase: train | loss: 0.0047 | accuracy: 0.9986 | mean f1-score: 0.9991 | weighted f1-score: 0.9986
The epoch: 127 | phase: val | loss: 2.3728 | accuracy: 0.6145 | mean f1-score: 0.6474 | weighted f1-score: 0.6306
The epoch: 127 | phase: test | loss: 0.5166 | accuracy: 0.9319 | mean f1-score: 0.9484 | weighted f1-score: 0.9319
Epoch 127 completed in 0m 2s
Epoch 128/149
----------
The epoch: 128 | phase: train | loss: 0.0050 | accuracy: 0.9985 | mean f1-score: 0.9990 | weighted f1-score: 0.9985
The epoch: 128 | phase: val | loss: 2.5802 | accuracy: 0.5910 | mean f1-score: 0.6346 | weighted f1-score: 0.6138
The epoch: 128 | phase: test | loss: 0.4599 | accuracy: 0.9396 | mean f1-score: 0.9363 | weighted f1-score: 0.9394
Epoch 128 completed in 0m 2s
Epoch 129/149
----------
The epoch: 129 | phase: train | loss: 0.0053 | accuracy: 0.9985 | mean f1-score: 0.9991 | weighted f1-score: 0.9985
The epoch: 129 | phase: val | loss: 2.3720 | accuracy: 0.6052 | mean f1-score: 0.6386 | weighted f1-score: 0.6214
The epoch: 129 | phase: test | loss: 0.4831 | accuracy: 0.9372 | mean f1-score: 0.9460 | weighted f1-score: 0.9372
Epoch 129 completed in 0m 1s
Epoch 130/149
----------
The epoch: 130 | phase: train | loss: 0.0045 | accuracy: 0.9982 | mean f1-score: 0.9990 | weighted f1-score: 0.9982
The epoch: 130 | phase: val | loss: 2.3988 | accuracy: 0.6063 | mean f1-score: 0.6404 | weighted f1-score: 0.6248
The epoch: 130 | phase: test | loss: 0.4822 | accuracy: 0.9420 | mean f1-score: 0.9464 | weighted f1-score: 0.9420
Epoch 130 completed in 0m 2s
Epoch 131/149
----------
The epoch: 131 | phase: train | loss: 0.0056 | accuracy: 0.9982 | mean f1-score: 0.9988 | weighted f1-score: 0.9982
The epoch: 131 | phase: val | loss: 2.3209 | accuracy: 0.6092 | mean f1-score: 0.6442 | weighted f1-score: 0.6270
The epoch: 131 | phase: test | loss: 0.4880 | accuracy: 0.9391 | mean f1-score: 0.9396 | weighted f1-score: 0.9391
Epoch 131 completed in 0m 2s
Epoch 132/149
----------
The epoch: 132 | phase: train | loss: 0.0042 | accuracy: 0.9983 | mean f1-score: 0.9991 | weighted f1-score: 0.9983
The epoch: 132 | phase: val | loss: 2.4100 | accuracy: 0.6050 | mean f1-score: 0.6459 | weighted f1-score: 0.6263
The epoch: 132 | phase: test | loss: 0.4911 | accuracy: 0.9425 | mean f1-score: 0.9401 | weighted f1-score: 0.9424
Epoch 132 completed in 0m 2s
Epoch 133/149
----------
The epoch: 133 | phase: train | loss: 0.0042 | accuracy: 0.9986 | mean f1-score: 0.9989 | weighted f1-score: 0.9986
The epoch: 133 | phase: val | loss: 2.6492 | accuracy: 0.5972 | mean f1-score: 0.6327 | weighted f1-score: 0.6180
The epoch: 133 | phase: test | loss: 0.4924 | accuracy: 0.9425 | mean f1-score: 0.9523 | weighted f1-score: 0.9424
Epoch 133 completed in 0m 2s
Epoch 134/149
----------
The epoch: 134 | phase: train | loss: 0.0034 | accuracy: 0.9993 | mean f1-score: 0.9996 | weighted f1-score: 0.9993
The epoch: 134 | phase: val | loss: 2.5883 | accuracy: 0.6014 | mean f1-score: 0.6417 | weighted f1-score: 0.6212
The epoch: 134 | phase: test | loss: 0.4925 | accuracy: 0.9382 | mean f1-score: 0.9489 | weighted f1-score: 0.9381
Epoch 134 completed in 0m 2s
Epoch 135/149
----------
The epoch: 135 | phase: train | loss: 0.0036 | accuracy: 0.9989 | mean f1-score: 0.9993 | weighted f1-score: 0.9989
The epoch: 135 | phase: val | loss: 2.4836 | accuracy: 0.6160 | mean f1-score: 0.6503 | weighted f1-score: 0.6314
The epoch: 135 | phase: test | loss: 0.4581 | accuracy: 0.9406 | mean f1-score: 0.9429 | weighted f1-score: 0.9406
Epoch 135 completed in 0m 2s
Epoch 136/149
----------
The epoch: 136 | phase: train | loss: 0.0029 | accuracy: 0.9991 | mean f1-score: 0.9995 | weighted f1-score: 0.9991
The epoch: 136 | phase: val | loss: 2.6025 | accuracy: 0.5992 | mean f1-score: 0.6395 | weighted f1-score: 0.6197
The epoch: 136 | phase: test | loss: 0.4698 | accuracy: 0.9401 | mean f1-score: 0.9468 | weighted f1-score: 0.9401
Epoch 136 completed in 0m 2s
Epoch 137/149
----------
The epoch: 137 | phase: train | loss: 0.0036 | accuracy: 0.9989 | mean f1-score: 0.9994 | weighted f1-score: 0.9989
The epoch: 137 | phase: val | loss: 2.6708 | accuracy: 0.5879 | mean f1-score: 0.6299 | weighted f1-score: 0.6085
The epoch: 137 | phase: test | loss: 0.4943 | accuracy: 0.9401 | mean f1-score: 0.9507 | weighted f1-score: 0.9401
Epoch 137 completed in 0m 2s
Epoch 138/149
----------
The epoch: 138 | phase: train | loss: 0.0053 | accuracy: 0.9979 | mean f1-score: 0.9989 | weighted f1-score: 0.9979
The epoch: 138 | phase: val | loss: 2.5233 | accuracy: 0.6023 | mean f1-score: 0.6388 | weighted f1-score: 0.6214
The epoch: 138 | phase: test | loss: 0.5136 | accuracy: 0.9396 | mean f1-score: 0.9512 | weighted f1-score: 0.9396
Epoch 138 completed in 0m 2s
Epoch 139/149
----------
The epoch: 139 | phase: train | loss: 0.0039 | accuracy: 0.9989 | mean f1-score: 0.9994 | weighted f1-score: 0.9989
The epoch: 139 | phase: val | loss: 2.6221 | accuracy: 0.5992 | mean f1-score: 0.6433 | weighted f1-score: 0.6237
The epoch: 139 | phase: test | loss: 0.5178 | accuracy: 0.9334 | mean f1-score: 0.9381 | weighted f1-score: 0.9333
Epoch 139 completed in 0m 2s
Epoch 140/149
----------
The epoch: 140 | phase: train | loss: 0.0047 | accuracy: 0.9983 | mean f1-score: 0.9991 | weighted f1-score: 0.9983
The epoch: 140 | phase: val | loss: 2.4807 | accuracy: 0.6163 | mean f1-score: 0.6550 | weighted f1-score: 0.6347
The epoch: 140 | phase: test | loss: 0.4713 | accuracy: 0.9425 | mean f1-score: 0.9414 | weighted f1-score: 0.9425
Epoch 140 completed in 0m 2s
Epoch 141/149
----------
The epoch: 141 | phase: train | loss: 0.0045 | accuracy: 0.9985 | mean f1-score: 0.9990 | weighted f1-score: 0.9985
The epoch: 141 | phase: val | loss: 2.5992 | accuracy: 0.6067 | mean f1-score: 0.6480 | weighted f1-score: 0.6285
The epoch: 141 | phase: test | loss: 0.5240 | accuracy: 0.9358 | mean f1-score: 0.9432 | weighted f1-score: 0.9357
Epoch 141 completed in 0m 2s
Epoch 142/149
----------
The epoch: 142 | phase: train | loss: 0.0037 | accuracy: 0.9988 | mean f1-score: 0.9994 | weighted f1-score: 0.9988
The epoch: 142 | phase: val | loss: 2.7023 | accuracy: 0.6008 | mean f1-score: 0.6423 | weighted f1-score: 0.6207
The epoch: 142 | phase: test | loss: 0.4989 | accuracy: 0.9386 | mean f1-score: 0.9460 | weighted f1-score: 0.9386
Epoch 142 completed in 0m 2s
Epoch 143/149
----------
The epoch: 143 | phase: train | loss: 0.0050 | accuracy: 0.9985 | mean f1-score: 0.9992 | weighted f1-score: 0.9985
The epoch: 143 | phase: val | loss: 2.6546 | accuracy: 0.6047 | mean f1-score: 0.6405 | weighted f1-score: 0.6211
The epoch: 143 | phase: test | loss: 0.4536 | accuracy: 0.9420 | mean f1-score: 0.9473 | weighted f1-score: 0.9420
Epoch 143 completed in 0m 2s
Epoch 144/149
----------
The epoch: 144 | phase: train | loss: 0.0022 | accuracy: 0.9993 | mean f1-score: 0.9996 | weighted f1-score: 0.9993
The epoch: 144 | phase: val | loss: 2.6956 | accuracy: 0.6014 | mean f1-score: 0.6362 | weighted f1-score: 0.6149
The epoch: 144 | phase: test | loss: 0.4403 | accuracy: 0.9382 | mean f1-score: 0.9429 | weighted f1-score: 0.9381
Epoch 144 completed in 0m 2s
Epoch 145/149
----------
The epoch: 145 | phase: train | loss: 0.0026 | accuracy: 0.9993 | mean f1-score: 0.9995 | weighted f1-score: 0.9993
The epoch: 145 | phase: val | loss: 2.9030 | accuracy: 0.5755 | mean f1-score: 0.6220 | weighted f1-score: 0.5959
The epoch: 145 | phase: test | loss: 0.4860 | accuracy: 0.9401 | mean f1-score: 0.9337 | weighted f1-score: 0.9398
Epoch 145 completed in 0m 2s
Epoch 146/149
----------
The epoch: 146 | phase: train | loss: 0.0036 | accuracy: 0.9990 | mean f1-score: 0.9991 | weighted f1-score: 0.9990
The epoch: 146 | phase: val | loss: 2.6271 | accuracy: 0.6034 | mean f1-score: 0.6364 | weighted f1-score: 0.6140
The epoch: 146 | phase: test | loss: 0.5515 | accuracy: 0.9348 | mean f1-score: 0.9368 | weighted f1-score: 0.9348
Epoch 146 completed in 0m 2s
Epoch 147/149
----------
The epoch: 147 | phase: train | loss: 0.0021 | accuracy: 0.9991 | mean f1-score: 0.9994 | weighted f1-score: 0.9991
The epoch: 147 | phase: val | loss: 2.8845 | accuracy: 0.5910 | mean f1-score: 0.6358 | weighted f1-score: 0.6131
The epoch: 147 | phase: test | loss: 0.4969 | accuracy: 0.9382 | mean f1-score: 0.9432 | weighted f1-score: 0.9381
Epoch 147 completed in 0m 2s
Epoch 148/149
----------
The epoch: 148 | phase: train | loss: 0.0027 | accuracy: 0.9989 | mean f1-score: 0.9992 | weighted f1-score: 0.9989
The epoch: 148 | phase: val | loss: 2.9896 | accuracy: 0.5766 | mean f1-score: 0.6269 | weighted f1-score: 0.5998
The epoch: 148 | phase: test | loss: 0.5230 | accuracy: 0.9329 | mean f1-score: 0.9345 | weighted f1-score: 0.9328
Epoch 148 completed in 0m 2s
Epoch 149/149
----------
The epoch: 149 | phase: train | loss: 0.0042 | accuracy: 0.9989 | mean f1-score: 0.9994 | weighted f1-score: 0.9989
The epoch: 149 | phase: val | loss: 3.0970 | accuracy: 0.5746 | mean f1-score: 0.6256 | weighted f1-score: 0.5983
The epoch: 149 | phase: test | loss: 0.4944 | accuracy: 0.9386 | mean f1-score: 0.9397 | weighted f1-score: 0.9386
Epoch 149 completed in 0m 2s
The best epoch is 140
Phase: train, loss: 0.00469514154662317, accuracy: 0.9982892220992251, f1_score: 0.9990994354317698, f1_score weighted: 0.9982892303943766 {'train': [], 'val': [], 'test': []}
Phase: val, loss: 2.480702151476055, accuracy: 0.6162713367324318, f1_score: 0.6550159109628442, f1_score weighted: 0.6346528061145558 {'train': [], 'val': [], 'test': []}
Phase: test, loss: 0.4712650995355096, accuracy: 0.9424736337488016, f1_score: 0.941390946977063, f1_score weighted: 0.9424552984405059 {'train': [], 'val': [], 'test': []}
------ Evaluation complete! ------
