Namespace(window=50, overlap=25, batch_size=64, learning_rate=0.0005, num_epochs=150, gpu_id='0', dataset='motionsense', kernel_size=3, num_steps_prediction=28, classifier_lr=0.0005, classifier_batch_size=256, saved_model='/workspaces/betania.silva/ssl_tools/contrastive-predictive-coding-for-har/models/May-11-2024/uci_k_28_lr_0.0005_bs_64.pkl', learning_schedule='all_layers', random_seed=42, input_size=6, num_classes=7, root_dir='/workspaces/betania.silva/view_concatenated', data_file='motionsense', device=device(type='cuda', index=0), padding=1)
Data Raw (401179, 6)
Data (16046, 50, 6)
Labels (16046,)
Data Raw (46525, 6)
Data (1860, 50, 6)
Labels (1860,)
Data Raw (117585, 6)
Data (4702, 50, 6)
Labels (4702,)
The batch size for train phase is: 256
The batch size for val phase is: 256
The batch size for test phase is: 256
Loading the pre-trained weights
Epoch 0/149
----------
The epoch: 0 | phase: train | loss: 0.7114 | accuracy: 0.7784 | mean f1-score: 0.6414 | weighted f1-score: 0.7756
The epoch: 0 | phase: val | loss: 0.2655 | accuracy: 0.9296 | mean f1-score: 0.9112 | weighted f1-score: 0.9303
The epoch: 0 | phase: test | loss: 0.2351 | accuracy: 0.9381 | mean f1-score: 0.9283 | weighted f1-score: 0.9379
Epoch 0 completed in 0m 4s
Epoch 1/149
----------
The epoch: 1 | phase: train | loss: 0.2244 | accuracy: 0.9432 | mean f1-score: 0.9385 | weighted f1-score: 0.9431
The epoch: 1 | phase: val | loss: 0.3088 | accuracy: 0.8941 | mean f1-score: 0.8792 | weighted f1-score: 0.8986
The epoch: 1 | phase: test | loss: 0.1573 | accuracy: 0.9587 | mean f1-score: 0.9518 | weighted f1-score: 0.9588
Epoch 1 completed in 0m 2s
Epoch 2/149
----------
The epoch: 2 | phase: train | loss: 0.1583 | accuracy: 0.9585 | mean f1-score: 0.9536 | weighted f1-score: 0.9585
The epoch: 2 | phase: val | loss: 0.2399 | accuracy: 0.9167 | mean f1-score: 0.8997 | weighted f1-score: 0.9192
The epoch: 2 | phase: test | loss: 0.1459 | accuracy: 0.9564 | mean f1-score: 0.9503 | weighted f1-score: 0.9564
Epoch 2 completed in 0m 2s
Epoch 3/149
----------
The epoch: 3 | phase: train | loss: 0.1293 | accuracy: 0.9642 | mean f1-score: 0.9595 | weighted f1-score: 0.9642
The epoch: 3 | phase: val | loss: 0.2097 | accuracy: 0.9306 | mean f1-score: 0.9177 | weighted f1-score: 0.9304
The epoch: 3 | phase: test | loss: 0.1679 | accuracy: 0.9498 | mean f1-score: 0.9412 | weighted f1-score: 0.9493
Epoch 3 completed in 0m 2s
Epoch 4/149
----------
The epoch: 4 | phase: train | loss: 0.1144 | accuracy: 0.9676 | mean f1-score: 0.9626 | weighted f1-score: 0.9676
The epoch: 4 | phase: val | loss: 0.1750 | accuracy: 0.9409 | mean f1-score: 0.9227 | weighted f1-score: 0.9398
The epoch: 4 | phase: test | loss: 0.1361 | accuracy: 0.9600 | mean f1-score: 0.9504 | weighted f1-score: 0.9597
Epoch 4 completed in 0m 2s
Epoch 5/149
----------
The epoch: 5 | phase: train | loss: 0.0949 | accuracy: 0.9716 | mean f1-score: 0.9672 | weighted f1-score: 0.9716
The epoch: 5 | phase: val | loss: 0.1958 | accuracy: 0.9349 | mean f1-score: 0.9186 | weighted f1-score: 0.9357
The epoch: 5 | phase: test | loss: 0.1290 | accuracy: 0.9583 | mean f1-score: 0.9475 | weighted f1-score: 0.9581
Epoch 5 completed in 0m 2s
Epoch 6/149
----------
The epoch: 6 | phase: train | loss: 0.0832 | accuracy: 0.9756 | mean f1-score: 0.9706 | weighted f1-score: 0.9755
The epoch: 6 | phase: val | loss: 0.2464 | accuracy: 0.9183 | mean f1-score: 0.9005 | weighted f1-score: 0.9198
The epoch: 6 | phase: test | loss: 0.1375 | accuracy: 0.9609 | mean f1-score: 0.9512 | weighted f1-score: 0.9609
Epoch 6 completed in 0m 3s
Epoch 7/149
----------
The epoch: 7 | phase: train | loss: 0.0739 | accuracy: 0.9774 | mean f1-score: 0.9728 | weighted f1-score: 0.9774
The epoch: 7 | phase: val | loss: 0.2390 | accuracy: 0.9210 | mean f1-score: 0.8904 | weighted f1-score: 0.9187
The epoch: 7 | phase: test | loss: 0.1410 | accuracy: 0.9560 | mean f1-score: 0.9458 | weighted f1-score: 0.9555
Epoch 7 completed in 0m 3s
Epoch 8/149
----------
The epoch: 8 | phase: train | loss: 0.0666 | accuracy: 0.9793 | mean f1-score: 0.9756 | weighted f1-score: 0.9793
The epoch: 8 | phase: val | loss: 0.2494 | accuracy: 0.9145 | mean f1-score: 0.8952 | weighted f1-score: 0.9160
The epoch: 8 | phase: test | loss: 0.1210 | accuracy: 0.9617 | mean f1-score: 0.9512 | weighted f1-score: 0.9617
Epoch 8 completed in 0m 2s
Epoch 9/149
----------
The epoch: 9 | phase: train | loss: 0.0608 | accuracy: 0.9809 | mean f1-score: 0.9774 | weighted f1-score: 0.9809
The epoch: 9 | phase: val | loss: 0.1746 | accuracy: 0.9441 | mean f1-score: 0.9251 | weighted f1-score: 0.9441
The epoch: 9 | phase: test | loss: 0.1377 | accuracy: 0.9564 | mean f1-score: 0.9423 | weighted f1-score: 0.9560
Epoch 9 completed in 0m 2s
Epoch 10/149
----------
The epoch: 10 | phase: train | loss: 0.0529 | accuracy: 0.9841 | mean f1-score: 0.9817 | weighted f1-score: 0.9841
The epoch: 10 | phase: val | loss: 0.4290 | accuracy: 0.8715 | mean f1-score: 0.8555 | weighted f1-score: 0.8794
The epoch: 10 | phase: test | loss: 0.1759 | accuracy: 0.9521 | mean f1-score: 0.9384 | weighted f1-score: 0.9524
Epoch 10 completed in 0m 2s
Epoch 11/149
----------
The epoch: 11 | phase: train | loss: 0.0510 | accuracy: 0.9835 | mean f1-score: 0.9808 | weighted f1-score: 0.9835
The epoch: 11 | phase: val | loss: 0.2448 | accuracy: 0.9242 | mean f1-score: 0.8932 | weighted f1-score: 0.9239
The epoch: 11 | phase: test | loss: 0.1160 | accuracy: 0.9662 | mean f1-score: 0.9577 | weighted f1-score: 0.9662
Epoch 11 completed in 0m 2s
Epoch 12/149
----------
The epoch: 12 | phase: train | loss: 0.0569 | accuracy: 0.9812 | mean f1-score: 0.9786 | weighted f1-score: 0.9812
The epoch: 12 | phase: val | loss: 0.2045 | accuracy: 0.9306 | mean f1-score: 0.9052 | weighted f1-score: 0.9284
The epoch: 12 | phase: test | loss: 0.1285 | accuracy: 0.9638 | mean f1-score: 0.9571 | weighted f1-score: 0.9636
Epoch 12 completed in 0m 2s
Epoch 13/149
----------
The epoch: 13 | phase: train | loss: 0.0481 | accuracy: 0.9840 | mean f1-score: 0.9814 | weighted f1-score: 0.9840
The epoch: 13 | phase: val | loss: 0.2279 | accuracy: 0.9280 | mean f1-score: 0.9086 | weighted f1-score: 0.9285
The epoch: 13 | phase: test | loss: 0.1368 | accuracy: 0.9585 | mean f1-score: 0.9512 | weighted f1-score: 0.9584
Epoch 13 completed in 0m 3s
Epoch 14/149
----------
The epoch: 14 | phase: train | loss: 0.0487 | accuracy: 0.9842 | mean f1-score: 0.9818 | weighted f1-score: 0.9842
The epoch: 14 | phase: val | loss: 0.1896 | accuracy: 0.9382 | mean f1-score: 0.9213 | weighted f1-score: 0.9388
The epoch: 14 | phase: test | loss: 0.1523 | accuracy: 0.9604 | mean f1-score: 0.9465 | weighted f1-score: 0.9602
Epoch 14 completed in 0m 3s
Epoch 15/149
----------
The epoch: 15 | phase: train | loss: 0.0337 | accuracy: 0.9892 | mean f1-score: 0.9866 | weighted f1-score: 0.9892
The epoch: 15 | phase: val | loss: 0.2333 | accuracy: 0.9290 | mean f1-score: 0.8973 | weighted f1-score: 0.9270
The epoch: 15 | phase: test | loss: 0.1234 | accuracy: 0.9653 | mean f1-score: 0.9557 | weighted f1-score: 0.9652
Epoch 15 completed in 0m 2s
Epoch 16/149
----------
The epoch: 16 | phase: train | loss: 0.0356 | accuracy: 0.9887 | mean f1-score: 0.9865 | weighted f1-score: 0.9887
The epoch: 16 | phase: val | loss: 0.2083 | accuracy: 0.9306 | mean f1-score: 0.9128 | weighted f1-score: 0.9303
The epoch: 16 | phase: test | loss: 0.1644 | accuracy: 0.9553 | mean f1-score: 0.9437 | weighted f1-score: 0.9552
Epoch 16 completed in 0m 2s
Epoch 17/149
----------
The epoch: 17 | phase: train | loss: 0.0362 | accuracy: 0.9879 | mean f1-score: 0.9858 | weighted f1-score: 0.9879
The epoch: 17 | phase: val | loss: 0.2026 | accuracy: 0.9419 | mean f1-score: 0.9246 | weighted f1-score: 0.9408
The epoch: 17 | phase: test | loss: 0.1477 | accuracy: 0.9598 | mean f1-score: 0.9482 | weighted f1-score: 0.9596
Epoch 17 completed in 0m 2s
Epoch 18/149
----------
The epoch: 18 | phase: train | loss: 0.0290 | accuracy: 0.9906 | mean f1-score: 0.9890 | weighted f1-score: 0.9906
The epoch: 18 | phase: val | loss: 0.2252 | accuracy: 0.9328 | mean f1-score: 0.9025 | weighted f1-score: 0.9292
The epoch: 18 | phase: test | loss: 0.1248 | accuracy: 0.9649 | mean f1-score: 0.9554 | weighted f1-score: 0.9647
Epoch 18 completed in 0m 2s
Epoch 19/149
----------
The epoch: 19 | phase: train | loss: 0.0260 | accuracy: 0.9911 | mean f1-score: 0.9896 | weighted f1-score: 0.9911
The epoch: 19 | phase: val | loss: 0.2650 | accuracy: 0.9231 | mean f1-score: 0.8974 | weighted f1-score: 0.9242
The epoch: 19 | phase: test | loss: 0.1935 | accuracy: 0.9545 | mean f1-score: 0.9401 | weighted f1-score: 0.9547
Epoch 19 completed in 0m 3s
Epoch 20/149
----------
The epoch: 20 | phase: train | loss: 0.0237 | accuracy: 0.9923 | mean f1-score: 0.9904 | weighted f1-score: 0.9923
The epoch: 20 | phase: val | loss: 0.2575 | accuracy: 0.9134 | mean f1-score: 0.8891 | weighted f1-score: 0.9152
The epoch: 20 | phase: test | loss: 0.1660 | accuracy: 0.9585 | mean f1-score: 0.9461 | weighted f1-score: 0.9587
Epoch 20 completed in 0m 3s
Epoch 21/149
----------
The epoch: 21 | phase: train | loss: 0.0284 | accuracy: 0.9905 | mean f1-score: 0.9892 | weighted f1-score: 0.9905
The epoch: 21 | phase: val | loss: 0.2313 | accuracy: 0.9296 | mean f1-score: 0.9069 | weighted f1-score: 0.9294
The epoch: 21 | phase: test | loss: 0.2171 | accuracy: 0.9543 | mean f1-score: 0.9392 | weighted f1-score: 0.9540
Epoch 21 completed in 0m 3s
Epoch 22/149
----------
The epoch: 22 | phase: train | loss: 0.0242 | accuracy: 0.9923 | mean f1-score: 0.9904 | weighted f1-score: 0.9923
The epoch: 22 | phase: val | loss: 0.2462 | accuracy: 0.9237 | mean f1-score: 0.8969 | weighted f1-score: 0.9228
The epoch: 22 | phase: test | loss: 0.1736 | accuracy: 0.9570 | mean f1-score: 0.9437 | weighted f1-score: 0.9569
Epoch 22 completed in 0m 2s
Epoch 23/149
----------
The epoch: 23 | phase: train | loss: 0.0229 | accuracy: 0.9930 | mean f1-score: 0.9914 | weighted f1-score: 0.9930
The epoch: 23 | phase: val | loss: 0.2255 | accuracy: 0.9269 | mean f1-score: 0.9011 | weighted f1-score: 0.9255
The epoch: 23 | phase: test | loss: 0.1968 | accuracy: 0.9524 | mean f1-score: 0.9363 | weighted f1-score: 0.9518
Epoch 23 completed in 0m 2s
Epoch 24/149
----------
The epoch: 24 | phase: train | loss: 0.0239 | accuracy: 0.9918 | mean f1-score: 0.9900 | weighted f1-score: 0.9918
The epoch: 24 | phase: val | loss: 0.2442 | accuracy: 0.9274 | mean f1-score: 0.9084 | weighted f1-score: 0.9265
The epoch: 24 | phase: test | loss: 0.1765 | accuracy: 0.9573 | mean f1-score: 0.9432 | weighted f1-score: 0.9571
Epoch 24 completed in 0m 2s
Epoch 25/149
----------
The epoch: 25 | phase: train | loss: 0.0175 | accuracy: 0.9948 | mean f1-score: 0.9938 | weighted f1-score: 0.9948
The epoch: 25 | phase: val | loss: 0.2461 | accuracy: 0.9258 | mean f1-score: 0.9008 | weighted f1-score: 0.9259
The epoch: 25 | phase: test | loss: 0.1577 | accuracy: 0.9619 | mean f1-score: 0.9524 | weighted f1-score: 0.9619
Epoch 25 completed in 0m 2s
Epoch 26/149
----------
The epoch: 26 | phase: train | loss: 0.0173 | accuracy: 0.9943 | mean f1-score: 0.9927 | weighted f1-score: 0.9943
The epoch: 26 | phase: val | loss: 0.2138 | accuracy: 0.9366 | mean f1-score: 0.9157 | weighted f1-score: 0.9353
The epoch: 26 | phase: test | loss: 0.1960 | accuracy: 0.9558 | mean f1-score: 0.9419 | weighted f1-score: 0.9556
Epoch 26 completed in 0m 3s
Epoch 27/149
----------
The epoch: 27 | phase: train | loss: 0.0186 | accuracy: 0.9936 | mean f1-score: 0.9928 | weighted f1-score: 0.9936
The epoch: 27 | phase: val | loss: 0.2135 | accuracy: 0.9409 | mean f1-score: 0.9205 | weighted f1-score: 0.9406
The epoch: 27 | phase: test | loss: 0.1686 | accuracy: 0.9602 | mean f1-score: 0.9483 | weighted f1-score: 0.9601
Epoch 27 completed in 0m 3s
Epoch 28/149
----------
The epoch: 28 | phase: train | loss: 0.0179 | accuracy: 0.9939 | mean f1-score: 0.9926 | weighted f1-score: 0.9939
The epoch: 28 | phase: val | loss: 0.2616 | accuracy: 0.9263 | mean f1-score: 0.8990 | weighted f1-score: 0.9252
The epoch: 28 | phase: test | loss: 0.1661 | accuracy: 0.9598 | mean f1-score: 0.9481 | weighted f1-score: 0.9596
Epoch 28 completed in 0m 2s
Epoch 29/149
----------
The epoch: 29 | phase: train | loss: 0.0162 | accuracy: 0.9950 | mean f1-score: 0.9938 | weighted f1-score: 0.9950
The epoch: 29 | phase: val | loss: 0.2370 | accuracy: 0.9317 | mean f1-score: 0.9133 | weighted f1-score: 0.9320
The epoch: 29 | phase: test | loss: 0.2127 | accuracy: 0.9543 | mean f1-score: 0.9382 | weighted f1-score: 0.9539
Epoch 29 completed in 0m 2s
Epoch 30/149
----------
The epoch: 30 | phase: train | loss: 0.0134 | accuracy: 0.9956 | mean f1-score: 0.9945 | weighted f1-score: 0.9956
The epoch: 30 | phase: val | loss: 0.2292 | accuracy: 0.9290 | mean f1-score: 0.9136 | weighted f1-score: 0.9308
The epoch: 30 | phase: test | loss: 0.1586 | accuracy: 0.9630 | mean f1-score: 0.9527 | weighted f1-score: 0.9632
Epoch 30 completed in 0m 2s
Epoch 31/149
----------
The epoch: 31 | phase: train | loss: 0.0160 | accuracy: 0.9948 | mean f1-score: 0.9937 | weighted f1-score: 0.9948
The epoch: 31 | phase: val | loss: 0.2367 | accuracy: 0.9360 | mean f1-score: 0.9091 | weighted f1-score: 0.9330
The epoch: 31 | phase: test | loss: 0.1505 | accuracy: 0.9634 | mean f1-score: 0.9528 | weighted f1-score: 0.9633
Epoch 31 completed in 0m 3s
Epoch 32/149
----------
The epoch: 32 | phase: train | loss: 0.0166 | accuracy: 0.9948 | mean f1-score: 0.9942 | weighted f1-score: 0.9948
The epoch: 32 | phase: val | loss: 0.2809 | accuracy: 0.9269 | mean f1-score: 0.8920 | weighted f1-score: 0.9228
The epoch: 32 | phase: test | loss: 0.1434 | accuracy: 0.9681 | mean f1-score: 0.9603 | weighted f1-score: 0.9680
Epoch 32 completed in 0m 2s
Epoch 33/149
----------
The epoch: 33 | phase: train | loss: 0.0128 | accuracy: 0.9964 | mean f1-score: 0.9961 | weighted f1-score: 0.9964
The epoch: 33 | phase: val | loss: 0.2412 | accuracy: 0.9371 | mean f1-score: 0.9127 | weighted f1-score: 0.9361
The epoch: 33 | phase: test | loss: 0.1839 | accuracy: 0.9579 | mean f1-score: 0.9452 | weighted f1-score: 0.9577
Epoch 33 completed in 0m 3s
Epoch 34/149
----------
The epoch: 34 | phase: train | loss: 0.0111 | accuracy: 0.9968 | mean f1-score: 0.9960 | weighted f1-score: 0.9968
The epoch: 34 | phase: val | loss: 0.2283 | accuracy: 0.9317 | mean f1-score: 0.9096 | weighted f1-score: 0.9315
The epoch: 34 | phase: test | loss: 0.2244 | accuracy: 0.9581 | mean f1-score: 0.9450 | weighted f1-score: 0.9581
Epoch 34 completed in 0m 2s
Epoch 35/149
----------
The epoch: 35 | phase: train | loss: 0.0144 | accuracy: 0.9953 | mean f1-score: 0.9945 | weighted f1-score: 0.9953
The epoch: 35 | phase: val | loss: 0.2852 | accuracy: 0.9242 | mean f1-score: 0.8951 | weighted f1-score: 0.9215
The epoch: 35 | phase: test | loss: 0.1787 | accuracy: 0.9621 | mean f1-score: 0.9499 | weighted f1-score: 0.9621
Epoch 35 completed in 0m 2s
Epoch 36/149
----------
The epoch: 36 | phase: train | loss: 0.0114 | accuracy: 0.9964 | mean f1-score: 0.9957 | weighted f1-score: 0.9964
The epoch: 36 | phase: val | loss: 0.2784 | accuracy: 0.9333 | mean f1-score: 0.9058 | weighted f1-score: 0.9310
The epoch: 36 | phase: test | loss: 0.2048 | accuracy: 0.9607 | mean f1-score: 0.9484 | weighted f1-score: 0.9606
Epoch 36 completed in 0m 2s
Epoch 37/149
----------
The epoch: 37 | phase: train | loss: 0.0131 | accuracy: 0.9960 | mean f1-score: 0.9953 | weighted f1-score: 0.9960
The epoch: 37 | phase: val | loss: 0.2773 | accuracy: 0.9253 | mean f1-score: 0.8940 | weighted f1-score: 0.9236
The epoch: 37 | phase: test | loss: 0.1803 | accuracy: 0.9651 | mean f1-score: 0.9536 | weighted f1-score: 0.9650
Epoch 37 completed in 0m 2s
Epoch 38/149
----------
The epoch: 38 | phase: train | loss: 0.0095 | accuracy: 0.9968 | mean f1-score: 0.9962 | weighted f1-score: 0.9968
The epoch: 38 | phase: val | loss: 0.3498 | accuracy: 0.9247 | mean f1-score: 0.8883 | weighted f1-score: 0.9216
The epoch: 38 | phase: test | loss: 0.1857 | accuracy: 0.9609 | mean f1-score: 0.9502 | weighted f1-score: 0.9608
Epoch 38 completed in 0m 3s
Epoch 39/149
----------
The epoch: 39 | phase: train | loss: 0.0130 | accuracy: 0.9955 | mean f1-score: 0.9947 | weighted f1-score: 0.9955
The epoch: 39 | phase: val | loss: 0.2010 | accuracy: 0.9484 | mean f1-score: 0.9255 | weighted f1-score: 0.9472
The epoch: 39 | phase: test | loss: 0.2536 | accuracy: 0.9521 | mean f1-score: 0.9355 | weighted f1-score: 0.9516
Epoch 39 completed in 0m 2s
Epoch 40/149
----------
The epoch: 40 | phase: train | loss: 0.0135 | accuracy: 0.9951 | mean f1-score: 0.9947 | weighted f1-score: 0.9951
The epoch: 40 | phase: val | loss: 0.2977 | accuracy: 0.9231 | mean f1-score: 0.8956 | weighted f1-score: 0.9232
The epoch: 40 | phase: test | loss: 0.1686 | accuracy: 0.9619 | mean f1-score: 0.9505 | weighted f1-score: 0.9619
Epoch 40 completed in 0m 3s
Epoch 41/149
----------
The epoch: 41 | phase: train | loss: 0.0146 | accuracy: 0.9958 | mean f1-score: 0.9956 | weighted f1-score: 0.9958
The epoch: 41 | phase: val | loss: 0.2885 | accuracy: 0.9312 | mean f1-score: 0.9130 | weighted f1-score: 0.9315
The epoch: 41 | phase: test | loss: 0.1752 | accuracy: 0.9626 | mean f1-score: 0.9499 | weighted f1-score: 0.9624
Epoch 41 completed in 0m 2s
Epoch 42/149
----------
The epoch: 42 | phase: train | loss: 0.0109 | accuracy: 0.9964 | mean f1-score: 0.9959 | weighted f1-score: 0.9964
The epoch: 42 | phase: val | loss: 0.2720 | accuracy: 0.9269 | mean f1-score: 0.8982 | weighted f1-score: 0.9257
The epoch: 42 | phase: test | loss: 0.1884 | accuracy: 0.9602 | mean f1-score: 0.9462 | weighted f1-score: 0.9600
Epoch 42 completed in 0m 2s
Epoch 43/149
----------
The epoch: 43 | phase: train | loss: 0.0090 | accuracy: 0.9969 | mean f1-score: 0.9964 | weighted f1-score: 0.9969
The epoch: 43 | phase: val | loss: 0.2022 | accuracy: 0.9446 | mean f1-score: 0.9264 | weighted f1-score: 0.9440
The epoch: 43 | phase: test | loss: 0.2501 | accuracy: 0.9519 | mean f1-score: 0.9334 | weighted f1-score: 0.9512
Epoch 43 completed in 0m 2s
Epoch 44/149
----------
The epoch: 44 | phase: train | loss: 0.0098 | accuracy: 0.9970 | mean f1-score: 0.9962 | weighted f1-score: 0.9970
The epoch: 44 | phase: val | loss: 0.2636 | accuracy: 0.9306 | mean f1-score: 0.9036 | weighted f1-score: 0.9300
The epoch: 44 | phase: test | loss: 0.2204 | accuracy: 0.9577 | mean f1-score: 0.9429 | weighted f1-score: 0.9574
Epoch 44 completed in 0m 2s
Epoch 45/149
----------
The epoch: 45 | phase: train | loss: 0.0108 | accuracy: 0.9963 | mean f1-score: 0.9958 | weighted f1-score: 0.9963
The epoch: 45 | phase: val | loss: 0.2640 | accuracy: 0.9253 | mean f1-score: 0.9045 | weighted f1-score: 0.9264
The epoch: 45 | phase: test | loss: 0.1974 | accuracy: 0.9587 | mean f1-score: 0.9459 | weighted f1-score: 0.9587
Epoch 45 completed in 0m 2s
Epoch 46/149
----------
The epoch: 46 | phase: train | loss: 0.0091 | accuracy: 0.9969 | mean f1-score: 0.9963 | weighted f1-score: 0.9969
The epoch: 46 | phase: val | loss: 0.2573 | accuracy: 0.9339 | mean f1-score: 0.9124 | weighted f1-score: 0.9321
The epoch: 46 | phase: test | loss: 0.1637 | accuracy: 0.9645 | mean f1-score: 0.9565 | weighted f1-score: 0.9644
Epoch 46 completed in 0m 3s
Epoch 47/149
----------
The epoch: 47 | phase: train | loss: 0.0084 | accuracy: 0.9975 | mean f1-score: 0.9971 | weighted f1-score: 0.9975
The epoch: 47 | phase: val | loss: 0.2814 | accuracy: 0.9392 | mean f1-score: 0.9107 | weighted f1-score: 0.9357
The epoch: 47 | phase: test | loss: 0.1979 | accuracy: 0.9594 | mean f1-score: 0.9473 | weighted f1-score: 0.9588
Epoch 47 completed in 0m 3s
Epoch 48/149
----------
The epoch: 48 | phase: train | loss: 0.0105 | accuracy: 0.9962 | mean f1-score: 0.9954 | weighted f1-score: 0.9962
The epoch: 48 | phase: val | loss: 0.2499 | accuracy: 0.9376 | mean f1-score: 0.9187 | weighted f1-score: 0.9380
The epoch: 48 | phase: test | loss: 0.1896 | accuracy: 0.9626 | mean f1-score: 0.9512 | weighted f1-score: 0.9627
Epoch 48 completed in 0m 2s
Epoch 49/149
----------
The epoch: 49 | phase: train | loss: 0.0072 | accuracy: 0.9976 | mean f1-score: 0.9971 | weighted f1-score: 0.9976
The epoch: 49 | phase: val | loss: 0.2146 | accuracy: 0.9452 | mean f1-score: 0.9265 | weighted f1-score: 0.9443
The epoch: 49 | phase: test | loss: 0.2145 | accuracy: 0.9594 | mean f1-score: 0.9476 | weighted f1-score: 0.9592
Epoch 49 completed in 0m 2s
Epoch 50/149
----------
The epoch: 50 | phase: train | loss: 0.0107 | accuracy: 0.9963 | mean f1-score: 0.9950 | weighted f1-score: 0.9963
The epoch: 50 | phase: val | loss: 0.2092 | accuracy: 0.9462 | mean f1-score: 0.9284 | weighted f1-score: 0.9456
The epoch: 50 | phase: test | loss: 0.2186 | accuracy: 0.9570 | mean f1-score: 0.9420 | weighted f1-score: 0.9568
Epoch 50 completed in 0m 2s
Epoch 51/149
----------
The epoch: 51 | phase: train | loss: 0.0095 | accuracy: 0.9968 | mean f1-score: 0.9960 | weighted f1-score: 0.9968
The epoch: 51 | phase: val | loss: 0.2410 | accuracy: 0.9430 | mean f1-score: 0.9201 | weighted f1-score: 0.9422
The epoch: 51 | phase: test | loss: 0.2056 | accuracy: 0.9577 | mean f1-score: 0.9432 | weighted f1-score: 0.9573
Epoch 51 completed in 0m 2s
Epoch 52/149
----------
The epoch: 52 | phase: train | loss: 0.0071 | accuracy: 0.9976 | mean f1-score: 0.9969 | weighted f1-score: 0.9976
The epoch: 52 | phase: val | loss: 0.2729 | accuracy: 0.9339 | mean f1-score: 0.9118 | weighted f1-score: 0.9334
The epoch: 52 | phase: test | loss: 0.2071 | accuracy: 0.9592 | mean f1-score: 0.9470 | weighted f1-score: 0.9591
Epoch 52 completed in 0m 2s
Epoch 53/149
----------
The epoch: 53 | phase: train | loss: 0.0069 | accuracy: 0.9976 | mean f1-score: 0.9976 | weighted f1-score: 0.9976
The epoch: 53 | phase: val | loss: 0.2581 | accuracy: 0.9333 | mean f1-score: 0.9155 | weighted f1-score: 0.9337
The epoch: 53 | phase: test | loss: 0.2360 | accuracy: 0.9585 | mean f1-score: 0.9462 | weighted f1-score: 0.9584
Epoch 53 completed in 0m 3s
Epoch 54/149
----------
The epoch: 54 | phase: train | loss: 0.0064 | accuracy: 0.9980 | mean f1-score: 0.9977 | weighted f1-score: 0.9980
The epoch: 54 | phase: val | loss: 0.2918 | accuracy: 0.9323 | mean f1-score: 0.9129 | weighted f1-score: 0.9324
The epoch: 54 | phase: test | loss: 0.2064 | accuracy: 0.9598 | mean f1-score: 0.9484 | weighted f1-score: 0.9598
Epoch 54 completed in 0m 2s
Epoch 55/149
----------
The epoch: 55 | phase: train | loss: 0.0054 | accuracy: 0.9983 | mean f1-score: 0.9980 | weighted f1-score: 0.9983
The epoch: 55 | phase: val | loss: 0.2196 | accuracy: 0.9462 | mean f1-score: 0.9278 | weighted f1-score: 0.9453
The epoch: 55 | phase: test | loss: 0.2282 | accuracy: 0.9596 | mean f1-score: 0.9483 | weighted f1-score: 0.9591
Epoch 55 completed in 0m 2s
Epoch 56/149
----------
The epoch: 56 | phase: train | loss: 0.0061 | accuracy: 0.9976 | mean f1-score: 0.9972 | weighted f1-score: 0.9976
The epoch: 56 | phase: val | loss: 0.2369 | accuracy: 0.9392 | mean f1-score: 0.9193 | weighted f1-score: 0.9384
The epoch: 56 | phase: test | loss: 0.2260 | accuracy: 0.9566 | mean f1-score: 0.9428 | weighted f1-score: 0.9563
Epoch 56 completed in 0m 2s
Epoch 57/149
----------
The epoch: 57 | phase: train | loss: 0.0060 | accuracy: 0.9981 | mean f1-score: 0.9979 | weighted f1-score: 0.9981
The epoch: 57 | phase: val | loss: 0.2737 | accuracy: 0.9398 | mean f1-score: 0.9146 | weighted f1-score: 0.9379
The epoch: 57 | phase: test | loss: 0.1984 | accuracy: 0.9600 | mean f1-score: 0.9473 | weighted f1-score: 0.9597
Epoch 57 completed in 0m 2s
Epoch 58/149
----------
The epoch: 58 | phase: train | loss: 0.0061 | accuracy: 0.9985 | mean f1-score: 0.9982 | weighted f1-score: 0.9985
The epoch: 58 | phase: val | loss: 0.2508 | accuracy: 0.9355 | mean f1-score: 0.9159 | weighted f1-score: 0.9350
The epoch: 58 | phase: test | loss: 0.1984 | accuracy: 0.9638 | mean f1-score: 0.9536 | weighted f1-score: 0.9637
Epoch 58 completed in 0m 2s
Epoch 59/149
----------
The epoch: 59 | phase: train | loss: 0.0073 | accuracy: 0.9971 | mean f1-score: 0.9967 | weighted f1-score: 0.9971
The epoch: 59 | phase: val | loss: 0.2379 | accuracy: 0.9452 | mean f1-score: 0.9291 | weighted f1-score: 0.9446
The epoch: 59 | phase: test | loss: 0.2353 | accuracy: 0.9566 | mean f1-score: 0.9428 | weighted f1-score: 0.9563
Epoch 59 completed in 0m 3s
Epoch 60/149
----------
The epoch: 60 | phase: train | loss: 0.0040 | accuracy: 0.9989 | mean f1-score: 0.9986 | weighted f1-score: 0.9989
The epoch: 60 | phase: val | loss: 0.2735 | accuracy: 0.9317 | mean f1-score: 0.9054 | weighted f1-score: 0.9310
The epoch: 60 | phase: test | loss: 0.2144 | accuracy: 0.9551 | mean f1-score: 0.9398 | weighted f1-score: 0.9549
Epoch 60 completed in 0m 2s
Epoch 61/149
----------
The epoch: 61 | phase: train | loss: 0.0077 | accuracy: 0.9975 | mean f1-score: 0.9974 | weighted f1-score: 0.9975
The epoch: 61 | phase: val | loss: 0.2899 | accuracy: 0.9269 | mean f1-score: 0.8977 | weighted f1-score: 0.9247
The epoch: 61 | phase: test | loss: 0.2356 | accuracy: 0.9587 | mean f1-score: 0.9446 | weighted f1-score: 0.9584
Epoch 61 completed in 0m 2s
Epoch 62/149
----------
The epoch: 62 | phase: train | loss: 0.0061 | accuracy: 0.9983 | mean f1-score: 0.9980 | weighted f1-score: 0.9983
The epoch: 62 | phase: val | loss: 0.2720 | accuracy: 0.9339 | mean f1-score: 0.9096 | weighted f1-score: 0.9337
The epoch: 62 | phase: test | loss: 0.2443 | accuracy: 0.9581 | mean f1-score: 0.9437 | weighted f1-score: 0.9580
Epoch 62 completed in 0m 2s
Epoch 63/149
----------
The epoch: 63 | phase: train | loss: 0.0057 | accuracy: 0.9981 | mean f1-score: 0.9975 | weighted f1-score: 0.9981
The epoch: 63 | phase: val | loss: 0.2629 | accuracy: 0.9414 | mean f1-score: 0.9225 | weighted f1-score: 0.9418
The epoch: 63 | phase: test | loss: 0.2150 | accuracy: 0.9607 | mean f1-score: 0.9480 | weighted f1-score: 0.9606
Epoch 63 completed in 0m 2s
Epoch 64/149
----------
The epoch: 64 | phase: train | loss: 0.0066 | accuracy: 0.9976 | mean f1-score: 0.9976 | weighted f1-score: 0.9976
The epoch: 64 | phase: val | loss: 0.2199 | accuracy: 0.9462 | mean f1-score: 0.9310 | weighted f1-score: 0.9458
The epoch: 64 | phase: test | loss: 0.2569 | accuracy: 0.9570 | mean f1-score: 0.9416 | weighted f1-score: 0.9566
Epoch 64 completed in 0m 2s
Epoch 65/149
----------
The epoch: 65 | phase: train | loss: 0.0043 | accuracy: 0.9984 | mean f1-score: 0.9981 | weighted f1-score: 0.9984
The epoch: 65 | phase: val | loss: 0.2869 | accuracy: 0.9306 | mean f1-score: 0.9081 | weighted f1-score: 0.9306
The epoch: 65 | phase: test | loss: 0.1874 | accuracy: 0.9624 | mean f1-score: 0.9520 | weighted f1-score: 0.9624
Epoch 65 completed in 0m 2s
Epoch 66/149
----------
The epoch: 66 | phase: train | loss: 0.0048 | accuracy: 0.9985 | mean f1-score: 0.9985 | weighted f1-score: 0.9985
The epoch: 66 | phase: val | loss: 0.2399 | accuracy: 0.9446 | mean f1-score: 0.9297 | weighted f1-score: 0.9447
The epoch: 66 | phase: test | loss: 0.3385 | accuracy: 0.9432 | mean f1-score: 0.9237 | weighted f1-score: 0.9421
Epoch 66 completed in 0m 2s
Epoch 67/149
----------
The epoch: 67 | phase: train | loss: 0.0047 | accuracy: 0.9981 | mean f1-score: 0.9978 | weighted f1-score: 0.9981
The epoch: 67 | phase: val | loss: 0.3229 | accuracy: 0.9210 | mean f1-score: 0.9010 | weighted f1-score: 0.9216
The epoch: 67 | phase: test | loss: 0.1933 | accuracy: 0.9624 | mean f1-score: 0.9513 | weighted f1-score: 0.9626
Epoch 67 completed in 0m 2s
Epoch 68/149
----------
The epoch: 68 | phase: train | loss: 0.0079 | accuracy: 0.9973 | mean f1-score: 0.9968 | weighted f1-score: 0.9973
The epoch: 68 | phase: val | loss: 0.2787 | accuracy: 0.9371 | mean f1-score: 0.9207 | weighted f1-score: 0.9362
The epoch: 68 | phase: test | loss: 0.2495 | accuracy: 0.9560 | mean f1-score: 0.9425 | weighted f1-score: 0.9554
Epoch 68 completed in 0m 2s
Epoch 69/149
----------
The epoch: 69 | phase: train | loss: 0.0062 | accuracy: 0.9979 | mean f1-score: 0.9977 | weighted f1-score: 0.9979
The epoch: 69 | phase: val | loss: 0.3256 | accuracy: 0.9263 | mean f1-score: 0.8979 | weighted f1-score: 0.9232
The epoch: 69 | phase: test | loss: 0.1982 | accuracy: 0.9596 | mean f1-score: 0.9478 | weighted f1-score: 0.9594
Epoch 69 completed in 0m 2s
Epoch 70/149
----------
The epoch: 70 | phase: train | loss: 0.0083 | accuracy: 0.9970 | mean f1-score: 0.9966 | weighted f1-score: 0.9970
The epoch: 70 | phase: val | loss: 0.4334 | accuracy: 0.8984 | mean f1-score: 0.8827 | weighted f1-score: 0.9010
The epoch: 70 | phase: test | loss: 0.2275 | accuracy: 0.9611 | mean f1-score: 0.9506 | weighted f1-score: 0.9613
Epoch 70 completed in 0m 2s
Epoch 71/149
----------
The epoch: 71 | phase: train | loss: 0.0078 | accuracy: 0.9978 | mean f1-score: 0.9972 | weighted f1-score: 0.9978
The epoch: 71 | phase: val | loss: 0.2747 | accuracy: 0.9312 | mean f1-score: 0.9090 | weighted f1-score: 0.9303
The epoch: 71 | phase: test | loss: 0.1966 | accuracy: 0.9638 | mean f1-score: 0.9533 | weighted f1-score: 0.9637
Epoch 71 completed in 0m 2s
Epoch 72/149
----------
The epoch: 72 | phase: train | loss: 0.0047 | accuracy: 0.9984 | mean f1-score: 0.9981 | weighted f1-score: 0.9984
The epoch: 72 | phase: val | loss: 0.3248 | accuracy: 0.9290 | mean f1-score: 0.9045 | weighted f1-score: 0.9275
The epoch: 72 | phase: test | loss: 0.1948 | accuracy: 0.9630 | mean f1-score: 0.9503 | weighted f1-score: 0.9628
Epoch 72 completed in 0m 3s
Epoch 73/149
----------
The epoch: 73 | phase: train | loss: 0.0057 | accuracy: 0.9982 | mean f1-score: 0.9977 | weighted f1-score: 0.9982
The epoch: 73 | phase: val | loss: 0.3028 | accuracy: 0.9231 | mean f1-score: 0.8967 | weighted f1-score: 0.9226
The epoch: 73 | phase: test | loss: 0.1972 | accuracy: 0.9638 | mean f1-score: 0.9525 | weighted f1-score: 0.9638
Epoch 73 completed in 0m 2s
Epoch 74/149
----------
The epoch: 74 | phase: train | loss: 0.0044 | accuracy: 0.9984 | mean f1-score: 0.9981 | weighted f1-score: 0.9984
The epoch: 74 | phase: val | loss: 0.2879 | accuracy: 0.9253 | mean f1-score: 0.8964 | weighted f1-score: 0.9233
The epoch: 74 | phase: test | loss: 0.1523 | accuracy: 0.9707 | mean f1-score: 0.9634 | weighted f1-score: 0.9706
Epoch 74 completed in 0m 2s
Epoch 75/149
----------
The epoch: 75 | phase: train | loss: 0.0061 | accuracy: 0.9981 | mean f1-score: 0.9975 | weighted f1-score: 0.9981
The epoch: 75 | phase: val | loss: 0.2752 | accuracy: 0.9360 | mean f1-score: 0.9172 | weighted f1-score: 0.9345
The epoch: 75 | phase: test | loss: 0.2545 | accuracy: 0.9583 | mean f1-score: 0.9466 | weighted f1-score: 0.9576
Epoch 75 completed in 0m 2s
Epoch 76/149
----------
The epoch: 76 | phase: train | loss: 0.0042 | accuracy: 0.9988 | mean f1-score: 0.9985 | weighted f1-score: 0.9988
The epoch: 76 | phase: val | loss: 0.2742 | accuracy: 0.9387 | mean f1-score: 0.9184 | weighted f1-score: 0.9368
The epoch: 76 | phase: test | loss: 0.1982 | accuracy: 0.9641 | mean f1-score: 0.9543 | weighted f1-score: 0.9639
Epoch 76 completed in 0m 2s
Epoch 77/149
----------
The epoch: 77 | phase: train | loss: 0.0036 | accuracy: 0.9989 | mean f1-score: 0.9988 | weighted f1-score: 0.9989
The epoch: 77 | phase: val | loss: 0.2368 | accuracy: 0.9457 | mean f1-score: 0.9307 | weighted f1-score: 0.9448
The epoch: 77 | phase: test | loss: 0.2211 | accuracy: 0.9611 | mean f1-score: 0.9493 | weighted f1-score: 0.9609
Epoch 77 completed in 0m 2s
Epoch 78/149
----------
The epoch: 78 | phase: train | loss: 0.0031 | accuracy: 0.9989 | mean f1-score: 0.9986 | weighted f1-score: 0.9989
The epoch: 78 | phase: val | loss: 0.2734 | accuracy: 0.9419 | mean f1-score: 0.9228 | weighted f1-score: 0.9401
The epoch: 78 | phase: test | loss: 0.2835 | accuracy: 0.9558 | mean f1-score: 0.9440 | weighted f1-score: 0.9553
Epoch 78 completed in 0m 2s
Epoch 79/149
----------
The epoch: 79 | phase: train | loss: 0.0038 | accuracy: 0.9989 | mean f1-score: 0.9986 | weighted f1-score: 0.9989
The epoch: 79 | phase: val | loss: 0.2707 | accuracy: 0.9382 | mean f1-score: 0.9149 | weighted f1-score: 0.9349
The epoch: 79 | phase: test | loss: 0.2355 | accuracy: 0.9594 | mean f1-score: 0.9483 | weighted f1-score: 0.9590
Epoch 79 completed in 0m 2s
Epoch 80/149
----------
The epoch: 80 | phase: train | loss: 0.0051 | accuracy: 0.9984 | mean f1-score: 0.9983 | weighted f1-score: 0.9984
The epoch: 80 | phase: val | loss: 0.2498 | accuracy: 0.9409 | mean f1-score: 0.9223 | weighted f1-score: 0.9397
The epoch: 80 | phase: test | loss: 0.2340 | accuracy: 0.9632 | mean f1-score: 0.9525 | weighted f1-score: 0.9630
Epoch 80 completed in 0m 2s
Epoch 81/149
----------
The epoch: 81 | phase: train | loss: 0.0056 | accuracy: 0.9981 | mean f1-score: 0.9981 | weighted f1-score: 0.9981
The epoch: 81 | phase: val | loss: 0.2777 | accuracy: 0.9344 | mean f1-score: 0.9178 | weighted f1-score: 0.9349
The epoch: 81 | phase: test | loss: 0.2169 | accuracy: 0.9647 | mean f1-score: 0.9548 | weighted f1-score: 0.9647
Epoch 81 completed in 0m 2s
Epoch 82/149
----------
The epoch: 82 | phase: train | loss: 0.0034 | accuracy: 0.9987 | mean f1-score: 0.9983 | weighted f1-score: 0.9987
The epoch: 82 | phase: val | loss: 0.2453 | accuracy: 0.9430 | mean f1-score: 0.9266 | weighted f1-score: 0.9427
The epoch: 82 | phase: test | loss: 0.3172 | accuracy: 0.9507 | mean f1-score: 0.9327 | weighted f1-score: 0.9499
Epoch 82 completed in 0m 2s
Epoch 83/149
----------
The epoch: 83 | phase: train | loss: 0.0036 | accuracy: 0.9989 | mean f1-score: 0.9986 | weighted f1-score: 0.9989
The epoch: 83 | phase: val | loss: 0.2911 | accuracy: 0.9360 | mean f1-score: 0.9157 | weighted f1-score: 0.9345
The epoch: 83 | phase: test | loss: 0.2019 | accuracy: 0.9628 | mean f1-score: 0.9524 | weighted f1-score: 0.9626
Epoch 83 completed in 0m 2s
Epoch 84/149
----------
The epoch: 84 | phase: train | loss: 0.0039 | accuracy: 0.9984 | mean f1-score: 0.9982 | weighted f1-score: 0.9984
The epoch: 84 | phase: val | loss: 0.3061 | accuracy: 0.9349 | mean f1-score: 0.9193 | weighted f1-score: 0.9344
The epoch: 84 | phase: test | loss: 0.2535 | accuracy: 0.9609 | mean f1-score: 0.9500 | weighted f1-score: 0.9607
Epoch 84 completed in 0m 3s
Epoch 85/149
----------
The epoch: 85 | phase: train | loss: 0.0031 | accuracy: 0.9989 | mean f1-score: 0.9987 | weighted f1-score: 0.9989
The epoch: 85 | phase: val | loss: 0.3216 | accuracy: 0.9253 | mean f1-score: 0.9137 | weighted f1-score: 0.9273
The epoch: 85 | phase: test | loss: 0.2526 | accuracy: 0.9607 | mean f1-score: 0.9480 | weighted f1-score: 0.9603
Epoch 85 completed in 0m 2s
Epoch 86/149
----------
The epoch: 86 | phase: train | loss: 0.0036 | accuracy: 0.9990 | mean f1-score: 0.9991 | weighted f1-score: 0.9990
The epoch: 86 | phase: val | loss: 0.2676 | accuracy: 0.9414 | mean f1-score: 0.9193 | weighted f1-score: 0.9408
The epoch: 86 | phase: test | loss: 0.2065 | accuracy: 0.9647 | mean f1-score: 0.9548 | weighted f1-score: 0.9646
Epoch 86 completed in 0m 2s
Epoch 87/149
----------
The epoch: 87 | phase: train | loss: 0.0033 | accuracy: 0.9988 | mean f1-score: 0.9986 | weighted f1-score: 0.9988
The epoch: 87 | phase: val | loss: 0.2962 | accuracy: 0.9355 | mean f1-score: 0.9094 | weighted f1-score: 0.9334
The epoch: 87 | phase: test | loss: 0.2024 | accuracy: 0.9626 | mean f1-score: 0.9517 | weighted f1-score: 0.9623
Epoch 87 completed in 0m 2s
Epoch 88/149
----------
The epoch: 88 | phase: train | loss: 0.0048 | accuracy: 0.9983 | mean f1-score: 0.9980 | weighted f1-score: 0.9983
The epoch: 88 | phase: val | loss: 0.3195 | accuracy: 0.9323 | mean f1-score: 0.9138 | weighted f1-score: 0.9320
The epoch: 88 | phase: test | loss: 0.2509 | accuracy: 0.9579 | mean f1-score: 0.9475 | weighted f1-score: 0.9578
Epoch 88 completed in 0m 2s
Epoch 89/149
----------
The epoch: 89 | phase: train | loss: 0.0051 | accuracy: 0.9984 | mean f1-score: 0.9983 | weighted f1-score: 0.9984
The epoch: 89 | phase: val | loss: 0.2771 | accuracy: 0.9419 | mean f1-score: 0.9230 | weighted f1-score: 0.9407
The epoch: 89 | phase: test | loss: 0.2032 | accuracy: 0.9638 | mean f1-score: 0.9538 | weighted f1-score: 0.9636
Epoch 89 completed in 0m 2s
Epoch 90/149
----------
The epoch: 90 | phase: train | loss: 0.0034 | accuracy: 0.9990 | mean f1-score: 0.9988 | weighted f1-score: 0.9990
The epoch: 90 | phase: val | loss: 0.2795 | accuracy: 0.9419 | mean f1-score: 0.9202 | weighted f1-score: 0.9400
The epoch: 90 | phase: test | loss: 0.1964 | accuracy: 0.9636 | mean f1-score: 0.9547 | weighted f1-score: 0.9635
Epoch 90 completed in 0m 2s
Epoch 91/149
----------
The epoch: 91 | phase: train | loss: 0.0018 | accuracy: 0.9994 | mean f1-score: 0.9991 | weighted f1-score: 0.9994
The epoch: 91 | phase: val | loss: 0.2841 | accuracy: 0.9349 | mean f1-score: 0.9150 | weighted f1-score: 0.9337
The epoch: 91 | phase: test | loss: 0.2221 | accuracy: 0.9611 | mean f1-score: 0.9500 | weighted f1-score: 0.9608
Epoch 91 completed in 0m 1s
Epoch 92/149
----------
The epoch: 92 | phase: train | loss: 0.0034 | accuracy: 0.9988 | mean f1-score: 0.9983 | weighted f1-score: 0.9988
The epoch: 92 | phase: val | loss: 0.2717 | accuracy: 0.9409 | mean f1-score: 0.9167 | weighted f1-score: 0.9388
The epoch: 92 | phase: test | loss: 0.2249 | accuracy: 0.9638 | mean f1-score: 0.9527 | weighted f1-score: 0.9636
Epoch 92 completed in 0m 1s
Epoch 93/149
----------
The epoch: 93 | phase: train | loss: 0.0052 | accuracy: 0.9983 | mean f1-score: 0.9981 | weighted f1-score: 0.9983
The epoch: 93 | phase: val | loss: 0.3272 | accuracy: 0.9328 | mean f1-score: 0.8992 | weighted f1-score: 0.9286
The epoch: 93 | phase: test | loss: 0.1782 | accuracy: 0.9660 | mean f1-score: 0.9564 | weighted f1-score: 0.9658
Epoch 93 completed in 0m 1s
Epoch 94/149
----------
The epoch: 94 | phase: train | loss: 0.0058 | accuracy: 0.9984 | mean f1-score: 0.9982 | weighted f1-score: 0.9984
The epoch: 94 | phase: val | loss: 0.3010 | accuracy: 0.9323 | mean f1-score: 0.9125 | weighted f1-score: 0.9309
The epoch: 94 | phase: test | loss: 0.2740 | accuracy: 0.9549 | mean f1-score: 0.9402 | weighted f1-score: 0.9543
Epoch 94 completed in 0m 1s
Epoch 95/149
----------
The epoch: 95 | phase: train | loss: 0.0036 | accuracy: 0.9986 | mean f1-score: 0.9986 | weighted f1-score: 0.9986
The epoch: 95 | phase: val | loss: 0.2178 | accuracy: 0.9468 | mean f1-score: 0.9324 | weighted f1-score: 0.9465
The epoch: 95 | phase: test | loss: 0.2595 | accuracy: 0.9573 | mean f1-score: 0.9428 | weighted f1-score: 0.9565
Epoch 95 completed in 0m 1s
Epoch 96/149
----------
The epoch: 96 | phase: train | loss: 0.0042 | accuracy: 0.9986 | mean f1-score: 0.9983 | weighted f1-score: 0.9986
The epoch: 96 | phase: val | loss: 0.2746 | accuracy: 0.9306 | mean f1-score: 0.9120 | weighted f1-score: 0.9304
The epoch: 96 | phase: test | loss: 0.2177 | accuracy: 0.9611 | mean f1-score: 0.9489 | weighted f1-score: 0.9610
Epoch 96 completed in 0m 2s
Epoch 97/149
----------
The epoch: 97 | phase: train | loss: 0.0030 | accuracy: 0.9990 | mean f1-score: 0.9988 | weighted f1-score: 0.9990
The epoch: 97 | phase: val | loss: 0.2921 | accuracy: 0.9328 | mean f1-score: 0.9099 | weighted f1-score: 0.9304
The epoch: 97 | phase: test | loss: 0.2226 | accuracy: 0.9615 | mean f1-score: 0.9510 | weighted f1-score: 0.9612
Epoch 97 completed in 0m 1s
Epoch 98/149
----------
The epoch: 98 | phase: train | loss: 0.0025 | accuracy: 0.9992 | mean f1-score: 0.9991 | weighted f1-score: 0.9992
The epoch: 98 | phase: val | loss: 0.2838 | accuracy: 0.9419 | mean f1-score: 0.9236 | weighted f1-score: 0.9406
The epoch: 98 | phase: test | loss: 0.1915 | accuracy: 0.9672 | mean f1-score: 0.9585 | weighted f1-score: 0.9671
Epoch 98 completed in 0m 2s
Epoch 99/149
----------
The epoch: 99 | phase: train | loss: 0.0044 | accuracy: 0.9984 | mean f1-score: 0.9978 | weighted f1-score: 0.9984
The epoch: 99 | phase: val | loss: 0.3281 | accuracy: 0.9371 | mean f1-score: 0.9163 | weighted f1-score: 0.9353
The epoch: 99 | phase: test | loss: 0.2721 | accuracy: 0.9604 | mean f1-score: 0.9489 | weighted f1-score: 0.9599
Epoch 99 completed in 0m 2s
Epoch 100/149
----------
The epoch: 100 | phase: train | loss: 0.0047 | accuracy: 0.9985 | mean f1-score: 0.9983 | weighted f1-score: 0.9985
The epoch: 100 | phase: val | loss: 0.2660 | accuracy: 0.9382 | mean f1-score: 0.9171 | weighted f1-score: 0.9375
The epoch: 100 | phase: test | loss: 0.2608 | accuracy: 0.9619 | mean f1-score: 0.9498 | weighted f1-score: 0.9616
Epoch 100 completed in 0m 2s
Epoch 101/149
----------
The epoch: 101 | phase: train | loss: 0.0019 | accuracy: 0.9993 | mean f1-score: 0.9990 | weighted f1-score: 0.9993
The epoch: 101 | phase: val | loss: 0.2974 | accuracy: 0.9403 | mean f1-score: 0.9179 | weighted f1-score: 0.9387
The epoch: 101 | phase: test | loss: 0.2137 | accuracy: 0.9649 | mean f1-score: 0.9543 | weighted f1-score: 0.9648
Epoch 101 completed in 0m 2s
Epoch 102/149
----------
The epoch: 102 | phase: train | loss: 0.0027 | accuracy: 0.9992 | mean f1-score: 0.9990 | weighted f1-score: 0.9992
The epoch: 102 | phase: val | loss: 0.2810 | accuracy: 0.9409 | mean f1-score: 0.9212 | weighted f1-score: 0.9396
The epoch: 102 | phase: test | loss: 0.2303 | accuracy: 0.9636 | mean f1-score: 0.9528 | weighted f1-score: 0.9635
Epoch 102 completed in 0m 2s
Epoch 103/149
----------
The epoch: 103 | phase: train | loss: 0.0029 | accuracy: 0.9991 | mean f1-score: 0.9990 | weighted f1-score: 0.9991
The epoch: 103 | phase: val | loss: 0.3324 | accuracy: 0.9366 | mean f1-score: 0.9135 | weighted f1-score: 0.9347
The epoch: 103 | phase: test | loss: 0.2173 | accuracy: 0.9641 | mean f1-score: 0.9547 | weighted f1-score: 0.9639
Epoch 103 completed in 0m 2s
Epoch 104/149
----------
The epoch: 104 | phase: train | loss: 0.0025 | accuracy: 0.9990 | mean f1-score: 0.9990 | weighted f1-score: 0.9990
The epoch: 104 | phase: val | loss: 0.2944 | accuracy: 0.9398 | mean f1-score: 0.9212 | weighted f1-score: 0.9388
The epoch: 104 | phase: test | loss: 0.2329 | accuracy: 0.9641 | mean f1-score: 0.9544 | weighted f1-score: 0.9640
Epoch 104 completed in 0m 2s
Epoch 105/149
----------
The epoch: 105 | phase: train | loss: 0.0052 | accuracy: 0.9986 | mean f1-score: 0.9988 | weighted f1-score: 0.9986
The epoch: 105 | phase: val | loss: 0.2675 | accuracy: 0.9409 | mean f1-score: 0.9208 | weighted f1-score: 0.9396
The epoch: 105 | phase: test | loss: 0.2455 | accuracy: 0.9617 | mean f1-score: 0.9507 | weighted f1-score: 0.9615
Epoch 105 completed in 0m 2s
Epoch 106/149
----------
The epoch: 106 | phase: train | loss: 0.0018 | accuracy: 0.9994 | mean f1-score: 0.9993 | weighted f1-score: 0.9994
The epoch: 106 | phase: val | loss: 0.2514 | accuracy: 0.9473 | mean f1-score: 0.9314 | weighted f1-score: 0.9463
The epoch: 106 | phase: test | loss: 0.2426 | accuracy: 0.9600 | mean f1-score: 0.9481 | weighted f1-score: 0.9598
Epoch 106 completed in 0m 2s
Epoch 107/149
----------
The epoch: 107 | phase: train | loss: 0.0017 | accuracy: 0.9993 | mean f1-score: 0.9994 | weighted f1-score: 0.9993
The epoch: 107 | phase: val | loss: 0.2260 | accuracy: 0.9478 | mean f1-score: 0.9308 | weighted f1-score: 0.9474
The epoch: 107 | phase: test | loss: 0.2334 | accuracy: 0.9632 | mean f1-score: 0.9527 | weighted f1-score: 0.9630
Epoch 107 completed in 0m 2s
Epoch 108/149
----------
The epoch: 108 | phase: train | loss: 0.0013 | accuracy: 0.9998 | mean f1-score: 0.9997 | weighted f1-score: 0.9998
The epoch: 108 | phase: val | loss: 0.2532 | accuracy: 0.9435 | mean f1-score: 0.9270 | weighted f1-score: 0.9433
The epoch: 108 | phase: test | loss: 0.2297 | accuracy: 0.9645 | mean f1-score: 0.9548 | weighted f1-score: 0.9644
Epoch 108 completed in 0m 2s
Epoch 109/149
----------
The epoch: 109 | phase: train | loss: 0.0022 | accuracy: 0.9991 | mean f1-score: 0.9988 | weighted f1-score: 0.9991
The epoch: 109 | phase: val | loss: 0.2746 | accuracy: 0.9425 | mean f1-score: 0.9285 | weighted f1-score: 0.9431
The epoch: 109 | phase: test | loss: 0.2856 | accuracy: 0.9592 | mean f1-score: 0.9464 | weighted f1-score: 0.9591
Epoch 109 completed in 0m 2s
Epoch 110/149
----------
The epoch: 110 | phase: train | loss: 0.0022 | accuracy: 0.9995 | mean f1-score: 0.9994 | weighted f1-score: 0.9995
The epoch: 110 | phase: val | loss: 0.2547 | accuracy: 0.9387 | mean f1-score: 0.9202 | weighted f1-score: 0.9382
The epoch: 110 | phase: test | loss: 0.2734 | accuracy: 0.9587 | mean f1-score: 0.9460 | weighted f1-score: 0.9584
Epoch 110 completed in 0m 1s
Epoch 111/149
----------
The epoch: 111 | phase: train | loss: 0.0045 | accuracy: 0.9989 | mean f1-score: 0.9987 | weighted f1-score: 0.9989
The epoch: 111 | phase: val | loss: 0.2959 | accuracy: 0.9274 | mean f1-score: 0.9053 | weighted f1-score: 0.9260
The epoch: 111 | phase: test | loss: 0.2366 | accuracy: 0.9632 | mean f1-score: 0.9520 | weighted f1-score: 0.9631
Epoch 111 completed in 0m 1s
Epoch 112/149
----------
The epoch: 112 | phase: train | loss: 0.0024 | accuracy: 0.9994 | mean f1-score: 0.9993 | weighted f1-score: 0.9994
The epoch: 112 | phase: val | loss: 0.3721 | accuracy: 0.9242 | mean f1-score: 0.8891 | weighted f1-score: 0.9189
The epoch: 112 | phase: test | loss: 0.1962 | accuracy: 0.9664 | mean f1-score: 0.9583 | weighted f1-score: 0.9662
Epoch 112 completed in 0m 1s
Epoch 113/149
----------
The epoch: 113 | phase: train | loss: 0.0030 | accuracy: 0.9993 | mean f1-score: 0.9992 | weighted f1-score: 0.9993
The epoch: 113 | phase: val | loss: 0.3117 | accuracy: 0.9376 | mean f1-score: 0.9134 | weighted f1-score: 0.9360
The epoch: 113 | phase: test | loss: 0.2131 | accuracy: 0.9672 | mean f1-score: 0.9573 | weighted f1-score: 0.9670
Epoch 113 completed in 0m 3s
Epoch 114/149
----------
The epoch: 114 | phase: train | loss: 0.0024 | accuracy: 0.9990 | mean f1-score: 0.9988 | weighted f1-score: 0.9990
The epoch: 114 | phase: val | loss: 0.2807 | accuracy: 0.9409 | mean f1-score: 0.9190 | weighted f1-score: 0.9398
The epoch: 114 | phase: test | loss: 0.2343 | accuracy: 0.9653 | mean f1-score: 0.9554 | weighted f1-score: 0.9651
Epoch 114 completed in 0m 3s
Epoch 115/149
----------
The epoch: 115 | phase: train | loss: 0.0023 | accuracy: 0.9993 | mean f1-score: 0.9993 | weighted f1-score: 0.9993
The epoch: 115 | phase: val | loss: 0.2984 | accuracy: 0.9392 | mean f1-score: 0.9153 | weighted f1-score: 0.9372
The epoch: 115 | phase: test | loss: 0.2398 | accuracy: 0.9609 | mean f1-score: 0.9491 | weighted f1-score: 0.9603
Epoch 115 completed in 0m 2s
Epoch 116/149
----------
The epoch: 116 | phase: train | loss: 0.0028 | accuracy: 0.9991 | mean f1-score: 0.9990 | weighted f1-score: 0.9991
The epoch: 116 | phase: val | loss: 0.3094 | accuracy: 0.9371 | mean f1-score: 0.9125 | weighted f1-score: 0.9353
The epoch: 116 | phase: test | loss: 0.2417 | accuracy: 0.9626 | mean f1-score: 0.9515 | weighted f1-score: 0.9624
Epoch 116 completed in 0m 2s
Epoch 117/149
----------
The epoch: 117 | phase: train | loss: 0.0020 | accuracy: 0.9994 | mean f1-score: 0.9992 | weighted f1-score: 0.9994
The epoch: 117 | phase: val | loss: 0.3219 | accuracy: 0.9355 | mean f1-score: 0.9134 | weighted f1-score: 0.9336
The epoch: 117 | phase: test | loss: 0.2534 | accuracy: 0.9609 | mean f1-score: 0.9485 | weighted f1-score: 0.9606
Epoch 117 completed in 0m 2s
Epoch 118/149
----------
The epoch: 118 | phase: train | loss: 0.0025 | accuracy: 0.9993 | mean f1-score: 0.9991 | weighted f1-score: 0.9993
The epoch: 118 | phase: val | loss: 0.2836 | accuracy: 0.9382 | mean f1-score: 0.9185 | weighted f1-score: 0.9377
The epoch: 118 | phase: test | loss: 0.2643 | accuracy: 0.9628 | mean f1-score: 0.9506 | weighted f1-score: 0.9627
Epoch 118 completed in 0m 2s
Epoch 119/149
----------
The epoch: 119 | phase: train | loss: 0.0018 | accuracy: 0.9995 | mean f1-score: 0.9994 | weighted f1-score: 0.9995
The epoch: 119 | phase: val | loss: 0.3185 | accuracy: 0.9376 | mean f1-score: 0.9105 | weighted f1-score: 0.9349
The epoch: 119 | phase: test | loss: 0.2316 | accuracy: 0.9655 | mean f1-score: 0.9550 | weighted f1-score: 0.9653
Epoch 119 completed in 0m 2s
Epoch 120/149
----------
The epoch: 120 | phase: train | loss: 0.0023 | accuracy: 0.9993 | mean f1-score: 0.9991 | weighted f1-score: 0.9993
The epoch: 120 | phase: val | loss: 0.3010 | accuracy: 0.9349 | mean f1-score: 0.9132 | weighted f1-score: 0.9336
The epoch: 120 | phase: test | loss: 0.2299 | accuracy: 0.9645 | mean f1-score: 0.9547 | weighted f1-score: 0.9644
Epoch 120 completed in 0m 3s
Epoch 121/149
----------
The epoch: 121 | phase: train | loss: 0.0035 | accuracy: 0.9989 | mean f1-score: 0.9986 | weighted f1-score: 0.9989
The epoch: 121 | phase: val | loss: 0.4332 | accuracy: 0.9215 | mean f1-score: 0.8754 | weighted f1-score: 0.9133
The epoch: 121 | phase: test | loss: 0.2028 | accuracy: 0.9651 | mean f1-score: 0.9564 | weighted f1-score: 0.9650
Epoch 121 completed in 0m 3s
Epoch 122/149
----------
The epoch: 122 | phase: train | loss: 0.0025 | accuracy: 0.9992 | mean f1-score: 0.9991 | weighted f1-score: 0.9992
The epoch: 122 | phase: val | loss: 0.2814 | accuracy: 0.9392 | mean f1-score: 0.9185 | weighted f1-score: 0.9381
The epoch: 122 | phase: test | loss: 0.2009 | accuracy: 0.9647 | mean f1-score: 0.9533 | weighted f1-score: 0.9647
Epoch 122 completed in 0m 2s
Epoch 123/149
----------
The epoch: 123 | phase: train | loss: 0.0036 | accuracy: 0.9988 | mean f1-score: 0.9987 | weighted f1-score: 0.9988
The epoch: 123 | phase: val | loss: 0.2372 | accuracy: 0.9505 | mean f1-score: 0.9349 | weighted f1-score: 0.9500
The epoch: 123 | phase: test | loss: 0.2480 | accuracy: 0.9624 | mean f1-score: 0.9507 | weighted f1-score: 0.9622
Epoch 123 completed in 0m 2s
Epoch 124/149
----------
The epoch: 124 | phase: train | loss: 0.0023 | accuracy: 0.9993 | mean f1-score: 0.9992 | weighted f1-score: 0.9993
The epoch: 124 | phase: val | loss: 0.2992 | accuracy: 0.9425 | mean f1-score: 0.9247 | weighted f1-score: 0.9407
The epoch: 124 | phase: test | loss: 0.2436 | accuracy: 0.9594 | mean f1-score: 0.9506 | weighted f1-score: 0.9592
Epoch 124 completed in 0m 2s
Epoch 125/149
----------
The epoch: 125 | phase: train | loss: 0.0022 | accuracy: 0.9992 | mean f1-score: 0.9993 | weighted f1-score: 0.9992
The epoch: 125 | phase: val | loss: 0.3103 | accuracy: 0.9360 | mean f1-score: 0.9120 | weighted f1-score: 0.9335
The epoch: 125 | phase: test | loss: 0.2084 | accuracy: 0.9636 | mean f1-score: 0.9539 | weighted f1-score: 0.9634
Epoch 125 completed in 0m 2s
Epoch 126/149
----------
The epoch: 126 | phase: train | loss: 0.0013 | accuracy: 0.9996 | mean f1-score: 0.9996 | weighted f1-score: 0.9996
The epoch: 126 | phase: val | loss: 0.3184 | accuracy: 0.9344 | mean f1-score: 0.9087 | weighted f1-score: 0.9323
The epoch: 126 | phase: test | loss: 0.2019 | accuracy: 0.9666 | mean f1-score: 0.9580 | weighted f1-score: 0.9665
Epoch 126 completed in 0m 3s
Epoch 127/149
----------
The epoch: 127 | phase: train | loss: 0.0033 | accuracy: 0.9989 | mean f1-score: 0.9986 | weighted f1-score: 0.9989
The epoch: 127 | phase: val | loss: 0.2978 | accuracy: 0.9366 | mean f1-score: 0.9119 | weighted f1-score: 0.9349
The epoch: 127 | phase: test | loss: 0.2033 | accuracy: 0.9677 | mean f1-score: 0.9585 | weighted f1-score: 0.9676
Epoch 127 completed in 0m 2s
Epoch 128/149
----------
The epoch: 128 | phase: train | loss: 0.0023 | accuracy: 0.9994 | mean f1-score: 0.9993 | weighted f1-score: 0.9994
The epoch: 128 | phase: val | loss: 0.3065 | accuracy: 0.9349 | mean f1-score: 0.9119 | weighted f1-score: 0.9335
The epoch: 128 | phase: test | loss: 0.2141 | accuracy: 0.9641 | mean f1-score: 0.9518 | weighted f1-score: 0.9639
Epoch 128 completed in 0m 2s
Epoch 129/149
----------
The epoch: 129 | phase: train | loss: 0.0018 | accuracy: 0.9995 | mean f1-score: 0.9993 | weighted f1-score: 0.9995
The epoch: 129 | phase: val | loss: 0.2548 | accuracy: 0.9414 | mean f1-score: 0.9217 | weighted f1-score: 0.9403
The epoch: 129 | phase: test | loss: 0.1967 | accuracy: 0.9681 | mean f1-score: 0.9589 | weighted f1-score: 0.9680
Epoch 129 completed in 0m 2s
Epoch 130/149
----------
The epoch: 130 | phase: train | loss: 0.0020 | accuracy: 0.9994 | mean f1-score: 0.9994 | weighted f1-score: 0.9994
The epoch: 130 | phase: val | loss: 0.3225 | accuracy: 0.9355 | mean f1-score: 0.9127 | weighted f1-score: 0.9328
The epoch: 130 | phase: test | loss: 0.2010 | accuracy: 0.9677 | mean f1-score: 0.9593 | weighted f1-score: 0.9675
Epoch 130 completed in 0m 2s
Epoch 131/149
----------
The epoch: 131 | phase: train | loss: 0.0015 | accuracy: 0.9995 | mean f1-score: 0.9995 | weighted f1-score: 0.9995
The epoch: 131 | phase: val | loss: 0.2963 | accuracy: 0.9398 | mean f1-score: 0.9171 | weighted f1-score: 0.9376
The epoch: 131 | phase: test | loss: 0.2214 | accuracy: 0.9634 | mean f1-score: 0.9528 | weighted f1-score: 0.9632
Epoch 131 completed in 0m 2s
Epoch 132/149
----------
The epoch: 132 | phase: train | loss: 0.0026 | accuracy: 0.9992 | mean f1-score: 0.9993 | weighted f1-score: 0.9992
The epoch: 132 | phase: val | loss: 0.3047 | accuracy: 0.9392 | mean f1-score: 0.9187 | weighted f1-score: 0.9372
The epoch: 132 | phase: test | loss: 0.2188 | accuracy: 0.9651 | mean f1-score: 0.9545 | weighted f1-score: 0.9650
Epoch 132 completed in 0m 3s
Epoch 133/149
----------
The epoch: 133 | phase: train | loss: 0.0015 | accuracy: 0.9996 | mean f1-score: 0.9995 | weighted f1-score: 0.9996
The epoch: 133 | phase: val | loss: 0.3138 | accuracy: 0.9344 | mean f1-score: 0.9087 | weighted f1-score: 0.9315
The epoch: 133 | phase: test | loss: 0.2076 | accuracy: 0.9649 | mean f1-score: 0.9551 | weighted f1-score: 0.9648
Epoch 133 completed in 0m 3s
Epoch 134/149
----------
The epoch: 134 | phase: train | loss: 0.0015 | accuracy: 0.9994 | mean f1-score: 0.9992 | weighted f1-score: 0.9994
The epoch: 134 | phase: val | loss: 0.3140 | accuracy: 0.9409 | mean f1-score: 0.9182 | weighted f1-score: 0.9385
The epoch: 134 | phase: test | loss: 0.2275 | accuracy: 0.9658 | mean f1-score: 0.9555 | weighted f1-score: 0.9656
Epoch 134 completed in 0m 2s
Epoch 135/149
----------
The epoch: 135 | phase: train | loss: 0.0012 | accuracy: 0.9996 | mean f1-score: 0.9995 | weighted f1-score: 0.9996
The epoch: 135 | phase: val | loss: 0.3443 | accuracy: 0.9344 | mean f1-score: 0.9108 | weighted f1-score: 0.9322
The epoch: 135 | phase: test | loss: 0.2467 | accuracy: 0.9619 | mean f1-score: 0.9494 | weighted f1-score: 0.9617
Epoch 135 completed in 0m 2s
Epoch 136/149
----------
The epoch: 136 | phase: train | loss: 0.0008 | accuracy: 0.9996 | mean f1-score: 0.9995 | weighted f1-score: 0.9996
The epoch: 136 | phase: val | loss: 0.3372 | accuracy: 0.9339 | mean f1-score: 0.9032 | weighted f1-score: 0.9305
The epoch: 136 | phase: test | loss: 0.2008 | accuracy: 0.9683 | mean f1-score: 0.9587 | weighted f1-score: 0.9682
Epoch 136 completed in 0m 2s
Epoch 137/149
----------
The epoch: 137 | phase: train | loss: 0.0010 | accuracy: 0.9998 | mean f1-score: 0.9998 | weighted f1-score: 0.9998
The epoch: 137 | phase: val | loss: 0.3515 | accuracy: 0.9387 | mean f1-score: 0.9139 | weighted f1-score: 0.9353
The epoch: 137 | phase: test | loss: 0.2591 | accuracy: 0.9604 | mean f1-score: 0.9486 | weighted f1-score: 0.9600
Epoch 137 completed in 0m 2s
Epoch 138/149
----------
The epoch: 138 | phase: train | loss: 0.0030 | accuracy: 0.9991 | mean f1-score: 0.9990 | weighted f1-score: 0.9991
The epoch: 138 | phase: val | loss: 0.3801 | accuracy: 0.9263 | mean f1-score: 0.8984 | weighted f1-score: 0.9239
The epoch: 138 | phase: test | loss: 0.1919 | accuracy: 0.9683 | mean f1-score: 0.9595 | weighted f1-score: 0.9682
Epoch 138 completed in 0m 3s
Epoch 139/149
----------
The epoch: 139 | phase: train | loss: 0.0019 | accuracy: 0.9991 | mean f1-score: 0.9990 | weighted f1-score: 0.9991
The epoch: 139 | phase: val | loss: 0.3391 | accuracy: 0.9339 | mean f1-score: 0.9136 | weighted f1-score: 0.9327
The epoch: 139 | phase: test | loss: 0.2701 | accuracy: 0.9581 | mean f1-score: 0.9433 | weighted f1-score: 0.9577
Epoch 139 completed in 0m 3s
Epoch 140/149
----------
The epoch: 140 | phase: train | loss: 0.0035 | accuracy: 0.9986 | mean f1-score: 0.9984 | weighted f1-score: 0.9986
The epoch: 140 | phase: val | loss: 0.3329 | accuracy: 0.9253 | mean f1-score: 0.9022 | weighted f1-score: 0.9246
The epoch: 140 | phase: test | loss: 0.2343 | accuracy: 0.9615 | mean f1-score: 0.9503 | weighted f1-score: 0.9615
Epoch 140 completed in 0m 2s
Epoch 141/149
----------
The epoch: 141 | phase: train | loss: 0.0033 | accuracy: 0.9986 | mean f1-score: 0.9984 | weighted f1-score: 0.9986
The epoch: 141 | phase: val | loss: 0.3274 | accuracy: 0.9285 | mean f1-score: 0.9045 | weighted f1-score: 0.9278
The epoch: 141 | phase: test | loss: 0.2569 | accuracy: 0.9585 | mean f1-score: 0.9469 | weighted f1-score: 0.9586
Epoch 141 completed in 0m 2s
Epoch 142/149
----------
The epoch: 142 | phase: train | loss: 0.0026 | accuracy: 0.9993 | mean f1-score: 0.9993 | weighted f1-score: 0.9993
The epoch: 142 | phase: val | loss: 0.3092 | accuracy: 0.9333 | mean f1-score: 0.9041 | weighted f1-score: 0.9308
The epoch: 142 | phase: test | loss: 0.1942 | accuracy: 0.9658 | mean f1-score: 0.9564 | weighted f1-score: 0.9656
Epoch 142 completed in 0m 2s
Epoch 143/149
----------
The epoch: 143 | phase: train | loss: 0.0012 | accuracy: 0.9997 | mean f1-score: 0.9997 | weighted f1-score: 0.9997
The epoch: 143 | phase: val | loss: 0.2940 | accuracy: 0.9360 | mean f1-score: 0.9132 | weighted f1-score: 0.9348
The epoch: 143 | phase: test | loss: 0.2105 | accuracy: 0.9641 | mean f1-score: 0.9538 | weighted f1-score: 0.9640
Epoch 143 completed in 0m 2s
Epoch 144/149
----------
The epoch: 144 | phase: train | loss: 0.0010 | accuracy: 0.9996 | mean f1-score: 0.9996 | weighted f1-score: 0.9996
The epoch: 144 | phase: val | loss: 0.3881 | accuracy: 0.9253 | mean f1-score: 0.8899 | weighted f1-score: 0.9216
The epoch: 144 | phase: test | loss: 0.1901 | accuracy: 0.9668 | mean f1-score: 0.9583 | weighted f1-score: 0.9668
Epoch 144 completed in 0m 2s
Epoch 145/149
----------
The epoch: 145 | phase: train | loss: 0.0011 | accuracy: 0.9998 | mean f1-score: 0.9997 | weighted f1-score: 0.9998
The epoch: 145 | phase: val | loss: 0.2936 | accuracy: 0.9414 | mean f1-score: 0.9220 | weighted f1-score: 0.9401
The epoch: 145 | phase: test | loss: 0.2696 | accuracy: 0.9604 | mean f1-score: 0.9494 | weighted f1-score: 0.9601
Epoch 145 completed in 0m 3s
Epoch 146/149
----------
The epoch: 146 | phase: train | loss: 0.0023 | accuracy: 0.9994 | mean f1-score: 0.9993 | weighted f1-score: 0.9994
The epoch: 146 | phase: val | loss: 0.3365 | accuracy: 0.9301 | mean f1-score: 0.9026 | weighted f1-score: 0.9281
The epoch: 146 | phase: test | loss: 0.2382 | accuracy: 0.9626 | mean f1-score: 0.9514 | weighted f1-score: 0.9624
Epoch 146 completed in 0m 3s
Epoch 147/149
----------
The epoch: 147 | phase: train | loss: 0.0026 | accuracy: 0.9993 | mean f1-score: 0.9992 | weighted f1-score: 0.9993
The epoch: 147 | phase: val | loss: 0.3365 | accuracy: 0.9349 | mean f1-score: 0.9098 | weighted f1-score: 0.9320
The epoch: 147 | phase: test | loss: 0.2462 | accuracy: 0.9585 | mean f1-score: 0.9465 | weighted f1-score: 0.9580
Epoch 147 completed in 0m 3s
Epoch 148/149
----------
The epoch: 148 | phase: train | loss: 0.0012 | accuracy: 0.9996 | mean f1-score: 0.9995 | weighted f1-score: 0.9996
The epoch: 148 | phase: val | loss: 0.2953 | accuracy: 0.9403 | mean f1-score: 0.9164 | weighted f1-score: 0.9381
The epoch: 148 | phase: test | loss: 0.2365 | accuracy: 0.9632 | mean f1-score: 0.9516 | weighted f1-score: 0.9628
Epoch 148 completed in 0m 3s
Epoch 149/149
----------
The epoch: 149 | phase: train | loss: 0.0018 | accuracy: 0.9993 | mean f1-score: 0.9992 | weighted f1-score: 0.9993
The epoch: 149 | phase: val | loss: 0.3078 | accuracy: 0.9349 | mean f1-score: 0.9110 | weighted f1-score: 0.9329
The epoch: 149 | phase: test | loss: 0.2708 | accuracy: 0.9592 | mean f1-score: 0.9462 | weighted f1-score: 0.9588
Epoch 149 completed in 0m 2s
The best epoch is 123
Phase: train, loss: 0.003591302807806063, accuracy: 0.9988159042752087, f1_score: 0.9986972546592514, f1_score weighted: 0.9988159316343092 {'train': [], 'val': [], 'test': []}
Phase: val, loss: 0.237212435901165, accuracy: 0.9505376344086022, f1_score: 0.9348612647923447, f1_score weighted: 0.950031387152869 {'train': [], 'val': [], 'test': []}
Phase: test, loss: 0.24795819680296374, accuracy: 0.9623564440663548, f1_score: 0.9507471465145012, f1_score weighted: 0.9621795498442063 {'train': [], 'val': [], 'test': []}
------ Evaluation complete! ------
