Namespace(window=50, overlap=25, batch_size=64, learning_rate=0.0005, num_epochs=150, gpu_id='0', dataset='realworld_waist', kernel_size=3, num_steps_prediction=28, classifier_lr=0.0005, classifier_batch_size=256, saved_model='/workspaces/betania.silva/ssl_tools/contrastive-predictive-coding-for-har/models/May-11-2024/wisdm_k_28_lr_0.0005_bs_64.pkl', learning_schedule='all_layers', random_seed=42, input_size=6, num_classes=7, root_dir='/workspaces/betania.silva/view_concatenated', data_file='realworld_waist', device=device(type='cuda', index=0), padding=1)
Data Raw (756959, 6)
Data (30277, 50, 6)
Labels (30277,)
Data Raw (159216, 6)
Data (6367, 50, 6)
Labels (6367,)
Data Raw (203798, 6)
Data (8150, 50, 6)
Labels (8150,)
The batch size for train phase is: 256
The batch size for val phase is: 256
The batch size for test phase is: 256
Loading the pre-trained weights
Epoch 0/149
----------
The epoch: 0 | phase: train | loss: 0.6084 | accuracy: 0.8049 | mean f1-score: 0.6895 | weighted f1-score: 0.8081
The epoch: 0 | phase: val | loss: 0.7903 | accuracy: 0.7360 | mean f1-score: 0.7324 | weighted f1-score: 0.7355
The epoch: 0 | phase: test | loss: 0.4477 | accuracy: 0.8545 | mean f1-score: 0.8548 | weighted f1-score: 0.8552
Epoch 0 completed in 0m 5s
Epoch 1/149
----------
The epoch: 1 | phase: train | loss: 0.3072 | accuracy: 0.9019 | mean f1-score: 0.9030 | weighted f1-score: 0.9028
The epoch: 1 | phase: val | loss: 0.9849 | accuracy: 0.6739 | mean f1-score: 0.6602 | weighted f1-score: 0.6665
The epoch: 1 | phase: test | loss: 0.4123 | accuracy: 0.8313 | mean f1-score: 0.8112 | weighted f1-score: 0.8245
Epoch 1 completed in 0m 4s
Epoch 2/149
----------
The epoch: 2 | phase: train | loss: 0.2568 | accuracy: 0.9187 | mean f1-score: 0.9195 | weighted f1-score: 0.9193
The epoch: 2 | phase: val | loss: 0.8816 | accuracy: 0.7102 | mean f1-score: 0.7048 | weighted f1-score: 0.7081
The epoch: 2 | phase: test | loss: 0.4563 | accuracy: 0.8427 | mean f1-score: 0.8380 | weighted f1-score: 0.8395
Epoch 2 completed in 0m 3s
Epoch 3/149
----------
The epoch: 3 | phase: train | loss: 0.2254 | accuracy: 0.9288 | mean f1-score: 0.9295 | weighted f1-score: 0.9293
The epoch: 3 | phase: val | loss: 0.8364 | accuracy: 0.7289 | mean f1-score: 0.7288 | weighted f1-score: 0.7308
The epoch: 3 | phase: test | loss: 0.4497 | accuracy: 0.8723 | mean f1-score: 0.8706 | weighted f1-score: 0.8727
Epoch 3 completed in 0m 3s
Epoch 4/149
----------
The epoch: 4 | phase: train | loss: 0.2214 | accuracy: 0.9274 | mean f1-score: 0.9284 | weighted f1-score: 0.9280
The epoch: 4 | phase: val | loss: 0.6996 | accuracy: 0.7919 | mean f1-score: 0.7945 | weighted f1-score: 0.7924
The epoch: 4 | phase: test | loss: 0.4346 | accuracy: 0.8699 | mean f1-score: 0.8698 | weighted f1-score: 0.8704
Epoch 4 completed in 0m 4s
Epoch 5/149
----------
The epoch: 5 | phase: train | loss: 0.1896 | accuracy: 0.9404 | mean f1-score: 0.9411 | weighted f1-score: 0.9408
The epoch: 5 | phase: val | loss: 0.8817 | accuracy: 0.7083 | mean f1-score: 0.6979 | weighted f1-score: 0.7030
The epoch: 5 | phase: test | loss: 0.6302 | accuracy: 0.7838 | mean f1-score: 0.7532 | weighted f1-score: 0.7716
Epoch 5 completed in 0m 4s
Epoch 6/149
----------
The epoch: 6 | phase: train | loss: 0.1755 | accuracy: 0.9438 | mean f1-score: 0.9443 | weighted f1-score: 0.9441
The epoch: 6 | phase: val | loss: 0.8727 | accuracy: 0.7184 | mean f1-score: 0.7209 | weighted f1-score: 0.7200
The epoch: 6 | phase: test | loss: 0.5143 | accuracy: 0.8541 | mean f1-score: 0.8541 | weighted f1-score: 0.8547
Epoch 6 completed in 0m 4s
Epoch 7/149
----------
The epoch: 7 | phase: train | loss: 0.1592 | accuracy: 0.9500 | mean f1-score: 0.9505 | weighted f1-score: 0.9502
The epoch: 7 | phase: val | loss: 0.7524 | accuracy: 0.7848 | mean f1-score: 0.7883 | weighted f1-score: 0.7867
The epoch: 7 | phase: test | loss: 0.5119 | accuracy: 0.8447 | mean f1-score: 0.8411 | weighted f1-score: 0.8443
Epoch 7 completed in 0m 4s
Epoch 8/149
----------
The epoch: 8 | phase: train | loss: 0.1514 | accuracy: 0.9523 | mean f1-score: 0.9528 | weighted f1-score: 0.9525
The epoch: 8 | phase: val | loss: 0.7931 | accuracy: 0.7779 | mean f1-score: 0.7813 | weighted f1-score: 0.7812
The epoch: 8 | phase: test | loss: 0.7384 | accuracy: 0.7848 | mean f1-score: 0.7767 | weighted f1-score: 0.7819
Epoch 8 completed in 0m 5s
Epoch 9/149
----------
The epoch: 9 | phase: train | loss: 0.1445 | accuracy: 0.9549 | mean f1-score: 0.9551 | weighted f1-score: 0.9551
The epoch: 9 | phase: val | loss: 0.8618 | accuracy: 0.7437 | mean f1-score: 0.7453 | weighted f1-score: 0.7466
The epoch: 9 | phase: test | loss: 0.6218 | accuracy: 0.8312 | mean f1-score: 0.8246 | weighted f1-score: 0.8295
Epoch 9 completed in 0m 4s
Epoch 10/149
----------
The epoch: 10 | phase: train | loss: 0.1342 | accuracy: 0.9576 | mean f1-score: 0.9579 | weighted f1-score: 0.9578
The epoch: 10 | phase: val | loss: 0.8041 | accuracy: 0.7625 | mean f1-score: 0.7673 | weighted f1-score: 0.7655
The epoch: 10 | phase: test | loss: 0.6993 | accuracy: 0.7762 | mean f1-score: 0.7547 | weighted f1-score: 0.7669
Epoch 10 completed in 0m 4s
Epoch 11/149
----------
The epoch: 11 | phase: train | loss: 0.1227 | accuracy: 0.9610 | mean f1-score: 0.9614 | weighted f1-score: 0.9611
The epoch: 11 | phase: val | loss: 1.0196 | accuracy: 0.7174 | mean f1-score: 0.7087 | weighted f1-score: 0.7114
The epoch: 11 | phase: test | loss: 0.7831 | accuracy: 0.7839 | mean f1-score: 0.7438 | weighted f1-score: 0.7654
Epoch 11 completed in 0m 4s
Epoch 12/149
----------
The epoch: 12 | phase: train | loss: 0.1180 | accuracy: 0.9613 | mean f1-score: 0.9616 | weighted f1-score: 0.9615
The epoch: 12 | phase: val | loss: 0.9483 | accuracy: 0.7452 | mean f1-score: 0.7331 | weighted f1-score: 0.7386
The epoch: 12 | phase: test | loss: 0.9694 | accuracy: 0.7550 | mean f1-score: 0.7274 | weighted f1-score: 0.7460
Epoch 12 completed in 0m 4s
Epoch 13/149
----------
The epoch: 13 | phase: train | loss: 0.1162 | accuracy: 0.9634 | mean f1-score: 0.9635 | weighted f1-score: 0.9636
The epoch: 13 | phase: val | loss: 0.8258 | accuracy: 0.7687 | mean f1-score: 0.7721 | weighted f1-score: 0.7718
The epoch: 13 | phase: test | loss: 0.9000 | accuracy: 0.7611 | mean f1-score: 0.7357 | weighted f1-score: 0.7525
Epoch 13 completed in 0m 4s
Epoch 14/149
----------
The epoch: 14 | phase: train | loss: 0.1079 | accuracy: 0.9654 | mean f1-score: 0.9657 | weighted f1-score: 0.9655
The epoch: 14 | phase: val | loss: 0.9779 | accuracy: 0.7153 | mean f1-score: 0.7100 | weighted f1-score: 0.7122
The epoch: 14 | phase: test | loss: 1.1995 | accuracy: 0.7265 | mean f1-score: 0.6920 | weighted f1-score: 0.7103
Epoch 14 completed in 0m 4s
Epoch 15/149
----------
The epoch: 15 | phase: train | loss: 0.0972 | accuracy: 0.9680 | mean f1-score: 0.9681 | weighted f1-score: 0.9681
The epoch: 15 | phase: val | loss: 1.1354 | accuracy: 0.7291 | mean f1-score: 0.7162 | weighted f1-score: 0.7193
The epoch: 15 | phase: test | loss: 1.1458 | accuracy: 0.7351 | mean f1-score: 0.6964 | weighted f1-score: 0.7137
Epoch 15 completed in 0m 4s
Epoch 16/149
----------
The epoch: 16 | phase: train | loss: 0.0963 | accuracy: 0.9699 | mean f1-score: 0.9701 | weighted f1-score: 0.9700
The epoch: 16 | phase: val | loss: 0.7604 | accuracy: 0.7913 | mean f1-score: 0.7928 | weighted f1-score: 0.7925
The epoch: 16 | phase: test | loss: 0.9720 | accuracy: 0.7521 | mean f1-score: 0.7409 | weighted f1-score: 0.7518
Epoch 16 completed in 0m 4s
Epoch 17/149
----------
The epoch: 17 | phase: train | loss: 0.0910 | accuracy: 0.9704 | mean f1-score: 0.9706 | weighted f1-score: 0.9705
The epoch: 17 | phase: val | loss: 0.9745 | accuracy: 0.7278 | mean f1-score: 0.7235 | weighted f1-score: 0.7250
The epoch: 17 | phase: test | loss: 0.9607 | accuracy: 0.7621 | mean f1-score: 0.7293 | weighted f1-score: 0.7470
Epoch 17 completed in 0m 4s
Epoch 18/149
----------
The epoch: 18 | phase: train | loss: 0.0869 | accuracy: 0.9725 | mean f1-score: 0.9725 | weighted f1-score: 0.9725
The epoch: 18 | phase: val | loss: 0.8561 | accuracy: 0.7676 | mean f1-score: 0.7689 | weighted f1-score: 0.7691
The epoch: 18 | phase: test | loss: 1.1075 | accuracy: 0.7426 | mean f1-score: 0.7083 | weighted f1-score: 0.7254
Epoch 18 completed in 0m 4s
Epoch 19/149
----------
The epoch: 19 | phase: train | loss: 0.0814 | accuracy: 0.9731 | mean f1-score: 0.9733 | weighted f1-score: 0.9732
The epoch: 19 | phase: val | loss: 0.8580 | accuracy: 0.7980 | mean f1-score: 0.8006 | weighted f1-score: 0.7983
The epoch: 19 | phase: test | loss: 0.9343 | accuracy: 0.7715 | mean f1-score: 0.7451 | weighted f1-score: 0.7622
Epoch 19 completed in 0m 5s
Epoch 20/149
----------
The epoch: 20 | phase: train | loss: 0.0794 | accuracy: 0.9752 | mean f1-score: 0.9752 | weighted f1-score: 0.9752
The epoch: 20 | phase: val | loss: 0.9536 | accuracy: 0.7754 | mean f1-score: 0.7759 | weighted f1-score: 0.7761
The epoch: 20 | phase: test | loss: 0.8727 | accuracy: 0.7714 | mean f1-score: 0.7657 | weighted f1-score: 0.7717
Epoch 20 completed in 0m 4s
Epoch 21/149
----------
The epoch: 21 | phase: train | loss: 0.0706 | accuracy: 0.9770 | mean f1-score: 0.9770 | weighted f1-score: 0.9770
The epoch: 21 | phase: val | loss: 1.0431 | accuracy: 0.7157 | mean f1-score: 0.7153 | weighted f1-score: 0.7142
The epoch: 21 | phase: test | loss: 1.2727 | accuracy: 0.7301 | mean f1-score: 0.7065 | weighted f1-score: 0.7189
Epoch 21 completed in 0m 4s
Epoch 22/149
----------
The epoch: 22 | phase: train | loss: 0.0726 | accuracy: 0.9774 | mean f1-score: 0.9773 | weighted f1-score: 0.9774
The epoch: 22 | phase: val | loss: 1.0142 | accuracy: 0.7518 | mean f1-score: 0.7521 | weighted f1-score: 0.7542
The epoch: 22 | phase: test | loss: 0.9218 | accuracy: 0.7553 | mean f1-score: 0.7282 | weighted f1-score: 0.7442
Epoch 22 completed in 0m 3s
Epoch 23/149
----------
The epoch: 23 | phase: train | loss: 0.0684 | accuracy: 0.9769 | mean f1-score: 0.9770 | weighted f1-score: 0.9770
The epoch: 23 | phase: val | loss: 0.9672 | accuracy: 0.7561 | mean f1-score: 0.7561 | weighted f1-score: 0.7571
The epoch: 23 | phase: test | loss: 1.4737 | accuracy: 0.7242 | mean f1-score: 0.7069 | weighted f1-score: 0.7180
Epoch 23 completed in 0m 4s
Epoch 24/149
----------
The epoch: 24 | phase: train | loss: 0.0560 | accuracy: 0.9821 | mean f1-score: 0.9821 | weighted f1-score: 0.9821
The epoch: 24 | phase: val | loss: 0.9026 | accuracy: 0.7757 | mean f1-score: 0.7763 | weighted f1-score: 0.7765
The epoch: 24 | phase: test | loss: 1.0639 | accuracy: 0.7687 | mean f1-score: 0.7508 | weighted f1-score: 0.7632
Epoch 24 completed in 0m 4s
Epoch 25/149
----------
The epoch: 25 | phase: train | loss: 0.0556 | accuracy: 0.9825 | mean f1-score: 0.9825 | weighted f1-score: 0.9825
The epoch: 25 | phase: val | loss: 1.1095 | accuracy: 0.7611 | mean f1-score: 0.7628 | weighted f1-score: 0.7640
The epoch: 25 | phase: test | loss: 1.0544 | accuracy: 0.7820 | mean f1-score: 0.7682 | weighted f1-score: 0.7808
Epoch 25 completed in 0m 3s
Epoch 26/149
----------
The epoch: 26 | phase: train | loss: 0.0528 | accuracy: 0.9824 | mean f1-score: 0.9823 | weighted f1-score: 0.9824
The epoch: 26 | phase: val | loss: 1.1396 | accuracy: 0.7374 | mean f1-score: 0.7368 | weighted f1-score: 0.7381
The epoch: 26 | phase: test | loss: 1.3001 | accuracy: 0.7319 | mean f1-score: 0.7167 | weighted f1-score: 0.7275
Epoch 26 completed in 0m 4s
Epoch 27/149
----------
The epoch: 27 | phase: train | loss: 0.0477 | accuracy: 0.9844 | mean f1-score: 0.9844 | weighted f1-score: 0.9845
The epoch: 27 | phase: val | loss: 0.9294 | accuracy: 0.7927 | mean f1-score: 0.7903 | weighted f1-score: 0.7907
The epoch: 27 | phase: test | loss: 1.0757 | accuracy: 0.7482 | mean f1-score: 0.7344 | weighted f1-score: 0.7458
Epoch 27 completed in 0m 3s
Epoch 28/149
----------
The epoch: 28 | phase: train | loss: 0.0460 | accuracy: 0.9846 | mean f1-score: 0.9846 | weighted f1-score: 0.9847
The epoch: 28 | phase: val | loss: 1.0115 | accuracy: 0.7719 | mean f1-score: 0.7739 | weighted f1-score: 0.7738
The epoch: 28 | phase: test | loss: 1.2006 | accuracy: 0.7501 | mean f1-score: 0.7222 | weighted f1-score: 0.7393
Epoch 28 completed in 0m 3s
Epoch 29/149
----------
The epoch: 29 | phase: train | loss: 0.0424 | accuracy: 0.9856 | mean f1-score: 0.9855 | weighted f1-score: 0.9856
The epoch: 29 | phase: val | loss: 0.9837 | accuracy: 0.7828 | mean f1-score: 0.7799 | weighted f1-score: 0.7811
The epoch: 29 | phase: test | loss: 1.1554 | accuracy: 0.7706 | mean f1-score: 0.7443 | weighted f1-score: 0.7615
Epoch 29 completed in 0m 4s
Epoch 30/149
----------
The epoch: 30 | phase: train | loss: 0.0420 | accuracy: 0.9856 | mean f1-score: 0.9856 | weighted f1-score: 0.9856
The epoch: 30 | phase: val | loss: 1.0948 | accuracy: 0.7540 | mean f1-score: 0.7544 | weighted f1-score: 0.7547
The epoch: 30 | phase: test | loss: 1.1448 | accuracy: 0.7335 | mean f1-score: 0.7107 | weighted f1-score: 0.7227
Epoch 30 completed in 0m 3s
Epoch 31/149
----------
The epoch: 31 | phase: train | loss: 0.0407 | accuracy: 0.9867 | mean f1-score: 0.9867 | weighted f1-score: 0.9867
The epoch: 31 | phase: val | loss: 1.1566 | accuracy: 0.7632 | mean f1-score: 0.7629 | weighted f1-score: 0.7634
The epoch: 31 | phase: test | loss: 1.1516 | accuracy: 0.7669 | mean f1-score: 0.7523 | weighted f1-score: 0.7630
Epoch 31 completed in 0m 4s
Epoch 32/149
----------
The epoch: 32 | phase: train | loss: 0.0364 | accuracy: 0.9879 | mean f1-score: 0.9880 | weighted f1-score: 0.9880
The epoch: 32 | phase: val | loss: 1.1356 | accuracy: 0.7694 | mean f1-score: 0.7700 | weighted f1-score: 0.7705
The epoch: 32 | phase: test | loss: 1.2091 | accuracy: 0.7485 | mean f1-score: 0.7206 | weighted f1-score: 0.7365
Epoch 32 completed in 0m 4s
Epoch 33/149
----------
The epoch: 33 | phase: train | loss: 0.0355 | accuracy: 0.9878 | mean f1-score: 0.9878 | weighted f1-score: 0.9878
The epoch: 33 | phase: val | loss: 1.1039 | accuracy: 0.7572 | mean f1-score: 0.7574 | weighted f1-score: 0.7587
The epoch: 33 | phase: test | loss: 1.0357 | accuracy: 0.7596 | mean f1-score: 0.7458 | weighted f1-score: 0.7562
Epoch 33 completed in 0m 4s
Epoch 34/149
----------
The epoch: 34 | phase: train | loss: 0.0344 | accuracy: 0.9882 | mean f1-score: 0.9881 | weighted f1-score: 0.9882
The epoch: 34 | phase: val | loss: 1.2566 | accuracy: 0.7509 | mean f1-score: 0.7520 | weighted f1-score: 0.7533
The epoch: 34 | phase: test | loss: 1.3609 | accuracy: 0.7267 | mean f1-score: 0.7015 | weighted f1-score: 0.7153
Epoch 34 completed in 0m 4s
Epoch 35/149
----------
The epoch: 35 | phase: train | loss: 0.0325 | accuracy: 0.9890 | mean f1-score: 0.9889 | weighted f1-score: 0.9890
The epoch: 35 | phase: val | loss: 1.1718 | accuracy: 0.7613 | mean f1-score: 0.7586 | weighted f1-score: 0.7605
The epoch: 35 | phase: test | loss: 1.2893 | accuracy: 0.7563 | mean f1-score: 0.7332 | weighted f1-score: 0.7485
Epoch 35 completed in 0m 4s
Epoch 36/149
----------
The epoch: 36 | phase: train | loss: 0.0286 | accuracy: 0.9903 | mean f1-score: 0.9902 | weighted f1-score: 0.9903
The epoch: 36 | phase: val | loss: 1.1475 | accuracy: 0.7789 | mean f1-score: 0.7797 | weighted f1-score: 0.7800
The epoch: 36 | phase: test | loss: 1.2139 | accuracy: 0.7526 | mean f1-score: 0.7381 | weighted f1-score: 0.7486
Epoch 36 completed in 0m 3s
Epoch 37/149
----------
The epoch: 37 | phase: train | loss: 0.0273 | accuracy: 0.9907 | mean f1-score: 0.9907 | weighted f1-score: 0.9907
The epoch: 37 | phase: val | loss: 1.1365 | accuracy: 0.7682 | mean f1-score: 0.7681 | weighted f1-score: 0.7682
The epoch: 37 | phase: test | loss: 1.2846 | accuracy: 0.7405 | mean f1-score: 0.7268 | weighted f1-score: 0.7341
Epoch 37 completed in 0m 3s
Epoch 38/149
----------
The epoch: 38 | phase: train | loss: 0.0273 | accuracy: 0.9908 | mean f1-score: 0.9908 | weighted f1-score: 0.9908
The epoch: 38 | phase: val | loss: 1.2155 | accuracy: 0.7660 | mean f1-score: 0.7616 | weighted f1-score: 0.7625
The epoch: 38 | phase: test | loss: 1.4311 | accuracy: 0.7494 | mean f1-score: 0.7126 | weighted f1-score: 0.7321
Epoch 38 completed in 0m 3s
Epoch 39/149
----------
The epoch: 39 | phase: train | loss: 0.0282 | accuracy: 0.9900 | mean f1-score: 0.9900 | weighted f1-score: 0.9900
The epoch: 39 | phase: val | loss: 1.1764 | accuracy: 0.7759 | mean f1-score: 0.7738 | weighted f1-score: 0.7734
The epoch: 39 | phase: test | loss: 1.5881 | accuracy: 0.7086 | mean f1-score: 0.6912 | weighted f1-score: 0.7007
Epoch 39 completed in 0m 3s
Epoch 40/149
----------
The epoch: 40 | phase: train | loss: 0.0301 | accuracy: 0.9892 | mean f1-score: 0.9892 | weighted f1-score: 0.9892
The epoch: 40 | phase: val | loss: 1.2096 | accuracy: 0.7501 | mean f1-score: 0.7481 | weighted f1-score: 0.7492
The epoch: 40 | phase: test | loss: 1.5402 | accuracy: 0.7237 | mean f1-score: 0.7071 | weighted f1-score: 0.7172
Epoch 40 completed in 0m 3s
Epoch 41/149
----------
The epoch: 41 | phase: train | loss: 0.0279 | accuracy: 0.9908 | mean f1-score: 0.9908 | weighted f1-score: 0.9908
The epoch: 41 | phase: val | loss: 1.2031 | accuracy: 0.7616 | mean f1-score: 0.7615 | weighted f1-score: 0.7617
The epoch: 41 | phase: test | loss: 1.3409 | accuracy: 0.7471 | mean f1-score: 0.7328 | weighted f1-score: 0.7437
Epoch 41 completed in 0m 3s
Epoch 42/149
----------
The epoch: 42 | phase: train | loss: 0.0249 | accuracy: 0.9916 | mean f1-score: 0.9916 | weighted f1-score: 0.9916
The epoch: 42 | phase: val | loss: 1.1774 | accuracy: 0.7641 | mean f1-score: 0.7651 | weighted f1-score: 0.7659
The epoch: 42 | phase: test | loss: 1.1072 | accuracy: 0.7583 | mean f1-score: 0.7464 | weighted f1-score: 0.7550
Epoch 42 completed in 0m 3s
Epoch 43/149
----------
The epoch: 43 | phase: train | loss: 0.0228 | accuracy: 0.9921 | mean f1-score: 0.9921 | weighted f1-score: 0.9921
The epoch: 43 | phase: val | loss: 1.7397 | accuracy: 0.6727 | mean f1-score: 0.6660 | weighted f1-score: 0.6683
The epoch: 43 | phase: test | loss: 1.6946 | accuracy: 0.7169 | mean f1-score: 0.6992 | weighted f1-score: 0.7070
Epoch 43 completed in 0m 2s
Epoch 44/149
----------
The epoch: 44 | phase: train | loss: 0.0240 | accuracy: 0.9917 | mean f1-score: 0.9917 | weighted f1-score: 0.9917
The epoch: 44 | phase: val | loss: 1.5266 | accuracy: 0.7193 | mean f1-score: 0.7141 | weighted f1-score: 0.7155
The epoch: 44 | phase: test | loss: 1.1615 | accuracy: 0.7595 | mean f1-score: 0.7442 | weighted f1-score: 0.7527
Epoch 44 completed in 0m 3s
Epoch 45/149
----------
The epoch: 45 | phase: train | loss: 0.0252 | accuracy: 0.9913 | mean f1-score: 0.9913 | weighted f1-score: 0.9913
The epoch: 45 | phase: val | loss: 1.5062 | accuracy: 0.7207 | mean f1-score: 0.7163 | weighted f1-score: 0.7193
The epoch: 45 | phase: test | loss: 1.3200 | accuracy: 0.7607 | mean f1-score: 0.7459 | weighted f1-score: 0.7565
Epoch 45 completed in 0m 3s
Epoch 46/149
----------
The epoch: 46 | phase: train | loss: 0.0231 | accuracy: 0.9917 | mean f1-score: 0.9917 | weighted f1-score: 0.9917
The epoch: 46 | phase: val | loss: 1.4046 | accuracy: 0.7361 | mean f1-score: 0.7314 | weighted f1-score: 0.7342
The epoch: 46 | phase: test | loss: 1.2781 | accuracy: 0.7577 | mean f1-score: 0.7193 | weighted f1-score: 0.7389
Epoch 46 completed in 0m 3s
Epoch 47/149
----------
The epoch: 47 | phase: train | loss: 0.0248 | accuracy: 0.9917 | mean f1-score: 0.9916 | weighted f1-score: 0.9917
The epoch: 47 | phase: val | loss: 1.1683 | accuracy: 0.7702 | mean f1-score: 0.7687 | weighted f1-score: 0.7688
The epoch: 47 | phase: test | loss: 1.3885 | accuracy: 0.7243 | mean f1-score: 0.7081 | weighted f1-score: 0.7165
Epoch 47 completed in 0m 3s
Epoch 48/149
----------
The epoch: 48 | phase: train | loss: 0.0207 | accuracy: 0.9933 | mean f1-score: 0.9933 | weighted f1-score: 0.9933
The epoch: 48 | phase: val | loss: 1.4510 | accuracy: 0.7339 | mean f1-score: 0.7349 | weighted f1-score: 0.7354
The epoch: 48 | phase: test | loss: 1.4351 | accuracy: 0.7400 | mean f1-score: 0.7261 | weighted f1-score: 0.7352
Epoch 48 completed in 0m 3s
Epoch 49/149
----------
The epoch: 49 | phase: train | loss: 0.0198 | accuracy: 0.9934 | mean f1-score: 0.9933 | weighted f1-score: 0.9934
The epoch: 49 | phase: val | loss: 1.6004 | accuracy: 0.7107 | mean f1-score: 0.7111 | weighted f1-score: 0.7111
The epoch: 49 | phase: test | loss: 1.5186 | accuracy: 0.7448 | mean f1-score: 0.7280 | weighted f1-score: 0.7384
Epoch 49 completed in 0m 3s
Epoch 50/149
----------
The epoch: 50 | phase: train | loss: 0.0164 | accuracy: 0.9940 | mean f1-score: 0.9939 | weighted f1-score: 0.9940
The epoch: 50 | phase: val | loss: 1.2416 | accuracy: 0.7610 | mean f1-score: 0.7612 | weighted f1-score: 0.7612
The epoch: 50 | phase: test | loss: 1.3788 | accuracy: 0.7507 | mean f1-score: 0.7326 | weighted f1-score: 0.7433
Epoch 50 completed in 0m 3s
Epoch 51/149
----------
The epoch: 51 | phase: train | loss: 0.0174 | accuracy: 0.9942 | mean f1-score: 0.9942 | weighted f1-score: 0.9942
The epoch: 51 | phase: val | loss: 1.4048 | accuracy: 0.7361 | mean f1-score: 0.7335 | weighted f1-score: 0.7356
The epoch: 51 | phase: test | loss: 1.6444 | accuracy: 0.7286 | mean f1-score: 0.7129 | weighted f1-score: 0.7212
Epoch 51 completed in 0m 4s
Epoch 52/149
----------
The epoch: 52 | phase: train | loss: 0.0164 | accuracy: 0.9947 | mean f1-score: 0.9946 | weighted f1-score: 0.9947
The epoch: 52 | phase: val | loss: 1.4757 | accuracy: 0.7162 | mean f1-score: 0.7136 | weighted f1-score: 0.7145
The epoch: 52 | phase: test | loss: 1.2774 | accuracy: 0.7621 | mean f1-score: 0.7450 | weighted f1-score: 0.7563
Epoch 52 completed in 0m 3s
Epoch 53/149
----------
The epoch: 53 | phase: train | loss: 0.0165 | accuracy: 0.9943 | mean f1-score: 0.9943 | weighted f1-score: 0.9943
The epoch: 53 | phase: val | loss: 1.3739 | accuracy: 0.7426 | mean f1-score: 0.7401 | weighted f1-score: 0.7411
The epoch: 53 | phase: test | loss: 1.3547 | accuracy: 0.7353 | mean f1-score: 0.7112 | weighted f1-score: 0.7234
Epoch 53 completed in 0m 3s
Epoch 54/149
----------
The epoch: 54 | phase: train | loss: 0.0158 | accuracy: 0.9945 | mean f1-score: 0.9944 | weighted f1-score: 0.9945
The epoch: 54 | phase: val | loss: 1.3649 | accuracy: 0.7405 | mean f1-score: 0.7358 | weighted f1-score: 0.7380
The epoch: 54 | phase: test | loss: 1.1401 | accuracy: 0.7518 | mean f1-score: 0.7362 | weighted f1-score: 0.7461
Epoch 54 completed in 0m 3s
Epoch 55/149
----------
The epoch: 55 | phase: train | loss: 0.0140 | accuracy: 0.9957 | mean f1-score: 0.9957 | weighted f1-score: 0.9957
The epoch: 55 | phase: val | loss: 1.6056 | accuracy: 0.7016 | mean f1-score: 0.6942 | weighted f1-score: 0.6970
The epoch: 55 | phase: test | loss: 1.6714 | accuracy: 0.7535 | mean f1-score: 0.7356 | weighted f1-score: 0.7465
Epoch 55 completed in 0m 3s
Epoch 56/149
----------
The epoch: 56 | phase: train | loss: 0.0144 | accuracy: 0.9951 | mean f1-score: 0.9951 | weighted f1-score: 0.9951
The epoch: 56 | phase: val | loss: 1.3569 | accuracy: 0.7691 | mean f1-score: 0.7699 | weighted f1-score: 0.7694
The epoch: 56 | phase: test | loss: 1.2209 | accuracy: 0.7766 | mean f1-score: 0.7620 | weighted f1-score: 0.7738
Epoch 56 completed in 0m 2s
Epoch 57/149
----------
The epoch: 57 | phase: train | loss: 0.0146 | accuracy: 0.9951 | mean f1-score: 0.9950 | weighted f1-score: 0.9951
The epoch: 57 | phase: val | loss: 1.4041 | accuracy: 0.7544 | mean f1-score: 0.7527 | weighted f1-score: 0.7541
The epoch: 57 | phase: test | loss: 1.5357 | accuracy: 0.7502 | mean f1-score: 0.7356 | weighted f1-score: 0.7455
Epoch 57 completed in 0m 2s
Epoch 58/149
----------
The epoch: 58 | phase: train | loss: 0.0149 | accuracy: 0.9952 | mean f1-score: 0.9953 | weighted f1-score: 0.9952
The epoch: 58 | phase: val | loss: 1.4161 | accuracy: 0.7294 | mean f1-score: 0.7267 | weighted f1-score: 0.7292
The epoch: 58 | phase: test | loss: 1.3572 | accuracy: 0.7497 | mean f1-score: 0.7336 | weighted f1-score: 0.7439
Epoch 58 completed in 0m 2s
Epoch 59/149
----------
The epoch: 59 | phase: train | loss: 0.0128 | accuracy: 0.9959 | mean f1-score: 0.9959 | weighted f1-score: 0.9959
The epoch: 59 | phase: val | loss: 1.4177 | accuracy: 0.7435 | mean f1-score: 0.7449 | weighted f1-score: 0.7445
The epoch: 59 | phase: test | loss: 1.4187 | accuracy: 0.7447 | mean f1-score: 0.7289 | weighted f1-score: 0.7394
Epoch 59 completed in 0m 3s
Epoch 60/149
----------
The epoch: 60 | phase: train | loss: 0.0125 | accuracy: 0.9964 | mean f1-score: 0.9964 | weighted f1-score: 0.9964
The epoch: 60 | phase: val | loss: 1.6957 | accuracy: 0.7259 | mean f1-score: 0.7254 | weighted f1-score: 0.7275
The epoch: 60 | phase: test | loss: 1.3974 | accuracy: 0.7625 | mean f1-score: 0.7550 | weighted f1-score: 0.7631
Epoch 60 completed in 0m 3s
Epoch 61/149
----------
The epoch: 61 | phase: train | loss: 0.0149 | accuracy: 0.9952 | mean f1-score: 0.9952 | weighted f1-score: 0.9952
The epoch: 61 | phase: val | loss: 1.7556 | accuracy: 0.7237 | mean f1-score: 0.7242 | weighted f1-score: 0.7261
The epoch: 61 | phase: test | loss: 1.6119 | accuracy: 0.7379 | mean f1-score: 0.7167 | weighted f1-score: 0.7267
Epoch 61 completed in 0m 4s
Epoch 62/149
----------
The epoch: 62 | phase: train | loss: 0.0136 | accuracy: 0.9956 | mean f1-score: 0.9955 | weighted f1-score: 0.9956
The epoch: 62 | phase: val | loss: 1.4857 | accuracy: 0.7313 | mean f1-score: 0.7282 | weighted f1-score: 0.7297
The epoch: 62 | phase: test | loss: 1.3644 | accuracy: 0.7607 | mean f1-score: 0.7493 | weighted f1-score: 0.7572
Epoch 62 completed in 0m 4s
Epoch 63/149
----------
The epoch: 63 | phase: train | loss: 0.0096 | accuracy: 0.9971 | mean f1-score: 0.9971 | weighted f1-score: 0.9971
The epoch: 63 | phase: val | loss: 1.7963 | accuracy: 0.7192 | mean f1-score: 0.7206 | weighted f1-score: 0.7209
The epoch: 63 | phase: test | loss: 1.4781 | accuracy: 0.7761 | mean f1-score: 0.7640 | weighted f1-score: 0.7747
Epoch 63 completed in 0m 5s
Epoch 64/149
----------
The epoch: 64 | phase: train | loss: 0.0101 | accuracy: 0.9967 | mean f1-score: 0.9967 | weighted f1-score: 0.9967
The epoch: 64 | phase: val | loss: 1.5232 | accuracy: 0.7355 | mean f1-score: 0.7348 | weighted f1-score: 0.7362
The epoch: 64 | phase: test | loss: 1.7076 | accuracy: 0.7344 | mean f1-score: 0.7163 | weighted f1-score: 0.7267
Epoch 64 completed in 0m 4s
Epoch 65/149
----------
The epoch: 65 | phase: train | loss: 0.0161 | accuracy: 0.9946 | mean f1-score: 0.9946 | weighted f1-score: 0.9946
The epoch: 65 | phase: val | loss: 1.5581 | accuracy: 0.7121 | mean f1-score: 0.7080 | weighted f1-score: 0.7109
The epoch: 65 | phase: test | loss: 1.6226 | accuracy: 0.7276 | mean f1-score: 0.7107 | weighted f1-score: 0.7210
Epoch 65 completed in 0m 4s
Epoch 66/149
----------
The epoch: 66 | phase: train | loss: 0.0119 | accuracy: 0.9962 | mean f1-score: 0.9962 | weighted f1-score: 0.9962
The epoch: 66 | phase: val | loss: 1.6478 | accuracy: 0.7192 | mean f1-score: 0.7175 | weighted f1-score: 0.7191
The epoch: 66 | phase: test | loss: 1.3892 | accuracy: 0.7525 | mean f1-score: 0.7345 | weighted f1-score: 0.7461
Epoch 66 completed in 0m 4s
Epoch 67/149
----------
The epoch: 67 | phase: train | loss: 0.0106 | accuracy: 0.9966 | mean f1-score: 0.9966 | weighted f1-score: 0.9966
The epoch: 67 | phase: val | loss: 1.5050 | accuracy: 0.7412 | mean f1-score: 0.7405 | weighted f1-score: 0.7414
The epoch: 67 | phase: test | loss: 1.7159 | accuracy: 0.7358 | mean f1-score: 0.7156 | weighted f1-score: 0.7273
Epoch 67 completed in 0m 4s
Epoch 68/149
----------
The epoch: 68 | phase: train | loss: 0.0131 | accuracy: 0.9955 | mean f1-score: 0.9955 | weighted f1-score: 0.9955
The epoch: 68 | phase: val | loss: 1.5898 | accuracy: 0.7376 | mean f1-score: 0.7376 | weighted f1-score: 0.7383
The epoch: 68 | phase: test | loss: 1.6300 | accuracy: 0.7509 | mean f1-score: 0.7369 | weighted f1-score: 0.7482
Epoch 68 completed in 0m 5s
Epoch 69/149
----------
The epoch: 69 | phase: train | loss: 0.0103 | accuracy: 0.9967 | mean f1-score: 0.9966 | weighted f1-score: 0.9967
The epoch: 69 | phase: val | loss: 1.5242 | accuracy: 0.7358 | mean f1-score: 0.7346 | weighted f1-score: 0.7357
The epoch: 69 | phase: test | loss: 1.6006 | accuracy: 0.7413 | mean f1-score: 0.7326 | weighted f1-score: 0.7407
Epoch 69 completed in 0m 4s
Epoch 70/149
----------
The epoch: 70 | phase: train | loss: 0.0120 | accuracy: 0.9962 | mean f1-score: 0.9962 | weighted f1-score: 0.9962
The epoch: 70 | phase: val | loss: 1.7251 | accuracy: 0.7229 | mean f1-score: 0.7163 | weighted f1-score: 0.7175
The epoch: 70 | phase: test | loss: 1.7149 | accuracy: 0.7571 | mean f1-score: 0.7226 | weighted f1-score: 0.7420
Epoch 70 completed in 0m 4s
Epoch 71/149
----------
The epoch: 71 | phase: train | loss: 0.0104 | accuracy: 0.9964 | mean f1-score: 0.9964 | weighted f1-score: 0.9964
The epoch: 71 | phase: val | loss: 1.4802 | accuracy: 0.7465 | mean f1-score: 0.7442 | weighted f1-score: 0.7456
The epoch: 71 | phase: test | loss: 1.4869 | accuracy: 0.7530 | mean f1-score: 0.7331 | weighted f1-score: 0.7452
Epoch 71 completed in 0m 4s
Epoch 72/149
----------
The epoch: 72 | phase: train | loss: 0.0130 | accuracy: 0.9958 | mean f1-score: 0.9958 | weighted f1-score: 0.9958
The epoch: 72 | phase: val | loss: 1.5517 | accuracy: 0.7479 | mean f1-score: 0.7472 | weighted f1-score: 0.7467
The epoch: 72 | phase: test | loss: 1.3868 | accuracy: 0.7788 | mean f1-score: 0.7693 | weighted f1-score: 0.7783
Epoch 72 completed in 0m 4s
Epoch 73/149
----------
The epoch: 73 | phase: train | loss: 0.0114 | accuracy: 0.9961 | mean f1-score: 0.9961 | weighted f1-score: 0.9961
The epoch: 73 | phase: val | loss: 1.4908 | accuracy: 0.7633 | mean f1-score: 0.7641 | weighted f1-score: 0.7633
The epoch: 73 | phase: test | loss: 1.3739 | accuracy: 0.7785 | mean f1-score: 0.7580 | weighted f1-score: 0.7719
Epoch 73 completed in 0m 5s
Epoch 74/149
----------
The epoch: 74 | phase: train | loss: 0.0127 | accuracy: 0.9960 | mean f1-score: 0.9959 | weighted f1-score: 0.9960
The epoch: 74 | phase: val | loss: 1.6369 | accuracy: 0.7390 | mean f1-score: 0.7395 | weighted f1-score: 0.7382
The epoch: 74 | phase: test | loss: 1.4093 | accuracy: 0.7545 | mean f1-score: 0.7350 | weighted f1-score: 0.7471
Epoch 74 completed in 0m 3s
Epoch 75/149
----------
The epoch: 75 | phase: train | loss: 0.0102 | accuracy: 0.9966 | mean f1-score: 0.9966 | weighted f1-score: 0.9966
The epoch: 75 | phase: val | loss: 1.5195 | accuracy: 0.7424 | mean f1-score: 0.7419 | weighted f1-score: 0.7432
The epoch: 75 | phase: test | loss: 1.4382 | accuracy: 0.7483 | mean f1-score: 0.7287 | weighted f1-score: 0.7381
Epoch 75 completed in 0m 4s
Epoch 76/149
----------
The epoch: 76 | phase: train | loss: 0.0092 | accuracy: 0.9970 | mean f1-score: 0.9970 | weighted f1-score: 0.9970
The epoch: 76 | phase: val | loss: 1.5944 | accuracy: 0.7476 | mean f1-score: 0.7503 | weighted f1-score: 0.7504
The epoch: 76 | phase: test | loss: 1.4764 | accuracy: 0.7656 | mean f1-score: 0.7519 | weighted f1-score: 0.7631
Epoch 76 completed in 0m 4s
Epoch 77/149
----------
The epoch: 77 | phase: train | loss: 0.0106 | accuracy: 0.9965 | mean f1-score: 0.9965 | weighted f1-score: 0.9965
The epoch: 77 | phase: val | loss: 1.7866 | accuracy: 0.7157 | mean f1-score: 0.7144 | weighted f1-score: 0.7158
The epoch: 77 | phase: test | loss: 1.5729 | accuracy: 0.7502 | mean f1-score: 0.7275 | weighted f1-score: 0.7414
Epoch 77 completed in 0m 4s
Epoch 78/149
----------
The epoch: 78 | phase: train | loss: 0.0117 | accuracy: 0.9960 | mean f1-score: 0.9960 | weighted f1-score: 0.9960
The epoch: 78 | phase: val | loss: 1.6200 | accuracy: 0.7255 | mean f1-score: 0.7253 | weighted f1-score: 0.7265
The epoch: 78 | phase: test | loss: 1.4808 | accuracy: 0.7510 | mean f1-score: 0.7359 | weighted f1-score: 0.7441
Epoch 78 completed in 0m 4s
Epoch 79/149
----------
The epoch: 79 | phase: train | loss: 0.0065 | accuracy: 0.9978 | mean f1-score: 0.9978 | weighted f1-score: 0.9978
The epoch: 79 | phase: val | loss: 1.6563 | accuracy: 0.7325 | mean f1-score: 0.7338 | weighted f1-score: 0.7343
The epoch: 79 | phase: test | loss: 1.5808 | accuracy: 0.7587 | mean f1-score: 0.7472 | weighted f1-score: 0.7563
Epoch 79 completed in 0m 3s
Epoch 80/149
----------
The epoch: 80 | phase: train | loss: 0.0079 | accuracy: 0.9972 | mean f1-score: 0.9971 | weighted f1-score: 0.9972
The epoch: 80 | phase: val | loss: 1.7128 | accuracy: 0.7240 | mean f1-score: 0.7229 | weighted f1-score: 0.7237
The epoch: 80 | phase: test | loss: 1.6076 | accuracy: 0.7557 | mean f1-score: 0.7397 | weighted f1-score: 0.7495
Epoch 80 completed in 0m 3s
Epoch 81/149
----------
The epoch: 81 | phase: train | loss: 0.0065 | accuracy: 0.9977 | mean f1-score: 0.9976 | weighted f1-score: 0.9977
The epoch: 81 | phase: val | loss: 1.6971 | accuracy: 0.7369 | mean f1-score: 0.7365 | weighted f1-score: 0.7391
The epoch: 81 | phase: test | loss: 1.3513 | accuracy: 0.7690 | mean f1-score: 0.7517 | weighted f1-score: 0.7626
Epoch 81 completed in 0m 4s
Epoch 82/149
----------
The epoch: 82 | phase: train | loss: 0.0068 | accuracy: 0.9980 | mean f1-score: 0.9980 | weighted f1-score: 0.9980
The epoch: 82 | phase: val | loss: 1.6933 | accuracy: 0.7324 | mean f1-score: 0.7303 | weighted f1-score: 0.7322
The epoch: 82 | phase: test | loss: 1.7434 | accuracy: 0.7542 | mean f1-score: 0.7415 | weighted f1-score: 0.7502
Epoch 82 completed in 0m 4s
Epoch 83/149
----------
The epoch: 83 | phase: train | loss: 0.0074 | accuracy: 0.9975 | mean f1-score: 0.9975 | weighted f1-score: 0.9975
The epoch: 83 | phase: val | loss: 1.6536 | accuracy: 0.7481 | mean f1-score: 0.7488 | weighted f1-score: 0.7494
The epoch: 83 | phase: test | loss: 1.3846 | accuracy: 0.7726 | mean f1-score: 0.7559 | weighted f1-score: 0.7678
Epoch 83 completed in 0m 4s
Epoch 84/149
----------
The epoch: 84 | phase: train | loss: 0.0080 | accuracy: 0.9975 | mean f1-score: 0.9975 | weighted f1-score: 0.9975
The epoch: 84 | phase: val | loss: 1.6121 | accuracy: 0.7537 | mean f1-score: 0.7559 | weighted f1-score: 0.7559
The epoch: 84 | phase: test | loss: 1.3203 | accuracy: 0.7674 | mean f1-score: 0.7538 | weighted f1-score: 0.7636
Epoch 84 completed in 0m 4s
Epoch 85/149
----------
The epoch: 85 | phase: train | loss: 0.0085 | accuracy: 0.9972 | mean f1-score: 0.9971 | weighted f1-score: 0.9972
The epoch: 85 | phase: val | loss: 1.7095 | accuracy: 0.7478 | mean f1-score: 0.7474 | weighted f1-score: 0.7487
The epoch: 85 | phase: test | loss: 1.4207 | accuracy: 0.7774 | mean f1-score: 0.7643 | weighted f1-score: 0.7740
Epoch 85 completed in 0m 4s
Epoch 86/149
----------
The epoch: 86 | phase: train | loss: 0.0066 | accuracy: 0.9975 | mean f1-score: 0.9975 | weighted f1-score: 0.9975
The epoch: 86 | phase: val | loss: 1.6766 | accuracy: 0.7242 | mean f1-score: 0.7242 | weighted f1-score: 0.7248
The epoch: 86 | phase: test | loss: 1.6779 | accuracy: 0.7388 | mean f1-score: 0.7266 | weighted f1-score: 0.7344
Epoch 86 completed in 0m 4s
Epoch 87/149
----------
The epoch: 87 | phase: train | loss: 0.0085 | accuracy: 0.9971 | mean f1-score: 0.9971 | weighted f1-score: 0.9971
The epoch: 87 | phase: val | loss: 1.5353 | accuracy: 0.7562 | mean f1-score: 0.7571 | weighted f1-score: 0.7575
The epoch: 87 | phase: test | loss: 1.7205 | accuracy: 0.7600 | mean f1-score: 0.7362 | weighted f1-score: 0.7521
Epoch 87 completed in 0m 4s
Epoch 88/149
----------
The epoch: 88 | phase: train | loss: 0.0069 | accuracy: 0.9974 | mean f1-score: 0.9974 | weighted f1-score: 0.9974
The epoch: 88 | phase: val | loss: 1.7515 | accuracy: 0.7173 | mean f1-score: 0.7143 | weighted f1-score: 0.7161
The epoch: 88 | phase: test | loss: 1.5756 | accuracy: 0.7498 | mean f1-score: 0.7301 | weighted f1-score: 0.7417
Epoch 88 completed in 0m 4s
Epoch 89/149
----------
The epoch: 89 | phase: train | loss: 0.0061 | accuracy: 0.9979 | mean f1-score: 0.9979 | weighted f1-score: 0.9979
The epoch: 89 | phase: val | loss: 1.7542 | accuracy: 0.7248 | mean f1-score: 0.7230 | weighted f1-score: 0.7236
The epoch: 89 | phase: test | loss: 1.7948 | accuracy: 0.7393 | mean f1-score: 0.7190 | weighted f1-score: 0.7308
Epoch 89 completed in 0m 4s
Epoch 90/149
----------
The epoch: 90 | phase: train | loss: 0.0070 | accuracy: 0.9977 | mean f1-score: 0.9976 | weighted f1-score: 0.9977
The epoch: 90 | phase: val | loss: 1.7149 | accuracy: 0.7396 | mean f1-score: 0.7371 | weighted f1-score: 0.7383
The epoch: 90 | phase: test | loss: 1.8467 | accuracy: 0.7341 | mean f1-score: 0.7106 | weighted f1-score: 0.7236
Epoch 90 completed in 0m 4s
Epoch 91/149
----------
The epoch: 91 | phase: train | loss: 0.0090 | accuracy: 0.9971 | mean f1-score: 0.9971 | weighted f1-score: 0.9971
The epoch: 91 | phase: val | loss: 1.7861 | accuracy: 0.7153 | mean f1-score: 0.7121 | weighted f1-score: 0.7137
The epoch: 91 | phase: test | loss: 1.5967 | accuracy: 0.7325 | mean f1-score: 0.7075 | weighted f1-score: 0.7207
Epoch 91 completed in 0m 4s
Epoch 92/149
----------
The epoch: 92 | phase: train | loss: 0.0070 | accuracy: 0.9976 | mean f1-score: 0.9976 | weighted f1-score: 0.9976
The epoch: 92 | phase: val | loss: 1.6174 | accuracy: 0.7518 | mean f1-score: 0.7525 | weighted f1-score: 0.7525
The epoch: 92 | phase: test | loss: 1.6970 | accuracy: 0.7633 | mean f1-score: 0.7400 | weighted f1-score: 0.7550
Epoch 92 completed in 0m 4s
Epoch 93/149
----------
The epoch: 93 | phase: train | loss: 0.0075 | accuracy: 0.9974 | mean f1-score: 0.9974 | weighted f1-score: 0.9974
The epoch: 93 | phase: val | loss: 1.7091 | accuracy: 0.7368 | mean f1-score: 0.7367 | weighted f1-score: 0.7377
The epoch: 93 | phase: test | loss: 1.8452 | accuracy: 0.7416 | mean f1-score: 0.7187 | weighted f1-score: 0.7319
Epoch 93 completed in 0m 3s
Epoch 94/149
----------
The epoch: 94 | phase: train | loss: 0.0062 | accuracy: 0.9979 | mean f1-score: 0.9978 | weighted f1-score: 0.9979
The epoch: 94 | phase: val | loss: 1.7892 | accuracy: 0.7244 | mean f1-score: 0.7223 | weighted f1-score: 0.7239
The epoch: 94 | phase: test | loss: 1.6657 | accuracy: 0.7588 | mean f1-score: 0.7460 | weighted f1-score: 0.7550
Epoch 94 completed in 0m 4s
Epoch 95/149
----------
The epoch: 95 | phase: train | loss: 0.0053 | accuracy: 0.9981 | mean f1-score: 0.9981 | weighted f1-score: 0.9981
The epoch: 95 | phase: val | loss: 1.6342 | accuracy: 0.7584 | mean f1-score: 0.7583 | weighted f1-score: 0.7588
The epoch: 95 | phase: test | loss: 1.7895 | accuracy: 0.7480 | mean f1-score: 0.7277 | weighted f1-score: 0.7408
Epoch 95 completed in 0m 3s
Epoch 96/149
----------
The epoch: 96 | phase: train | loss: 0.0048 | accuracy: 0.9986 | mean f1-score: 0.9985 | weighted f1-score: 0.9986
The epoch: 96 | phase: val | loss: 1.6335 | accuracy: 0.7555 | mean f1-score: 0.7575 | weighted f1-score: 0.7579
The epoch: 96 | phase: test | loss: 1.6672 | accuracy: 0.7415 | mean f1-score: 0.7265 | weighted f1-score: 0.7345
Epoch 96 completed in 0m 4s
Epoch 97/149
----------
The epoch: 97 | phase: train | loss: 0.0071 | accuracy: 0.9977 | mean f1-score: 0.9977 | weighted f1-score: 0.9977
The epoch: 97 | phase: val | loss: 1.6468 | accuracy: 0.7335 | mean f1-score: 0.7304 | weighted f1-score: 0.7307
The epoch: 97 | phase: test | loss: 1.7621 | accuracy: 0.7610 | mean f1-score: 0.7364 | weighted f1-score: 0.7507
Epoch 97 completed in 0m 4s
Epoch 98/149
----------
The epoch: 98 | phase: train | loss: 0.0079 | accuracy: 0.9972 | mean f1-score: 0.9972 | weighted f1-score: 0.9972
The epoch: 98 | phase: val | loss: 1.6296 | accuracy: 0.7492 | mean f1-score: 0.7496 | weighted f1-score: 0.7501
The epoch: 98 | phase: test | loss: 1.4606 | accuracy: 0.7648 | mean f1-score: 0.7485 | weighted f1-score: 0.7597
Epoch 98 completed in 0m 3s
Epoch 99/149
----------
The epoch: 99 | phase: train | loss: 0.0055 | accuracy: 0.9984 | mean f1-score: 0.9984 | weighted f1-score: 0.9984
The epoch: 99 | phase: val | loss: 1.6530 | accuracy: 0.7426 | mean f1-score: 0.7429 | weighted f1-score: 0.7429
The epoch: 99 | phase: test | loss: 1.5759 | accuracy: 0.7550 | mean f1-score: 0.7396 | weighted f1-score: 0.7504
Epoch 99 completed in 0m 4s
Epoch 100/149
----------
The epoch: 100 | phase: train | loss: 0.0057 | accuracy: 0.9981 | mean f1-score: 0.9981 | weighted f1-score: 0.9981
The epoch: 100 | phase: val | loss: 1.6851 | accuracy: 0.7344 | mean f1-score: 0.7335 | weighted f1-score: 0.7343
The epoch: 100 | phase: test | loss: 1.6727 | accuracy: 0.7476 | mean f1-score: 0.7323 | weighted f1-score: 0.7409
Epoch 100 completed in 0m 4s
Epoch 101/149
----------
The epoch: 101 | phase: train | loss: 0.0046 | accuracy: 0.9983 | mean f1-score: 0.9983 | weighted f1-score: 0.9983
The epoch: 101 | phase: val | loss: 1.7075 | accuracy: 0.7413 | mean f1-score: 0.7393 | weighted f1-score: 0.7404
The epoch: 101 | phase: test | loss: 1.4820 | accuracy: 0.7745 | mean f1-score: 0.7610 | weighted f1-score: 0.7713
Epoch 101 completed in 0m 4s
Epoch 102/149
----------
The epoch: 102 | phase: train | loss: 0.0048 | accuracy: 0.9986 | mean f1-score: 0.9986 | weighted f1-score: 0.9986
The epoch: 102 | phase: val | loss: 1.6926 | accuracy: 0.7474 | mean f1-score: 0.7491 | weighted f1-score: 0.7487
The epoch: 102 | phase: test | loss: 1.6185 | accuracy: 0.7510 | mean f1-score: 0.7297 | weighted f1-score: 0.7427
Epoch 102 completed in 0m 4s
Epoch 103/149
----------
The epoch: 103 | phase: train | loss: 0.0046 | accuracy: 0.9983 | mean f1-score: 0.9983 | weighted f1-score: 0.9983
The epoch: 103 | phase: val | loss: 1.6642 | accuracy: 0.7388 | mean f1-score: 0.7380 | weighted f1-score: 0.7385
The epoch: 103 | phase: test | loss: 1.7636 | accuracy: 0.7598 | mean f1-score: 0.7442 | weighted f1-score: 0.7547
Epoch 103 completed in 0m 4s
Epoch 104/149
----------
The epoch: 104 | phase: train | loss: 0.0047 | accuracy: 0.9985 | mean f1-score: 0.9985 | weighted f1-score: 0.9985
The epoch: 104 | phase: val | loss: 1.5602 | accuracy: 0.7666 | mean f1-score: 0.7682 | weighted f1-score: 0.7674
The epoch: 104 | phase: test | loss: 1.7111 | accuracy: 0.7588 | mean f1-score: 0.7426 | weighted f1-score: 0.7536
Epoch 104 completed in 0m 4s
Epoch 105/149
----------
The epoch: 105 | phase: train | loss: 0.0051 | accuracy: 0.9982 | mean f1-score: 0.9982 | weighted f1-score: 0.9982
The epoch: 105 | phase: val | loss: 1.7767 | accuracy: 0.7277 | mean f1-score: 0.7259 | weighted f1-score: 0.7267
The epoch: 105 | phase: test | loss: 1.5418 | accuracy: 0.7685 | mean f1-score: 0.7463 | weighted f1-score: 0.7601
Epoch 105 completed in 0m 4s
Epoch 106/149
----------
The epoch: 106 | phase: train | loss: 0.0046 | accuracy: 0.9983 | mean f1-score: 0.9983 | weighted f1-score: 0.9983
The epoch: 106 | phase: val | loss: 1.8368 | accuracy: 0.7299 | mean f1-score: 0.7246 | weighted f1-score: 0.7263
The epoch: 106 | phase: test | loss: 1.6418 | accuracy: 0.7802 | mean f1-score: 0.7630 | weighted f1-score: 0.7755
Epoch 106 completed in 0m 4s
Epoch 107/149
----------
The epoch: 107 | phase: train | loss: 0.0049 | accuracy: 0.9984 | mean f1-score: 0.9984 | weighted f1-score: 0.9984
The epoch: 107 | phase: val | loss: 2.1046 | accuracy: 0.6959 | mean f1-score: 0.6919 | weighted f1-score: 0.6944
The epoch: 107 | phase: test | loss: 2.0377 | accuracy: 0.7335 | mean f1-score: 0.7152 | weighted f1-score: 0.7259
Epoch 107 completed in 0m 3s
Epoch 108/149
----------
The epoch: 108 | phase: train | loss: 0.0067 | accuracy: 0.9980 | mean f1-score: 0.9980 | weighted f1-score: 0.9980
The epoch: 108 | phase: val | loss: 1.6975 | accuracy: 0.7476 | mean f1-score: 0.7470 | weighted f1-score: 0.7470
The epoch: 108 | phase: test | loss: 1.5857 | accuracy: 0.7604 | mean f1-score: 0.7371 | weighted f1-score: 0.7514
Epoch 108 completed in 0m 3s
Epoch 109/149
----------
The epoch: 109 | phase: train | loss: 0.0043 | accuracy: 0.9985 | mean f1-score: 0.9985 | weighted f1-score: 0.9985
The epoch: 109 | phase: val | loss: 1.7085 | accuracy: 0.7445 | mean f1-score: 0.7427 | weighted f1-score: 0.7447
The epoch: 109 | phase: test | loss: 1.7942 | accuracy: 0.7504 | mean f1-score: 0.7245 | weighted f1-score: 0.7397
Epoch 109 completed in 0m 4s
Epoch 110/149
----------
The epoch: 110 | phase: train | loss: 0.0046 | accuracy: 0.9988 | mean f1-score: 0.9987 | weighted f1-score: 0.9988
The epoch: 110 | phase: val | loss: 1.9896 | accuracy: 0.7121 | mean f1-score: 0.7114 | weighted f1-score: 0.7126
The epoch: 110 | phase: test | loss: 1.8459 | accuracy: 0.7493 | mean f1-score: 0.7348 | weighted f1-score: 0.7445
Epoch 110 completed in 0m 3s
Epoch 111/149
----------
The epoch: 111 | phase: train | loss: 0.0044 | accuracy: 0.9986 | mean f1-score: 0.9986 | weighted f1-score: 0.9986
The epoch: 111 | phase: val | loss: 1.8232 | accuracy: 0.7441 | mean f1-score: 0.7425 | weighted f1-score: 0.7439
The epoch: 111 | phase: test | loss: 1.8224 | accuracy: 0.7455 | mean f1-score: 0.7272 | weighted f1-score: 0.7393
Epoch 111 completed in 0m 4s
Epoch 112/149
----------
The epoch: 112 | phase: train | loss: 0.0057 | accuracy: 0.9980 | mean f1-score: 0.9980 | weighted f1-score: 0.9980
The epoch: 112 | phase: val | loss: 2.0543 | accuracy: 0.7159 | mean f1-score: 0.7133 | weighted f1-score: 0.7155
The epoch: 112 | phase: test | loss: 1.9414 | accuracy: 0.7306 | mean f1-score: 0.7071 | weighted f1-score: 0.7190
Epoch 112 completed in 0m 2s
Epoch 113/149
----------
The epoch: 113 | phase: train | loss: 0.0044 | accuracy: 0.9986 | mean f1-score: 0.9986 | weighted f1-score: 0.9986
The epoch: 113 | phase: val | loss: 1.8330 | accuracy: 0.7416 | mean f1-score: 0.7422 | weighted f1-score: 0.7437
The epoch: 113 | phase: test | loss: 1.8379 | accuracy: 0.7453 | mean f1-score: 0.7223 | weighted f1-score: 0.7357
Epoch 113 completed in 0m 2s
Epoch 114/149
----------
The epoch: 114 | phase: train | loss: 0.0049 | accuracy: 0.9984 | mean f1-score: 0.9984 | weighted f1-score: 0.9984
The epoch: 114 | phase: val | loss: 1.5862 | accuracy: 0.7734 | mean f1-score: 0.7749 | weighted f1-score: 0.7738
The epoch: 114 | phase: test | loss: 1.7376 | accuracy: 0.7428 | mean f1-score: 0.7275 | weighted f1-score: 0.7361
Epoch 114 completed in 0m 3s
Epoch 115/149
----------
The epoch: 115 | phase: train | loss: 0.0061 | accuracy: 0.9981 | mean f1-score: 0.9980 | weighted f1-score: 0.9981
The epoch: 115 | phase: val | loss: 2.0551 | accuracy: 0.7135 | mean f1-score: 0.7099 | weighted f1-score: 0.7118
The epoch: 115 | phase: test | loss: 1.8064 | accuracy: 0.7485 | mean f1-score: 0.7318 | weighted f1-score: 0.7438
Epoch 115 completed in 0m 5s
Epoch 116/149
----------
The epoch: 116 | phase: train | loss: 0.0047 | accuracy: 0.9985 | mean f1-score: 0.9986 | weighted f1-score: 0.9985
The epoch: 116 | phase: val | loss: 1.8870 | accuracy: 0.7319 | mean f1-score: 0.7303 | weighted f1-score: 0.7301
The epoch: 116 | phase: test | loss: 1.7142 | accuracy: 0.7617 | mean f1-score: 0.7424 | weighted f1-score: 0.7540
Epoch 116 completed in 0m 4s
Epoch 117/149
----------
The epoch: 117 | phase: train | loss: 0.0056 | accuracy: 0.9980 | mean f1-score: 0.9980 | weighted f1-score: 0.9980
The epoch: 117 | phase: val | loss: 1.9571 | accuracy: 0.7080 | mean f1-score: 0.7047 | weighted f1-score: 0.7062
The epoch: 117 | phase: test | loss: 1.8074 | accuracy: 0.7513 | mean f1-score: 0.7333 | weighted f1-score: 0.7449
Epoch 117 completed in 0m 3s
Epoch 118/149
----------
The epoch: 118 | phase: train | loss: 0.0050 | accuracy: 0.9983 | mean f1-score: 0.9983 | weighted f1-score: 0.9983
The epoch: 118 | phase: val | loss: 2.0232 | accuracy: 0.7013 | mean f1-score: 0.6984 | weighted f1-score: 0.6996
The epoch: 118 | phase: test | loss: 1.8001 | accuracy: 0.7629 | mean f1-score: 0.7490 | weighted f1-score: 0.7587
Epoch 118 completed in 0m 4s
Epoch 119/149
----------
The epoch: 119 | phase: train | loss: 0.0035 | accuracy: 0.9989 | mean f1-score: 0.9989 | weighted f1-score: 0.9989
The epoch: 119 | phase: val | loss: 1.8949 | accuracy: 0.7283 | mean f1-score: 0.7271 | weighted f1-score: 0.7288
The epoch: 119 | phase: test | loss: 1.7666 | accuracy: 0.7607 | mean f1-score: 0.7429 | weighted f1-score: 0.7541
Epoch 119 completed in 0m 3s
Epoch 120/149
----------
The epoch: 120 | phase: train | loss: 0.0046 | accuracy: 0.9985 | mean f1-score: 0.9985 | weighted f1-score: 0.9985
The epoch: 120 | phase: val | loss: 1.6709 | accuracy: 0.7704 | mean f1-score: 0.7712 | weighted f1-score: 0.7707
The epoch: 120 | phase: test | loss: 1.6102 | accuracy: 0.7907 | mean f1-score: 0.7725 | weighted f1-score: 0.7850
Epoch 120 completed in 0m 3s
Epoch 121/149
----------
The epoch: 121 | phase: train | loss: 0.0048 | accuracy: 0.9983 | mean f1-score: 0.9984 | weighted f1-score: 0.9983
The epoch: 121 | phase: val | loss: 1.6999 | accuracy: 0.7533 | mean f1-score: 0.7527 | weighted f1-score: 0.7534
The epoch: 121 | phase: test | loss: 1.6270 | accuracy: 0.7728 | mean f1-score: 0.7527 | weighted f1-score: 0.7651
Epoch 121 completed in 0m 3s
Epoch 122/149
----------
The epoch: 122 | phase: train | loss: 0.0050 | accuracy: 0.9982 | mean f1-score: 0.9982 | weighted f1-score: 0.9982
The epoch: 122 | phase: val | loss: 1.6352 | accuracy: 0.7606 | mean f1-score: 0.7611 | weighted f1-score: 0.7617
The epoch: 122 | phase: test | loss: 1.7975 | accuracy: 0.7599 | mean f1-score: 0.7409 | weighted f1-score: 0.7529
Epoch 122 completed in 0m 4s
Epoch 123/149
----------
The epoch: 123 | phase: train | loss: 0.0045 | accuracy: 0.9984 | mean f1-score: 0.9984 | weighted f1-score: 0.9984
The epoch: 123 | phase: val | loss: 1.8117 | accuracy: 0.7432 | mean f1-score: 0.7434 | weighted f1-score: 0.7450
The epoch: 123 | phase: test | loss: 1.4237 | accuracy: 0.7690 | mean f1-score: 0.7445 | weighted f1-score: 0.7592
Epoch 123 completed in 0m 4s
Epoch 124/149
----------
The epoch: 124 | phase: train | loss: 0.0050 | accuracy: 0.9983 | mean f1-score: 0.9983 | weighted f1-score: 0.9983
The epoch: 124 | phase: val | loss: 1.6045 | accuracy: 0.7705 | mean f1-score: 0.7716 | weighted f1-score: 0.7718
The epoch: 124 | phase: test | loss: 1.6930 | accuracy: 0.7600 | mean f1-score: 0.7436 | weighted f1-score: 0.7558
Epoch 124 completed in 0m 3s
Epoch 125/149
----------
The epoch: 125 | phase: train | loss: 0.0040 | accuracy: 0.9987 | mean f1-score: 0.9987 | weighted f1-score: 0.9987
The epoch: 125 | phase: val | loss: 1.8736 | accuracy: 0.7288 | mean f1-score: 0.7273 | weighted f1-score: 0.7293
The epoch: 125 | phase: test | loss: 1.6720 | accuracy: 0.7621 | mean f1-score: 0.7462 | weighted f1-score: 0.7564
Epoch 125 completed in 0m 3s
Epoch 126/149
----------
The epoch: 126 | phase: train | loss: 0.0047 | accuracy: 0.9984 | mean f1-score: 0.9984 | weighted f1-score: 0.9984
The epoch: 126 | phase: val | loss: 1.6858 | accuracy: 0.7592 | mean f1-score: 0.7603 | weighted f1-score: 0.7593
The epoch: 126 | phase: test | loss: 1.6734 | accuracy: 0.7617 | mean f1-score: 0.7418 | weighted f1-score: 0.7545
Epoch 126 completed in 0m 3s
Epoch 127/149
----------
The epoch: 127 | phase: train | loss: 0.0030 | accuracy: 0.9992 | mean f1-score: 0.9992 | weighted f1-score: 0.9992
The epoch: 127 | phase: val | loss: 1.7630 | accuracy: 0.7454 | mean f1-score: 0.7463 | weighted f1-score: 0.7473
The epoch: 127 | phase: test | loss: 1.7059 | accuracy: 0.7607 | mean f1-score: 0.7360 | weighted f1-score: 0.7517
Epoch 127 completed in 0m 4s
Epoch 128/149
----------
The epoch: 128 | phase: train | loss: 0.0034 | accuracy: 0.9989 | mean f1-score: 0.9989 | weighted f1-score: 0.9989
The epoch: 128 | phase: val | loss: 2.0358 | accuracy: 0.7376 | mean f1-score: 0.7379 | weighted f1-score: 0.7399
The epoch: 128 | phase: test | loss: 1.4554 | accuracy: 0.7886 | mean f1-score: 0.7711 | weighted f1-score: 0.7840
Epoch 128 completed in 0m 3s
Epoch 129/149
----------
The epoch: 129 | phase: train | loss: 0.0031 | accuracy: 0.9990 | mean f1-score: 0.9990 | weighted f1-score: 0.9990
The epoch: 129 | phase: val | loss: 1.7093 | accuracy: 0.7668 | mean f1-score: 0.7673 | weighted f1-score: 0.7676
The epoch: 129 | phase: test | loss: 1.6323 | accuracy: 0.7739 | mean f1-score: 0.7523 | weighted f1-score: 0.7670
Epoch 129 completed in 0m 4s
Epoch 130/149
----------
The epoch: 130 | phase: train | loss: 0.0034 | accuracy: 0.9988 | mean f1-score: 0.9988 | weighted f1-score: 0.9988
The epoch: 130 | phase: val | loss: 1.8749 | accuracy: 0.7440 | mean f1-score: 0.7443 | weighted f1-score: 0.7447
The epoch: 130 | phase: test | loss: 1.4988 | accuracy: 0.7962 | mean f1-score: 0.7834 | weighted f1-score: 0.7938
Epoch 130 completed in 0m 4s
Epoch 131/149
----------
The epoch: 131 | phase: train | loss: 0.0035 | accuracy: 0.9989 | mean f1-score: 0.9988 | weighted f1-score: 0.9989
The epoch: 131 | phase: val | loss: 1.6931 | accuracy: 0.7635 | mean f1-score: 0.7641 | weighted f1-score: 0.7630
The epoch: 131 | phase: test | loss: 1.5165 | accuracy: 0.7610 | mean f1-score: 0.7500 | weighted f1-score: 0.7578
Epoch 131 completed in 0m 4s
Epoch 132/149
----------
The epoch: 132 | phase: train | loss: 0.0032 | accuracy: 0.9990 | mean f1-score: 0.9990 | weighted f1-score: 0.9990
The epoch: 132 | phase: val | loss: 1.7857 | accuracy: 0.7341 | mean f1-score: 0.7347 | weighted f1-score: 0.7354
The epoch: 132 | phase: test | loss: 1.7723 | accuracy: 0.7416 | mean f1-score: 0.7273 | weighted f1-score: 0.7356
Epoch 132 completed in 0m 4s
Epoch 133/149
----------
The epoch: 133 | phase: train | loss: 0.0036 | accuracy: 0.9987 | mean f1-score: 0.9987 | weighted f1-score: 0.9987
The epoch: 133 | phase: val | loss: 1.8786 | accuracy: 0.7431 | mean f1-score: 0.7437 | weighted f1-score: 0.7445
The epoch: 133 | phase: test | loss: 1.5155 | accuracy: 0.7652 | mean f1-score: 0.7467 | weighted f1-score: 0.7586
Epoch 133 completed in 0m 3s
Epoch 134/149
----------
The epoch: 134 | phase: train | loss: 0.0030 | accuracy: 0.9991 | mean f1-score: 0.9991 | weighted f1-score: 0.9991
The epoch: 134 | phase: val | loss: 2.0012 | accuracy: 0.7178 | mean f1-score: 0.7152 | weighted f1-score: 0.7175
The epoch: 134 | phase: test | loss: 1.8112 | accuracy: 0.7425 | mean f1-score: 0.7276 | weighted f1-score: 0.7366
Epoch 134 completed in 0m 4s
Epoch 135/149
----------
The epoch: 135 | phase: train | loss: 0.0051 | accuracy: 0.9987 | mean f1-score: 0.9987 | weighted f1-score: 0.9987
The epoch: 135 | phase: val | loss: 1.8292 | accuracy: 0.7413 | mean f1-score: 0.7400 | weighted f1-score: 0.7411
The epoch: 135 | phase: test | loss: 1.7299 | accuracy: 0.7546 | mean f1-score: 0.7384 | weighted f1-score: 0.7498
Epoch 135 completed in 0m 3s
Epoch 136/149
----------
The epoch: 136 | phase: train | loss: 0.0036 | accuracy: 0.9989 | mean f1-score: 0.9988 | weighted f1-score: 0.9989
The epoch: 136 | phase: val | loss: 2.1094 | accuracy: 0.6934 | mean f1-score: 0.6848 | weighted f1-score: 0.6873
The epoch: 136 | phase: test | loss: 1.7606 | accuracy: 0.7445 | mean f1-score: 0.7323 | weighted f1-score: 0.7398
Epoch 136 completed in 0m 3s
Epoch 137/149
----------
The epoch: 137 | phase: train | loss: 0.0045 | accuracy: 0.9982 | mean f1-score: 0.9982 | weighted f1-score: 0.9982
The epoch: 137 | phase: val | loss: 2.0857 | accuracy: 0.7061 | mean f1-score: 0.7054 | weighted f1-score: 0.7069
The epoch: 137 | phase: test | loss: 1.8021 | accuracy: 0.7460 | mean f1-score: 0.7340 | weighted f1-score: 0.7423
Epoch 137 completed in 0m 4s
Epoch 138/149
----------
The epoch: 138 | phase: train | loss: 0.0024 | accuracy: 0.9990 | mean f1-score: 0.9990 | weighted f1-score: 0.9990
The epoch: 138 | phase: val | loss: 1.9336 | accuracy: 0.7283 | mean f1-score: 0.7292 | weighted f1-score: 0.7301
The epoch: 138 | phase: test | loss: 1.6620 | accuracy: 0.7548 | mean f1-score: 0.7438 | weighted f1-score: 0.7510
Epoch 138 completed in 0m 3s
Epoch 139/149
----------
The epoch: 139 | phase: train | loss: 0.0030 | accuracy: 0.9990 | mean f1-score: 0.9990 | weighted f1-score: 0.9990
The epoch: 139 | phase: val | loss: 1.9157 | accuracy: 0.7343 | mean f1-score: 0.7327 | weighted f1-score: 0.7338
The epoch: 139 | phase: test | loss: 1.6387 | accuracy: 0.7558 | mean f1-score: 0.7393 | weighted f1-score: 0.7506
Epoch 139 completed in 0m 4s
Epoch 140/149
----------
The epoch: 140 | phase: train | loss: 0.0036 | accuracy: 0.9987 | mean f1-score: 0.9987 | weighted f1-score: 0.9987
The epoch: 140 | phase: val | loss: 2.0209 | accuracy: 0.7255 | mean f1-score: 0.7170 | weighted f1-score: 0.7186
The epoch: 140 | phase: test | loss: 2.0499 | accuracy: 0.7369 | mean f1-score: 0.7229 | weighted f1-score: 0.7318
Epoch 140 completed in 0m 3s
Epoch 141/149
----------
The epoch: 141 | phase: train | loss: 0.0030 | accuracy: 0.9990 | mean f1-score: 0.9990 | weighted f1-score: 0.9990
The epoch: 141 | phase: val | loss: 2.2668 | accuracy: 0.6744 | mean f1-score: 0.6661 | weighted f1-score: 0.6691
The epoch: 141 | phase: test | loss: 1.8562 | accuracy: 0.7524 | mean f1-score: 0.7343 | weighted f1-score: 0.7455
Epoch 141 completed in 0m 3s
Epoch 142/149
----------
The epoch: 142 | phase: train | loss: 0.0034 | accuracy: 0.9988 | mean f1-score: 0.9988 | weighted f1-score: 0.9988
The epoch: 142 | phase: val | loss: 1.8085 | accuracy: 0.7385 | mean f1-score: 0.7378 | weighted f1-score: 0.7388
The epoch: 142 | phase: test | loss: 1.7055 | accuracy: 0.7447 | mean f1-score: 0.7235 | weighted f1-score: 0.7362
Epoch 142 completed in 0m 3s
Epoch 143/149
----------
The epoch: 143 | phase: train | loss: 0.0024 | accuracy: 0.9993 | mean f1-score: 0.9993 | weighted f1-score: 0.9993
The epoch: 143 | phase: val | loss: 2.0700 | accuracy: 0.7190 | mean f1-score: 0.7182 | weighted f1-score: 0.7196
The epoch: 143 | phase: test | loss: 1.7822 | accuracy: 0.7506 | mean f1-score: 0.7368 | weighted f1-score: 0.7474
Epoch 143 completed in 0m 4s
Epoch 144/149
----------
The epoch: 144 | phase: train | loss: 0.0031 | accuracy: 0.9990 | mean f1-score: 0.9990 | weighted f1-score: 0.9990
The epoch: 144 | phase: val | loss: 2.0231 | accuracy: 0.7113 | mean f1-score: 0.7111 | weighted f1-score: 0.7126
The epoch: 144 | phase: test | loss: 1.8095 | accuracy: 0.7585 | mean f1-score: 0.7415 | weighted f1-score: 0.7518
Epoch 144 completed in 0m 3s
Epoch 145/149
----------
The epoch: 145 | phase: train | loss: 0.0031 | accuracy: 0.9990 | mean f1-score: 0.9991 | weighted f1-score: 0.9990
The epoch: 145 | phase: val | loss: 1.7023 | accuracy: 0.7630 | mean f1-score: 0.7642 | weighted f1-score: 0.7638
The epoch: 145 | phase: test | loss: 1.8607 | accuracy: 0.7439 | mean f1-score: 0.7243 | weighted f1-score: 0.7371
Epoch 145 completed in 0m 4s
Epoch 146/149
----------
The epoch: 146 | phase: train | loss: 0.0022 | accuracy: 0.9993 | mean f1-score: 0.9993 | weighted f1-score: 0.9993
The epoch: 146 | phase: val | loss: 1.7686 | accuracy: 0.7522 | mean f1-score: 0.7524 | weighted f1-score: 0.7520
The epoch: 146 | phase: test | loss: 1.8388 | accuracy: 0.7501 | mean f1-score: 0.7308 | weighted f1-score: 0.7436
Epoch 146 completed in 0m 3s
Epoch 147/149
----------
The epoch: 147 | phase: train | loss: 0.0028 | accuracy: 0.9992 | mean f1-score: 0.9992 | weighted f1-score: 0.9992
The epoch: 147 | phase: val | loss: 1.8762 | accuracy: 0.7376 | mean f1-score: 0.7357 | weighted f1-score: 0.7368
The epoch: 147 | phase: test | loss: 1.6772 | accuracy: 0.7666 | mean f1-score: 0.7459 | weighted f1-score: 0.7595
Epoch 147 completed in 0m 4s
Epoch 148/149
----------
The epoch: 148 | phase: train | loss: 0.0024 | accuracy: 0.9993 | mean f1-score: 0.9993 | weighted f1-score: 0.9993
The epoch: 148 | phase: val | loss: 1.9298 | accuracy: 0.7333 | mean f1-score: 0.7336 | weighted f1-score: 0.7343
The epoch: 148 | phase: test | loss: 1.9073 | accuracy: 0.7372 | mean f1-score: 0.7160 | weighted f1-score: 0.7274
Epoch 148 completed in 0m 4s
Epoch 149/149
----------
The epoch: 149 | phase: train | loss: 0.0038 | accuracy: 0.9987 | mean f1-score: 0.9987 | weighted f1-score: 0.9987
The epoch: 149 | phase: val | loss: 1.6783 | accuracy: 0.7588 | mean f1-score: 0.7589 | weighted f1-score: 0.7588
The epoch: 149 | phase: test | loss: 1.9039 | accuracy: 0.7393 | mean f1-score: 0.7223 | weighted f1-score: 0.7311
Epoch 149 completed in 0m 3s
The best epoch is 19
Phase: train, loss: 0.08141745476165177, accuracy: 0.9731479340753707, f1_score: 0.9732995722244318, f1_score weighted: 0.9732250660229219 {'train': [], 'val': [], 'test': []}
Phase: val, loss: 0.8579962150670163, accuracy: 0.7980210460185331, f1_score: 0.8005979912594481, f1_score weighted: 0.7982893220841158 {'train': [], 'val': [], 'test': []}
Phase: test, loss: 0.9342959895419197, accuracy: 0.7715337423312884, f1_score: 0.7451486394401754, f1_score weighted: 0.7622116583060699 {'train': [], 'val': [], 'test': []}
------ Evaluation complete! ------
