Namespace(window=50, overlap=25, batch_size=64, learning_rate=0.0005, num_epochs=150, gpu_id='0', dataset='realworld_waist', kernel_size=3, num_steps_prediction=28, classifier_lr=0.0005, classifier_batch_size=256, saved_model='/workspaces/betania.silva/ssl_tools/contrastive-predictive-coding-for-har/models/May-11-2024/realworld_thigh_k_28_lr_0.0005_bs_64.pkl', learning_schedule='all_layers', random_seed=42, input_size=6, num_classes=7, root_dir='/workspaces/betania.silva/view_concatenated', data_file='realworld_waist', device=device(type='cuda', index=0), padding=1)
Data Raw (756959, 6)
Data (30277, 50, 6)
Labels (30277,)
Data Raw (159216, 6)
Data (6367, 50, 6)
Labels (6367,)
Data Raw (203798, 6)
Data (8150, 50, 6)
Labels (8150,)
The batch size for train phase is: 256
The batch size for val phase is: 256
The batch size for test phase is: 256
Loading the pre-trained weights
Epoch 0/149
----------
The epoch: 0 | phase: train | loss: 0.7401 | accuracy: 0.7289 | mean f1-score: 0.6269 | weighted f1-score: 0.7336
The epoch: 0 | phase: val | loss: 0.7909 | accuracy: 0.7456 | mean f1-score: 0.7511 | weighted f1-score: 0.7496
The epoch: 0 | phase: test | loss: 0.7271 | accuracy: 0.7652 | mean f1-score: 0.7530 | weighted f1-score: 0.7671
Epoch 0 completed in 0m 4s
Epoch 1/149
----------
The epoch: 1 | phase: train | loss: 0.4456 | accuracy: 0.8437 | mean f1-score: 0.8470 | weighted f1-score: 0.8468
The epoch: 1 | phase: val | loss: 0.7111 | accuracy: 0.7479 | mean f1-score: 0.7535 | weighted f1-score: 0.7542
The epoch: 1 | phase: test | loss: 0.6330 | accuracy: 0.8077 | mean f1-score: 0.7946 | weighted f1-score: 0.8089
Epoch 1 completed in 0m 3s
Epoch 2/149
----------
The epoch: 2 | phase: train | loss: 0.3821 | accuracy: 0.8688 | mean f1-score: 0.8717 | weighted f1-score: 0.8711
The epoch: 2 | phase: val | loss: 0.7879 | accuracy: 0.7421 | mean f1-score: 0.7485 | weighted f1-score: 0.7491
The epoch: 2 | phase: test | loss: 0.5258 | accuracy: 0.8266 | mean f1-score: 0.8107 | weighted f1-score: 0.8256
Epoch 2 completed in 0m 3s
Epoch 3/149
----------
The epoch: 3 | phase: train | loss: 0.3387 | accuracy: 0.8864 | mean f1-score: 0.8884 | weighted f1-score: 0.8878
The epoch: 3 | phase: val | loss: 0.7605 | accuracy: 0.7614 | mean f1-score: 0.7616 | weighted f1-score: 0.7621
The epoch: 3 | phase: test | loss: 0.4902 | accuracy: 0.8434 | mean f1-score: 0.8258 | weighted f1-score: 0.8405
Epoch 3 completed in 0m 4s
Epoch 4/149
----------
The epoch: 4 | phase: train | loss: 0.3140 | accuracy: 0.8947 | mean f1-score: 0.8966 | weighted f1-score: 0.8960
The epoch: 4 | phase: val | loss: 0.6021 | accuracy: 0.8018 | mean f1-score: 0.8047 | weighted f1-score: 0.8041
The epoch: 4 | phase: test | loss: 0.7338 | accuracy: 0.7740 | mean f1-score: 0.7583 | weighted f1-score: 0.7700
Epoch 4 completed in 0m 4s
Epoch 5/149
----------
The epoch: 5 | phase: train | loss: 0.2915 | accuracy: 0.9024 | mean f1-score: 0.9040 | weighted f1-score: 0.9034
The epoch: 5 | phase: val | loss: 0.7253 | accuracy: 0.7473 | mean f1-score: 0.7359 | weighted f1-score: 0.7385
The epoch: 5 | phase: test | loss: 0.5410 | accuracy: 0.8107 | mean f1-score: 0.7879 | weighted f1-score: 0.8038
Epoch 5 completed in 0m 4s
Epoch 6/149
----------
The epoch: 6 | phase: train | loss: 0.2804 | accuracy: 0.9070 | mean f1-score: 0.9083 | weighted f1-score: 0.9079
The epoch: 6 | phase: val | loss: 0.6044 | accuracy: 0.7958 | mean f1-score: 0.7946 | weighted f1-score: 0.7959
The epoch: 6 | phase: test | loss: 0.6544 | accuracy: 0.7867 | mean f1-score: 0.7698 | weighted f1-score: 0.7817
Epoch 6 completed in 0m 4s
Epoch 7/149
----------
The epoch: 7 | phase: train | loss: 0.2546 | accuracy: 0.9146 | mean f1-score: 0.9160 | weighted f1-score: 0.9154
The epoch: 7 | phase: val | loss: 0.6577 | accuracy: 0.7913 | mean f1-score: 0.7936 | weighted f1-score: 0.7945
The epoch: 7 | phase: test | loss: 0.5626 | accuracy: 0.8179 | mean f1-score: 0.7986 | weighted f1-score: 0.8146
Epoch 7 completed in 0m 4s
Epoch 8/149
----------
The epoch: 8 | phase: train | loss: 0.2468 | accuracy: 0.9185 | mean f1-score: 0.9197 | weighted f1-score: 0.9192
The epoch: 8 | phase: val | loss: 0.7163 | accuracy: 0.7930 | mean f1-score: 0.7943 | weighted f1-score: 0.7943
The epoch: 8 | phase: test | loss: 0.7506 | accuracy: 0.7812 | mean f1-score: 0.7740 | weighted f1-score: 0.7813
Epoch 8 completed in 0m 4s
Epoch 9/149
----------
The epoch: 9 | phase: train | loss: 0.2379 | accuracy: 0.9204 | mean f1-score: 0.9216 | weighted f1-score: 0.9211
The epoch: 9 | phase: val | loss: 0.7922 | accuracy: 0.7452 | mean f1-score: 0.7312 | weighted f1-score: 0.7355
The epoch: 9 | phase: test | loss: 0.6297 | accuracy: 0.7966 | mean f1-score: 0.7694 | weighted f1-score: 0.7861
Epoch 9 completed in 0m 4s
Epoch 10/149
----------
The epoch: 10 | phase: train | loss: 0.2247 | accuracy: 0.9252 | mean f1-score: 0.9262 | weighted f1-score: 0.9259
The epoch: 10 | phase: val | loss: 0.6017 | accuracy: 0.8065 | mean f1-score: 0.8072 | weighted f1-score: 0.8079
The epoch: 10 | phase: test | loss: 0.5455 | accuracy: 0.8344 | mean f1-score: 0.8261 | weighted f1-score: 0.8323
Epoch 10 completed in 0m 4s
Epoch 11/149
----------
The epoch: 11 | phase: train | loss: 0.2174 | accuracy: 0.9278 | mean f1-score: 0.9291 | weighted f1-score: 0.9284
The epoch: 11 | phase: val | loss: 0.6926 | accuracy: 0.7873 | mean f1-score: 0.7897 | weighted f1-score: 0.7904
The epoch: 11 | phase: test | loss: 0.5404 | accuracy: 0.8571 | mean f1-score: 0.8531 | weighted f1-score: 0.8572
Epoch 11 completed in 0m 4s
Epoch 12/149
----------
The epoch: 12 | phase: train | loss: 0.2076 | accuracy: 0.9311 | mean f1-score: 0.9322 | weighted f1-score: 0.9317
The epoch: 12 | phase: val | loss: 0.7084 | accuracy: 0.7844 | mean f1-score: 0.7830 | weighted f1-score: 0.7850
The epoch: 12 | phase: test | loss: 0.5799 | accuracy: 0.8025 | mean f1-score: 0.7801 | weighted f1-score: 0.7978
Epoch 12 completed in 0m 4s
Epoch 13/149
----------
The epoch: 13 | phase: train | loss: 0.2029 | accuracy: 0.9324 | mean f1-score: 0.9335 | weighted f1-score: 0.9329
The epoch: 13 | phase: val | loss: 0.6820 | accuracy: 0.7939 | mean f1-score: 0.7936 | weighted f1-score: 0.7954
The epoch: 13 | phase: test | loss: 0.5889 | accuracy: 0.8135 | mean f1-score: 0.7921 | weighted f1-score: 0.8073
Epoch 13 completed in 0m 4s
Epoch 14/149
----------
The epoch: 14 | phase: train | loss: 0.1959 | accuracy: 0.9357 | mean f1-score: 0.9367 | weighted f1-score: 0.9362
The epoch: 14 | phase: val | loss: 0.5495 | accuracy: 0.8261 | mean f1-score: 0.8296 | weighted f1-score: 0.8293
The epoch: 14 | phase: test | loss: 0.4919 | accuracy: 0.8604 | mean f1-score: 0.8564 | weighted f1-score: 0.8610
Epoch 14 completed in 0m 4s
Epoch 15/149
----------
The epoch: 15 | phase: train | loss: 0.1858 | accuracy: 0.9408 | mean f1-score: 0.9415 | weighted f1-score: 0.9412
The epoch: 15 | phase: val | loss: 0.5908 | accuracy: 0.8272 | mean f1-score: 0.8307 | weighted f1-score: 0.8306
The epoch: 15 | phase: test | loss: 0.6585 | accuracy: 0.8432 | mean f1-score: 0.8388 | weighted f1-score: 0.8417
Epoch 15 completed in 0m 4s
Epoch 16/149
----------
The epoch: 16 | phase: train | loss: 0.1828 | accuracy: 0.9397 | mean f1-score: 0.9405 | weighted f1-score: 0.9402
The epoch: 16 | phase: val | loss: 0.6368 | accuracy: 0.7900 | mean f1-score: 0.7871 | weighted f1-score: 0.7884
The epoch: 16 | phase: test | loss: 0.6009 | accuracy: 0.8178 | mean f1-score: 0.8116 | weighted f1-score: 0.8142
Epoch 16 completed in 0m 4s
Epoch 17/149
----------
The epoch: 17 | phase: train | loss: 0.1805 | accuracy: 0.9402 | mean f1-score: 0.9410 | weighted f1-score: 0.9406
The epoch: 17 | phase: val | loss: 0.6717 | accuracy: 0.7969 | mean f1-score: 0.7994 | weighted f1-score: 0.8000
The epoch: 17 | phase: test | loss: 0.6531 | accuracy: 0.8006 | mean f1-score: 0.7847 | weighted f1-score: 0.7988
Epoch 17 completed in 0m 4s
Epoch 18/149
----------
The epoch: 18 | phase: train | loss: 0.1672 | accuracy: 0.9456 | mean f1-score: 0.9462 | weighted f1-score: 0.9459
The epoch: 18 | phase: val | loss: 0.7765 | accuracy: 0.7710 | mean f1-score: 0.7667 | weighted f1-score: 0.7691
The epoch: 18 | phase: test | loss: 0.6614 | accuracy: 0.7910 | mean f1-score: 0.7719 | weighted f1-score: 0.7866
Epoch 18 completed in 0m 4s
Epoch 19/149
----------
The epoch: 19 | phase: train | loss: 0.1661 | accuracy: 0.9462 | mean f1-score: 0.9469 | weighted f1-score: 0.9466
The epoch: 19 | phase: val | loss: 0.8036 | accuracy: 0.7666 | mean f1-score: 0.7601 | weighted f1-score: 0.7627
The epoch: 19 | phase: test | loss: 0.5720 | accuracy: 0.8060 | mean f1-score: 0.7864 | weighted f1-score: 0.8022
Epoch 19 completed in 0m 4s
Epoch 20/149
----------
The epoch: 20 | phase: train | loss: 0.1606 | accuracy: 0.9471 | mean f1-score: 0.9479 | weighted f1-score: 0.9475
The epoch: 20 | phase: val | loss: 0.5867 | accuracy: 0.8436 | mean f1-score: 0.8477 | weighted f1-score: 0.8459
The epoch: 20 | phase: test | loss: 0.6367 | accuracy: 0.8420 | mean f1-score: 0.8387 | weighted f1-score: 0.8425
Epoch 20 completed in 0m 4s
Epoch 21/149
----------
The epoch: 21 | phase: train | loss: 0.1536 | accuracy: 0.9488 | mean f1-score: 0.9497 | weighted f1-score: 0.9492
The epoch: 21 | phase: val | loss: 0.7365 | accuracy: 0.7837 | mean f1-score: 0.7866 | weighted f1-score: 0.7875
The epoch: 21 | phase: test | loss: 0.7436 | accuracy: 0.7605 | mean f1-score: 0.7397 | weighted f1-score: 0.7543
Epoch 21 completed in 0m 4s
Epoch 22/149
----------
The epoch: 22 | phase: train | loss: 0.1520 | accuracy: 0.9502 | mean f1-score: 0.9508 | weighted f1-score: 0.9505
The epoch: 22 | phase: val | loss: 0.7829 | accuracy: 0.7793 | mean f1-score: 0.7809 | weighted f1-score: 0.7830
The epoch: 22 | phase: test | loss: 0.9604 | accuracy: 0.7371 | mean f1-score: 0.7154 | weighted f1-score: 0.7299
Epoch 22 completed in 0m 4s
Epoch 23/149
----------
The epoch: 23 | phase: train | loss: 0.1465 | accuracy: 0.9527 | mean f1-score: 0.9533 | weighted f1-score: 0.9530
The epoch: 23 | phase: val | loss: 0.7262 | accuracy: 0.7878 | mean f1-score: 0.7848 | weighted f1-score: 0.7870
The epoch: 23 | phase: test | loss: 0.8126 | accuracy: 0.7636 | mean f1-score: 0.7349 | weighted f1-score: 0.7542
Epoch 23 completed in 0m 3s
Epoch 24/149
----------
The epoch: 24 | phase: train | loss: 0.1403 | accuracy: 0.9543 | mean f1-score: 0.9547 | weighted f1-score: 0.9545
The epoch: 24 | phase: val | loss: 0.6885 | accuracy: 0.8117 | mean f1-score: 0.8131 | weighted f1-score: 0.8128
The epoch: 24 | phase: test | loss: 0.7605 | accuracy: 0.7903 | mean f1-score: 0.7717 | weighted f1-score: 0.7852
Epoch 24 completed in 0m 4s
Epoch 25/149
----------
The epoch: 25 | phase: train | loss: 0.1311 | accuracy: 0.9586 | mean f1-score: 0.9591 | weighted f1-score: 0.9588
The epoch: 25 | phase: val | loss: 0.8577 | accuracy: 0.7691 | mean f1-score: 0.7655 | weighted f1-score: 0.7677
The epoch: 25 | phase: test | loss: 0.7306 | accuracy: 0.8130 | mean f1-score: 0.7916 | weighted f1-score: 0.8084
Epoch 25 completed in 0m 3s
Epoch 26/149
----------
The epoch: 26 | phase: train | loss: 0.1293 | accuracy: 0.9589 | mean f1-score: 0.9594 | weighted f1-score: 0.9592
The epoch: 26 | phase: val | loss: 0.7467 | accuracy: 0.7938 | mean f1-score: 0.7945 | weighted f1-score: 0.7952
The epoch: 26 | phase: test | loss: 0.7706 | accuracy: 0.8036 | mean f1-score: 0.7854 | weighted f1-score: 0.7997
Epoch 26 completed in 0m 3s
Epoch 27/149
----------
The epoch: 27 | phase: train | loss: 0.1232 | accuracy: 0.9612 | mean f1-score: 0.9616 | weighted f1-score: 0.9614
The epoch: 27 | phase: val | loss: 0.5896 | accuracy: 0.8428 | mean f1-score: 0.8461 | weighted f1-score: 0.8438
The epoch: 27 | phase: test | loss: 0.7280 | accuracy: 0.7874 | mean f1-score: 0.7715 | weighted f1-score: 0.7852
Epoch 27 completed in 0m 4s
Epoch 28/149
----------
The epoch: 28 | phase: train | loss: 0.1189 | accuracy: 0.9623 | mean f1-score: 0.9627 | weighted f1-score: 0.9625
The epoch: 28 | phase: val | loss: 0.9562 | accuracy: 0.7492 | mean f1-score: 0.7452 | weighted f1-score: 0.7478
The epoch: 28 | phase: test | loss: 0.8129 | accuracy: 0.7818 | mean f1-score: 0.7621 | weighted f1-score: 0.7782
Epoch 28 completed in 0m 4s
Epoch 29/149
----------
The epoch: 29 | phase: train | loss: 0.1173 | accuracy: 0.9631 | mean f1-score: 0.9636 | weighted f1-score: 0.9633
The epoch: 29 | phase: val | loss: 0.7417 | accuracy: 0.8139 | mean f1-score: 0.8190 | weighted f1-score: 0.8179
The epoch: 29 | phase: test | loss: 0.8314 | accuracy: 0.8056 | mean f1-score: 0.7896 | weighted f1-score: 0.8048
Epoch 29 completed in 0m 4s
Epoch 30/149
----------
The epoch: 30 | phase: train | loss: 0.1109 | accuracy: 0.9638 | mean f1-score: 0.9641 | weighted f1-score: 0.9639
The epoch: 30 | phase: val | loss: 0.6134 | accuracy: 0.8274 | mean f1-score: 0.8293 | weighted f1-score: 0.8276
The epoch: 30 | phase: test | loss: 0.8220 | accuracy: 0.7918 | mean f1-score: 0.7735 | weighted f1-score: 0.7876
Epoch 30 completed in 0m 4s
Epoch 31/149
----------
The epoch: 31 | phase: train | loss: 0.1090 | accuracy: 0.9651 | mean f1-score: 0.9654 | weighted f1-score: 0.9653
The epoch: 31 | phase: val | loss: 0.8618 | accuracy: 0.7646 | mean f1-score: 0.7639 | weighted f1-score: 0.7657
The epoch: 31 | phase: test | loss: 0.8585 | accuracy: 0.7926 | mean f1-score: 0.7677 | weighted f1-score: 0.7849
Epoch 31 completed in 0m 4s
Epoch 32/149
----------
The epoch: 32 | phase: train | loss: 0.1066 | accuracy: 0.9649 | mean f1-score: 0.9651 | weighted f1-score: 0.9650
The epoch: 32 | phase: val | loss: 0.7805 | accuracy: 0.7573 | mean f1-score: 0.7519 | weighted f1-score: 0.7543
The epoch: 32 | phase: test | loss: 0.8476 | accuracy: 0.7685 | mean f1-score: 0.7433 | weighted f1-score: 0.7583
Epoch 32 completed in 0m 4s
Epoch 33/149
----------
The epoch: 33 | phase: train | loss: 0.1035 | accuracy: 0.9668 | mean f1-score: 0.9672 | weighted f1-score: 0.9670
The epoch: 33 | phase: val | loss: 0.7733 | accuracy: 0.8027 | mean f1-score: 0.8034 | weighted f1-score: 0.8018
The epoch: 33 | phase: test | loss: 0.9041 | accuracy: 0.7977 | mean f1-score: 0.7832 | weighted f1-score: 0.7959
Epoch 33 completed in 0m 4s
Epoch 34/149
----------
The epoch: 34 | phase: train | loss: 0.0981 | accuracy: 0.9690 | mean f1-score: 0.9692 | weighted f1-score: 0.9691
The epoch: 34 | phase: val | loss: 0.7894 | accuracy: 0.7974 | mean f1-score: 0.7994 | weighted f1-score: 0.7991
The epoch: 34 | phase: test | loss: 0.7607 | accuracy: 0.8130 | mean f1-score: 0.7929 | weighted f1-score: 0.8078
Epoch 34 completed in 0m 3s
Epoch 35/149
----------
The epoch: 35 | phase: train | loss: 0.0971 | accuracy: 0.9686 | mean f1-score: 0.9689 | weighted f1-score: 0.9688
The epoch: 35 | phase: val | loss: 0.7753 | accuracy: 0.7760 | mean f1-score: 0.7718 | weighted f1-score: 0.7749
The epoch: 35 | phase: test | loss: 1.0074 | accuracy: 0.7567 | mean f1-score: 0.7415 | weighted f1-score: 0.7519
Epoch 35 completed in 0m 4s
Epoch 36/149
----------
The epoch: 36 | phase: train | loss: 0.0928 | accuracy: 0.9697 | mean f1-score: 0.9700 | weighted f1-score: 0.9698
The epoch: 36 | phase: val | loss: 0.9405 | accuracy: 0.7628 | mean f1-score: 0.7658 | weighted f1-score: 0.7671
The epoch: 36 | phase: test | loss: 1.0662 | accuracy: 0.7875 | mean f1-score: 0.7689 | weighted f1-score: 0.7825
Epoch 36 completed in 0m 4s
Epoch 37/149
----------
The epoch: 37 | phase: train | loss: 0.0916 | accuracy: 0.9710 | mean f1-score: 0.9713 | weighted f1-score: 0.9711
The epoch: 37 | phase: val | loss: 0.8766 | accuracy: 0.7906 | mean f1-score: 0.7915 | weighted f1-score: 0.7920
The epoch: 37 | phase: test | loss: 0.9166 | accuracy: 0.8060 | mean f1-score: 0.7864 | weighted f1-score: 0.8021
Epoch 37 completed in 0m 3s
Epoch 38/149
----------
The epoch: 38 | phase: train | loss: 0.0878 | accuracy: 0.9724 | mean f1-score: 0.9727 | weighted f1-score: 0.9725
The epoch: 38 | phase: val | loss: 0.9028 | accuracy: 0.7847 | mean f1-score: 0.7866 | weighted f1-score: 0.7859
The epoch: 38 | phase: test | loss: 1.0191 | accuracy: 0.7989 | mean f1-score: 0.7833 | weighted f1-score: 0.7977
Epoch 38 completed in 0m 4s
Epoch 39/149
----------
The epoch: 39 | phase: train | loss: 0.0837 | accuracy: 0.9739 | mean f1-score: 0.9742 | weighted f1-score: 0.9740
The epoch: 39 | phase: val | loss: 0.9067 | accuracy: 0.7594 | mean f1-score: 0.7587 | weighted f1-score: 0.7603
The epoch: 39 | phase: test | loss: 1.1439 | accuracy: 0.7537 | mean f1-score: 0.7312 | weighted f1-score: 0.7462
Epoch 39 completed in 0m 3s
Epoch 40/149
----------
The epoch: 40 | phase: train | loss: 0.0840 | accuracy: 0.9727 | mean f1-score: 0.9729 | weighted f1-score: 0.9728
The epoch: 40 | phase: val | loss: 0.8826 | accuracy: 0.7952 | mean f1-score: 0.7975 | weighted f1-score: 0.7967
The epoch: 40 | phase: test | loss: 0.9847 | accuracy: 0.7918 | mean f1-score: 0.7734 | weighted f1-score: 0.7876
Epoch 40 completed in 0m 3s
Epoch 41/149
----------
The epoch: 41 | phase: train | loss: 0.0801 | accuracy: 0.9744 | mean f1-score: 0.9746 | weighted f1-score: 0.9745
The epoch: 41 | phase: val | loss: 1.0557 | accuracy: 0.7719 | mean f1-score: 0.7717 | weighted f1-score: 0.7728
The epoch: 41 | phase: test | loss: 1.0523 | accuracy: 0.7978 | mean f1-score: 0.7817 | weighted f1-score: 0.7956
Epoch 41 completed in 0m 4s
Epoch 42/149
----------
The epoch: 42 | phase: train | loss: 0.0789 | accuracy: 0.9754 | mean f1-score: 0.9756 | weighted f1-score: 0.9755
The epoch: 42 | phase: val | loss: 0.8402 | accuracy: 0.8005 | mean f1-score: 0.8019 | weighted f1-score: 0.8017
The epoch: 42 | phase: test | loss: 1.1108 | accuracy: 0.7794 | mean f1-score: 0.7549 | weighted f1-score: 0.7714
Epoch 42 completed in 0m 3s
Epoch 43/149
----------
The epoch: 43 | phase: train | loss: 0.0749 | accuracy: 0.9763 | mean f1-score: 0.9765 | weighted f1-score: 0.9764
The epoch: 43 | phase: val | loss: 0.8313 | accuracy: 0.7960 | mean f1-score: 0.7966 | weighted f1-score: 0.7973
The epoch: 43 | phase: test | loss: 1.1407 | accuracy: 0.7648 | mean f1-score: 0.7473 | weighted f1-score: 0.7594
Epoch 43 completed in 0m 3s
Epoch 44/149
----------
The epoch: 44 | phase: train | loss: 0.0743 | accuracy: 0.9757 | mean f1-score: 0.9760 | weighted f1-score: 0.9758
The epoch: 44 | phase: val | loss: 0.9106 | accuracy: 0.7921 | mean f1-score: 0.7939 | weighted f1-score: 0.7938
The epoch: 44 | phase: test | loss: 1.1473 | accuracy: 0.8009 | mean f1-score: 0.7873 | weighted f1-score: 0.7999
Epoch 44 completed in 0m 3s
Epoch 45/149
----------
The epoch: 45 | phase: train | loss: 0.0759 | accuracy: 0.9756 | mean f1-score: 0.9757 | weighted f1-score: 0.9757
The epoch: 45 | phase: val | loss: 1.0215 | accuracy: 0.7624 | mean f1-score: 0.7579 | weighted f1-score: 0.7597
The epoch: 45 | phase: test | loss: 0.8941 | accuracy: 0.7980 | mean f1-score: 0.7741 | weighted f1-score: 0.7907
Epoch 45 completed in 0m 3s
Epoch 46/149
----------
The epoch: 46 | phase: train | loss: 0.0681 | accuracy: 0.9780 | mean f1-score: 0.9782 | weighted f1-score: 0.9781
The epoch: 46 | phase: val | loss: 1.0994 | accuracy: 0.7545 | mean f1-score: 0.7521 | weighted f1-score: 0.7543
The epoch: 46 | phase: test | loss: 1.0097 | accuracy: 0.7787 | mean f1-score: 0.7523 | weighted f1-score: 0.7688
Epoch 46 completed in 0m 4s
Epoch 47/149
----------
The epoch: 47 | phase: train | loss: 0.0672 | accuracy: 0.9782 | mean f1-score: 0.9783 | weighted f1-score: 0.9783
The epoch: 47 | phase: val | loss: 0.8934 | accuracy: 0.7785 | mean f1-score: 0.7791 | weighted f1-score: 0.7793
The epoch: 47 | phase: test | loss: 1.0480 | accuracy: 0.7688 | mean f1-score: 0.7509 | weighted f1-score: 0.7617
Epoch 47 completed in 0m 3s
Epoch 48/149
----------
The epoch: 48 | phase: train | loss: 0.0639 | accuracy: 0.9791 | mean f1-score: 0.9792 | weighted f1-score: 0.9792
The epoch: 48 | phase: val | loss: 1.1459 | accuracy: 0.7427 | mean f1-score: 0.7361 | weighted f1-score: 0.7391
The epoch: 48 | phase: test | loss: 1.2136 | accuracy: 0.7831 | mean f1-score: 0.7663 | weighted f1-score: 0.7792
Epoch 48 completed in 0m 3s
Epoch 49/149
----------
The epoch: 49 | phase: train | loss: 0.0634 | accuracy: 0.9798 | mean f1-score: 0.9799 | weighted f1-score: 0.9798
The epoch: 49 | phase: val | loss: 1.1055 | accuracy: 0.7586 | mean f1-score: 0.7569 | weighted f1-score: 0.7581
The epoch: 49 | phase: test | loss: 0.8465 | accuracy: 0.7935 | mean f1-score: 0.7730 | weighted f1-score: 0.7870
Epoch 49 completed in 0m 3s
Epoch 50/149
----------
The epoch: 50 | phase: train | loss: 0.0565 | accuracy: 0.9813 | mean f1-score: 0.9814 | weighted f1-score: 0.9813
The epoch: 50 | phase: val | loss: 0.9898 | accuracy: 0.7712 | mean f1-score: 0.7686 | weighted f1-score: 0.7704
The epoch: 50 | phase: test | loss: 1.1710 | accuracy: 0.7742 | mean f1-score: 0.7461 | weighted f1-score: 0.7630
Epoch 50 completed in 0m 3s
Epoch 51/149
----------
The epoch: 51 | phase: train | loss: 0.0557 | accuracy: 0.9824 | mean f1-score: 0.9826 | weighted f1-score: 0.9824
The epoch: 51 | phase: val | loss: 1.0739 | accuracy: 0.7390 | mean f1-score: 0.7298 | weighted f1-score: 0.7324
The epoch: 51 | phase: test | loss: 1.1906 | accuracy: 0.7616 | mean f1-score: 0.7262 | weighted f1-score: 0.7469
Epoch 51 completed in 0m 3s
Epoch 52/149
----------
The epoch: 52 | phase: train | loss: 0.0547 | accuracy: 0.9828 | mean f1-score: 0.9829 | weighted f1-score: 0.9828
The epoch: 52 | phase: val | loss: 1.1525 | accuracy: 0.7240 | mean f1-score: 0.7193 | weighted f1-score: 0.7209
The epoch: 52 | phase: test | loss: 1.6157 | accuracy: 0.7345 | mean f1-score: 0.7169 | weighted f1-score: 0.7276
Epoch 52 completed in 0m 3s
Epoch 53/149
----------
The epoch: 53 | phase: train | loss: 0.0537 | accuracy: 0.9828 | mean f1-score: 0.9829 | weighted f1-score: 0.9828
The epoch: 53 | phase: val | loss: 1.1544 | accuracy: 0.7297 | mean f1-score: 0.7255 | weighted f1-score: 0.7304
The epoch: 53 | phase: test | loss: 0.9838 | accuracy: 0.7883 | mean f1-score: 0.7693 | weighted f1-score: 0.7821
Epoch 53 completed in 0m 3s
Epoch 54/149
----------
The epoch: 54 | phase: train | loss: 0.0542 | accuracy: 0.9827 | mean f1-score: 0.9827 | weighted f1-score: 0.9827
The epoch: 54 | phase: val | loss: 0.9558 | accuracy: 0.7806 | mean f1-score: 0.7787 | weighted f1-score: 0.7806
The epoch: 54 | phase: test | loss: 1.3469 | accuracy: 0.7661 | mean f1-score: 0.7432 | weighted f1-score: 0.7574
Epoch 54 completed in 0m 3s
Epoch 55/149
----------
The epoch: 55 | phase: train | loss: 0.0508 | accuracy: 0.9839 | mean f1-score: 0.9840 | weighted f1-score: 0.9840
The epoch: 55 | phase: val | loss: 1.1474 | accuracy: 0.7319 | mean f1-score: 0.7271 | weighted f1-score: 0.7287
The epoch: 55 | phase: test | loss: 1.2906 | accuracy: 0.7699 | mean f1-score: 0.7534 | weighted f1-score: 0.7647
Epoch 55 completed in 0m 3s
Epoch 56/149
----------
The epoch: 56 | phase: train | loss: 0.0444 | accuracy: 0.9854 | mean f1-score: 0.9854 | weighted f1-score: 0.9854
The epoch: 56 | phase: val | loss: 1.0965 | accuracy: 0.7564 | mean f1-score: 0.7540 | weighted f1-score: 0.7564
The epoch: 56 | phase: test | loss: 1.0100 | accuracy: 0.7838 | mean f1-score: 0.7667 | weighted f1-score: 0.7789
Epoch 56 completed in 0m 3s
Epoch 57/149
----------
The epoch: 57 | phase: train | loss: 0.0472 | accuracy: 0.9847 | mean f1-score: 0.9847 | weighted f1-score: 0.9847
The epoch: 57 | phase: val | loss: 1.1724 | accuracy: 0.7570 | mean f1-score: 0.7539 | weighted f1-score: 0.7560
The epoch: 57 | phase: test | loss: 1.3644 | accuracy: 0.7867 | mean f1-score: 0.7636 | weighted f1-score: 0.7792
Epoch 57 completed in 0m 3s
Epoch 58/149
----------
The epoch: 58 | phase: train | loss: 0.0486 | accuracy: 0.9846 | mean f1-score: 0.9847 | weighted f1-score: 0.9846
The epoch: 58 | phase: val | loss: 1.0835 | accuracy: 0.7721 | mean f1-score: 0.7715 | weighted f1-score: 0.7736
The epoch: 58 | phase: test | loss: 1.3175 | accuracy: 0.7758 | mean f1-score: 0.7535 | weighted f1-score: 0.7686
Epoch 58 completed in 0m 2s
Epoch 59/149
----------
The epoch: 59 | phase: train | loss: 0.0424 | accuracy: 0.9863 | mean f1-score: 0.9863 | weighted f1-score: 0.9863
The epoch: 59 | phase: val | loss: 1.1439 | accuracy: 0.7628 | mean f1-score: 0.7597 | weighted f1-score: 0.7618
The epoch: 59 | phase: test | loss: 1.3042 | accuracy: 0.7972 | mean f1-score: 0.7799 | weighted f1-score: 0.7928
Epoch 59 completed in 0m 2s
Epoch 60/149
----------
The epoch: 60 | phase: train | loss: 0.0446 | accuracy: 0.9849 | mean f1-score: 0.9850 | weighted f1-score: 0.9850
The epoch: 60 | phase: val | loss: 0.9797 | accuracy: 0.8137 | mean f1-score: 0.8138 | weighted f1-score: 0.8137
The epoch: 60 | phase: test | loss: 1.4298 | accuracy: 0.7804 | mean f1-score: 0.7644 | weighted f1-score: 0.7773
Epoch 60 completed in 0m 2s
Epoch 61/149
----------
The epoch: 61 | phase: train | loss: 0.0419 | accuracy: 0.9870 | mean f1-score: 0.9871 | weighted f1-score: 0.9870
The epoch: 61 | phase: val | loss: 1.1913 | accuracy: 0.7515 | mean f1-score: 0.7491 | weighted f1-score: 0.7519
The epoch: 61 | phase: test | loss: 1.4005 | accuracy: 0.7682 | mean f1-score: 0.7447 | weighted f1-score: 0.7600
Epoch 61 completed in 0m 2s
Epoch 62/149
----------
The epoch: 62 | phase: train | loss: 0.0401 | accuracy: 0.9866 | mean f1-score: 0.9866 | weighted f1-score: 0.9866
The epoch: 62 | phase: val | loss: 1.0201 | accuracy: 0.8049 | mean f1-score: 0.8043 | weighted f1-score: 0.8042
The epoch: 62 | phase: test | loss: 1.5092 | accuracy: 0.7821 | mean f1-score: 0.7666 | weighted f1-score: 0.7783
Epoch 62 completed in 0m 2s
Epoch 63/149
----------
The epoch: 63 | phase: train | loss: 0.0408 | accuracy: 0.9860 | mean f1-score: 0.9860 | weighted f1-score: 0.9860
The epoch: 63 | phase: val | loss: 1.2117 | accuracy: 0.7562 | mean f1-score: 0.7537 | weighted f1-score: 0.7565
The epoch: 63 | phase: test | loss: 1.5370 | accuracy: 0.7780 | mean f1-score: 0.7618 | weighted f1-score: 0.7737
Epoch 63 completed in 0m 2s
Epoch 64/149
----------
The epoch: 64 | phase: train | loss: 0.0354 | accuracy: 0.9880 | mean f1-score: 0.9881 | weighted f1-score: 0.9881
The epoch: 64 | phase: val | loss: 1.2898 | accuracy: 0.7327 | mean f1-score: 0.7293 | weighted f1-score: 0.7345
The epoch: 64 | phase: test | loss: 1.2900 | accuracy: 0.7725 | mean f1-score: 0.7503 | weighted f1-score: 0.7647
Epoch 64 completed in 0m 3s
Epoch 65/149
----------
The epoch: 65 | phase: train | loss: 0.0342 | accuracy: 0.9893 | mean f1-score: 0.9893 | weighted f1-score: 0.9893
The epoch: 65 | phase: val | loss: 1.4117 | accuracy: 0.7159 | mean f1-score: 0.7055 | weighted f1-score: 0.7105
The epoch: 65 | phase: test | loss: 1.5939 | accuracy: 0.7827 | mean f1-score: 0.7645 | weighted f1-score: 0.7774
Epoch 65 completed in 0m 3s
Epoch 66/149
----------
The epoch: 66 | phase: train | loss: 0.0400 | accuracy: 0.9862 | mean f1-score: 0.9862 | weighted f1-score: 0.9862
The epoch: 66 | phase: val | loss: 1.1735 | accuracy: 0.7688 | mean f1-score: 0.7627 | weighted f1-score: 0.7642
The epoch: 66 | phase: test | loss: 1.4271 | accuracy: 0.7833 | mean f1-score: 0.7651 | weighted f1-score: 0.7781
Epoch 66 completed in 0m 3s
Epoch 67/149
----------
The epoch: 67 | phase: train | loss: 0.0338 | accuracy: 0.9887 | mean f1-score: 0.9888 | weighted f1-score: 0.9888
The epoch: 67 | phase: val | loss: 1.1142 | accuracy: 0.7969 | mean f1-score: 0.7982 | weighted f1-score: 0.7980
The epoch: 67 | phase: test | loss: 1.2866 | accuracy: 0.8004 | mean f1-score: 0.7833 | weighted f1-score: 0.7969
Epoch 67 completed in 0m 3s
Epoch 68/149
----------
The epoch: 68 | phase: train | loss: 0.0340 | accuracy: 0.9887 | mean f1-score: 0.9886 | weighted f1-score: 0.9887
The epoch: 68 | phase: val | loss: 1.2634 | accuracy: 0.7622 | mean f1-score: 0.7568 | weighted f1-score: 0.7579
The epoch: 68 | phase: test | loss: 1.7987 | accuracy: 0.7628 | mean f1-score: 0.7398 | weighted f1-score: 0.7539
Epoch 68 completed in 0m 3s
Epoch 69/149
----------
The epoch: 69 | phase: train | loss: 0.0314 | accuracy: 0.9897 | mean f1-score: 0.9897 | weighted f1-score: 0.9897
The epoch: 69 | phase: val | loss: 1.2505 | accuracy: 0.7767 | mean f1-score: 0.7766 | weighted f1-score: 0.7783
The epoch: 69 | phase: test | loss: 1.2874 | accuracy: 0.7838 | mean f1-score: 0.7630 | weighted f1-score: 0.7781
Epoch 69 completed in 0m 3s
Epoch 70/149
----------
The epoch: 70 | phase: train | loss: 0.0321 | accuracy: 0.9892 | mean f1-score: 0.9892 | weighted f1-score: 0.9892
The epoch: 70 | phase: val | loss: 1.3917 | accuracy: 0.7591 | mean f1-score: 0.7583 | weighted f1-score: 0.7598
The epoch: 70 | phase: test | loss: 1.4274 | accuracy: 0.7929 | mean f1-score: 0.7679 | weighted f1-score: 0.7855
Epoch 70 completed in 0m 3s
Epoch 71/149
----------
The epoch: 71 | phase: train | loss: 0.0291 | accuracy: 0.9903 | mean f1-score: 0.9903 | weighted f1-score: 0.9903
The epoch: 71 | phase: val | loss: 1.3217 | accuracy: 0.7539 | mean f1-score: 0.7514 | weighted f1-score: 0.7546
The epoch: 71 | phase: test | loss: 1.6030 | accuracy: 0.7757 | mean f1-score: 0.7549 | weighted f1-score: 0.7692
Epoch 71 completed in 0m 3s
Epoch 72/149
----------
The epoch: 72 | phase: train | loss: 0.0272 | accuracy: 0.9910 | mean f1-score: 0.9910 | weighted f1-score: 0.9911
The epoch: 72 | phase: val | loss: 1.4605 | accuracy: 0.7363 | mean f1-score: 0.7285 | weighted f1-score: 0.7313
The epoch: 72 | phase: test | loss: 1.6294 | accuracy: 0.7807 | mean f1-score: 0.7587 | weighted f1-score: 0.7729
Epoch 72 completed in 0m 3s
Epoch 73/149
----------
The epoch: 73 | phase: train | loss: 0.0282 | accuracy: 0.9905 | mean f1-score: 0.9904 | weighted f1-score: 0.9905
The epoch: 73 | phase: val | loss: 1.2689 | accuracy: 0.7877 | mean f1-score: 0.7852 | weighted f1-score: 0.7854
The epoch: 73 | phase: test | loss: 1.4860 | accuracy: 0.7820 | mean f1-score: 0.7565 | weighted f1-score: 0.7725
Epoch 73 completed in 0m 2s
Epoch 74/149
----------
The epoch: 74 | phase: train | loss: 0.0317 | accuracy: 0.9897 | mean f1-score: 0.9897 | weighted f1-score: 0.9897
The epoch: 74 | phase: val | loss: 1.4198 | accuracy: 0.7515 | mean f1-score: 0.7457 | weighted f1-score: 0.7476
The epoch: 74 | phase: test | loss: 1.7556 | accuracy: 0.7888 | mean f1-score: 0.7677 | weighted f1-score: 0.7825
Epoch 74 completed in 0m 2s
Epoch 75/149
----------
The epoch: 75 | phase: train | loss: 0.0250 | accuracy: 0.9919 | mean f1-score: 0.9919 | weighted f1-score: 0.9919
The epoch: 75 | phase: val | loss: 1.4249 | accuracy: 0.7559 | mean f1-score: 0.7503 | weighted f1-score: 0.7530
The epoch: 75 | phase: test | loss: 1.5930 | accuracy: 0.7763 | mean f1-score: 0.7498 | weighted f1-score: 0.7668
Epoch 75 completed in 0m 2s
Epoch 76/149
----------
The epoch: 76 | phase: train | loss: 0.0222 | accuracy: 0.9930 | mean f1-score: 0.9930 | weighted f1-score: 0.9930
The epoch: 76 | phase: val | loss: 1.3264 | accuracy: 0.7732 | mean f1-score: 0.7716 | weighted f1-score: 0.7722
The epoch: 76 | phase: test | loss: 1.5713 | accuracy: 0.7782 | mean f1-score: 0.7622 | weighted f1-score: 0.7739
Epoch 76 completed in 0m 3s
Epoch 77/149
----------
The epoch: 77 | phase: train | loss: 0.0215 | accuracy: 0.9926 | mean f1-score: 0.9926 | weighted f1-score: 0.9926
The epoch: 77 | phase: val | loss: 1.5890 | accuracy: 0.7190 | mean f1-score: 0.7122 | weighted f1-score: 0.7153
The epoch: 77 | phase: test | loss: 1.7436 | accuracy: 0.7587 | mean f1-score: 0.7378 | weighted f1-score: 0.7510
Epoch 77 completed in 0m 4s
Epoch 78/149
----------
The epoch: 78 | phase: train | loss: 0.0243 | accuracy: 0.9922 | mean f1-score: 0.9921 | weighted f1-score: 0.9922
The epoch: 78 | phase: val | loss: 1.2897 | accuracy: 0.7729 | mean f1-score: 0.7710 | weighted f1-score: 0.7728
The epoch: 78 | phase: test | loss: 1.4534 | accuracy: 0.7910 | mean f1-score: 0.7689 | weighted f1-score: 0.7844
Epoch 78 completed in 0m 5s
Epoch 79/149
----------
The epoch: 79 | phase: train | loss: 0.0206 | accuracy: 0.9928 | mean f1-score: 0.9928 | weighted f1-score: 0.9928
The epoch: 79 | phase: val | loss: 1.4795 | accuracy: 0.7385 | mean f1-score: 0.7358 | weighted f1-score: 0.7397
The epoch: 79 | phase: test | loss: 1.5809 | accuracy: 0.7843 | mean f1-score: 0.7640 | weighted f1-score: 0.7783
Epoch 79 completed in 0m 4s
Epoch 80/149
----------
The epoch: 80 | phase: train | loss: 0.0182 | accuracy: 0.9940 | mean f1-score: 0.9939 | weighted f1-score: 0.9940
The epoch: 80 | phase: val | loss: 1.4410 | accuracy: 0.7599 | mean f1-score: 0.7575 | weighted f1-score: 0.7593
The epoch: 80 | phase: test | loss: 1.5884 | accuracy: 0.7832 | mean f1-score: 0.7602 | weighted f1-score: 0.7754
Epoch 80 completed in 0m 4s
Epoch 81/149
----------
The epoch: 81 | phase: train | loss: 0.0189 | accuracy: 0.9936 | mean f1-score: 0.9936 | weighted f1-score: 0.9936
The epoch: 81 | phase: val | loss: 1.4082 | accuracy: 0.7649 | mean f1-score: 0.7613 | weighted f1-score: 0.7637
The epoch: 81 | phase: test | loss: 1.5900 | accuracy: 0.7881 | mean f1-score: 0.7683 | weighted f1-score: 0.7818
Epoch 81 completed in 0m 4s
Epoch 82/149
----------
The epoch: 82 | phase: train | loss: 0.0181 | accuracy: 0.9941 | mean f1-score: 0.9941 | weighted f1-score: 0.9941
The epoch: 82 | phase: val | loss: 1.4734 | accuracy: 0.7566 | mean f1-score: 0.7540 | weighted f1-score: 0.7550
The epoch: 82 | phase: test | loss: 1.8326 | accuracy: 0.7885 | mean f1-score: 0.7702 | weighted f1-score: 0.7834
Epoch 82 completed in 0m 4s
Epoch 83/149
----------
The epoch: 83 | phase: train | loss: 0.0192 | accuracy: 0.9930 | mean f1-score: 0.9929 | weighted f1-score: 0.9930
The epoch: 83 | phase: val | loss: 1.6064 | accuracy: 0.7295 | mean f1-score: 0.7232 | weighted f1-score: 0.7247
The epoch: 83 | phase: test | loss: 1.7744 | accuracy: 0.7583 | mean f1-score: 0.7376 | weighted f1-score: 0.7511
Epoch 83 completed in 0m 4s
Epoch 84/149
----------
The epoch: 84 | phase: train | loss: 0.0191 | accuracy: 0.9931 | mean f1-score: 0.9931 | weighted f1-score: 0.9931
The epoch: 84 | phase: val | loss: 1.5303 | accuracy: 0.7511 | mean f1-score: 0.7468 | weighted f1-score: 0.7494
The epoch: 84 | phase: test | loss: 1.6132 | accuracy: 0.7966 | mean f1-score: 0.7768 | weighted f1-score: 0.7912
Epoch 84 completed in 0m 4s
Epoch 85/149
----------
The epoch: 85 | phase: train | loss: 0.0183 | accuracy: 0.9936 | mean f1-score: 0.9936 | weighted f1-score: 0.9936
The epoch: 85 | phase: val | loss: 1.5216 | accuracy: 0.7523 | mean f1-score: 0.7498 | weighted f1-score: 0.7512
The epoch: 85 | phase: test | loss: 1.5606 | accuracy: 0.7872 | mean f1-score: 0.7665 | weighted f1-score: 0.7813
Epoch 85 completed in 0m 4s
Epoch 86/149
----------
The epoch: 86 | phase: train | loss: 0.0204 | accuracy: 0.9938 | mean f1-score: 0.9938 | weighted f1-score: 0.9938
The epoch: 86 | phase: val | loss: 1.3368 | accuracy: 0.7762 | mean f1-score: 0.7746 | weighted f1-score: 0.7760
The epoch: 86 | phase: test | loss: 1.6283 | accuracy: 0.7715 | mean f1-score: 0.7472 | weighted f1-score: 0.7635
Epoch 86 completed in 0m 4s
Epoch 87/149
----------
The epoch: 87 | phase: train | loss: 0.0178 | accuracy: 0.9940 | mean f1-score: 0.9940 | weighted f1-score: 0.9940
The epoch: 87 | phase: val | loss: 1.4392 | accuracy: 0.7646 | mean f1-score: 0.7626 | weighted f1-score: 0.7640
The epoch: 87 | phase: test | loss: 1.6214 | accuracy: 0.7612 | mean f1-score: 0.7402 | weighted f1-score: 0.7520
Epoch 87 completed in 0m 4s
Epoch 88/149
----------
The epoch: 88 | phase: train | loss: 0.0161 | accuracy: 0.9945 | mean f1-score: 0.9944 | weighted f1-score: 0.9945
The epoch: 88 | phase: val | loss: 1.3914 | accuracy: 0.7668 | mean f1-score: 0.7651 | weighted f1-score: 0.7675
The epoch: 88 | phase: test | loss: 1.7003 | accuracy: 0.7464 | mean f1-score: 0.7246 | weighted f1-score: 0.7361
Epoch 88 completed in 0m 4s
Epoch 89/149
----------
The epoch: 89 | phase: train | loss: 0.0152 | accuracy: 0.9950 | mean f1-score: 0.9949 | weighted f1-score: 0.9950
The epoch: 89 | phase: val | loss: 1.3763 | accuracy: 0.7705 | mean f1-score: 0.7675 | weighted f1-score: 0.7699
The epoch: 89 | phase: test | loss: 1.7589 | accuracy: 0.7877 | mean f1-score: 0.7704 | weighted f1-score: 0.7836
Epoch 89 completed in 0m 4s
Epoch 90/149
----------
The epoch: 90 | phase: train | loss: 0.0184 | accuracy: 0.9938 | mean f1-score: 0.9937 | weighted f1-score: 0.9938
The epoch: 90 | phase: val | loss: 1.3812 | accuracy: 0.7639 | mean f1-score: 0.7602 | weighted f1-score: 0.7627
The epoch: 90 | phase: test | loss: 1.7754 | accuracy: 0.7704 | mean f1-score: 0.7518 | weighted f1-score: 0.7643
Epoch 90 completed in 0m 4s
Epoch 91/149
----------
The epoch: 91 | phase: train | loss: 0.0164 | accuracy: 0.9942 | mean f1-score: 0.9942 | weighted f1-score: 0.9942
The epoch: 91 | phase: val | loss: 1.4979 | accuracy: 0.7748 | mean f1-score: 0.7757 | weighted f1-score: 0.7780
The epoch: 91 | phase: test | loss: 1.5225 | accuracy: 0.7764 | mean f1-score: 0.7530 | weighted f1-score: 0.7686
Epoch 91 completed in 0m 5s
Epoch 92/149
----------
The epoch: 92 | phase: train | loss: 0.0126 | accuracy: 0.9958 | mean f1-score: 0.9957 | weighted f1-score: 0.9958
The epoch: 92 | phase: val | loss: 1.3176 | accuracy: 0.7944 | mean f1-score: 0.7941 | weighted f1-score: 0.7946
The epoch: 92 | phase: test | loss: 1.4545 | accuracy: 0.7909 | mean f1-score: 0.7727 | weighted f1-score: 0.7856
Epoch 92 completed in 0m 4s
Epoch 93/149
----------
The epoch: 93 | phase: train | loss: 0.0164 | accuracy: 0.9944 | mean f1-score: 0.9944 | weighted f1-score: 0.9944
The epoch: 93 | phase: val | loss: 1.5209 | accuracy: 0.7476 | mean f1-score: 0.7435 | weighted f1-score: 0.7468
The epoch: 93 | phase: test | loss: 1.4923 | accuracy: 0.7747 | mean f1-score: 0.7497 | weighted f1-score: 0.7645
Epoch 93 completed in 0m 4s
Epoch 94/149
----------
The epoch: 94 | phase: train | loss: 0.0151 | accuracy: 0.9955 | mean f1-score: 0.9956 | weighted f1-score: 0.9955
The epoch: 94 | phase: val | loss: 1.3764 | accuracy: 0.7719 | mean f1-score: 0.7695 | weighted f1-score: 0.7710
The epoch: 94 | phase: test | loss: 1.5641 | accuracy: 0.7845 | mean f1-score: 0.7663 | weighted f1-score: 0.7790
Epoch 94 completed in 0m 4s
Epoch 95/149
----------
The epoch: 95 | phase: train | loss: 0.0140 | accuracy: 0.9954 | mean f1-score: 0.9954 | weighted f1-score: 0.9954
The epoch: 95 | phase: val | loss: 1.3915 | accuracy: 0.7724 | mean f1-score: 0.7670 | weighted f1-score: 0.7683
The epoch: 95 | phase: test | loss: 1.4856 | accuracy: 0.7757 | mean f1-score: 0.7559 | weighted f1-score: 0.7680
Epoch 95 completed in 0m 3s
Epoch 96/149
----------
The epoch: 96 | phase: train | loss: 0.0144 | accuracy: 0.9946 | mean f1-score: 0.9946 | weighted f1-score: 0.9947
The epoch: 96 | phase: val | loss: 1.5500 | accuracy: 0.7687 | mean f1-score: 0.7669 | weighted f1-score: 0.7674
The epoch: 96 | phase: test | loss: 1.6075 | accuracy: 0.7890 | mean f1-score: 0.7661 | weighted f1-score: 0.7828
Epoch 96 completed in 0m 4s
Epoch 97/149
----------
The epoch: 97 | phase: train | loss: 0.0160 | accuracy: 0.9947 | mean f1-score: 0.9946 | weighted f1-score: 0.9947
The epoch: 97 | phase: val | loss: 1.3860 | accuracy: 0.7818 | mean f1-score: 0.7773 | weighted f1-score: 0.7777
The epoch: 97 | phase: test | loss: 1.6987 | accuracy: 0.7826 | mean f1-score: 0.7629 | weighted f1-score: 0.7764
Epoch 97 completed in 0m 5s
Epoch 98/149
----------
The epoch: 98 | phase: train | loss: 0.0150 | accuracy: 0.9951 | mean f1-score: 0.9952 | weighted f1-score: 0.9951
The epoch: 98 | phase: val | loss: 1.3929 | accuracy: 0.7809 | mean f1-score: 0.7768 | weighted f1-score: 0.7774
The epoch: 98 | phase: test | loss: 1.6124 | accuracy: 0.7795 | mean f1-score: 0.7579 | weighted f1-score: 0.7727
Epoch 98 completed in 0m 5s
Epoch 99/149
----------
The epoch: 99 | phase: train | loss: 0.0138 | accuracy: 0.9955 | mean f1-score: 0.9955 | weighted f1-score: 0.9955
The epoch: 99 | phase: val | loss: 1.7011 | accuracy: 0.7281 | mean f1-score: 0.7188 | weighted f1-score: 0.7226
The epoch: 99 | phase: test | loss: 1.3023 | accuracy: 0.7879 | mean f1-score: 0.7661 | weighted f1-score: 0.7803
Epoch 99 completed in 0m 4s
Epoch 100/149
----------
The epoch: 100 | phase: train | loss: 0.0104 | accuracy: 0.9963 | mean f1-score: 0.9962 | weighted f1-score: 0.9963
The epoch: 100 | phase: val | loss: 1.4409 | accuracy: 0.7754 | mean f1-score: 0.7742 | weighted f1-score: 0.7762
The epoch: 100 | phase: test | loss: 1.3514 | accuracy: 0.7896 | mean f1-score: 0.7675 | weighted f1-score: 0.7823
Epoch 100 completed in 0m 5s
Epoch 101/149
----------
The epoch: 101 | phase: train | loss: 0.0101 | accuracy: 0.9967 | mean f1-score: 0.9967 | weighted f1-score: 0.9967
The epoch: 101 | phase: val | loss: 1.5841 | accuracy: 0.7487 | mean f1-score: 0.7447 | weighted f1-score: 0.7473
The epoch: 101 | phase: test | loss: 1.6884 | accuracy: 0.7843 | mean f1-score: 0.7591 | weighted f1-score: 0.7755
Epoch 101 completed in 0m 4s
Epoch 102/149
----------
The epoch: 102 | phase: train | loss: 0.0094 | accuracy: 0.9966 | mean f1-score: 0.9966 | weighted f1-score: 0.9966
The epoch: 102 | phase: val | loss: 1.5018 | accuracy: 0.7718 | mean f1-score: 0.7684 | weighted f1-score: 0.7702
The epoch: 102 | phase: test | loss: 1.5373 | accuracy: 0.7794 | mean f1-score: 0.7557 | weighted f1-score: 0.7713
Epoch 102 completed in 0m 4s
Epoch 103/149
----------
The epoch: 103 | phase: train | loss: 0.0106 | accuracy: 0.9963 | mean f1-score: 0.9963 | weighted f1-score: 0.9963
The epoch: 103 | phase: val | loss: 1.7136 | accuracy: 0.7473 | mean f1-score: 0.7415 | weighted f1-score: 0.7443
The epoch: 103 | phase: test | loss: 1.9733 | accuracy: 0.7606 | mean f1-score: 0.7399 | weighted f1-score: 0.7524
Epoch 103 completed in 0m 5s
Epoch 104/149
----------
The epoch: 104 | phase: train | loss: 0.0117 | accuracy: 0.9961 | mean f1-score: 0.9961 | weighted f1-score: 0.9961
The epoch: 104 | phase: val | loss: 1.3725 | accuracy: 0.7877 | mean f1-score: 0.7880 | weighted f1-score: 0.7885
The epoch: 104 | phase: test | loss: 1.5858 | accuracy: 0.7955 | mean f1-score: 0.7754 | weighted f1-score: 0.7899
Epoch 104 completed in 0m 3s
Epoch 105/149
----------
The epoch: 105 | phase: train | loss: 0.0120 | accuracy: 0.9961 | mean f1-score: 0.9961 | weighted f1-score: 0.9961
The epoch: 105 | phase: val | loss: 1.7682 | accuracy: 0.7393 | mean f1-score: 0.7328 | weighted f1-score: 0.7351
The epoch: 105 | phase: test | loss: 1.6511 | accuracy: 0.7975 | mean f1-score: 0.7797 | weighted f1-score: 0.7934
Epoch 105 completed in 0m 4s
Epoch 106/149
----------
The epoch: 106 | phase: train | loss: 0.0134 | accuracy: 0.9959 | mean f1-score: 0.9959 | weighted f1-score: 0.9959
The epoch: 106 | phase: val | loss: 1.5016 | accuracy: 0.7545 | mean f1-score: 0.7499 | weighted f1-score: 0.7530
The epoch: 106 | phase: test | loss: 1.6724 | accuracy: 0.7903 | mean f1-score: 0.7687 | weighted f1-score: 0.7835
Epoch 106 completed in 0m 4s
Epoch 107/149
----------
The epoch: 107 | phase: train | loss: 0.0097 | accuracy: 0.9969 | mean f1-score: 0.9969 | weighted f1-score: 0.9969
The epoch: 107 | phase: val | loss: 1.6793 | accuracy: 0.7443 | mean f1-score: 0.7376 | weighted f1-score: 0.7403
The epoch: 107 | phase: test | loss: 1.5889 | accuracy: 0.7929 | mean f1-score: 0.7730 | weighted f1-score: 0.7866
Epoch 107 completed in 0m 4s
Epoch 108/149
----------
The epoch: 108 | phase: train | loss: 0.0105 | accuracy: 0.9964 | mean f1-score: 0.9963 | weighted f1-score: 0.9964
The epoch: 108 | phase: val | loss: 1.5311 | accuracy: 0.7669 | mean f1-score: 0.7662 | weighted f1-score: 0.7683
The epoch: 108 | phase: test | loss: 1.3533 | accuracy: 0.7853 | mean f1-score: 0.7675 | weighted f1-score: 0.7801
Epoch 108 completed in 0m 4s
Epoch 109/149
----------
The epoch: 109 | phase: train | loss: 0.0087 | accuracy: 0.9973 | mean f1-score: 0.9972 | weighted f1-score: 0.9973
The epoch: 109 | phase: val | loss: 1.8286 | accuracy: 0.7361 | mean f1-score: 0.7249 | weighted f1-score: 0.7283
The epoch: 109 | phase: test | loss: 1.7230 | accuracy: 0.7945 | mean f1-score: 0.7745 | weighted f1-score: 0.7881
Epoch 109 completed in 0m 5s
Epoch 110/149
----------
The epoch: 110 | phase: train | loss: 0.0095 | accuracy: 0.9968 | mean f1-score: 0.9968 | weighted f1-score: 0.9968
The epoch: 110 | phase: val | loss: 1.6670 | accuracy: 0.7394 | mean f1-score: 0.7358 | weighted f1-score: 0.7407
The epoch: 110 | phase: test | loss: 1.5965 | accuracy: 0.7731 | mean f1-score: 0.7549 | weighted f1-score: 0.7672
Epoch 110 completed in 0m 4s
Epoch 111/149
----------
The epoch: 111 | phase: train | loss: 0.0085 | accuracy: 0.9972 | mean f1-score: 0.9972 | weighted f1-score: 0.9972
The epoch: 111 | phase: val | loss: 1.6817 | accuracy: 0.7589 | mean f1-score: 0.7562 | weighted f1-score: 0.7587
The epoch: 111 | phase: test | loss: 1.4556 | accuracy: 0.7827 | mean f1-score: 0.7611 | weighted f1-score: 0.7756
Epoch 111 completed in 0m 4s
Epoch 112/149
----------
The epoch: 112 | phase: train | loss: 0.0087 | accuracy: 0.9967 | mean f1-score: 0.9967 | weighted f1-score: 0.9967
The epoch: 112 | phase: val | loss: 1.7569 | accuracy: 0.7322 | mean f1-score: 0.7271 | weighted f1-score: 0.7316
The epoch: 112 | phase: test | loss: 1.7465 | accuracy: 0.7742 | mean f1-score: 0.7572 | weighted f1-score: 0.7693
Epoch 112 completed in 0m 4s
Epoch 113/149
----------
The epoch: 113 | phase: train | loss: 0.0090 | accuracy: 0.9970 | mean f1-score: 0.9970 | weighted f1-score: 0.9970
The epoch: 113 | phase: val | loss: 1.8731 | accuracy: 0.7366 | mean f1-score: 0.7284 | weighted f1-score: 0.7324
The epoch: 113 | phase: test | loss: 1.7336 | accuracy: 0.7960 | mean f1-score: 0.7721 | weighted f1-score: 0.7886
Epoch 113 completed in 0m 4s
Epoch 114/149
----------
The epoch: 114 | phase: train | loss: 0.0094 | accuracy: 0.9970 | mean f1-score: 0.9970 | weighted f1-score: 0.9970
The epoch: 114 | phase: val | loss: 1.6574 | accuracy: 0.7429 | mean f1-score: 0.7370 | weighted f1-score: 0.7412
The epoch: 114 | phase: test | loss: 1.6395 | accuracy: 0.7890 | mean f1-score: 0.7687 | weighted f1-score: 0.7821
Epoch 114 completed in 0m 4s
Epoch 115/149
----------
The epoch: 115 | phase: train | loss: 0.0111 | accuracy: 0.9962 | mean f1-score: 0.9962 | weighted f1-score: 0.9962
The epoch: 115 | phase: val | loss: 1.4687 | accuracy: 0.7831 | mean f1-score: 0.7821 | weighted f1-score: 0.7827
The epoch: 115 | phase: test | loss: 1.7611 | accuracy: 0.7908 | mean f1-score: 0.7753 | weighted f1-score: 0.7875
Epoch 115 completed in 0m 4s
Epoch 116/149
----------
The epoch: 116 | phase: train | loss: 0.0100 | accuracy: 0.9965 | mean f1-score: 0.9964 | weighted f1-score: 0.9965
The epoch: 116 | phase: val | loss: 1.8720 | accuracy: 0.7407 | mean f1-score: 0.7351 | weighted f1-score: 0.7384
The epoch: 116 | phase: test | loss: 1.8837 | accuracy: 0.7972 | mean f1-score: 0.7787 | weighted f1-score: 0.7922
Epoch 116 completed in 0m 4s
Epoch 117/149
----------
The epoch: 117 | phase: train | loss: 0.0095 | accuracy: 0.9968 | mean f1-score: 0.9969 | weighted f1-score: 0.9968
The epoch: 117 | phase: val | loss: 1.7200 | accuracy: 0.7501 | mean f1-score: 0.7460 | weighted f1-score: 0.7482
The epoch: 117 | phase: test | loss: 1.9711 | accuracy: 0.7834 | mean f1-score: 0.7661 | weighted f1-score: 0.7787
Epoch 117 completed in 0m 3s
Epoch 118/149
----------
The epoch: 118 | phase: train | loss: 0.0068 | accuracy: 0.9976 | mean f1-score: 0.9976 | weighted f1-score: 0.9976
The epoch: 118 | phase: val | loss: 1.6163 | accuracy: 0.7589 | mean f1-score: 0.7555 | weighted f1-score: 0.7583
The epoch: 118 | phase: test | loss: 1.5479 | accuracy: 0.7978 | mean f1-score: 0.7766 | weighted f1-score: 0.7911
Epoch 118 completed in 0m 3s
Epoch 119/149
----------
The epoch: 119 | phase: train | loss: 0.0082 | accuracy: 0.9969 | mean f1-score: 0.9969 | weighted f1-score: 0.9969
The epoch: 119 | phase: val | loss: 1.5874 | accuracy: 0.7665 | mean f1-score: 0.7640 | weighted f1-score: 0.7661
The epoch: 119 | phase: test | loss: 1.7659 | accuracy: 0.7854 | mean f1-score: 0.7660 | weighted f1-score: 0.7797
Epoch 119 completed in 0m 3s
Epoch 120/149
----------
The epoch: 120 | phase: train | loss: 0.0068 | accuracy: 0.9978 | mean f1-score: 0.9978 | weighted f1-score: 0.9978
The epoch: 120 | phase: val | loss: 1.5614 | accuracy: 0.7762 | mean f1-score: 0.7718 | weighted f1-score: 0.7725
The epoch: 120 | phase: test | loss: 1.9606 | accuracy: 0.7909 | mean f1-score: 0.7712 | weighted f1-score: 0.7847
Epoch 120 completed in 0m 4s
Epoch 121/149
----------
The epoch: 121 | phase: train | loss: 0.0064 | accuracy: 0.9979 | mean f1-score: 0.9979 | weighted f1-score: 0.9979
The epoch: 121 | phase: val | loss: 1.6958 | accuracy: 0.7572 | mean f1-score: 0.7498 | weighted f1-score: 0.7527
The epoch: 121 | phase: test | loss: 1.6900 | accuracy: 0.7908 | mean f1-score: 0.7714 | weighted f1-score: 0.7845
Epoch 121 completed in 0m 3s
Epoch 122/149
----------
The epoch: 122 | phase: train | loss: 0.0093 | accuracy: 0.9973 | mean f1-score: 0.9972 | weighted f1-score: 0.9973
The epoch: 122 | phase: val | loss: 1.7819 | accuracy: 0.7600 | mean f1-score: 0.7589 | weighted f1-score: 0.7606
The epoch: 122 | phase: test | loss: 1.9183 | accuracy: 0.7793 | mean f1-score: 0.7637 | weighted f1-score: 0.7766
Epoch 122 completed in 0m 3s
Epoch 123/149
----------
The epoch: 123 | phase: train | loss: 0.0104 | accuracy: 0.9965 | mean f1-score: 0.9964 | weighted f1-score: 0.9965
The epoch: 123 | phase: val | loss: 1.7224 | accuracy: 0.7471 | mean f1-score: 0.7425 | weighted f1-score: 0.7458
The epoch: 123 | phase: test | loss: 1.9618 | accuracy: 0.7926 | mean f1-score: 0.7713 | weighted f1-score: 0.7864
Epoch 123 completed in 0m 3s
Epoch 124/149
----------
The epoch: 124 | phase: train | loss: 0.0100 | accuracy: 0.9968 | mean f1-score: 0.9968 | weighted f1-score: 0.9968
The epoch: 124 | phase: val | loss: 1.7854 | accuracy: 0.7352 | mean f1-score: 0.7261 | weighted f1-score: 0.7296
The epoch: 124 | phase: test | loss: 1.9211 | accuracy: 0.7899 | mean f1-score: 0.7695 | weighted f1-score: 0.7836
Epoch 124 completed in 0m 3s
Epoch 125/149
----------
The epoch: 125 | phase: train | loss: 0.0074 | accuracy: 0.9974 | mean f1-score: 0.9974 | weighted f1-score: 0.9974
The epoch: 125 | phase: val | loss: 1.7648 | accuracy: 0.7438 | mean f1-score: 0.7365 | weighted f1-score: 0.7395
The epoch: 125 | phase: test | loss: 2.1403 | accuracy: 0.7831 | mean f1-score: 0.7633 | weighted f1-score: 0.7768
Epoch 125 completed in 0m 4s
Epoch 126/149
----------
The epoch: 126 | phase: train | loss: 0.0062 | accuracy: 0.9981 | mean f1-score: 0.9981 | weighted f1-score: 0.9981
The epoch: 126 | phase: val | loss: 1.6941 | accuracy: 0.7501 | mean f1-score: 0.7459 | weighted f1-score: 0.7493
The epoch: 126 | phase: test | loss: 1.9641 | accuracy: 0.7861 | mean f1-score: 0.7611 | weighted f1-score: 0.7769
Epoch 126 completed in 0m 3s
Epoch 127/149
----------
The epoch: 127 | phase: train | loss: 0.0059 | accuracy: 0.9982 | mean f1-score: 0.9982 | weighted f1-score: 0.9982
The epoch: 127 | phase: val | loss: 1.5033 | accuracy: 0.7916 | mean f1-score: 0.7921 | weighted f1-score: 0.7922
The epoch: 127 | phase: test | loss: 1.9741 | accuracy: 0.7946 | mean f1-score: 0.7744 | weighted f1-score: 0.7892
Epoch 127 completed in 0m 3s
Epoch 128/149
----------
The epoch: 128 | phase: train | loss: 0.0054 | accuracy: 0.9982 | mean f1-score: 0.9982 | weighted f1-score: 0.9982
The epoch: 128 | phase: val | loss: 1.6800 | accuracy: 0.7569 | mean f1-score: 0.7524 | weighted f1-score: 0.7547
The epoch: 128 | phase: test | loss: 1.7283 | accuracy: 0.7904 | mean f1-score: 0.7701 | weighted f1-score: 0.7847
Epoch 128 completed in 0m 3s
Epoch 129/149
----------
The epoch: 129 | phase: train | loss: 0.0066 | accuracy: 0.9978 | mean f1-score: 0.9978 | weighted f1-score: 0.9978
The epoch: 129 | phase: val | loss: 1.7023 | accuracy: 0.7443 | mean f1-score: 0.7393 | weighted f1-score: 0.7421
The epoch: 129 | phase: test | loss: 1.6379 | accuracy: 0.7950 | mean f1-score: 0.7780 | weighted f1-score: 0.7906
Epoch 129 completed in 0m 3s
Epoch 130/149
----------
The epoch: 130 | phase: train | loss: 0.0052 | accuracy: 0.9982 | mean f1-score: 0.9982 | weighted f1-score: 0.9982
The epoch: 130 | phase: val | loss: 1.8019 | accuracy: 0.7409 | mean f1-score: 0.7364 | weighted f1-score: 0.7383
The epoch: 130 | phase: test | loss: 2.3374 | accuracy: 0.7773 | mean f1-score: 0.7558 | weighted f1-score: 0.7703
Epoch 130 completed in 0m 3s
Epoch 131/149
----------
The epoch: 131 | phase: train | loss: 0.0063 | accuracy: 0.9980 | mean f1-score: 0.9979 | weighted f1-score: 0.9980
The epoch: 131 | phase: val | loss: 1.9828 | accuracy: 0.7154 | mean f1-score: 0.7081 | weighted f1-score: 0.7138
The epoch: 131 | phase: test | loss: 1.9869 | accuracy: 0.7783 | mean f1-score: 0.7486 | weighted f1-score: 0.7671
Epoch 131 completed in 0m 4s
Epoch 132/149
----------
The epoch: 132 | phase: train | loss: 0.0059 | accuracy: 0.9979 | mean f1-score: 0.9979 | weighted f1-score: 0.9979
The epoch: 132 | phase: val | loss: 1.8516 | accuracy: 0.7427 | mean f1-score: 0.7334 | weighted f1-score: 0.7367
The epoch: 132 | phase: test | loss: 2.0213 | accuracy: 0.7925 | mean f1-score: 0.7679 | weighted f1-score: 0.7832
Epoch 132 completed in 0m 3s
Epoch 133/149
----------
The epoch: 133 | phase: train | loss: 0.0069 | accuracy: 0.9975 | mean f1-score: 0.9975 | weighted f1-score: 0.9975
The epoch: 133 | phase: val | loss: 1.7548 | accuracy: 0.7566 | mean f1-score: 0.7528 | weighted f1-score: 0.7537
The epoch: 133 | phase: test | loss: 2.0152 | accuracy: 0.7913 | mean f1-score: 0.7691 | weighted f1-score: 0.7837
Epoch 133 completed in 0m 3s
Epoch 134/149
----------
The epoch: 134 | phase: train | loss: 0.0074 | accuracy: 0.9976 | mean f1-score: 0.9976 | weighted f1-score: 0.9976
The epoch: 134 | phase: val | loss: 1.7382 | accuracy: 0.7371 | mean f1-score: 0.7329 | weighted f1-score: 0.7354
The epoch: 134 | phase: test | loss: 2.1472 | accuracy: 0.7509 | mean f1-score: 0.7266 | weighted f1-score: 0.7412
Epoch 134 completed in 0m 3s
Epoch 135/149
----------
The epoch: 135 | phase: train | loss: 0.0064 | accuracy: 0.9976 | mean f1-score: 0.9976 | weighted f1-score: 0.9976
The epoch: 135 | phase: val | loss: 1.7521 | accuracy: 0.7493 | mean f1-score: 0.7438 | weighted f1-score: 0.7460
The epoch: 135 | phase: test | loss: 2.0630 | accuracy: 0.7806 | mean f1-score: 0.7561 | weighted f1-score: 0.7724
Epoch 135 completed in 0m 3s
Epoch 136/149
----------
The epoch: 136 | phase: train | loss: 0.0059 | accuracy: 0.9982 | mean f1-score: 0.9982 | weighted f1-score: 0.9982
The epoch: 136 | phase: val | loss: 1.8116 | accuracy: 0.7515 | mean f1-score: 0.7473 | weighted f1-score: 0.7487
The epoch: 136 | phase: test | loss: 1.9369 | accuracy: 0.7843 | mean f1-score: 0.7654 | weighted f1-score: 0.7787
Epoch 136 completed in 0m 4s
Epoch 137/149
----------
The epoch: 137 | phase: train | loss: 0.0062 | accuracy: 0.9979 | mean f1-score: 0.9978 | weighted f1-score: 0.9979
The epoch: 137 | phase: val | loss: 1.6645 | accuracy: 0.7691 | mean f1-score: 0.7670 | weighted f1-score: 0.7683
The epoch: 137 | phase: test | loss: 2.0463 | accuracy: 0.7897 | mean f1-score: 0.7614 | weighted f1-score: 0.7791
Epoch 137 completed in 0m 3s
Epoch 138/149
----------
The epoch: 138 | phase: train | loss: 0.0056 | accuracy: 0.9980 | mean f1-score: 0.9980 | weighted f1-score: 0.9980
The epoch: 138 | phase: val | loss: 1.9636 | accuracy: 0.7476 | mean f1-score: 0.7426 | weighted f1-score: 0.7453
The epoch: 138 | phase: test | loss: 2.2266 | accuracy: 0.7864 | mean f1-score: 0.7669 | weighted f1-score: 0.7812
Epoch 138 completed in 0m 3s
Epoch 139/149
----------
The epoch: 139 | phase: train | loss: 0.0072 | accuracy: 0.9976 | mean f1-score: 0.9976 | weighted f1-score: 0.9976
The epoch: 139 | phase: val | loss: 1.8547 | accuracy: 0.7495 | mean f1-score: 0.7459 | weighted f1-score: 0.7478
The epoch: 139 | phase: test | loss: 2.2202 | accuracy: 0.7747 | mean f1-score: 0.7586 | weighted f1-score: 0.7705
Epoch 139 completed in 0m 3s
Epoch 140/149
----------
The epoch: 140 | phase: train | loss: 0.0070 | accuracy: 0.9977 | mean f1-score: 0.9977 | weighted f1-score: 0.9977
The epoch: 140 | phase: val | loss: 1.7255 | accuracy: 0.7619 | mean f1-score: 0.7581 | weighted f1-score: 0.7592
The epoch: 140 | phase: test | loss: 2.0876 | accuracy: 0.7785 | mean f1-score: 0.7629 | weighted f1-score: 0.7748
Epoch 140 completed in 0m 3s
Epoch 141/149
----------
The epoch: 141 | phase: train | loss: 0.0053 | accuracy: 0.9980 | mean f1-score: 0.9980 | weighted f1-score: 0.9980
The epoch: 141 | phase: val | loss: 1.6302 | accuracy: 0.7759 | mean f1-score: 0.7762 | weighted f1-score: 0.7768
The epoch: 141 | phase: test | loss: 1.7094 | accuracy: 0.7894 | mean f1-score: 0.7730 | weighted f1-score: 0.7858
Epoch 141 completed in 0m 3s
Epoch 142/149
----------
The epoch: 142 | phase: train | loss: 0.0063 | accuracy: 0.9981 | mean f1-score: 0.9980 | weighted f1-score: 0.9981
The epoch: 142 | phase: val | loss: 1.7713 | accuracy: 0.7523 | mean f1-score: 0.7493 | weighted f1-score: 0.7513
The epoch: 142 | phase: test | loss: 1.8504 | accuracy: 0.7951 | mean f1-score: 0.7798 | weighted f1-score: 0.7920
Epoch 142 completed in 0m 4s
Epoch 143/149
----------
The epoch: 143 | phase: train | loss: 0.0055 | accuracy: 0.9982 | mean f1-score: 0.9981 | weighted f1-score: 0.9982
The epoch: 143 | phase: val | loss: 1.7247 | accuracy: 0.7522 | mean f1-score: 0.7487 | weighted f1-score: 0.7515
The epoch: 143 | phase: test | loss: 1.8919 | accuracy: 0.7956 | mean f1-score: 0.7754 | weighted f1-score: 0.7896
Epoch 143 completed in 0m 3s
Epoch 144/149
----------
The epoch: 144 | phase: train | loss: 0.0063 | accuracy: 0.9981 | mean f1-score: 0.9981 | weighted f1-score: 0.9981
The epoch: 144 | phase: val | loss: 1.7001 | accuracy: 0.7610 | mean f1-score: 0.7588 | weighted f1-score: 0.7609
The epoch: 144 | phase: test | loss: 1.7277 | accuracy: 0.7974 | mean f1-score: 0.7819 | weighted f1-score: 0.7939
Epoch 144 completed in 0m 3s
Epoch 145/149
----------
The epoch: 145 | phase: train | loss: 0.0048 | accuracy: 0.9984 | mean f1-score: 0.9984 | weighted f1-score: 0.9984
The epoch: 145 | phase: val | loss: 1.9433 | accuracy: 0.7514 | mean f1-score: 0.7459 | weighted f1-score: 0.7484
The epoch: 145 | phase: test | loss: 2.3145 | accuracy: 0.7848 | mean f1-score: 0.7642 | weighted f1-score: 0.7778
Epoch 145 completed in 0m 3s
Epoch 146/149
----------
The epoch: 146 | phase: train | loss: 0.0047 | accuracy: 0.9985 | mean f1-score: 0.9985 | weighted f1-score: 0.9985
The epoch: 146 | phase: val | loss: 1.7666 | accuracy: 0.7727 | mean f1-score: 0.7699 | weighted f1-score: 0.7707
The epoch: 146 | phase: test | loss: 1.8345 | accuracy: 0.8013 | mean f1-score: 0.7806 | weighted f1-score: 0.7952
Epoch 146 completed in 0m 3s
Epoch 147/149
----------
The epoch: 147 | phase: train | loss: 0.0063 | accuracy: 0.9982 | mean f1-score: 0.9982 | weighted f1-score: 0.9982
The epoch: 147 | phase: val | loss: 2.0180 | accuracy: 0.7306 | mean f1-score: 0.7227 | weighted f1-score: 0.7264
The epoch: 147 | phase: test | loss: 1.7954 | accuracy: 0.8070 | mean f1-score: 0.7885 | weighted f1-score: 0.8022
Epoch 147 completed in 0m 3s
Epoch 148/149
----------
The epoch: 148 | phase: train | loss: 0.0070 | accuracy: 0.9977 | mean f1-score: 0.9976 | weighted f1-score: 0.9977
The epoch: 148 | phase: val | loss: 2.0537 | accuracy: 0.7145 | mean f1-score: 0.7087 | weighted f1-score: 0.7134
The epoch: 148 | phase: test | loss: 2.1727 | accuracy: 0.7810 | mean f1-score: 0.7621 | weighted f1-score: 0.7753
Epoch 148 completed in 0m 3s
Epoch 149/149
----------
The epoch: 149 | phase: train | loss: 0.0060 | accuracy: 0.9980 | mean f1-score: 0.9979 | weighted f1-score: 0.9980
The epoch: 149 | phase: val | loss: 1.9285 | accuracy: 0.7288 | mean f1-score: 0.7247 | weighted f1-score: 0.7288
The epoch: 149 | phase: test | loss: 1.7710 | accuracy: 0.7816 | mean f1-score: 0.7610 | weighted f1-score: 0.7754
Epoch 149 completed in 0m 3s
The best epoch is 20
Phase: train, loss: 0.16063009932133734, accuracy: 0.9471215774350167, f1_score: 0.9478648312632522, f1_score weighted: 0.9474737178651856 {'train': [], 'val': [], 'test': []}
Phase: val, loss: 0.5867418476164069, accuracy: 0.8435683995602324, f1_score: 0.8476740301816479, f1_score weighted: 0.8459495907190913 {'train': [], 'val': [], 'test': []}
Phase: test, loss: 0.6366893230826577, accuracy: 0.8419631901840491, f1_score: 0.8386828597168058, f1_score weighted: 0.8425451060776233 {'train': [], 'val': [], 'test': []}
------ Evaluation complete! ------
