Namespace(window=50, overlap=25, batch_size=64, learning_rate=0.0005, num_epochs=150, gpu_id='0', dataset='motionsense', kernel_size=3, num_steps_prediction=28, classifier_lr=0.0005, classifier_batch_size=256, saved_model='/workspaces/betania.silva/ssl_tools/contrastive-predictive-coding-for-har/models/May-11-2024/kuhar_k_28_lr_0.0005_bs_64.pkl', learning_schedule='all_layers', random_seed=42, input_size=6, num_classes=7, root_dir='/workspaces/betania.silva/view_concatenated', data_file='motionsense', device=device(type='cuda', index=0), padding=1)
Data Raw (401179, 6)
Data (16046, 50, 6)
Labels (16046,)
Data Raw (46525, 6)
Data (1860, 50, 6)
Labels (1860,)
Data Raw (117585, 6)
Data (4702, 50, 6)
Labels (4702,)
The batch size for train phase is: 256
The batch size for val phase is: 256
The batch size for test phase is: 256
Loading the pre-trained weights
Epoch 0/149
----------
The epoch: 0 | phase: train | loss: 0.8823 | accuracy: 0.6629 | mean f1-score: 0.5010 | weighted f1-score: 0.6293
The epoch: 0 | phase: val | loss: 0.6832 | accuracy: 0.7570 | mean f1-score: 0.7243 | weighted f1-score: 0.7513
The epoch: 0 | phase: test | loss: 0.6444 | accuracy: 0.7646 | mean f1-score: 0.7460 | weighted f1-score: 0.7500
Epoch 0 completed in 0m 4s
Epoch 1/149
----------
The epoch: 1 | phase: train | loss: 0.4335 | accuracy: 0.8587 | mean f1-score: 0.8561 | weighted f1-score: 0.8578
The epoch: 1 | phase: val | loss: 0.8354 | accuracy: 0.6823 | mean f1-score: 0.6466 | weighted f1-score: 0.6747
The epoch: 1 | phase: test | loss: 0.3224 | accuracy: 0.9011 | mean f1-score: 0.8904 | weighted f1-score: 0.9028
Epoch 1 completed in 0m 2s
Epoch 2/149
----------
The epoch: 2 | phase: train | loss: 0.2811 | accuracy: 0.9148 | mean f1-score: 0.9119 | weighted f1-score: 0.9148
The epoch: 2 | phase: val | loss: 0.5720 | accuracy: 0.7935 | mean f1-score: 0.7803 | weighted f1-score: 0.8059
The epoch: 2 | phase: test | loss: 0.1597 | accuracy: 0.9596 | mean f1-score: 0.9549 | weighted f1-score: 0.9598
Epoch 2 completed in 0m 3s
Epoch 3/149
----------
The epoch: 3 | phase: train | loss: 0.2145 | accuracy: 0.9389 | mean f1-score: 0.9356 | weighted f1-score: 0.9389
The epoch: 3 | phase: val | loss: 0.4502 | accuracy: 0.8452 | mean f1-score: 0.8263 | weighted f1-score: 0.8534
The epoch: 3 | phase: test | loss: 0.1580 | accuracy: 0.9545 | mean f1-score: 0.9511 | weighted f1-score: 0.9546
Epoch 3 completed in 0m 2s
Epoch 4/149
----------
The epoch: 4 | phase: train | loss: 0.1887 | accuracy: 0.9452 | mean f1-score: 0.9415 | weighted f1-score: 0.9452
The epoch: 4 | phase: val | loss: 0.5408 | accuracy: 0.7898 | mean f1-score: 0.7671 | weighted f1-score: 0.7905
The epoch: 4 | phase: test | loss: 0.1655 | accuracy: 0.9534 | mean f1-score: 0.9455 | weighted f1-score: 0.9538
Epoch 4 completed in 0m 2s
Epoch 5/149
----------
The epoch: 5 | phase: train | loss: 0.1750 | accuracy: 0.9499 | mean f1-score: 0.9462 | weighted f1-score: 0.9499
The epoch: 5 | phase: val | loss: 0.3474 | accuracy: 0.8866 | mean f1-score: 0.8475 | weighted f1-score: 0.8844
The epoch: 5 | phase: test | loss: 0.2220 | accuracy: 0.9377 | mean f1-score: 0.9261 | weighted f1-score: 0.9358
Epoch 5 completed in 0m 2s
Epoch 6/149
----------
The epoch: 6 | phase: train | loss: 0.1676 | accuracy: 0.9515 | mean f1-score: 0.9468 | weighted f1-score: 0.9514
The epoch: 6 | phase: val | loss: 0.4698 | accuracy: 0.8382 | mean f1-score: 0.8104 | weighted f1-score: 0.8502
The epoch: 6 | phase: test | loss: 0.1626 | accuracy: 0.9566 | mean f1-score: 0.9520 | weighted f1-score: 0.9565
Epoch 6 completed in 0m 2s
Epoch 7/149
----------
The epoch: 7 | phase: train | loss: 0.1488 | accuracy: 0.9556 | mean f1-score: 0.9510 | weighted f1-score: 0.9555
The epoch: 7 | phase: val | loss: 0.3219 | accuracy: 0.8925 | mean f1-score: 0.8519 | weighted f1-score: 0.8915
The epoch: 7 | phase: test | loss: 0.1712 | accuracy: 0.9496 | mean f1-score: 0.9392 | weighted f1-score: 0.9484
Epoch 7 completed in 0m 2s
Epoch 8/149
----------
The epoch: 8 | phase: train | loss: 0.1419 | accuracy: 0.9569 | mean f1-score: 0.9531 | weighted f1-score: 0.9569
The epoch: 8 | phase: val | loss: 0.6547 | accuracy: 0.7925 | mean f1-score: 0.7718 | weighted f1-score: 0.8056
The epoch: 8 | phase: test | loss: 0.1283 | accuracy: 0.9647 | mean f1-score: 0.9602 | weighted f1-score: 0.9647
Epoch 8 completed in 0m 2s
Epoch 9/149
----------
The epoch: 9 | phase: train | loss: 0.1342 | accuracy: 0.9602 | mean f1-score: 0.9560 | weighted f1-score: 0.9602
The epoch: 9 | phase: val | loss: 0.3423 | accuracy: 0.8871 | mean f1-score: 0.8591 | weighted f1-score: 0.8915
The epoch: 9 | phase: test | loss: 0.1289 | accuracy: 0.9636 | mean f1-score: 0.9595 | weighted f1-score: 0.9635
Epoch 9 completed in 0m 2s
Epoch 10/149
----------
The epoch: 10 | phase: train | loss: 0.1285 | accuracy: 0.9613 | mean f1-score: 0.9572 | weighted f1-score: 0.9613
The epoch: 10 | phase: val | loss: 0.7686 | accuracy: 0.7495 | mean f1-score: 0.7256 | weighted f1-score: 0.7655
The epoch: 10 | phase: test | loss: 0.2288 | accuracy: 0.9217 | mean f1-score: 0.8925 | weighted f1-score: 0.9173
Epoch 10 completed in 0m 2s
Epoch 11/149
----------
The epoch: 11 | phase: train | loss: 0.1191 | accuracy: 0.9628 | mean f1-score: 0.9580 | weighted f1-score: 0.9628
The epoch: 11 | phase: val | loss: 0.4555 | accuracy: 0.8769 | mean f1-score: 0.8370 | weighted f1-score: 0.8778
The epoch: 11 | phase: test | loss: 0.1599 | accuracy: 0.9538 | mean f1-score: 0.9436 | weighted f1-score: 0.9535
Epoch 11 completed in 0m 2s
Epoch 12/149
----------
The epoch: 12 | phase: train | loss: 0.1096 | accuracy: 0.9649 | mean f1-score: 0.9608 | weighted f1-score: 0.9649
The epoch: 12 | phase: val | loss: 0.5313 | accuracy: 0.8263 | mean f1-score: 0.8075 | weighted f1-score: 0.8419
The epoch: 12 | phase: test | loss: 0.1369 | accuracy: 0.9573 | mean f1-score: 0.9505 | weighted f1-score: 0.9572
Epoch 12 completed in 0m 3s
Epoch 13/149
----------
The epoch: 13 | phase: train | loss: 0.1013 | accuracy: 0.9671 | mean f1-score: 0.9639 | weighted f1-score: 0.9671
The epoch: 13 | phase: val | loss: 0.3536 | accuracy: 0.8801 | mean f1-score: 0.8574 | weighted f1-score: 0.8827
The epoch: 13 | phase: test | loss: 0.1605 | accuracy: 0.9511 | mean f1-score: 0.9501 | weighted f1-score: 0.9507
Epoch 13 completed in 0m 3s
Epoch 14/149
----------
The epoch: 14 | phase: train | loss: 0.1055 | accuracy: 0.9661 | mean f1-score: 0.9633 | weighted f1-score: 0.9661
The epoch: 14 | phase: val | loss: 0.7030 | accuracy: 0.8059 | mean f1-score: 0.7812 | weighted f1-score: 0.8224
The epoch: 14 | phase: test | loss: 0.1932 | accuracy: 0.9336 | mean f1-score: 0.9091 | weighted f1-score: 0.9345
Epoch 14 completed in 0m 3s
Epoch 15/149
----------
The epoch: 15 | phase: train | loss: 0.0881 | accuracy: 0.9719 | mean f1-score: 0.9691 | weighted f1-score: 0.9719
The epoch: 15 | phase: val | loss: 0.5662 | accuracy: 0.8188 | mean f1-score: 0.7815 | weighted f1-score: 0.8253
The epoch: 15 | phase: test | loss: 0.1158 | accuracy: 0.9647 | mean f1-score: 0.9598 | weighted f1-score: 0.9647
Epoch 15 completed in 0m 2s
Epoch 16/149
----------
The epoch: 16 | phase: train | loss: 0.0862 | accuracy: 0.9728 | mean f1-score: 0.9694 | weighted f1-score: 0.9728
The epoch: 16 | phase: val | loss: 0.5621 | accuracy: 0.8360 | mean f1-score: 0.8122 | weighted f1-score: 0.8484
The epoch: 16 | phase: test | loss: 0.1165 | accuracy: 0.9645 | mean f1-score: 0.9630 | weighted f1-score: 0.9645
Epoch 16 completed in 0m 3s
Epoch 17/149
----------
The epoch: 17 | phase: train | loss: 0.0822 | accuracy: 0.9739 | mean f1-score: 0.9706 | weighted f1-score: 0.9739
The epoch: 17 | phase: val | loss: 0.3568 | accuracy: 0.8672 | mean f1-score: 0.8381 | weighted f1-score: 0.8743
The epoch: 17 | phase: test | loss: 0.1121 | accuracy: 0.9653 | mean f1-score: 0.9601 | weighted f1-score: 0.9651
Epoch 17 completed in 0m 2s
Epoch 18/149
----------
The epoch: 18 | phase: train | loss: 0.0800 | accuracy: 0.9744 | mean f1-score: 0.9719 | weighted f1-score: 0.9744
The epoch: 18 | phase: val | loss: 0.4343 | accuracy: 0.8747 | mean f1-score: 0.8319 | weighted f1-score: 0.8765
The epoch: 18 | phase: test | loss: 0.1403 | accuracy: 0.9575 | mean f1-score: 0.9534 | weighted f1-score: 0.9572
Epoch 18 completed in 0m 2s
Epoch 19/149
----------
The epoch: 19 | phase: train | loss: 0.0710 | accuracy: 0.9773 | mean f1-score: 0.9742 | weighted f1-score: 0.9772
The epoch: 19 | phase: val | loss: 0.6577 | accuracy: 0.7914 | mean f1-score: 0.7773 | weighted f1-score: 0.8080
The epoch: 19 | phase: test | loss: 0.1437 | accuracy: 0.9543 | mean f1-score: 0.9423 | weighted f1-score: 0.9543
Epoch 19 completed in 0m 2s
Epoch 20/149
----------
The epoch: 20 | phase: train | loss: 0.0705 | accuracy: 0.9769 | mean f1-score: 0.9742 | weighted f1-score: 0.9769
The epoch: 20 | phase: val | loss: 0.7658 | accuracy: 0.7565 | mean f1-score: 0.7261 | weighted f1-score: 0.7617
The epoch: 20 | phase: test | loss: 0.1489 | accuracy: 0.9528 | mean f1-score: 0.9510 | weighted f1-score: 0.9530
Epoch 20 completed in 0m 2s
Epoch 21/149
----------
The epoch: 21 | phase: train | loss: 0.0788 | accuracy: 0.9737 | mean f1-score: 0.9725 | weighted f1-score: 0.9737
The epoch: 21 | phase: val | loss: 0.7754 | accuracy: 0.7839 | mean f1-score: 0.7648 | weighted f1-score: 0.7983
The epoch: 21 | phase: test | loss: 0.1607 | accuracy: 0.9492 | mean f1-score: 0.9328 | weighted f1-score: 0.9493
Epoch 21 completed in 0m 2s
Epoch 22/149
----------
The epoch: 22 | phase: train | loss: 0.0644 | accuracy: 0.9787 | mean f1-score: 0.9756 | weighted f1-score: 0.9787
The epoch: 22 | phase: val | loss: 0.4154 | accuracy: 0.8527 | mean f1-score: 0.8196 | weighted f1-score: 0.8589
The epoch: 22 | phase: test | loss: 0.1065 | accuracy: 0.9672 | mean f1-score: 0.9614 | weighted f1-score: 0.9671
Epoch 22 completed in 0m 3s
Epoch 23/149
----------
The epoch: 23 | phase: train | loss: 0.0648 | accuracy: 0.9792 | mean f1-score: 0.9762 | weighted f1-score: 0.9792
The epoch: 23 | phase: val | loss: 0.3908 | accuracy: 0.8785 | mean f1-score: 0.8464 | weighted f1-score: 0.8836
The epoch: 23 | phase: test | loss: 0.1804 | accuracy: 0.9475 | mean f1-score: 0.9378 | weighted f1-score: 0.9468
Epoch 23 completed in 0m 2s
Epoch 24/149
----------
The epoch: 24 | phase: train | loss: 0.0568 | accuracy: 0.9804 | mean f1-score: 0.9782 | weighted f1-score: 0.9804
The epoch: 24 | phase: val | loss: 0.4378 | accuracy: 0.8608 | mean f1-score: 0.8316 | weighted f1-score: 0.8692
The epoch: 24 | phase: test | loss: 0.1190 | accuracy: 0.9624 | mean f1-score: 0.9557 | weighted f1-score: 0.9622
Epoch 24 completed in 0m 2s
Epoch 25/149
----------
The epoch: 25 | phase: train | loss: 0.0507 | accuracy: 0.9832 | mean f1-score: 0.9816 | weighted f1-score: 0.9832
The epoch: 25 | phase: val | loss: 0.6007 | accuracy: 0.8091 | mean f1-score: 0.7827 | weighted f1-score: 0.8216
The epoch: 25 | phase: test | loss: 0.1060 | accuracy: 0.9662 | mean f1-score: 0.9611 | weighted f1-score: 0.9663
Epoch 25 completed in 0m 2s
Epoch 26/149
----------
The epoch: 26 | phase: train | loss: 0.0513 | accuracy: 0.9831 | mean f1-score: 0.9808 | weighted f1-score: 0.9831
The epoch: 26 | phase: val | loss: 0.4180 | accuracy: 0.8903 | mean f1-score: 0.8409 | weighted f1-score: 0.8878
The epoch: 26 | phase: test | loss: 0.1624 | accuracy: 0.9532 | mean f1-score: 0.9432 | weighted f1-score: 0.9523
Epoch 26 completed in 0m 2s
Epoch 27/149
----------
The epoch: 27 | phase: train | loss: 0.0490 | accuracy: 0.9831 | mean f1-score: 0.9811 | weighted f1-score: 0.9831
The epoch: 27 | phase: val | loss: 0.5911 | accuracy: 0.8516 | mean f1-score: 0.8123 | weighted f1-score: 0.8597
The epoch: 27 | phase: test | loss: 0.2063 | accuracy: 0.9392 | mean f1-score: 0.9245 | weighted f1-score: 0.9389
Epoch 27 completed in 0m 2s
Epoch 28/149
----------
The epoch: 28 | phase: train | loss: 0.0476 | accuracy: 0.9837 | mean f1-score: 0.9820 | weighted f1-score: 0.9837
The epoch: 28 | phase: val | loss: 0.5065 | accuracy: 0.8634 | mean f1-score: 0.8162 | weighted f1-score: 0.8638
The epoch: 28 | phase: test | loss: 0.1529 | accuracy: 0.9538 | mean f1-score: 0.9461 | weighted f1-score: 0.9533
Epoch 28 completed in 0m 2s
Epoch 29/149
----------
The epoch: 29 | phase: train | loss: 0.0426 | accuracy: 0.9855 | mean f1-score: 0.9842 | weighted f1-score: 0.9855
The epoch: 29 | phase: val | loss: 0.6085 | accuracy: 0.8387 | mean f1-score: 0.8068 | weighted f1-score: 0.8485
The epoch: 29 | phase: test | loss: 0.1389 | accuracy: 0.9558 | mean f1-score: 0.9448 | weighted f1-score: 0.9559
Epoch 29 completed in 0m 2s
Epoch 30/149
----------
The epoch: 30 | phase: train | loss: 0.0382 | accuracy: 0.9861 | mean f1-score: 0.9842 | weighted f1-score: 0.9861
The epoch: 30 | phase: val | loss: 0.5313 | accuracy: 0.8726 | mean f1-score: 0.8244 | weighted f1-score: 0.8746
The epoch: 30 | phase: test | loss: 0.1363 | accuracy: 0.9598 | mean f1-score: 0.9510 | weighted f1-score: 0.9596
Epoch 30 completed in 0m 2s
Epoch 31/149
----------
The epoch: 31 | phase: train | loss: 0.0437 | accuracy: 0.9844 | mean f1-score: 0.9823 | weighted f1-score: 0.9844
The epoch: 31 | phase: val | loss: 0.4001 | accuracy: 0.8866 | mean f1-score: 0.8337 | weighted f1-score: 0.8846
The epoch: 31 | phase: test | loss: 0.1412 | accuracy: 0.9579 | mean f1-score: 0.9489 | weighted f1-score: 0.9571
Epoch 31 completed in 0m 3s
Epoch 32/149
----------
The epoch: 32 | phase: train | loss: 0.0360 | accuracy: 0.9883 | mean f1-score: 0.9874 | weighted f1-score: 0.9883
The epoch: 32 | phase: val | loss: 0.5340 | accuracy: 0.8441 | mean f1-score: 0.8072 | weighted f1-score: 0.8519
The epoch: 32 | phase: test | loss: 0.1123 | accuracy: 0.9666 | mean f1-score: 0.9605 | weighted f1-score: 0.9666
Epoch 32 completed in 0m 2s
Epoch 33/149
----------
The epoch: 33 | phase: train | loss: 0.0365 | accuracy: 0.9879 | mean f1-score: 0.9864 | weighted f1-score: 0.9879
The epoch: 33 | phase: val | loss: 0.4797 | accuracy: 0.8952 | mean f1-score: 0.8470 | weighted f1-score: 0.8924
The epoch: 33 | phase: test | loss: 0.1726 | accuracy: 0.9579 | mean f1-score: 0.9482 | weighted f1-score: 0.9573
Epoch 33 completed in 0m 2s
Epoch 34/149
----------
The epoch: 34 | phase: train | loss: 0.0376 | accuracy: 0.9864 | mean f1-score: 0.9853 | weighted f1-score: 0.9864
The epoch: 34 | phase: val | loss: 0.6009 | accuracy: 0.8425 | mean f1-score: 0.8122 | weighted f1-score: 0.8528
The epoch: 34 | phase: test | loss: 0.1515 | accuracy: 0.9573 | mean f1-score: 0.9483 | weighted f1-score: 0.9571
Epoch 34 completed in 0m 2s
Epoch 35/149
----------
The epoch: 35 | phase: train | loss: 0.0383 | accuracy: 0.9873 | mean f1-score: 0.9859 | weighted f1-score: 0.9873
The epoch: 35 | phase: val | loss: 0.5206 | accuracy: 0.8753 | mean f1-score: 0.8277 | weighted f1-score: 0.8766
The epoch: 35 | phase: test | loss: 0.1368 | accuracy: 0.9585 | mean f1-score: 0.9502 | weighted f1-score: 0.9583
Epoch 35 completed in 0m 2s
Epoch 36/149
----------
The epoch: 36 | phase: train | loss: 0.0325 | accuracy: 0.9891 | mean f1-score: 0.9877 | weighted f1-score: 0.9891
The epoch: 36 | phase: val | loss: 0.4514 | accuracy: 0.8737 | mean f1-score: 0.8337 | weighted f1-score: 0.8775
The epoch: 36 | phase: test | loss: 0.1513 | accuracy: 0.9536 | mean f1-score: 0.9438 | weighted f1-score: 0.9532
Epoch 36 completed in 0m 2s
Epoch 37/149
----------
The epoch: 37 | phase: train | loss: 0.0346 | accuracy: 0.9880 | mean f1-score: 0.9865 | weighted f1-score: 0.9880
The epoch: 37 | phase: val | loss: 0.6526 | accuracy: 0.8285 | mean f1-score: 0.8038 | weighted f1-score: 0.8431
The epoch: 37 | phase: test | loss: 0.1226 | accuracy: 0.9632 | mean f1-score: 0.9556 | weighted f1-score: 0.9633
Epoch 37 completed in 0m 3s
Epoch 38/149
----------
The epoch: 38 | phase: train | loss: 0.0354 | accuracy: 0.9872 | mean f1-score: 0.9853 | weighted f1-score: 0.9872
The epoch: 38 | phase: val | loss: 0.5539 | accuracy: 0.8758 | mean f1-score: 0.8360 | weighted f1-score: 0.8781
The epoch: 38 | phase: test | loss: 0.1338 | accuracy: 0.9636 | mean f1-score: 0.9591 | weighted f1-score: 0.9635
Epoch 38 completed in 0m 2s
Epoch 39/149
----------
The epoch: 39 | phase: train | loss: 0.0323 | accuracy: 0.9898 | mean f1-score: 0.9892 | weighted f1-score: 0.9898
The epoch: 39 | phase: val | loss: 0.4822 | accuracy: 0.8839 | mean f1-score: 0.8431 | weighted f1-score: 0.8830
The epoch: 39 | phase: test | loss: 0.1620 | accuracy: 0.9553 | mean f1-score: 0.9476 | weighted f1-score: 0.9547
Epoch 39 completed in 0m 2s
Epoch 40/149
----------
The epoch: 40 | phase: train | loss: 0.0271 | accuracy: 0.9909 | mean f1-score: 0.9902 | weighted f1-score: 0.9909
The epoch: 40 | phase: val | loss: 0.6447 | accuracy: 0.8532 | mean f1-score: 0.8248 | weighted f1-score: 0.8643
The epoch: 40 | phase: test | loss: 0.1607 | accuracy: 0.9558 | mean f1-score: 0.9448 | weighted f1-score: 0.9556
Epoch 40 completed in 0m 3s
Epoch 41/149
----------
The epoch: 41 | phase: train | loss: 0.0286 | accuracy: 0.9909 | mean f1-score: 0.9899 | weighted f1-score: 0.9909
The epoch: 41 | phase: val | loss: 0.6041 | accuracy: 0.8661 | mean f1-score: 0.8061 | weighted f1-score: 0.8652
The epoch: 41 | phase: test | loss: 0.1826 | accuracy: 0.9530 | mean f1-score: 0.9417 | weighted f1-score: 0.9526
Epoch 41 completed in 0m 3s
Epoch 42/149
----------
The epoch: 42 | phase: train | loss: 0.0340 | accuracy: 0.9878 | mean f1-score: 0.9876 | weighted f1-score: 0.9879
The epoch: 42 | phase: val | loss: 0.5517 | accuracy: 0.8710 | mean f1-score: 0.8312 | weighted f1-score: 0.8759
The epoch: 42 | phase: test | loss: 0.1426 | accuracy: 0.9615 | mean f1-score: 0.9535 | weighted f1-score: 0.9614
Epoch 42 completed in 0m 3s
Epoch 43/149
----------
The epoch: 43 | phase: train | loss: 0.0290 | accuracy: 0.9887 | mean f1-score: 0.9879 | weighted f1-score: 0.9887
The epoch: 43 | phase: val | loss: 0.6715 | accuracy: 0.8274 | mean f1-score: 0.7898 | weighted f1-score: 0.8334
The epoch: 43 | phase: test | loss: 0.1661 | accuracy: 0.9532 | mean f1-score: 0.9444 | weighted f1-score: 0.9530
Epoch 43 completed in 0m 2s
Epoch 44/149
----------
The epoch: 44 | phase: train | loss: 0.0296 | accuracy: 0.9893 | mean f1-score: 0.9884 | weighted f1-score: 0.9893
The epoch: 44 | phase: val | loss: 0.4981 | accuracy: 0.8694 | mean f1-score: 0.8272 | weighted f1-score: 0.8746
The epoch: 44 | phase: test | loss: 0.1786 | accuracy: 0.9490 | mean f1-score: 0.9346 | weighted f1-score: 0.9484
Epoch 44 completed in 0m 2s
Epoch 45/149
----------
The epoch: 45 | phase: train | loss: 0.0237 | accuracy: 0.9919 | mean f1-score: 0.9916 | weighted f1-score: 0.9919
The epoch: 45 | phase: val | loss: 0.8911 | accuracy: 0.7946 | mean f1-score: 0.7726 | weighted f1-score: 0.8114
The epoch: 45 | phase: test | loss: 0.1487 | accuracy: 0.9587 | mean f1-score: 0.9509 | weighted f1-score: 0.9590
Epoch 45 completed in 0m 2s
Epoch 46/149
----------
The epoch: 46 | phase: train | loss: 0.0243 | accuracy: 0.9914 | mean f1-score: 0.9902 | weighted f1-score: 0.9914
The epoch: 46 | phase: val | loss: 0.7219 | accuracy: 0.8339 | mean f1-score: 0.7981 | weighted f1-score: 0.8433
The epoch: 46 | phase: test | loss: 0.1578 | accuracy: 0.9547 | mean f1-score: 0.9472 | weighted f1-score: 0.9546
Epoch 46 completed in 0m 2s
Epoch 47/149
----------
The epoch: 47 | phase: train | loss: 0.0207 | accuracy: 0.9930 | mean f1-score: 0.9926 | weighted f1-score: 0.9930
The epoch: 47 | phase: val | loss: 0.6639 | accuracy: 0.8538 | mean f1-score: 0.8200 | weighted f1-score: 0.8632
The epoch: 47 | phase: test | loss: 0.1571 | accuracy: 0.9607 | mean f1-score: 0.9544 | weighted f1-score: 0.9606
Epoch 47 completed in 0m 2s
Epoch 48/149
----------
The epoch: 48 | phase: train | loss: 0.0227 | accuracy: 0.9925 | mean f1-score: 0.9918 | weighted f1-score: 0.9925
The epoch: 48 | phase: val | loss: 0.6238 | accuracy: 0.8398 | mean f1-score: 0.8112 | weighted f1-score: 0.8505
The epoch: 48 | phase: test | loss: 0.1259 | accuracy: 0.9647 | mean f1-score: 0.9587 | weighted f1-score: 0.9646
Epoch 48 completed in 0m 3s
Epoch 49/149
----------
The epoch: 49 | phase: train | loss: 0.0221 | accuracy: 0.9920 | mean f1-score: 0.9913 | weighted f1-score: 0.9920
The epoch: 49 | phase: val | loss: 0.6260 | accuracy: 0.8629 | mean f1-score: 0.7959 | weighted f1-score: 0.8584
The epoch: 49 | phase: test | loss: 0.1901 | accuracy: 0.9500 | mean f1-score: 0.9393 | weighted f1-score: 0.9492
Epoch 49 completed in 0m 2s
Epoch 50/149
----------
The epoch: 50 | phase: train | loss: 0.0200 | accuracy: 0.9926 | mean f1-score: 0.9922 | weighted f1-score: 0.9926
The epoch: 50 | phase: val | loss: 0.7163 | accuracy: 0.8296 | mean f1-score: 0.7941 | weighted f1-score: 0.8380
The epoch: 50 | phase: test | loss: 0.1405 | accuracy: 0.9647 | mean f1-score: 0.9586 | weighted f1-score: 0.9647
Epoch 50 completed in 0m 2s
Epoch 51/149
----------
The epoch: 51 | phase: train | loss: 0.0179 | accuracy: 0.9939 | mean f1-score: 0.9942 | weighted f1-score: 0.9939
The epoch: 51 | phase: val | loss: 0.5716 | accuracy: 0.8753 | mean f1-score: 0.8319 | weighted f1-score: 0.8786
The epoch: 51 | phase: test | loss: 0.1508 | accuracy: 0.9632 | mean f1-score: 0.9568 | weighted f1-score: 0.9629
Epoch 51 completed in 0m 2s
Epoch 52/149
----------
The epoch: 52 | phase: train | loss: 0.0189 | accuracy: 0.9935 | mean f1-score: 0.9932 | weighted f1-score: 0.9935
The epoch: 52 | phase: val | loss: 0.5298 | accuracy: 0.8866 | mean f1-score: 0.8487 | weighted f1-score: 0.8903
The epoch: 52 | phase: test | loss: 0.1384 | accuracy: 0.9649 | mean f1-score: 0.9588 | weighted f1-score: 0.9648
Epoch 52 completed in 0m 2s
Epoch 53/149
----------
The epoch: 53 | phase: train | loss: 0.0152 | accuracy: 0.9948 | mean f1-score: 0.9949 | weighted f1-score: 0.9948
The epoch: 53 | phase: val | loss: 0.5598 | accuracy: 0.8833 | mean f1-score: 0.8430 | weighted f1-score: 0.8873
The epoch: 53 | phase: test | loss: 0.1381 | accuracy: 0.9677 | mean f1-score: 0.9612 | weighted f1-score: 0.9676
Epoch 53 completed in 0m 2s
Epoch 54/149
----------
The epoch: 54 | phase: train | loss: 0.0160 | accuracy: 0.9940 | mean f1-score: 0.9938 | weighted f1-score: 0.9940
The epoch: 54 | phase: val | loss: 0.6430 | accuracy: 0.8661 | mean f1-score: 0.8279 | weighted f1-score: 0.8734
The epoch: 54 | phase: test | loss: 0.2169 | accuracy: 0.9511 | mean f1-score: 0.9397 | weighted f1-score: 0.9506
Epoch 54 completed in 0m 2s
Epoch 55/149
----------
The epoch: 55 | phase: train | loss: 0.0185 | accuracy: 0.9933 | mean f1-score: 0.9936 | weighted f1-score: 0.9933
The epoch: 55 | phase: val | loss: 0.6322 | accuracy: 0.8823 | mean f1-score: 0.8427 | weighted f1-score: 0.8844
The epoch: 55 | phase: test | loss: 0.1947 | accuracy: 0.9536 | mean f1-score: 0.9447 | weighted f1-score: 0.9533
Epoch 55 completed in 0m 2s
Epoch 56/149
----------
The epoch: 56 | phase: train | loss: 0.0151 | accuracy: 0.9949 | mean f1-score: 0.9946 | weighted f1-score: 0.9949
The epoch: 56 | phase: val | loss: 0.7073 | accuracy: 0.8522 | mean f1-score: 0.8140 | weighted f1-score: 0.8586
The epoch: 56 | phase: test | loss: 0.1509 | accuracy: 0.9638 | mean f1-score: 0.9577 | weighted f1-score: 0.9637
Epoch 56 completed in 0m 2s
Epoch 57/149
----------
The epoch: 57 | phase: train | loss: 0.0141 | accuracy: 0.9951 | mean f1-score: 0.9949 | weighted f1-score: 0.9951
The epoch: 57 | phase: val | loss: 0.8194 | accuracy: 0.8462 | mean f1-score: 0.7850 | weighted f1-score: 0.8465
The epoch: 57 | phase: test | loss: 0.1977 | accuracy: 0.9553 | mean f1-score: 0.9449 | weighted f1-score: 0.9550
Epoch 57 completed in 0m 2s
Epoch 58/149
----------
The epoch: 58 | phase: train | loss: 0.0202 | accuracy: 0.9925 | mean f1-score: 0.9922 | weighted f1-score: 0.9925
The epoch: 58 | phase: val | loss: 0.8098 | accuracy: 0.8199 | mean f1-score: 0.7887 | weighted f1-score: 0.8317
The epoch: 58 | phase: test | loss: 0.1633 | accuracy: 0.9602 | mean f1-score: 0.9531 | weighted f1-score: 0.9602
Epoch 58 completed in 0m 2s
Epoch 59/149
----------
The epoch: 59 | phase: train | loss: 0.0160 | accuracy: 0.9941 | mean f1-score: 0.9938 | weighted f1-score: 0.9941
The epoch: 59 | phase: val | loss: 0.7612 | accuracy: 0.8500 | mean f1-score: 0.8033 | weighted f1-score: 0.8548
The epoch: 59 | phase: test | loss: 0.1817 | accuracy: 0.9575 | mean f1-score: 0.9512 | weighted f1-score: 0.9572
Epoch 59 completed in 0m 2s
Epoch 60/149
----------
The epoch: 60 | phase: train | loss: 0.0160 | accuracy: 0.9946 | mean f1-score: 0.9940 | weighted f1-score: 0.9946
The epoch: 60 | phase: val | loss: 0.7387 | accuracy: 0.8392 | mean f1-score: 0.8056 | weighted f1-score: 0.8512
The epoch: 60 | phase: test | loss: 0.1590 | accuracy: 0.9624 | mean f1-score: 0.9543 | weighted f1-score: 0.9622
Epoch 60 completed in 0m 2s
Epoch 61/149
----------
The epoch: 61 | phase: train | loss: 0.0172 | accuracy: 0.9940 | mean f1-score: 0.9939 | weighted f1-score: 0.9940
The epoch: 61 | phase: val | loss: 0.5762 | accuracy: 0.8591 | mean f1-score: 0.8138 | weighted f1-score: 0.8622
The epoch: 61 | phase: test | loss: 0.1814 | accuracy: 0.9534 | mean f1-score: 0.9401 | weighted f1-score: 0.9529
Epoch 61 completed in 0m 2s
Epoch 62/149
----------
The epoch: 62 | phase: train | loss: 0.0172 | accuracy: 0.9934 | mean f1-score: 0.9927 | weighted f1-score: 0.9934
The epoch: 62 | phase: val | loss: 0.5768 | accuracy: 0.8527 | mean f1-score: 0.8092 | weighted f1-score: 0.8584
The epoch: 62 | phase: test | loss: 0.1511 | accuracy: 0.9604 | mean f1-score: 0.9509 | weighted f1-score: 0.9605
Epoch 62 completed in 0m 2s
Epoch 63/149
----------
The epoch: 63 | phase: train | loss: 0.0140 | accuracy: 0.9952 | mean f1-score: 0.9952 | weighted f1-score: 0.9952
The epoch: 63 | phase: val | loss: 0.5982 | accuracy: 0.8704 | mean f1-score: 0.8238 | weighted f1-score: 0.8714
The epoch: 63 | phase: test | loss: 0.1856 | accuracy: 0.9528 | mean f1-score: 0.9424 | weighted f1-score: 0.9526
Epoch 63 completed in 0m 2s
Epoch 64/149
----------
The epoch: 64 | phase: train | loss: 0.0145 | accuracy: 0.9952 | mean f1-score: 0.9953 | weighted f1-score: 0.9952
The epoch: 64 | phase: val | loss: 0.6050 | accuracy: 0.8763 | mean f1-score: 0.8298 | weighted f1-score: 0.8789
The epoch: 64 | phase: test | loss: 0.1810 | accuracy: 0.9547 | mean f1-score: 0.9439 | weighted f1-score: 0.9545
Epoch 64 completed in 0m 2s
Epoch 65/149
----------
The epoch: 65 | phase: train | loss: 0.0133 | accuracy: 0.9954 | mean f1-score: 0.9949 | weighted f1-score: 0.9954
The epoch: 65 | phase: val | loss: 0.7288 | accuracy: 0.8656 | mean f1-score: 0.8244 | weighted f1-score: 0.8697
The epoch: 65 | phase: test | loss: 0.1561 | accuracy: 0.9651 | mean f1-score: 0.9588 | weighted f1-score: 0.9650
Epoch 65 completed in 0m 2s
Epoch 66/149
----------
The epoch: 66 | phase: train | loss: 0.0131 | accuracy: 0.9951 | mean f1-score: 0.9948 | weighted f1-score: 0.9951
The epoch: 66 | phase: val | loss: 0.7387 | accuracy: 0.8500 | mean f1-score: 0.8167 | weighted f1-score: 0.8605
The epoch: 66 | phase: test | loss: 0.1933 | accuracy: 0.9530 | mean f1-score: 0.9393 | weighted f1-score: 0.9530
Epoch 66 completed in 0m 2s
Epoch 67/149
----------
The epoch: 67 | phase: train | loss: 0.0156 | accuracy: 0.9949 | mean f1-score: 0.9950 | weighted f1-score: 0.9949
The epoch: 67 | phase: val | loss: 0.5518 | accuracy: 0.8855 | mean f1-score: 0.8457 | weighted f1-score: 0.8870
The epoch: 67 | phase: test | loss: 0.1664 | accuracy: 0.9602 | mean f1-score: 0.9511 | weighted f1-score: 0.9600
Epoch 67 completed in 0m 2s
Epoch 68/149
----------
The epoch: 68 | phase: train | loss: 0.0128 | accuracy: 0.9957 | mean f1-score: 0.9957 | weighted f1-score: 0.9957
The epoch: 68 | phase: val | loss: 0.6987 | accuracy: 0.8532 | mean f1-score: 0.8205 | weighted f1-score: 0.8623
The epoch: 68 | phase: test | loss: 0.2332 | accuracy: 0.9490 | mean f1-score: 0.9341 | weighted f1-score: 0.9482
Epoch 68 completed in 0m 2s
Epoch 69/149
----------
The epoch: 69 | phase: train | loss: 0.0130 | accuracy: 0.9955 | mean f1-score: 0.9950 | weighted f1-score: 0.9955
The epoch: 69 | phase: val | loss: 0.7533 | accuracy: 0.8597 | mean f1-score: 0.8116 | weighted f1-score: 0.8626
The epoch: 69 | phase: test | loss: 0.2122 | accuracy: 0.9519 | mean f1-score: 0.9402 | weighted f1-score: 0.9519
Epoch 69 completed in 0m 2s
Epoch 70/149
----------
The epoch: 70 | phase: train | loss: 0.0112 | accuracy: 0.9968 | mean f1-score: 0.9968 | weighted f1-score: 0.9968
The epoch: 70 | phase: val | loss: 0.6775 | accuracy: 0.8435 | mean f1-score: 0.8003 | weighted f1-score: 0.8502
The epoch: 70 | phase: test | loss: 0.1557 | accuracy: 0.9600 | mean f1-score: 0.9498 | weighted f1-score: 0.9600
Epoch 70 completed in 0m 2s
Epoch 71/149
----------
The epoch: 71 | phase: train | loss: 0.0098 | accuracy: 0.9966 | mean f1-score: 0.9965 | weighted f1-score: 0.9966
The epoch: 71 | phase: val | loss: 0.6060 | accuracy: 0.8844 | mean f1-score: 0.8442 | weighted f1-score: 0.8867
The epoch: 71 | phase: test | loss: 0.1794 | accuracy: 0.9604 | mean f1-score: 0.9532 | weighted f1-score: 0.9602
Epoch 71 completed in 0m 2s
Epoch 72/149
----------
The epoch: 72 | phase: train | loss: 0.0144 | accuracy: 0.9952 | mean f1-score: 0.9954 | weighted f1-score: 0.9952
The epoch: 72 | phase: val | loss: 0.6715 | accuracy: 0.8575 | mean f1-score: 0.8291 | weighted f1-score: 0.8687
The epoch: 72 | phase: test | loss: 0.1843 | accuracy: 0.9596 | mean f1-score: 0.9492 | weighted f1-score: 0.9595
Epoch 72 completed in 0m 2s
Epoch 73/149
----------
The epoch: 73 | phase: train | loss: 0.0140 | accuracy: 0.9951 | mean f1-score: 0.9951 | weighted f1-score: 0.9951
The epoch: 73 | phase: val | loss: 0.7659 | accuracy: 0.8409 | mean f1-score: 0.8075 | weighted f1-score: 0.8509
The epoch: 73 | phase: test | loss: 0.1682 | accuracy: 0.9609 | mean f1-score: 0.9530 | weighted f1-score: 0.9608
Epoch 73 completed in 0m 2s
Epoch 74/149
----------
The epoch: 74 | phase: train | loss: 0.0137 | accuracy: 0.9946 | mean f1-score: 0.9949 | weighted f1-score: 0.9946
The epoch: 74 | phase: val | loss: 0.6360 | accuracy: 0.8737 | mean f1-score: 0.8340 | weighted f1-score: 0.8775
The epoch: 74 | phase: test | loss: 0.1532 | accuracy: 0.9651 | mean f1-score: 0.9600 | weighted f1-score: 0.9650
Epoch 74 completed in 0m 2s
Epoch 75/149
----------
The epoch: 75 | phase: train | loss: 0.0116 | accuracy: 0.9958 | mean f1-score: 0.9956 | weighted f1-score: 0.9958
The epoch: 75 | phase: val | loss: 0.6554 | accuracy: 0.8559 | mean f1-score: 0.8262 | weighted f1-score: 0.8651
The epoch: 75 | phase: test | loss: 0.1815 | accuracy: 0.9602 | mean f1-score: 0.9521 | weighted f1-score: 0.9602
Epoch 75 completed in 0m 2s
Epoch 76/149
----------
The epoch: 76 | phase: train | loss: 0.0097 | accuracy: 0.9965 | mean f1-score: 0.9963 | weighted f1-score: 0.9965
The epoch: 76 | phase: val | loss: 0.6705 | accuracy: 0.8828 | mean f1-score: 0.8380 | weighted f1-score: 0.8855
The epoch: 76 | phase: test | loss: 0.1719 | accuracy: 0.9624 | mean f1-score: 0.9559 | weighted f1-score: 0.9622
Epoch 76 completed in 0m 2s
Epoch 77/149
----------
The epoch: 77 | phase: train | loss: 0.0094 | accuracy: 0.9967 | mean f1-score: 0.9968 | weighted f1-score: 0.9967
The epoch: 77 | phase: val | loss: 0.5792 | accuracy: 0.8833 | mean f1-score: 0.8441 | weighted f1-score: 0.8867
The epoch: 77 | phase: test | loss: 0.1725 | accuracy: 0.9594 | mean f1-score: 0.9508 | weighted f1-score: 0.9592
Epoch 77 completed in 0m 2s
Epoch 78/149
----------
The epoch: 78 | phase: train | loss: 0.0112 | accuracy: 0.9959 | mean f1-score: 0.9959 | weighted f1-score: 0.9959
The epoch: 78 | phase: val | loss: 0.6356 | accuracy: 0.8731 | mean f1-score: 0.8273 | weighted f1-score: 0.8742
The epoch: 78 | phase: test | loss: 0.1842 | accuracy: 0.9579 | mean f1-score: 0.9509 | weighted f1-score: 0.9576
Epoch 78 completed in 0m 2s
Epoch 79/149
----------
The epoch: 79 | phase: train | loss: 0.0091 | accuracy: 0.9969 | mean f1-score: 0.9970 | weighted f1-score: 0.9969
The epoch: 79 | phase: val | loss: 0.6306 | accuracy: 0.8812 | mean f1-score: 0.8455 | weighted f1-score: 0.8851
The epoch: 79 | phase: test | loss: 0.1964 | accuracy: 0.9575 | mean f1-score: 0.9478 | weighted f1-score: 0.9572
Epoch 79 completed in 0m 2s
Epoch 80/149
----------
The epoch: 80 | phase: train | loss: 0.0105 | accuracy: 0.9969 | mean f1-score: 0.9972 | weighted f1-score: 0.9969
The epoch: 80 | phase: val | loss: 0.7575 | accuracy: 0.8495 | mean f1-score: 0.8187 | weighted f1-score: 0.8599
The epoch: 80 | phase: test | loss: 0.1938 | accuracy: 0.9570 | mean f1-score: 0.9485 | weighted f1-score: 0.9570
Epoch 80 completed in 0m 2s
Epoch 81/149
----------
The epoch: 81 | phase: train | loss: 0.0106 | accuracy: 0.9961 | mean f1-score: 0.9961 | weighted f1-score: 0.9961
The epoch: 81 | phase: val | loss: 0.5677 | accuracy: 0.8785 | mean f1-score: 0.8442 | weighted f1-score: 0.8835
The epoch: 81 | phase: test | loss: 0.1835 | accuracy: 0.9590 | mean f1-score: 0.9497 | weighted f1-score: 0.9588
Epoch 81 completed in 0m 2s
Epoch 82/149
----------
The epoch: 82 | phase: train | loss: 0.0085 | accuracy: 0.9971 | mean f1-score: 0.9971 | weighted f1-score: 0.9971
The epoch: 82 | phase: val | loss: 0.7003 | accuracy: 0.8656 | mean f1-score: 0.8242 | weighted f1-score: 0.8701
The epoch: 82 | phase: test | loss: 0.2242 | accuracy: 0.9558 | mean f1-score: 0.9441 | weighted f1-score: 0.9555
Epoch 82 completed in 0m 2s
Epoch 83/149
----------
The epoch: 83 | phase: train | loss: 0.0094 | accuracy: 0.9964 | mean f1-score: 0.9964 | weighted f1-score: 0.9964
The epoch: 83 | phase: val | loss: 0.8576 | accuracy: 0.8274 | mean f1-score: 0.7940 | weighted f1-score: 0.8368
The epoch: 83 | phase: test | loss: 0.1693 | accuracy: 0.9638 | mean f1-score: 0.9562 | weighted f1-score: 0.9637
Epoch 83 completed in 0m 2s
Epoch 84/149
----------
The epoch: 84 | phase: train | loss: 0.0114 | accuracy: 0.9959 | mean f1-score: 0.9954 | weighted f1-score: 0.9959
The epoch: 84 | phase: val | loss: 0.5988 | accuracy: 0.8796 | mean f1-score: 0.8435 | weighted f1-score: 0.8829
The epoch: 84 | phase: test | loss: 0.1702 | accuracy: 0.9609 | mean f1-score: 0.9536 | weighted f1-score: 0.9608
Epoch 84 completed in 0m 2s
Epoch 85/149
----------
The epoch: 85 | phase: train | loss: 0.0078 | accuracy: 0.9973 | mean f1-score: 0.9975 | weighted f1-score: 0.9973
The epoch: 85 | phase: val | loss: 0.7543 | accuracy: 0.8602 | mean f1-score: 0.8301 | weighted f1-score: 0.8694
The epoch: 85 | phase: test | loss: 0.1815 | accuracy: 0.9600 | mean f1-score: 0.9505 | weighted f1-score: 0.9598
Epoch 85 completed in 0m 2s
Epoch 86/149
----------
The epoch: 86 | phase: train | loss: 0.0078 | accuracy: 0.9973 | mean f1-score: 0.9974 | weighted f1-score: 0.9973
The epoch: 86 | phase: val | loss: 0.6100 | accuracy: 0.8731 | mean f1-score: 0.8342 | weighted f1-score: 0.8779
The epoch: 86 | phase: test | loss: 0.1620 | accuracy: 0.9628 | mean f1-score: 0.9544 | weighted f1-score: 0.9626
Epoch 86 completed in 0m 2s
Epoch 87/149
----------
The epoch: 87 | phase: train | loss: 0.0096 | accuracy: 0.9967 | mean f1-score: 0.9968 | weighted f1-score: 0.9967
The epoch: 87 | phase: val | loss: 0.7286 | accuracy: 0.8522 | mean f1-score: 0.8122 | weighted f1-score: 0.8590
The epoch: 87 | phase: test | loss: 0.1884 | accuracy: 0.9560 | mean f1-score: 0.9436 | weighted f1-score: 0.9557
Epoch 87 completed in 0m 2s
Epoch 88/149
----------
The epoch: 88 | phase: train | loss: 0.0075 | accuracy: 0.9978 | mean f1-score: 0.9979 | weighted f1-score: 0.9978
The epoch: 88 | phase: val | loss: 0.6377 | accuracy: 0.8763 | mean f1-score: 0.8224 | weighted f1-score: 0.8751
The epoch: 88 | phase: test | loss: 0.2028 | accuracy: 0.9541 | mean f1-score: 0.9416 | weighted f1-score: 0.9538
Epoch 88 completed in 0m 2s
Epoch 89/149
----------
The epoch: 89 | phase: train | loss: 0.0064 | accuracy: 0.9979 | mean f1-score: 0.9980 | weighted f1-score: 0.9979
The epoch: 89 | phase: val | loss: 0.7449 | accuracy: 0.8720 | mean f1-score: 0.8310 | weighted f1-score: 0.8754
The epoch: 89 | phase: test | loss: 0.2217 | accuracy: 0.9547 | mean f1-score: 0.9429 | weighted f1-score: 0.9545
Epoch 89 completed in 0m 2s
Epoch 90/149
----------
The epoch: 90 | phase: train | loss: 0.0101 | accuracy: 0.9967 | mean f1-score: 0.9966 | weighted f1-score: 0.9967
The epoch: 90 | phase: val | loss: 0.7280 | accuracy: 0.8796 | mean f1-score: 0.8305 | weighted f1-score: 0.8799
The epoch: 90 | phase: test | loss: 0.1793 | accuracy: 0.9634 | mean f1-score: 0.9579 | weighted f1-score: 0.9633
Epoch 90 completed in 0m 2s
Epoch 91/149
----------
The epoch: 91 | phase: train | loss: 0.0101 | accuracy: 0.9968 | mean f1-score: 0.9967 | weighted f1-score: 0.9968
The epoch: 91 | phase: val | loss: 0.7516 | accuracy: 0.8656 | mean f1-score: 0.8290 | weighted f1-score: 0.8718
The epoch: 91 | phase: test | loss: 0.1722 | accuracy: 0.9632 | mean f1-score: 0.9550 | weighted f1-score: 0.9632
Epoch 91 completed in 0m 2s
Epoch 92/149
----------
The epoch: 92 | phase: train | loss: 0.0084 | accuracy: 0.9972 | mean f1-score: 0.9971 | weighted f1-score: 0.9972
The epoch: 92 | phase: val | loss: 0.7142 | accuracy: 0.8801 | mean f1-score: 0.8399 | weighted f1-score: 0.8839
The epoch: 92 | phase: test | loss: 0.2106 | accuracy: 0.9562 | mean f1-score: 0.9457 | weighted f1-score: 0.9559
Epoch 92 completed in 0m 2s
Epoch 93/149
----------
The epoch: 93 | phase: train | loss: 0.0071 | accuracy: 0.9976 | mean f1-score: 0.9973 | weighted f1-score: 0.9976
The epoch: 93 | phase: val | loss: 0.6056 | accuracy: 0.8866 | mean f1-score: 0.8473 | weighted f1-score: 0.8879
The epoch: 93 | phase: test | loss: 0.1811 | accuracy: 0.9645 | mean f1-score: 0.9597 | weighted f1-score: 0.9643
Epoch 93 completed in 0m 2s
Epoch 94/149
----------
The epoch: 94 | phase: train | loss: 0.0076 | accuracy: 0.9971 | mean f1-score: 0.9971 | weighted f1-score: 0.9971
The epoch: 94 | phase: val | loss: 0.7140 | accuracy: 0.8608 | mean f1-score: 0.8217 | weighted f1-score: 0.8669
The epoch: 94 | phase: test | loss: 0.1643 | accuracy: 0.9628 | mean f1-score: 0.9549 | weighted f1-score: 0.9626
Epoch 94 completed in 0m 2s
Epoch 95/149
----------
The epoch: 95 | phase: train | loss: 0.0067 | accuracy: 0.9978 | mean f1-score: 0.9976 | weighted f1-score: 0.9978
The epoch: 95 | phase: val | loss: 0.7560 | accuracy: 0.8753 | mean f1-score: 0.8318 | weighted f1-score: 0.8770
The epoch: 95 | phase: test | loss: 0.1977 | accuracy: 0.9617 | mean f1-score: 0.9540 | weighted f1-score: 0.9615
Epoch 95 completed in 0m 2s
Epoch 96/149
----------
The epoch: 96 | phase: train | loss: 0.0093 | accuracy: 0.9968 | mean f1-score: 0.9969 | weighted f1-score: 0.9968
The epoch: 96 | phase: val | loss: 0.8027 | accuracy: 0.8548 | mean f1-score: 0.8010 | weighted f1-score: 0.8549
The epoch: 96 | phase: test | loss: 0.2097 | accuracy: 0.9543 | mean f1-score: 0.9447 | weighted f1-score: 0.9538
Epoch 96 completed in 0m 2s
Epoch 97/149
----------
The epoch: 97 | phase: train | loss: 0.0094 | accuracy: 0.9966 | mean f1-score: 0.9967 | weighted f1-score: 0.9966
The epoch: 97 | phase: val | loss: 0.9657 | accuracy: 0.8301 | mean f1-score: 0.7995 | weighted f1-score: 0.8429
The epoch: 97 | phase: test | loss: 0.1841 | accuracy: 0.9600 | mean f1-score: 0.9548 | weighted f1-score: 0.9599
Epoch 97 completed in 0m 2s
Epoch 98/149
----------
The epoch: 98 | phase: train | loss: 0.0066 | accuracy: 0.9981 | mean f1-score: 0.9981 | weighted f1-score: 0.9981
The epoch: 98 | phase: val | loss: 0.8189 | accuracy: 0.8672 | mean f1-score: 0.8268 | weighted f1-score: 0.8710
The epoch: 98 | phase: test | loss: 0.1942 | accuracy: 0.9617 | mean f1-score: 0.9576 | weighted f1-score: 0.9616
Epoch 98 completed in 0m 2s
Epoch 99/149
----------
The epoch: 99 | phase: train | loss: 0.0072 | accuracy: 0.9977 | mean f1-score: 0.9976 | weighted f1-score: 0.9977
The epoch: 99 | phase: val | loss: 0.6143 | accuracy: 0.8828 | mean f1-score: 0.8425 | weighted f1-score: 0.8852
The epoch: 99 | phase: test | loss: 0.1891 | accuracy: 0.9613 | mean f1-score: 0.9547 | weighted f1-score: 0.9611
Epoch 99 completed in 0m 2s
Epoch 100/149
----------
The epoch: 100 | phase: train | loss: 0.0077 | accuracy: 0.9972 | mean f1-score: 0.9970 | weighted f1-score: 0.9972
The epoch: 100 | phase: val | loss: 0.8964 | accuracy: 0.8430 | mean f1-score: 0.8155 | weighted f1-score: 0.8552
The epoch: 100 | phase: test | loss: 0.1827 | accuracy: 0.9613 | mean f1-score: 0.9541 | weighted f1-score: 0.9613
Epoch 100 completed in 0m 2s
Epoch 101/149
----------
The epoch: 101 | phase: train | loss: 0.0054 | accuracy: 0.9985 | mean f1-score: 0.9985 | weighted f1-score: 0.9985
The epoch: 101 | phase: val | loss: 0.8385 | accuracy: 0.8468 | mean f1-score: 0.8149 | weighted f1-score: 0.8575
The epoch: 101 | phase: test | loss: 0.2064 | accuracy: 0.9583 | mean f1-score: 0.9479 | weighted f1-score: 0.9582
Epoch 101 completed in 0m 2s
Epoch 102/149
----------
The epoch: 102 | phase: train | loss: 0.0074 | accuracy: 0.9976 | mean f1-score: 0.9975 | weighted f1-score: 0.9976
The epoch: 102 | phase: val | loss: 0.9337 | accuracy: 0.8231 | mean f1-score: 0.7980 | weighted f1-score: 0.8376
The epoch: 102 | phase: test | loss: 0.2027 | accuracy: 0.9560 | mean f1-score: 0.9440 | weighted f1-score: 0.9559
Epoch 102 completed in 0m 2s
Epoch 103/149
----------
The epoch: 103 | phase: train | loss: 0.0069 | accuracy: 0.9978 | mean f1-score: 0.9978 | weighted f1-score: 0.9978
The epoch: 103 | phase: val | loss: 0.8686 | accuracy: 0.8392 | mean f1-score: 0.8111 | weighted f1-score: 0.8502
The epoch: 103 | phase: test | loss: 0.1906 | accuracy: 0.9613 | mean f1-score: 0.9534 | weighted f1-score: 0.9612
Epoch 103 completed in 0m 2s
Epoch 104/149
----------
The epoch: 104 | phase: train | loss: 0.0046 | accuracy: 0.9984 | mean f1-score: 0.9987 | weighted f1-score: 0.9984
The epoch: 104 | phase: val | loss: 0.7150 | accuracy: 0.8720 | mean f1-score: 0.8323 | weighted f1-score: 0.8754
The epoch: 104 | phase: test | loss: 0.2016 | accuracy: 0.9609 | mean f1-score: 0.9532 | weighted f1-score: 0.9606
Epoch 104 completed in 0m 2s
Epoch 105/149
----------
The epoch: 105 | phase: train | loss: 0.0073 | accuracy: 0.9973 | mean f1-score: 0.9977 | weighted f1-score: 0.9973
The epoch: 105 | phase: val | loss: 0.7769 | accuracy: 0.8677 | mean f1-score: 0.8290 | weighted f1-score: 0.8726
The epoch: 105 | phase: test | loss: 0.2038 | accuracy: 0.9594 | mean f1-score: 0.9506 | weighted f1-score: 0.9592
Epoch 105 completed in 0m 1s
Epoch 106/149
----------
The epoch: 106 | phase: train | loss: 0.0051 | accuracy: 0.9979 | mean f1-score: 0.9982 | weighted f1-score: 0.9979
The epoch: 106 | phase: val | loss: 0.7592 | accuracy: 0.8737 | mean f1-score: 0.8305 | weighted f1-score: 0.8764
The epoch: 106 | phase: test | loss: 0.2265 | accuracy: 0.9549 | mean f1-score: 0.9439 | weighted f1-score: 0.9547
Epoch 106 completed in 0m 1s
Epoch 107/149
----------
The epoch: 107 | phase: train | loss: 0.0054 | accuracy: 0.9981 | mean f1-score: 0.9980 | weighted f1-score: 0.9981
The epoch: 107 | phase: val | loss: 0.7916 | accuracy: 0.8672 | mean f1-score: 0.8321 | weighted f1-score: 0.8733
The epoch: 107 | phase: test | loss: 0.2365 | accuracy: 0.9556 | mean f1-score: 0.9455 | weighted f1-score: 0.9553
Epoch 107 completed in 0m 1s
Epoch 108/149
----------
The epoch: 108 | phase: train | loss: 0.0069 | accuracy: 0.9978 | mean f1-score: 0.9977 | weighted f1-score: 0.9978
The epoch: 108 | phase: val | loss: 0.7405 | accuracy: 0.8704 | mean f1-score: 0.8313 | weighted f1-score: 0.8755
The epoch: 108 | phase: test | loss: 0.2077 | accuracy: 0.9607 | mean f1-score: 0.9523 | weighted f1-score: 0.9604
Epoch 108 completed in 0m 2s
Epoch 109/149
----------
The epoch: 109 | phase: train | loss: 0.0044 | accuracy: 0.9983 | mean f1-score: 0.9983 | weighted f1-score: 0.9983
The epoch: 109 | phase: val | loss: 0.8269 | accuracy: 0.8715 | mean f1-score: 0.8313 | weighted f1-score: 0.8751
The epoch: 109 | phase: test | loss: 0.2300 | accuracy: 0.9575 | mean f1-score: 0.9509 | weighted f1-score: 0.9572
Epoch 109 completed in 0m 2s
Epoch 110/149
----------
The epoch: 110 | phase: train | loss: 0.0060 | accuracy: 0.9983 | mean f1-score: 0.9983 | weighted f1-score: 0.9983
The epoch: 110 | phase: val | loss: 0.8500 | accuracy: 0.8554 | mean f1-score: 0.8214 | weighted f1-score: 0.8636
The epoch: 110 | phase: test | loss: 0.1969 | accuracy: 0.9626 | mean f1-score: 0.9547 | weighted f1-score: 0.9624
Epoch 110 completed in 0m 2s
Epoch 111/149
----------
The epoch: 111 | phase: train | loss: 0.0045 | accuracy: 0.9989 | mean f1-score: 0.9991 | weighted f1-score: 0.9989
The epoch: 111 | phase: val | loss: 0.7215 | accuracy: 0.8699 | mean f1-score: 0.8347 | weighted f1-score: 0.8763
The epoch: 111 | phase: test | loss: 0.1794 | accuracy: 0.9641 | mean f1-score: 0.9575 | weighted f1-score: 0.9639
Epoch 111 completed in 0m 2s
Epoch 112/149
----------
The epoch: 112 | phase: train | loss: 0.0057 | accuracy: 0.9982 | mean f1-score: 0.9984 | weighted f1-score: 0.9982
The epoch: 112 | phase: val | loss: 0.7275 | accuracy: 0.8661 | mean f1-score: 0.8286 | weighted f1-score: 0.8711
The epoch: 112 | phase: test | loss: 0.1629 | accuracy: 0.9679 | mean f1-score: 0.9626 | weighted f1-score: 0.9678
Epoch 112 completed in 0m 2s
Epoch 113/149
----------
The epoch: 113 | phase: train | loss: 0.0060 | accuracy: 0.9978 | mean f1-score: 0.9979 | weighted f1-score: 0.9978
The epoch: 113 | phase: val | loss: 0.8730 | accuracy: 0.8591 | mean f1-score: 0.8280 | weighted f1-score: 0.8677
The epoch: 113 | phase: test | loss: 0.1857 | accuracy: 0.9664 | mean f1-score: 0.9601 | weighted f1-score: 0.9663
Epoch 113 completed in 0m 2s
Epoch 114/149
----------
The epoch: 114 | phase: train | loss: 0.0055 | accuracy: 0.9980 | mean f1-score: 0.9979 | weighted f1-score: 0.9980
The epoch: 114 | phase: val | loss: 0.8598 | accuracy: 0.8677 | mean f1-score: 0.8289 | weighted f1-score: 0.8721
The epoch: 114 | phase: test | loss: 0.2012 | accuracy: 0.9617 | mean f1-score: 0.9564 | weighted f1-score: 0.9615
Epoch 114 completed in 0m 2s
Epoch 115/149
----------
The epoch: 115 | phase: train | loss: 0.0084 | accuracy: 0.9969 | mean f1-score: 0.9971 | weighted f1-score: 0.9969
The epoch: 115 | phase: val | loss: 0.9238 | accuracy: 0.8478 | mean f1-score: 0.8120 | weighted f1-score: 0.8578
The epoch: 115 | phase: test | loss: 0.2327 | accuracy: 0.9545 | mean f1-score: 0.9434 | weighted f1-score: 0.9542
Epoch 115 completed in 0m 2s
Epoch 116/149
----------
The epoch: 116 | phase: train | loss: 0.0068 | accuracy: 0.9977 | mean f1-score: 0.9973 | weighted f1-score: 0.9977
The epoch: 116 | phase: val | loss: 0.9227 | accuracy: 0.8516 | mean f1-score: 0.8178 | weighted f1-score: 0.8594
The epoch: 116 | phase: test | loss: 0.2259 | accuracy: 0.9543 | mean f1-score: 0.9430 | weighted f1-score: 0.9541
Epoch 116 completed in 0m 2s
Epoch 117/149
----------
The epoch: 117 | phase: train | loss: 0.0045 | accuracy: 0.9985 | mean f1-score: 0.9985 | weighted f1-score: 0.9985
The epoch: 117 | phase: val | loss: 0.7902 | accuracy: 0.8667 | mean f1-score: 0.8244 | weighted f1-score: 0.8695
The epoch: 117 | phase: test | loss: 0.2092 | accuracy: 0.9579 | mean f1-score: 0.9495 | weighted f1-score: 0.9576
Epoch 117 completed in 0m 1s
Epoch 118/149
----------
The epoch: 118 | phase: train | loss: 0.0073 | accuracy: 0.9977 | mean f1-score: 0.9977 | weighted f1-score: 0.9977
The epoch: 118 | phase: val | loss: 0.8251 | accuracy: 0.8699 | mean f1-score: 0.8290 | weighted f1-score: 0.8728
The epoch: 118 | phase: test | loss: 0.2173 | accuracy: 0.9617 | mean f1-score: 0.9531 | weighted f1-score: 0.9616
Epoch 118 completed in 0m 1s
Epoch 119/149
----------
The epoch: 119 | phase: train | loss: 0.0058 | accuracy: 0.9979 | mean f1-score: 0.9979 | weighted f1-score: 0.9979
The epoch: 119 | phase: val | loss: 0.8746 | accuracy: 0.8516 | mean f1-score: 0.8134 | weighted f1-score: 0.8583
The epoch: 119 | phase: test | loss: 0.2152 | accuracy: 0.9609 | mean f1-score: 0.9526 | weighted f1-score: 0.9607
Epoch 119 completed in 0m 1s
Epoch 120/149
----------
The epoch: 120 | phase: train | loss: 0.0059 | accuracy: 0.9981 | mean f1-score: 0.9980 | weighted f1-score: 0.9981
The epoch: 120 | phase: val | loss: 0.8854 | accuracy: 0.8559 | mean f1-score: 0.8215 | weighted f1-score: 0.8631
The epoch: 120 | phase: test | loss: 0.2216 | accuracy: 0.9583 | mean f1-score: 0.9500 | weighted f1-score: 0.9582
Epoch 120 completed in 0m 2s
Epoch 121/149
----------
The epoch: 121 | phase: train | loss: 0.0050 | accuracy: 0.9983 | mean f1-score: 0.9982 | weighted f1-score: 0.9983
The epoch: 121 | phase: val | loss: 0.9387 | accuracy: 0.8468 | mean f1-score: 0.8186 | weighted f1-score: 0.8567
The epoch: 121 | phase: test | loss: 0.2371 | accuracy: 0.9596 | mean f1-score: 0.9488 | weighted f1-score: 0.9595
Epoch 121 completed in 0m 2s
Epoch 122/149
----------
The epoch: 122 | phase: train | loss: 0.0067 | accuracy: 0.9978 | mean f1-score: 0.9976 | weighted f1-score: 0.9978
The epoch: 122 | phase: val | loss: 0.8728 | accuracy: 0.8457 | mean f1-score: 0.8088 | weighted f1-score: 0.8530
The epoch: 122 | phase: test | loss: 0.2089 | accuracy: 0.9596 | mean f1-score: 0.9490 | weighted f1-score: 0.9595
Epoch 122 completed in 0m 2s
Epoch 123/149
----------
The epoch: 123 | phase: train | loss: 0.0052 | accuracy: 0.9984 | mean f1-score: 0.9985 | weighted f1-score: 0.9984
The epoch: 123 | phase: val | loss: 1.0348 | accuracy: 0.8167 | mean f1-score: 0.7927 | weighted f1-score: 0.8301
The epoch: 123 | phase: test | loss: 0.2122 | accuracy: 0.9573 | mean f1-score: 0.9461 | weighted f1-score: 0.9573
Epoch 123 completed in 0m 2s
Epoch 124/149
----------
The epoch: 124 | phase: train | loss: 0.0054 | accuracy: 0.9981 | mean f1-score: 0.9980 | weighted f1-score: 0.9981
The epoch: 124 | phase: val | loss: 0.7852 | accuracy: 0.8769 | mean f1-score: 0.8308 | weighted f1-score: 0.8771
The epoch: 124 | phase: test | loss: 0.2255 | accuracy: 0.9602 | mean f1-score: 0.9535 | weighted f1-score: 0.9599
Epoch 124 completed in 0m 2s
Epoch 125/149
----------
The epoch: 125 | phase: train | loss: 0.0051 | accuracy: 0.9980 | mean f1-score: 0.9981 | weighted f1-score: 0.9980
The epoch: 125 | phase: val | loss: 0.7591 | accuracy: 0.8694 | mean f1-score: 0.8338 | weighted f1-score: 0.8752
The epoch: 125 | phase: test | loss: 0.1695 | accuracy: 0.9685 | mean f1-score: 0.9634 | weighted f1-score: 0.9684
Epoch 125 completed in 0m 2s
Epoch 126/149
----------
The epoch: 126 | phase: train | loss: 0.0039 | accuracy: 0.9984 | mean f1-score: 0.9982 | weighted f1-score: 0.9984
The epoch: 126 | phase: val | loss: 0.7625 | accuracy: 0.8726 | mean f1-score: 0.8339 | weighted f1-score: 0.8773
The epoch: 126 | phase: test | loss: 0.1966 | accuracy: 0.9641 | mean f1-score: 0.9573 | weighted f1-score: 0.9639
Epoch 126 completed in 0m 2s
Epoch 127/149
----------
The epoch: 127 | phase: train | loss: 0.0036 | accuracy: 0.9988 | mean f1-score: 0.9987 | weighted f1-score: 0.9988
The epoch: 127 | phase: val | loss: 0.8971 | accuracy: 0.8511 | mean f1-score: 0.8195 | weighted f1-score: 0.8609
The epoch: 127 | phase: test | loss: 0.1875 | accuracy: 0.9653 | mean f1-score: 0.9586 | weighted f1-score: 0.9653
Epoch 127 completed in 0m 2s
Epoch 128/149
----------
The epoch: 128 | phase: train | loss: 0.0043 | accuracy: 0.9983 | mean f1-score: 0.9984 | weighted f1-score: 0.9983
The epoch: 128 | phase: val | loss: 1.0181 | accuracy: 0.8409 | mean f1-score: 0.8140 | weighted f1-score: 0.8527
The epoch: 128 | phase: test | loss: 0.1978 | accuracy: 0.9630 | mean f1-score: 0.9559 | weighted f1-score: 0.9630
Epoch 128 completed in 0m 2s
Epoch 129/149
----------
The epoch: 129 | phase: train | loss: 0.0064 | accuracy: 0.9979 | mean f1-score: 0.9980 | weighted f1-score: 0.9979
The epoch: 129 | phase: val | loss: 0.7942 | accuracy: 0.8661 | mean f1-score: 0.8272 | weighted f1-score: 0.8716
The epoch: 129 | phase: test | loss: 0.1975 | accuracy: 0.9634 | mean f1-score: 0.9582 | weighted f1-score: 0.9633
Epoch 129 completed in 0m 2s
Epoch 130/149
----------
The epoch: 130 | phase: train | loss: 0.0040 | accuracy: 0.9987 | mean f1-score: 0.9988 | weighted f1-score: 0.9987
The epoch: 130 | phase: val | loss: 0.8292 | accuracy: 0.8597 | mean f1-score: 0.8251 | weighted f1-score: 0.8669
The epoch: 130 | phase: test | loss: 0.1896 | accuracy: 0.9660 | mean f1-score: 0.9588 | weighted f1-score: 0.9658
Epoch 130 completed in 0m 2s
Epoch 131/149
----------
The epoch: 131 | phase: train | loss: 0.0038 | accuracy: 0.9985 | mean f1-score: 0.9986 | weighted f1-score: 0.9985
The epoch: 131 | phase: val | loss: 0.8220 | accuracy: 0.8602 | mean f1-score: 0.8260 | weighted f1-score: 0.8684
The epoch: 131 | phase: test | loss: 0.1953 | accuracy: 0.9636 | mean f1-score: 0.9560 | weighted f1-score: 0.9635
Epoch 131 completed in 0m 2s
Epoch 132/149
----------
The epoch: 132 | phase: train | loss: 0.0050 | accuracy: 0.9983 | mean f1-score: 0.9980 | weighted f1-score: 0.9983
The epoch: 132 | phase: val | loss: 1.1285 | accuracy: 0.8172 | mean f1-score: 0.7954 | weighted f1-score: 0.8327
The epoch: 132 | phase: test | loss: 0.2656 | accuracy: 0.9492 | mean f1-score: 0.9346 | weighted f1-score: 0.9490
Epoch 132 completed in 0m 2s
Epoch 133/149
----------
The epoch: 133 | phase: train | loss: 0.0065 | accuracy: 0.9980 | mean f1-score: 0.9978 | weighted f1-score: 0.9980
The epoch: 133 | phase: val | loss: 0.6668 | accuracy: 0.8731 | mean f1-score: 0.8333 | weighted f1-score: 0.8754
The epoch: 133 | phase: test | loss: 0.2214 | accuracy: 0.9598 | mean f1-score: 0.9510 | weighted f1-score: 0.9594
Epoch 133 completed in 0m 2s
Epoch 134/149
----------
The epoch: 134 | phase: train | loss: 0.0047 | accuracy: 0.9985 | mean f1-score: 0.9983 | weighted f1-score: 0.9985
The epoch: 134 | phase: val | loss: 0.7469 | accuracy: 0.8613 | mean f1-score: 0.8257 | weighted f1-score: 0.8688
The epoch: 134 | phase: test | loss: 0.1794 | accuracy: 0.9641 | mean f1-score: 0.9557 | weighted f1-score: 0.9639
Epoch 134 completed in 0m 2s
Epoch 135/149
----------
The epoch: 135 | phase: train | loss: 0.0039 | accuracy: 0.9988 | mean f1-score: 0.9987 | weighted f1-score: 0.9988
The epoch: 135 | phase: val | loss: 0.8929 | accuracy: 0.8559 | mean f1-score: 0.8182 | weighted f1-score: 0.8630
The epoch: 135 | phase: test | loss: 0.2264 | accuracy: 0.9573 | mean f1-score: 0.9465 | weighted f1-score: 0.9572
Epoch 135 completed in 0m 2s
Epoch 136/149
----------
The epoch: 136 | phase: train | loss: 0.0035 | accuracy: 0.9990 | mean f1-score: 0.9990 | weighted f1-score: 0.9990
The epoch: 136 | phase: val | loss: 0.7876 | accuracy: 0.8785 | mean f1-score: 0.8434 | weighted f1-score: 0.8827
The epoch: 136 | phase: test | loss: 0.2352 | accuracy: 0.9562 | mean f1-score: 0.9466 | weighted f1-score: 0.9560
Epoch 136 completed in 0m 2s
Epoch 137/149
----------
The epoch: 137 | phase: train | loss: 0.0031 | accuracy: 0.9988 | mean f1-score: 0.9989 | weighted f1-score: 0.9988
The epoch: 137 | phase: val | loss: 0.8603 | accuracy: 0.8602 | mean f1-score: 0.8279 | weighted f1-score: 0.8682
The epoch: 137 | phase: test | loss: 0.2062 | accuracy: 0.9626 | mean f1-score: 0.9548 | weighted f1-score: 0.9625
Epoch 137 completed in 0m 1s
Epoch 138/149
----------
The epoch: 138 | phase: train | loss: 0.0031 | accuracy: 0.9991 | mean f1-score: 0.9992 | weighted f1-score: 0.9991
The epoch: 138 | phase: val | loss: 0.7639 | accuracy: 0.8790 | mean f1-score: 0.8429 | weighted f1-score: 0.8834
The epoch: 138 | phase: test | loss: 0.2021 | accuracy: 0.9632 | mean f1-score: 0.9560 | weighted f1-score: 0.9630
Epoch 138 completed in 0m 2s
Epoch 139/149
----------
The epoch: 139 | phase: train | loss: 0.0038 | accuracy: 0.9986 | mean f1-score: 0.9984 | weighted f1-score: 0.9986
The epoch: 139 | phase: val | loss: 1.0237 | accuracy: 0.8210 | mean f1-score: 0.7984 | weighted f1-score: 0.8327
The epoch: 139 | phase: test | loss: 0.1951 | accuracy: 0.9594 | mean f1-score: 0.9489 | weighted f1-score: 0.9594
Epoch 139 completed in 0m 2s
Epoch 140/149
----------
The epoch: 140 | phase: train | loss: 0.0032 | accuracy: 0.9991 | mean f1-score: 0.9991 | weighted f1-score: 0.9991
The epoch: 140 | phase: val | loss: 0.7012 | accuracy: 0.8839 | mean f1-score: 0.8481 | weighted f1-score: 0.8880
The epoch: 140 | phase: test | loss: 0.1755 | accuracy: 0.9660 | mean f1-score: 0.9597 | weighted f1-score: 0.9658
Epoch 140 completed in 0m 1s
Epoch 141/149
----------
The epoch: 141 | phase: train | loss: 0.0034 | accuracy: 0.9989 | mean f1-score: 0.9990 | weighted f1-score: 0.9989
The epoch: 141 | phase: val | loss: 0.7826 | accuracy: 0.8839 | mean f1-score: 0.8451 | weighted f1-score: 0.8879
The epoch: 141 | phase: test | loss: 0.2048 | accuracy: 0.9641 | mean f1-score: 0.9582 | weighted f1-score: 0.9640
Epoch 141 completed in 0m 2s
Epoch 142/149
----------
The epoch: 142 | phase: train | loss: 0.0039 | accuracy: 0.9987 | mean f1-score: 0.9987 | weighted f1-score: 0.9987
The epoch: 142 | phase: val | loss: 0.8055 | accuracy: 0.8688 | mean f1-score: 0.8362 | weighted f1-score: 0.8751
The epoch: 142 | phase: test | loss: 0.1871 | accuracy: 0.9658 | mean f1-score: 0.9591 | weighted f1-score: 0.9656
Epoch 142 completed in 0m 2s
Epoch 143/149
----------
The epoch: 143 | phase: train | loss: 0.0028 | accuracy: 0.9991 | mean f1-score: 0.9992 | weighted f1-score: 0.9991
The epoch: 143 | phase: val | loss: 0.7068 | accuracy: 0.8903 | mean f1-score: 0.8550 | weighted f1-score: 0.8926
The epoch: 143 | phase: test | loss: 0.2074 | accuracy: 0.9634 | mean f1-score: 0.9570 | weighted f1-score: 0.9633
Epoch 143 completed in 0m 2s
Epoch 144/149
----------
The epoch: 144 | phase: train | loss: 0.0037 | accuracy: 0.9987 | mean f1-score: 0.9988 | weighted f1-score: 0.9987
The epoch: 144 | phase: val | loss: 0.8636 | accuracy: 0.8613 | mean f1-score: 0.8275 | weighted f1-score: 0.8694
The epoch: 144 | phase: test | loss: 0.2089 | accuracy: 0.9624 | mean f1-score: 0.9554 | weighted f1-score: 0.9621
Epoch 144 completed in 0m 2s
Epoch 145/149
----------
The epoch: 145 | phase: train | loss: 0.0032 | accuracy: 0.9988 | mean f1-score: 0.9986 | weighted f1-score: 0.9988
The epoch: 145 | phase: val | loss: 0.8566 | accuracy: 0.8597 | mean f1-score: 0.8263 | weighted f1-score: 0.8686
The epoch: 145 | phase: test | loss: 0.2107 | accuracy: 0.9628 | mean f1-score: 0.9574 | weighted f1-score: 0.9627
Epoch 145 completed in 0m 2s
Epoch 146/149
----------
The epoch: 146 | phase: train | loss: 0.0078 | accuracy: 0.9977 | mean f1-score: 0.9979 | weighted f1-score: 0.9977
The epoch: 146 | phase: val | loss: 0.8792 | accuracy: 0.8468 | mean f1-score: 0.8142 | weighted f1-score: 0.8568
The epoch: 146 | phase: test | loss: 0.2030 | accuracy: 0.9647 | mean f1-score: 0.9586 | weighted f1-score: 0.9646
Epoch 146 completed in 0m 3s
Epoch 147/149
----------
The epoch: 147 | phase: train | loss: 0.0053 | accuracy: 0.9981 | mean f1-score: 0.9982 | weighted f1-score: 0.9981
The epoch: 147 | phase: val | loss: 0.9461 | accuracy: 0.8495 | mean f1-score: 0.8228 | weighted f1-score: 0.8600
The epoch: 147 | phase: test | loss: 0.2257 | accuracy: 0.9596 | mean f1-score: 0.9500 | weighted f1-score: 0.9595
Epoch 147 completed in 0m 3s
Epoch 148/149
----------
The epoch: 148 | phase: train | loss: 0.0038 | accuracy: 0.9987 | mean f1-score: 0.9988 | weighted f1-score: 0.9987
The epoch: 148 | phase: val | loss: 0.8359 | accuracy: 0.8618 | mean f1-score: 0.8297 | weighted f1-score: 0.8695
The epoch: 148 | phase: test | loss: 0.2246 | accuracy: 0.9581 | mean f1-score: 0.9494 | weighted f1-score: 0.9580
Epoch 148 completed in 0m 3s
Epoch 149/149
----------
The epoch: 149 | phase: train | loss: 0.0038 | accuracy: 0.9989 | mean f1-score: 0.9989 | weighted f1-score: 0.9989
The epoch: 149 | phase: val | loss: 0.8663 | accuracy: 0.8505 | mean f1-score: 0.8234 | weighted f1-score: 0.8611
The epoch: 149 | phase: test | loss: 0.2162 | accuracy: 0.9611 | mean f1-score: 0.9523 | weighted f1-score: 0.9610
Epoch 149 completed in 0m 2s
The best epoch is 9
Phase: train, loss: 0.13423323805130405, accuracy: 0.9602393119780631, f1_score: 0.9560365289913487, f1_score weighted: 0.9602179158240347 {'train': [], 'val': [], 'test': []}
Phase: val, loss: 0.34225892495083554, accuracy: 0.8870967741935484, f1_score: 0.8591269244328235, f1_score weighted: 0.8914992566841625 {'train': [], 'val': [], 'test': []}
Phase: test, loss: 0.12889519310355807, accuracy: 0.9636324968098682, f1_score: 0.9595187473274095, f1_score weighted: 0.9634643163771476 {'train': [], 'val': [], 'test': []}
------ Evaluation complete! ------
