Namespace(window=50, overlap=25, batch_size=64, learning_rate=0.0005, num_epochs=150, gpu_id='0', dataset='realworld_waist', kernel_size=3, num_steps_prediction=28, classifier_lr=0.0005, classifier_batch_size=256, saved_model='/workspaces/betania.silva/ssl_tools/contrastive-predictive-coding-for-har/models/May-11-2024/kuhar_k_28_lr_0.0005_bs_64.pkl', learning_schedule='all_layers', random_seed=42, input_size=6, num_classes=7, root_dir='/workspaces/betania.silva/view_concatenated', data_file='realworld_waist', device=device(type='cuda', index=0), padding=1)
Data Raw (756959, 6)
Data (30277, 50, 6)
Labels (30277,)
Data Raw (159216, 6)
Data (6367, 50, 6)
Labels (6367,)
Data Raw (203798, 6)
Data (8150, 50, 6)
Labels (8150,)
The batch size for train phase is: 256
The batch size for val phase is: 256
The batch size for test phase is: 256
Loading the pre-trained weights
Epoch 0/149
----------
The epoch: 0 | phase: train | loss: 0.8510 | accuracy: 0.6580 | mean f1-score: 0.5638 | weighted f1-score: 0.6615
The epoch: 0 | phase: val | loss: 0.8356 | accuracy: 0.6009 | mean f1-score: 0.5841 | weighted f1-score: 0.5877
The epoch: 0 | phase: test | loss: 0.7244 | accuracy: 0.7023 | mean f1-score: 0.6750 | weighted f1-score: 0.6946
Epoch 0 completed in 0m 5s
Epoch 1/149
----------
The epoch: 1 | phase: train | loss: 0.5210 | accuracy: 0.8132 | mean f1-score: 0.8174 | weighted f1-score: 0.8174
The epoch: 1 | phase: val | loss: 0.7480 | accuracy: 0.6893 | mean f1-score: 0.6919 | weighted f1-score: 0.6910
The epoch: 1 | phase: test | loss: 0.7264 | accuracy: 0.7526 | mean f1-score: 0.7381 | weighted f1-score: 0.7507
Epoch 1 completed in 0m 4s
Epoch 2/149
----------
The epoch: 2 | phase: train | loss: 0.4067 | accuracy: 0.8611 | mean f1-score: 0.8642 | weighted f1-score: 0.8638
The epoch: 2 | phase: val | loss: 0.9005 | accuracy: 0.6639 | mean f1-score: 0.6604 | weighted f1-score: 0.6630
The epoch: 2 | phase: test | loss: 0.9665 | accuracy: 0.6955 | mean f1-score: 0.6879 | weighted f1-score: 0.6992
Epoch 2 completed in 0m 3s
Epoch 3/149
----------
The epoch: 3 | phase: train | loss: 0.3561 | accuracy: 0.8807 | mean f1-score: 0.8828 | weighted f1-score: 0.8822
The epoch: 3 | phase: val | loss: 0.6487 | accuracy: 0.7787 | mean f1-score: 0.7827 | weighted f1-score: 0.7811
The epoch: 3 | phase: test | loss: 0.7539 | accuracy: 0.8026 | mean f1-score: 0.7892 | weighted f1-score: 0.8032
Epoch 3 completed in 0m 4s
Epoch 4/149
----------
The epoch: 4 | phase: train | loss: 0.3329 | accuracy: 0.8881 | mean f1-score: 0.8900 | weighted f1-score: 0.8893
The epoch: 4 | phase: val | loss: 0.5432 | accuracy: 0.8186 | mean f1-score: 0.8223 | weighted f1-score: 0.8217
The epoch: 4 | phase: test | loss: 0.7666 | accuracy: 0.7688 | mean f1-score: 0.7523 | weighted f1-score: 0.7655
Epoch 4 completed in 0m 4s
Epoch 5/149
----------
The epoch: 5 | phase: train | loss: 0.3107 | accuracy: 0.8985 | mean f1-score: 0.8999 | weighted f1-score: 0.8995
The epoch: 5 | phase: val | loss: 0.6918 | accuracy: 0.7551 | mean f1-score: 0.7251 | weighted f1-score: 0.7280
The epoch: 5 | phase: test | loss: 0.7461 | accuracy: 0.7836 | mean f1-score: 0.7639 | weighted f1-score: 0.7757
Epoch 5 completed in 0m 3s
Epoch 6/149
----------
The epoch: 6 | phase: train | loss: 0.3022 | accuracy: 0.8992 | mean f1-score: 0.9006 | weighted f1-score: 0.9001
The epoch: 6 | phase: val | loss: 0.8079 | accuracy: 0.7258 | mean f1-score: 0.6878 | weighted f1-score: 0.6941
The epoch: 6 | phase: test | loss: 0.7703 | accuracy: 0.7548 | mean f1-score: 0.7131 | weighted f1-score: 0.7350
Epoch 6 completed in 0m 4s
Epoch 7/149
----------
The epoch: 7 | phase: train | loss: 0.2823 | accuracy: 0.9053 | mean f1-score: 0.9067 | weighted f1-score: 0.9062
The epoch: 7 | phase: val | loss: 0.7093 | accuracy: 0.7701 | mean f1-score: 0.7596 | weighted f1-score: 0.7624
The epoch: 7 | phase: test | loss: 0.6631 | accuracy: 0.8110 | mean f1-score: 0.7864 | weighted f1-score: 0.8028
Epoch 7 completed in 0m 4s
Epoch 8/149
----------
The epoch: 8 | phase: train | loss: 0.2704 | accuracy: 0.9112 | mean f1-score: 0.9122 | weighted f1-score: 0.9118
The epoch: 8 | phase: val | loss: 0.5154 | accuracy: 0.8348 | mean f1-score: 0.8387 | weighted f1-score: 0.8390
The epoch: 8 | phase: test | loss: 1.0631 | accuracy: 0.7106 | mean f1-score: 0.6942 | weighted f1-score: 0.7067
Epoch 8 completed in 0m 4s
Epoch 9/149
----------
The epoch: 9 | phase: train | loss: 0.2589 | accuracy: 0.9156 | mean f1-score: 0.9166 | weighted f1-score: 0.9162
The epoch: 9 | phase: val | loss: 0.6987 | accuracy: 0.7833 | mean f1-score: 0.7777 | weighted f1-score: 0.7799
The epoch: 9 | phase: test | loss: 0.8909 | accuracy: 0.7431 | mean f1-score: 0.7201 | weighted f1-score: 0.7337
Epoch 9 completed in 0m 4s
Epoch 10/149
----------
The epoch: 10 | phase: train | loss: 0.2488 | accuracy: 0.9186 | mean f1-score: 0.9195 | weighted f1-score: 0.9192
The epoch: 10 | phase: val | loss: 0.6504 | accuracy: 0.8037 | mean f1-score: 0.8045 | weighted f1-score: 0.8059
The epoch: 10 | phase: test | loss: 0.7669 | accuracy: 0.7880 | mean f1-score: 0.7711 | weighted f1-score: 0.7854
Epoch 10 completed in 0m 4s
Epoch 11/149
----------
The epoch: 11 | phase: train | loss: 0.2448 | accuracy: 0.9183 | mean f1-score: 0.9193 | weighted f1-score: 0.9188
The epoch: 11 | phase: val | loss: 0.7038 | accuracy: 0.7892 | mean f1-score: 0.7857 | weighted f1-score: 0.7873
The epoch: 11 | phase: test | loss: 0.5844 | accuracy: 0.8297 | mean f1-score: 0.8105 | weighted f1-score: 0.8253
Epoch 11 completed in 0m 4s
Epoch 12/149
----------
The epoch: 12 | phase: train | loss: 0.2319 | accuracy: 0.9236 | mean f1-score: 0.9245 | weighted f1-score: 0.9241
The epoch: 12 | phase: val | loss: 0.7367 | accuracy: 0.7943 | mean f1-score: 0.7917 | weighted f1-score: 0.7935
The epoch: 12 | phase: test | loss: 0.8400 | accuracy: 0.7866 | mean f1-score: 0.7683 | weighted f1-score: 0.7825
Epoch 12 completed in 0m 4s
Epoch 13/149
----------
The epoch: 13 | phase: train | loss: 0.2254 | accuracy: 0.9261 | mean f1-score: 0.9269 | weighted f1-score: 0.9266
The epoch: 13 | phase: val | loss: 0.6321 | accuracy: 0.8120 | mean f1-score: 0.8155 | weighted f1-score: 0.8157
The epoch: 13 | phase: test | loss: 0.6903 | accuracy: 0.8270 | mean f1-score: 0.8120 | weighted f1-score: 0.8268
Epoch 13 completed in 0m 4s
Epoch 14/149
----------
The epoch: 14 | phase: train | loss: 0.2217 | accuracy: 0.9274 | mean f1-score: 0.9282 | weighted f1-score: 0.9278
The epoch: 14 | phase: val | loss: 0.5462 | accuracy: 0.8400 | mean f1-score: 0.8440 | weighted f1-score: 0.8433
The epoch: 14 | phase: test | loss: 0.8290 | accuracy: 0.7915 | mean f1-score: 0.7728 | weighted f1-score: 0.7870
Epoch 14 completed in 0m 4s
Epoch 15/149
----------
The epoch: 15 | phase: train | loss: 0.2128 | accuracy: 0.9298 | mean f1-score: 0.9305 | weighted f1-score: 0.9302
The epoch: 15 | phase: val | loss: 0.5556 | accuracy: 0.8279 | mean f1-score: 0.8302 | weighted f1-score: 0.8304
The epoch: 15 | phase: test | loss: 0.7446 | accuracy: 0.8049 | mean f1-score: 0.7881 | weighted f1-score: 0.7993
Epoch 15 completed in 0m 4s
Epoch 16/149
----------
The epoch: 16 | phase: train | loss: 0.2077 | accuracy: 0.9344 | mean f1-score: 0.9350 | weighted f1-score: 0.9348
The epoch: 16 | phase: val | loss: 0.8004 | accuracy: 0.7371 | mean f1-score: 0.7298 | weighted f1-score: 0.7331
The epoch: 16 | phase: test | loss: 0.6918 | accuracy: 0.8218 | mean f1-score: 0.7998 | weighted f1-score: 0.8144
Epoch 16 completed in 0m 4s
Epoch 17/149
----------
The epoch: 17 | phase: train | loss: 0.2049 | accuracy: 0.9331 | mean f1-score: 0.9336 | weighted f1-score: 0.9334
The epoch: 17 | phase: val | loss: 0.7579 | accuracy: 0.7825 | mean f1-score: 0.7851 | weighted f1-score: 0.7864
The epoch: 17 | phase: test | loss: 0.7792 | accuracy: 0.7891 | mean f1-score: 0.7745 | weighted f1-score: 0.7891
Epoch 17 completed in 0m 4s
Epoch 18/149
----------
The epoch: 18 | phase: train | loss: 0.1984 | accuracy: 0.9356 | mean f1-score: 0.9361 | weighted f1-score: 0.9359
The epoch: 18 | phase: val | loss: 0.8947 | accuracy: 0.7300 | mean f1-score: 0.7237 | weighted f1-score: 0.7264
The epoch: 18 | phase: test | loss: 0.6657 | accuracy: 0.8218 | mean f1-score: 0.7987 | weighted f1-score: 0.8151
Epoch 18 completed in 0m 4s
Epoch 19/149
----------
The epoch: 19 | phase: train | loss: 0.1959 | accuracy: 0.9359 | mean f1-score: 0.9364 | weighted f1-score: 0.9363
The epoch: 19 | phase: val | loss: 0.6910 | accuracy: 0.7897 | mean f1-score: 0.7852 | weighted f1-score: 0.7874
The epoch: 19 | phase: test | loss: 0.7809 | accuracy: 0.7987 | mean f1-score: 0.7762 | weighted f1-score: 0.7904
Epoch 19 completed in 0m 4s
Epoch 20/149
----------
The epoch: 20 | phase: train | loss: 0.1853 | accuracy: 0.9394 | mean f1-score: 0.9398 | weighted f1-score: 0.9397
The epoch: 20 | phase: val | loss: 0.7269 | accuracy: 0.8123 | mean f1-score: 0.8159 | weighted f1-score: 0.8159
The epoch: 20 | phase: test | loss: 0.8216 | accuracy: 0.8066 | mean f1-score: 0.7914 | weighted f1-score: 0.8051
Epoch 20 completed in 0m 4s
Epoch 21/149
----------
The epoch: 21 | phase: train | loss: 0.1842 | accuracy: 0.9402 | mean f1-score: 0.9407 | weighted f1-score: 0.9405
The epoch: 21 | phase: val | loss: 0.9359 | accuracy: 0.7239 | mean f1-score: 0.7208 | weighted f1-score: 0.7218
The epoch: 21 | phase: test | loss: 0.6464 | accuracy: 0.8101 | mean f1-score: 0.7865 | weighted f1-score: 0.8030
Epoch 21 completed in 0m 4s
Epoch 22/149
----------
The epoch: 22 | phase: train | loss: 0.1832 | accuracy: 0.9408 | mean f1-score: 0.9412 | weighted f1-score: 0.9411
The epoch: 22 | phase: val | loss: 0.9693 | accuracy: 0.7283 | mean f1-score: 0.7268 | weighted f1-score: 0.7284
The epoch: 22 | phase: test | loss: 0.7616 | accuracy: 0.8060 | mean f1-score: 0.7893 | weighted f1-score: 0.8042
Epoch 22 completed in 0m 4s
Epoch 23/149
----------
The epoch: 23 | phase: train | loss: 0.1770 | accuracy: 0.9431 | mean f1-score: 0.9435 | weighted f1-score: 0.9434
The epoch: 23 | phase: val | loss: 0.8285 | accuracy: 0.7610 | mean f1-score: 0.7617 | weighted f1-score: 0.7628
The epoch: 23 | phase: test | loss: 0.7187 | accuracy: 0.8188 | mean f1-score: 0.7965 | weighted f1-score: 0.8127
Epoch 23 completed in 0m 4s
Epoch 24/149
----------
The epoch: 24 | phase: train | loss: 0.1692 | accuracy: 0.9445 | mean f1-score: 0.9450 | weighted f1-score: 0.9448
The epoch: 24 | phase: val | loss: 0.6316 | accuracy: 0.7949 | mean f1-score: 0.7982 | weighted f1-score: 0.7981
The epoch: 24 | phase: test | loss: 0.7328 | accuracy: 0.7952 | mean f1-score: 0.7750 | weighted f1-score: 0.7906
Epoch 24 completed in 0m 4s
Epoch 25/149
----------
The epoch: 25 | phase: train | loss: 0.1637 | accuracy: 0.9472 | mean f1-score: 0.9475 | weighted f1-score: 0.9474
The epoch: 25 | phase: val | loss: 0.7191 | accuracy: 0.7924 | mean f1-score: 0.7953 | weighted f1-score: 0.7956
The epoch: 25 | phase: test | loss: 0.7276 | accuracy: 0.8114 | mean f1-score: 0.7944 | weighted f1-score: 0.8097
Epoch 25 completed in 0m 4s
Epoch 26/149
----------
The epoch: 26 | phase: train | loss: 0.1604 | accuracy: 0.9484 | mean f1-score: 0.9489 | weighted f1-score: 0.9487
The epoch: 26 | phase: val | loss: 0.6279 | accuracy: 0.8095 | mean f1-score: 0.8128 | weighted f1-score: 0.8125
The epoch: 26 | phase: test | loss: 0.8151 | accuracy: 0.7807 | mean f1-score: 0.7648 | weighted f1-score: 0.7787
Epoch 26 completed in 0m 4s
Epoch 27/149
----------
The epoch: 27 | phase: train | loss: 0.1555 | accuracy: 0.9505 | mean f1-score: 0.9508 | weighted f1-score: 0.9508
The epoch: 27 | phase: val | loss: 0.6755 | accuracy: 0.8085 | mean f1-score: 0.8114 | weighted f1-score: 0.8117
The epoch: 27 | phase: test | loss: 0.8085 | accuracy: 0.7780 | mean f1-score: 0.7616 | weighted f1-score: 0.7760
Epoch 27 completed in 0m 4s
Epoch 28/149
----------
The epoch: 28 | phase: train | loss: 0.1543 | accuracy: 0.9497 | mean f1-score: 0.9501 | weighted f1-score: 0.9500
The epoch: 28 | phase: val | loss: 0.7864 | accuracy: 0.7555 | mean f1-score: 0.7515 | weighted f1-score: 0.7543
The epoch: 28 | phase: test | loss: 0.6926 | accuracy: 0.8190 | mean f1-score: 0.7969 | weighted f1-score: 0.8137
Epoch 28 completed in 0m 5s
Epoch 29/149
----------
The epoch: 29 | phase: train | loss: 0.1503 | accuracy: 0.9525 | mean f1-score: 0.9529 | weighted f1-score: 0.9527
The epoch: 29 | phase: val | loss: 0.6327 | accuracy: 0.8067 | mean f1-score: 0.8099 | weighted f1-score: 0.8082
The epoch: 29 | phase: test | loss: 0.7302 | accuracy: 0.8022 | mean f1-score: 0.7881 | weighted f1-score: 0.8021
Epoch 29 completed in 0m 4s
Epoch 30/149
----------
The epoch: 30 | phase: train | loss: 0.1479 | accuracy: 0.9535 | mean f1-score: 0.9537 | weighted f1-score: 0.9537
The epoch: 30 | phase: val | loss: 0.6041 | accuracy: 0.8115 | mean f1-score: 0.8158 | weighted f1-score: 0.8147
The epoch: 30 | phase: test | loss: 0.6473 | accuracy: 0.8109 | mean f1-score: 0.7946 | weighted f1-score: 0.8088
Epoch 30 completed in 0m 4s
Epoch 31/149
----------
The epoch: 31 | phase: train | loss: 0.1465 | accuracy: 0.9541 | mean f1-score: 0.9544 | weighted f1-score: 0.9543
The epoch: 31 | phase: val | loss: 0.9297 | accuracy: 0.7548 | mean f1-score: 0.7540 | weighted f1-score: 0.7545
The epoch: 31 | phase: test | loss: 0.7225 | accuracy: 0.8119 | mean f1-score: 0.7914 | weighted f1-score: 0.8075
Epoch 31 completed in 0m 5s
Epoch 32/149
----------
The epoch: 32 | phase: train | loss: 0.1408 | accuracy: 0.9545 | mean f1-score: 0.9547 | weighted f1-score: 0.9547
The epoch: 32 | phase: val | loss: 0.8846 | accuracy: 0.7358 | mean f1-score: 0.7300 | weighted f1-score: 0.7320
The epoch: 32 | phase: test | loss: 0.8073 | accuracy: 0.7578 | mean f1-score: 0.7320 | weighted f1-score: 0.7481
Epoch 32 completed in 0m 4s
Epoch 33/149
----------
The epoch: 33 | phase: train | loss: 0.1339 | accuracy: 0.9568 | mean f1-score: 0.9570 | weighted f1-score: 0.9570
The epoch: 33 | phase: val | loss: 0.6517 | accuracy: 0.8155 | mean f1-score: 0.8178 | weighted f1-score: 0.8182
The epoch: 33 | phase: test | loss: 0.8834 | accuracy: 0.7842 | mean f1-score: 0.7704 | weighted f1-score: 0.7836
Epoch 33 completed in 0m 5s
Epoch 34/149
----------
The epoch: 34 | phase: train | loss: 0.1316 | accuracy: 0.9575 | mean f1-score: 0.9577 | weighted f1-score: 0.9576
The epoch: 34 | phase: val | loss: 0.9377 | accuracy: 0.7446 | mean f1-score: 0.7423 | weighted f1-score: 0.7435
The epoch: 34 | phase: test | loss: 0.7051 | accuracy: 0.8137 | mean f1-score: 0.7920 | weighted f1-score: 0.8083
Epoch 34 completed in 0m 4s
Epoch 35/149
----------
The epoch: 35 | phase: train | loss: 0.1336 | accuracy: 0.9565 | mean f1-score: 0.9567 | weighted f1-score: 0.9567
The epoch: 35 | phase: val | loss: 0.7905 | accuracy: 0.7559 | mean f1-score: 0.7561 | weighted f1-score: 0.7581
The epoch: 35 | phase: test | loss: 0.7919 | accuracy: 0.7950 | mean f1-score: 0.7779 | weighted f1-score: 0.7912
Epoch 35 completed in 0m 4s
Epoch 36/149
----------
The epoch: 36 | phase: train | loss: 0.1299 | accuracy: 0.9578 | mean f1-score: 0.9581 | weighted f1-score: 0.9580
The epoch: 36 | phase: val | loss: 0.8509 | accuracy: 0.7848 | mean f1-score: 0.7856 | weighted f1-score: 0.7871
The epoch: 36 | phase: test | loss: 0.7449 | accuracy: 0.8119 | mean f1-score: 0.7929 | weighted f1-score: 0.8081
Epoch 36 completed in 0m 4s
Epoch 37/149
----------
The epoch: 37 | phase: train | loss: 0.1259 | accuracy: 0.9591 | mean f1-score: 0.9594 | weighted f1-score: 0.9593
The epoch: 37 | phase: val | loss: 0.7361 | accuracy: 0.8065 | mean f1-score: 0.8092 | weighted f1-score: 0.8098
The epoch: 37 | phase: test | loss: 0.7060 | accuracy: 0.8094 | mean f1-score: 0.7920 | weighted f1-score: 0.8067
Epoch 37 completed in 0m 4s
Epoch 38/149
----------
The epoch: 38 | phase: train | loss: 0.1262 | accuracy: 0.9588 | mean f1-score: 0.9589 | weighted f1-score: 0.9590
The epoch: 38 | phase: val | loss: 0.8538 | accuracy: 0.7737 | mean f1-score: 0.7756 | weighted f1-score: 0.7756
The epoch: 38 | phase: test | loss: 0.7363 | accuracy: 0.8066 | mean f1-score: 0.7908 | weighted f1-score: 0.8059
Epoch 38 completed in 0m 4s
Epoch 39/149
----------
The epoch: 39 | phase: train | loss: 0.1198 | accuracy: 0.9610 | mean f1-score: 0.9611 | weighted f1-score: 0.9611
The epoch: 39 | phase: val | loss: 0.6587 | accuracy: 0.8158 | mean f1-score: 0.8193 | weighted f1-score: 0.8193
The epoch: 39 | phase: test | loss: 0.7393 | accuracy: 0.7836 | mean f1-score: 0.7647 | weighted f1-score: 0.7793
Epoch 39 completed in 0m 4s
Epoch 40/149
----------
The epoch: 40 | phase: train | loss: 0.1218 | accuracy: 0.9608 | mean f1-score: 0.9610 | weighted f1-score: 0.9610
The epoch: 40 | phase: val | loss: 0.7801 | accuracy: 0.7795 | mean f1-score: 0.7796 | weighted f1-score: 0.7813
The epoch: 40 | phase: test | loss: 0.6870 | accuracy: 0.8177 | mean f1-score: 0.7937 | weighted f1-score: 0.8105
Epoch 40 completed in 0m 4s
Epoch 41/149
----------
The epoch: 41 | phase: train | loss: 0.1180 | accuracy: 0.9618 | mean f1-score: 0.9620 | weighted f1-score: 0.9619
The epoch: 41 | phase: val | loss: 0.7224 | accuracy: 0.8203 | mean f1-score: 0.8244 | weighted f1-score: 0.8235
The epoch: 41 | phase: test | loss: 0.8115 | accuracy: 0.7914 | mean f1-score: 0.7765 | weighted f1-score: 0.7912
Epoch 41 completed in 0m 4s
Epoch 42/149
----------
The epoch: 42 | phase: train | loss: 0.1161 | accuracy: 0.9620 | mean f1-score: 0.9623 | weighted f1-score: 0.9622
The epoch: 42 | phase: val | loss: 0.8453 | accuracy: 0.7696 | mean f1-score: 0.7703 | weighted f1-score: 0.7711
The epoch: 42 | phase: test | loss: 0.7694 | accuracy: 0.8007 | mean f1-score: 0.7837 | weighted f1-score: 0.7966
Epoch 42 completed in 0m 4s
Epoch 43/149
----------
The epoch: 43 | phase: train | loss: 0.1164 | accuracy: 0.9631 | mean f1-score: 0.9632 | weighted f1-score: 0.9632
The epoch: 43 | phase: val | loss: 0.7781 | accuracy: 0.8079 | mean f1-score: 0.8101 | weighted f1-score: 0.8106
The epoch: 43 | phase: test | loss: 0.7659 | accuracy: 0.8042 | mean f1-score: 0.7870 | weighted f1-score: 0.8022
Epoch 43 completed in 0m 4s
Epoch 44/149
----------
The epoch: 44 | phase: train | loss: 0.1176 | accuracy: 0.9622 | mean f1-score: 0.9625 | weighted f1-score: 0.9624
The epoch: 44 | phase: val | loss: 0.7849 | accuracy: 0.7936 | mean f1-score: 0.7958 | weighted f1-score: 0.7963
The epoch: 44 | phase: test | loss: 0.7613 | accuracy: 0.8049 | mean f1-score: 0.7843 | weighted f1-score: 0.8002
Epoch 44 completed in 0m 4s
Epoch 45/149
----------
The epoch: 45 | phase: train | loss: 0.1106 | accuracy: 0.9636 | mean f1-score: 0.9638 | weighted f1-score: 0.9638
The epoch: 45 | phase: val | loss: 0.8919 | accuracy: 0.7606 | mean f1-score: 0.7607 | weighted f1-score: 0.7623
The epoch: 45 | phase: test | loss: 0.6798 | accuracy: 0.8169 | mean f1-score: 0.7978 | weighted f1-score: 0.8120
Epoch 45 completed in 0m 3s
Epoch 46/149
----------
The epoch: 46 | phase: train | loss: 0.1017 | accuracy: 0.9666 | mean f1-score: 0.9668 | weighted f1-score: 0.9668
The epoch: 46 | phase: val | loss: 0.8047 | accuracy: 0.8010 | mean f1-score: 0.8029 | weighted f1-score: 0.8039
The epoch: 46 | phase: test | loss: 0.8297 | accuracy: 0.8034 | mean f1-score: 0.7851 | weighted f1-score: 0.8008
Epoch 46 completed in 0m 4s
Epoch 47/149
----------
The epoch: 47 | phase: train | loss: 0.1022 | accuracy: 0.9667 | mean f1-score: 0.9668 | weighted f1-score: 0.9668
The epoch: 47 | phase: val | loss: 0.9194 | accuracy: 0.7556 | mean f1-score: 0.7550 | weighted f1-score: 0.7565
The epoch: 47 | phase: test | loss: 0.6762 | accuracy: 0.8040 | mean f1-score: 0.7840 | weighted f1-score: 0.7986
Epoch 47 completed in 0m 4s
Epoch 48/149
----------
The epoch: 48 | phase: train | loss: 0.1001 | accuracy: 0.9685 | mean f1-score: 0.9686 | weighted f1-score: 0.9686
The epoch: 48 | phase: val | loss: 1.0213 | accuracy: 0.7361 | mean f1-score: 0.7262 | weighted f1-score: 0.7295
The epoch: 48 | phase: test | loss: 0.6759 | accuracy: 0.8226 | mean f1-score: 0.7929 | weighted f1-score: 0.8104
Epoch 48 completed in 0m 4s
Epoch 49/149
----------
The epoch: 49 | phase: train | loss: 0.0996 | accuracy: 0.9676 | mean f1-score: 0.9678 | weighted f1-score: 0.9677
The epoch: 49 | phase: val | loss: 0.8147 | accuracy: 0.7756 | mean f1-score: 0.7759 | weighted f1-score: 0.7766
The epoch: 49 | phase: test | loss: 0.8205 | accuracy: 0.8106 | mean f1-score: 0.7910 | weighted f1-score: 0.8051
Epoch 49 completed in 0m 4s
Epoch 50/149
----------
The epoch: 50 | phase: train | loss: 0.0940 | accuracy: 0.9695 | mean f1-score: 0.9698 | weighted f1-score: 0.9696
The epoch: 50 | phase: val | loss: 0.7750 | accuracy: 0.7855 | mean f1-score: 0.7866 | weighted f1-score: 0.7871
The epoch: 50 | phase: test | loss: 0.8867 | accuracy: 0.7833 | mean f1-score: 0.7670 | weighted f1-score: 0.7790
Epoch 50 completed in 0m 4s
Epoch 51/149
----------
The epoch: 51 | phase: train | loss: 0.0959 | accuracy: 0.9687 | mean f1-score: 0.9689 | weighted f1-score: 0.9688
The epoch: 51 | phase: val | loss: 0.9383 | accuracy: 0.7606 | mean f1-score: 0.7577 | weighted f1-score: 0.7606
The epoch: 51 | phase: test | loss: 0.8606 | accuracy: 0.7845 | mean f1-score: 0.7620 | weighted f1-score: 0.7771
Epoch 51 completed in 0m 4s
Epoch 52/149
----------
The epoch: 52 | phase: train | loss: 0.0903 | accuracy: 0.9715 | mean f1-score: 0.9716 | weighted f1-score: 0.9716
The epoch: 52 | phase: val | loss: 0.7812 | accuracy: 0.7941 | mean f1-score: 0.7963 | weighted f1-score: 0.7969
The epoch: 52 | phase: test | loss: 0.8840 | accuracy: 0.7838 | mean f1-score: 0.7638 | weighted f1-score: 0.7790
Epoch 52 completed in 0m 4s
Epoch 53/149
----------
The epoch: 53 | phase: train | loss: 0.0881 | accuracy: 0.9709 | mean f1-score: 0.9711 | weighted f1-score: 0.9710
The epoch: 53 | phase: val | loss: 0.8746 | accuracy: 0.7759 | mean f1-score: 0.7773 | weighted f1-score: 0.7775
The epoch: 53 | phase: test | loss: 0.7658 | accuracy: 0.7861 | mean f1-score: 0.7673 | weighted f1-score: 0.7820
Epoch 53 completed in 0m 4s
Epoch 54/149
----------
The epoch: 54 | phase: train | loss: 0.0861 | accuracy: 0.9719 | mean f1-score: 0.9721 | weighted f1-score: 0.9720
The epoch: 54 | phase: val | loss: 0.8543 | accuracy: 0.7875 | mean f1-score: 0.7886 | weighted f1-score: 0.7896
The epoch: 54 | phase: test | loss: 0.7708 | accuracy: 0.7968 | mean f1-score: 0.7759 | weighted f1-score: 0.7903
Epoch 54 completed in 0m 4s
Epoch 55/149
----------
The epoch: 55 | phase: train | loss: 0.0880 | accuracy: 0.9715 | mean f1-score: 0.9717 | weighted f1-score: 0.9716
The epoch: 55 | phase: val | loss: 0.9642 | accuracy: 0.7484 | mean f1-score: 0.7481 | weighted f1-score: 0.7492
The epoch: 55 | phase: test | loss: 0.7592 | accuracy: 0.7966 | mean f1-score: 0.7755 | weighted f1-score: 0.7913
Epoch 55 completed in 0m 4s
Epoch 56/149
----------
The epoch: 56 | phase: train | loss: 0.0813 | accuracy: 0.9738 | mean f1-score: 0.9739 | weighted f1-score: 0.9739
The epoch: 56 | phase: val | loss: 0.8032 | accuracy: 0.7968 | mean f1-score: 0.7974 | weighted f1-score: 0.7981
The epoch: 56 | phase: test | loss: 0.9420 | accuracy: 0.7821 | mean f1-score: 0.7607 | weighted f1-score: 0.7754
Epoch 56 completed in 0m 4s
Epoch 57/149
----------
The epoch: 57 | phase: train | loss: 0.0840 | accuracy: 0.9734 | mean f1-score: 0.9734 | weighted f1-score: 0.9735
The epoch: 57 | phase: val | loss: 0.9895 | accuracy: 0.7712 | mean f1-score: 0.7710 | weighted f1-score: 0.7729
The epoch: 57 | phase: test | loss: 0.9646 | accuracy: 0.7971 | mean f1-score: 0.7780 | weighted f1-score: 0.7927
Epoch 57 completed in 0m 4s
Epoch 58/149
----------
The epoch: 58 | phase: train | loss: 0.0793 | accuracy: 0.9744 | mean f1-score: 0.9745 | weighted f1-score: 0.9745
The epoch: 58 | phase: val | loss: 1.0477 | accuracy: 0.7462 | mean f1-score: 0.7451 | weighted f1-score: 0.7452
The epoch: 58 | phase: test | loss: 0.8633 | accuracy: 0.7942 | mean f1-score: 0.7731 | weighted f1-score: 0.7884
Epoch 58 completed in 0m 4s
Epoch 59/149
----------
The epoch: 59 | phase: train | loss: 0.0755 | accuracy: 0.9755 | mean f1-score: 0.9756 | weighted f1-score: 0.9756
The epoch: 59 | phase: val | loss: 1.0651 | accuracy: 0.7366 | mean f1-score: 0.7362 | weighted f1-score: 0.7374
The epoch: 59 | phase: test | loss: 0.8575 | accuracy: 0.7929 | mean f1-score: 0.7710 | weighted f1-score: 0.7873
Epoch 59 completed in 0m 4s
Epoch 60/149
----------
The epoch: 60 | phase: train | loss: 0.0769 | accuracy: 0.9752 | mean f1-score: 0.9752 | weighted f1-score: 0.9752
The epoch: 60 | phase: val | loss: 0.7663 | accuracy: 0.8156 | mean f1-score: 0.8172 | weighted f1-score: 0.8175
The epoch: 60 | phase: test | loss: 0.9653 | accuracy: 0.7852 | mean f1-score: 0.7676 | weighted f1-score: 0.7816
Epoch 60 completed in 0m 4s
Epoch 61/149
----------
The epoch: 61 | phase: train | loss: 0.0764 | accuracy: 0.9755 | mean f1-score: 0.9755 | weighted f1-score: 0.9755
The epoch: 61 | phase: val | loss: 0.7918 | accuracy: 0.8274 | mean f1-score: 0.8288 | weighted f1-score: 0.8273
The epoch: 61 | phase: test | loss: 0.9117 | accuracy: 0.7836 | mean f1-score: 0.7636 | weighted f1-score: 0.7785
Epoch 61 completed in 0m 4s
Epoch 62/149
----------
The epoch: 62 | phase: train | loss: 0.0721 | accuracy: 0.9763 | mean f1-score: 0.9764 | weighted f1-score: 0.9764
The epoch: 62 | phase: val | loss: 0.9212 | accuracy: 0.7842 | mean f1-score: 0.7836 | weighted f1-score: 0.7848
The epoch: 62 | phase: test | loss: 0.8190 | accuracy: 0.7971 | mean f1-score: 0.7756 | weighted f1-score: 0.7910
Epoch 62 completed in 0m 4s
Epoch 63/149
----------
The epoch: 63 | phase: train | loss: 0.0721 | accuracy: 0.9765 | mean f1-score: 0.9766 | weighted f1-score: 0.9766
The epoch: 63 | phase: val | loss: 1.1909 | accuracy: 0.7244 | mean f1-score: 0.7217 | weighted f1-score: 0.7237
The epoch: 63 | phase: test | loss: 0.9411 | accuracy: 0.7885 | mean f1-score: 0.7698 | weighted f1-score: 0.7850
Epoch 63 completed in 0m 4s
Epoch 64/149
----------
The epoch: 64 | phase: train | loss: 0.0715 | accuracy: 0.9769 | mean f1-score: 0.9770 | weighted f1-score: 0.9770
The epoch: 64 | phase: val | loss: 0.9455 | accuracy: 0.7583 | mean f1-score: 0.7576 | weighted f1-score: 0.7594
The epoch: 64 | phase: test | loss: 0.7373 | accuracy: 0.8160 | mean f1-score: 0.8061 | weighted f1-score: 0.8132
Epoch 64 completed in 0m 3s
Epoch 65/149
----------
The epoch: 65 | phase: train | loss: 0.0670 | accuracy: 0.9782 | mean f1-score: 0.9782 | weighted f1-score: 0.9782
The epoch: 65 | phase: val | loss: 1.0283 | accuracy: 0.7504 | mean f1-score: 0.7472 | weighted f1-score: 0.7494
The epoch: 65 | phase: test | loss: 0.8994 | accuracy: 0.7909 | mean f1-score: 0.7666 | weighted f1-score: 0.7836
Epoch 65 completed in 0m 3s
Epoch 66/149
----------
The epoch: 66 | phase: train | loss: 0.0692 | accuracy: 0.9782 | mean f1-score: 0.9782 | weighted f1-score: 0.9782
The epoch: 66 | phase: val | loss: 0.8905 | accuracy: 0.8001 | mean f1-score: 0.8001 | weighted f1-score: 0.8013
The epoch: 66 | phase: test | loss: 0.8800 | accuracy: 0.7766 | mean f1-score: 0.7567 | weighted f1-score: 0.7708
Epoch 66 completed in 0m 4s
Epoch 67/149
----------
The epoch: 67 | phase: train | loss: 0.0674 | accuracy: 0.9774 | mean f1-score: 0.9775 | weighted f1-score: 0.9775
The epoch: 67 | phase: val | loss: 0.8718 | accuracy: 0.8087 | mean f1-score: 0.8095 | weighted f1-score: 0.8071
The epoch: 67 | phase: test | loss: 1.0272 | accuracy: 0.7897 | mean f1-score: 0.7739 | weighted f1-score: 0.7865
Epoch 67 completed in 0m 3s
Epoch 68/149
----------
The epoch: 68 | phase: train | loss: 0.0643 | accuracy: 0.9789 | mean f1-score: 0.9791 | weighted f1-score: 0.9790
The epoch: 68 | phase: val | loss: 0.9952 | accuracy: 0.7583 | mean f1-score: 0.7590 | weighted f1-score: 0.7587
The epoch: 68 | phase: test | loss: 0.8935 | accuracy: 0.7931 | mean f1-score: 0.7751 | weighted f1-score: 0.7890
Epoch 68 completed in 0m 4s
Epoch 69/149
----------
The epoch: 69 | phase: train | loss: 0.0639 | accuracy: 0.9785 | mean f1-score: 0.9786 | weighted f1-score: 0.9786
The epoch: 69 | phase: val | loss: 0.9571 | accuracy: 0.7831 | mean f1-score: 0.7835 | weighted f1-score: 0.7828
The epoch: 69 | phase: test | loss: 1.0803 | accuracy: 0.7975 | mean f1-score: 0.7757 | weighted f1-score: 0.7914
Epoch 69 completed in 0m 4s
Epoch 70/149
----------
The epoch: 70 | phase: train | loss: 0.0615 | accuracy: 0.9795 | mean f1-score: 0.9796 | weighted f1-score: 0.9795
The epoch: 70 | phase: val | loss: 1.0208 | accuracy: 0.7592 | mean f1-score: 0.7599 | weighted f1-score: 0.7606
The epoch: 70 | phase: test | loss: 1.0670 | accuracy: 0.7796 | mean f1-score: 0.7595 | weighted f1-score: 0.7751
Epoch 70 completed in 0m 3s
Epoch 71/149
----------
The epoch: 71 | phase: train | loss: 0.0619 | accuracy: 0.9795 | mean f1-score: 0.9796 | weighted f1-score: 0.9795
The epoch: 71 | phase: val | loss: 1.0370 | accuracy: 0.7649 | mean f1-score: 0.7653 | weighted f1-score: 0.7661
The epoch: 71 | phase: test | loss: 0.9172 | accuracy: 0.7963 | mean f1-score: 0.7742 | weighted f1-score: 0.7888
Epoch 71 completed in 0m 3s
Epoch 72/149
----------
The epoch: 72 | phase: train | loss: 0.0612 | accuracy: 0.9806 | mean f1-score: 0.9807 | weighted f1-score: 0.9807
The epoch: 72 | phase: val | loss: 0.9216 | accuracy: 0.7891 | mean f1-score: 0.7911 | weighted f1-score: 0.7909
The epoch: 72 | phase: test | loss: 0.7517 | accuracy: 0.8175 | mean f1-score: 0.7972 | weighted f1-score: 0.8113
Epoch 72 completed in 0m 4s
Epoch 73/149
----------
The epoch: 73 | phase: train | loss: 0.0562 | accuracy: 0.9813 | mean f1-score: 0.9814 | weighted f1-score: 0.9814
The epoch: 73 | phase: val | loss: 0.9420 | accuracy: 0.7875 | mean f1-score: 0.7898 | weighted f1-score: 0.7882
The epoch: 73 | phase: test | loss: 0.8731 | accuracy: 0.8049 | mean f1-score: 0.7861 | weighted f1-score: 0.8009
Epoch 73 completed in 0m 3s
Epoch 74/149
----------
The epoch: 74 | phase: train | loss: 0.0574 | accuracy: 0.9801 | mean f1-score: 0.9801 | weighted f1-score: 0.9801
The epoch: 74 | phase: val | loss: 0.8496 | accuracy: 0.8085 | mean f1-score: 0.8098 | weighted f1-score: 0.8105
The epoch: 74 | phase: test | loss: 0.8647 | accuracy: 0.7967 | mean f1-score: 0.7823 | weighted f1-score: 0.7926
Epoch 74 completed in 0m 3s
Epoch 75/149
----------
The epoch: 75 | phase: train | loss: 0.0544 | accuracy: 0.9818 | mean f1-score: 0.9818 | weighted f1-score: 0.9818
The epoch: 75 | phase: val | loss: 1.0134 | accuracy: 0.7712 | mean f1-score: 0.7716 | weighted f1-score: 0.7720
The epoch: 75 | phase: test | loss: 0.7303 | accuracy: 0.8166 | mean f1-score: 0.7962 | weighted f1-score: 0.8100
Epoch 75 completed in 0m 4s
Epoch 76/149
----------
The epoch: 76 | phase: train | loss: 0.0520 | accuracy: 0.9828 | mean f1-score: 0.9828 | weighted f1-score: 0.9828
The epoch: 76 | phase: val | loss: 0.9698 | accuracy: 0.7895 | mean f1-score: 0.7911 | weighted f1-score: 0.7913
The epoch: 76 | phase: test | loss: 0.8362 | accuracy: 0.7977 | mean f1-score: 0.7770 | weighted f1-score: 0.7917
Epoch 76 completed in 0m 3s
Epoch 77/149
----------
The epoch: 77 | phase: train | loss: 0.0548 | accuracy: 0.9822 | mean f1-score: 0.9823 | weighted f1-score: 0.9822
The epoch: 77 | phase: val | loss: 1.1085 | accuracy: 0.7553 | mean f1-score: 0.7545 | weighted f1-score: 0.7555
The epoch: 77 | phase: test | loss: 0.9033 | accuracy: 0.7892 | mean f1-score: 0.7667 | weighted f1-score: 0.7820
Epoch 77 completed in 0m 3s
Epoch 78/149
----------
The epoch: 78 | phase: train | loss: 0.0501 | accuracy: 0.9836 | mean f1-score: 0.9836 | weighted f1-score: 0.9836
The epoch: 78 | phase: val | loss: 1.0458 | accuracy: 0.7708 | mean f1-score: 0.7726 | weighted f1-score: 0.7734
The epoch: 78 | phase: test | loss: 0.8511 | accuracy: 0.8178 | mean f1-score: 0.8075 | weighted f1-score: 0.8163
Epoch 78 completed in 0m 4s
Epoch 79/149
----------
The epoch: 79 | phase: train | loss: 0.0473 | accuracy: 0.9840 | mean f1-score: 0.9840 | weighted f1-score: 0.9840
The epoch: 79 | phase: val | loss: 1.0699 | accuracy: 0.7790 | mean f1-score: 0.7795 | weighted f1-score: 0.7804
The epoch: 79 | phase: test | loss: 0.9611 | accuracy: 0.7887 | mean f1-score: 0.7685 | weighted f1-score: 0.7836
Epoch 79 completed in 0m 3s
Epoch 80/149
----------
The epoch: 80 | phase: train | loss: 0.0491 | accuracy: 0.9845 | mean f1-score: 0.9846 | weighted f1-score: 0.9845
The epoch: 80 | phase: val | loss: 1.0110 | accuracy: 0.7754 | mean f1-score: 0.7724 | weighted f1-score: 0.7740
The epoch: 80 | phase: test | loss: 1.0546 | accuracy: 0.7815 | mean f1-score: 0.7602 | weighted f1-score: 0.7742
Epoch 80 completed in 0m 4s
Epoch 81/149
----------
The epoch: 81 | phase: train | loss: 0.0479 | accuracy: 0.9842 | mean f1-score: 0.9842 | weighted f1-score: 0.9842
The epoch: 81 | phase: val | loss: 1.1770 | accuracy: 0.7402 | mean f1-score: 0.7316 | weighted f1-score: 0.7344
The epoch: 81 | phase: test | loss: 0.9927 | accuracy: 0.8043 | mean f1-score: 0.7746 | weighted f1-score: 0.7933
Epoch 81 completed in 0m 3s
Epoch 82/149
----------
The epoch: 82 | phase: train | loss: 0.0460 | accuracy: 0.9853 | mean f1-score: 0.9854 | weighted f1-score: 0.9853
The epoch: 82 | phase: val | loss: 1.1525 | accuracy: 0.7324 | mean f1-score: 0.7258 | weighted f1-score: 0.7294
The epoch: 82 | phase: test | loss: 1.1510 | accuracy: 0.7746 | mean f1-score: 0.7495 | weighted f1-score: 0.7650
Epoch 82 completed in 0m 3s
Epoch 83/149
----------
The epoch: 83 | phase: train | loss: 0.0448 | accuracy: 0.9852 | mean f1-score: 0.9852 | weighted f1-score: 0.9852
The epoch: 83 | phase: val | loss: 1.2744 | accuracy: 0.7511 | mean f1-score: 0.7513 | weighted f1-score: 0.7531
The epoch: 83 | phase: test | loss: 1.0193 | accuracy: 0.7967 | mean f1-score: 0.7733 | weighted f1-score: 0.7901
Epoch 83 completed in 0m 4s
Epoch 84/149
----------
The epoch: 84 | phase: train | loss: 0.0424 | accuracy: 0.9856 | mean f1-score: 0.9856 | weighted f1-score: 0.9856
The epoch: 84 | phase: val | loss: 1.0738 | accuracy: 0.7782 | mean f1-score: 0.7779 | weighted f1-score: 0.7805
The epoch: 84 | phase: test | loss: 1.0925 | accuracy: 0.7882 | mean f1-score: 0.7684 | weighted f1-score: 0.7824
Epoch 84 completed in 0m 3s
Epoch 85/149
----------
The epoch: 85 | phase: train | loss: 0.0434 | accuracy: 0.9857 | mean f1-score: 0.9857 | weighted f1-score: 0.9858
The epoch: 85 | phase: val | loss: 1.0310 | accuracy: 0.7856 | mean f1-score: 0.7835 | weighted f1-score: 0.7845
The epoch: 85 | phase: test | loss: 1.0402 | accuracy: 0.7919 | mean f1-score: 0.7765 | weighted f1-score: 0.7874
Epoch 85 completed in 0m 3s
Epoch 86/149
----------
The epoch: 86 | phase: train | loss: 0.0447 | accuracy: 0.9849 | mean f1-score: 0.9849 | weighted f1-score: 0.9850
The epoch: 86 | phase: val | loss: 1.0678 | accuracy: 0.7539 | mean f1-score: 0.7531 | weighted f1-score: 0.7559
The epoch: 86 | phase: test | loss: 0.9963 | accuracy: 0.7872 | mean f1-score: 0.7659 | weighted f1-score: 0.7809
Epoch 86 completed in 0m 3s
Epoch 87/149
----------
The epoch: 87 | phase: train | loss: 0.0451 | accuracy: 0.9854 | mean f1-score: 0.9854 | weighted f1-score: 0.9854
The epoch: 87 | phase: val | loss: 1.1261 | accuracy: 0.7575 | mean f1-score: 0.7571 | weighted f1-score: 0.7588
The epoch: 87 | phase: test | loss: 1.0439 | accuracy: 0.7897 | mean f1-score: 0.7691 | weighted f1-score: 0.7834
Epoch 87 completed in 0m 3s
Epoch 88/149
----------
The epoch: 88 | phase: train | loss: 0.0404 | accuracy: 0.9869 | mean f1-score: 0.9870 | weighted f1-score: 0.9869
The epoch: 88 | phase: val | loss: 1.0575 | accuracy: 0.7826 | mean f1-score: 0.7802 | weighted f1-score: 0.7818
The epoch: 88 | phase: test | loss: 1.2529 | accuracy: 0.7569 | mean f1-score: 0.7372 | weighted f1-score: 0.7502
Epoch 88 completed in 0m 3s
Epoch 89/149
----------
The epoch: 89 | phase: train | loss: 0.0392 | accuracy: 0.9866 | mean f1-score: 0.9865 | weighted f1-score: 0.9866
The epoch: 89 | phase: val | loss: 1.1081 | accuracy: 0.7867 | mean f1-score: 0.7850 | weighted f1-score: 0.7864
The epoch: 89 | phase: test | loss: 0.8075 | accuracy: 0.8039 | mean f1-score: 0.7837 | weighted f1-score: 0.7968
Epoch 89 completed in 0m 3s
Epoch 90/149
----------
The epoch: 90 | phase: train | loss: 0.0393 | accuracy: 0.9865 | mean f1-score: 0.9865 | weighted f1-score: 0.9865
The epoch: 90 | phase: val | loss: 1.3720 | accuracy: 0.7143 | mean f1-score: 0.7064 | weighted f1-score: 0.7124
The epoch: 90 | phase: test | loss: 1.1027 | accuracy: 0.7679 | mean f1-score: 0.7463 | weighted f1-score: 0.7604
Epoch 90 completed in 0m 3s
Epoch 91/149
----------
The epoch: 91 | phase: train | loss: 0.0392 | accuracy: 0.9869 | mean f1-score: 0.9869 | weighted f1-score: 0.9869
The epoch: 91 | phase: val | loss: 1.0795 | accuracy: 0.7913 | mean f1-score: 0.7897 | weighted f1-score: 0.7901
The epoch: 91 | phase: test | loss: 0.9134 | accuracy: 0.7983 | mean f1-score: 0.7806 | weighted f1-score: 0.7933
Epoch 91 completed in 0m 3s
Epoch 92/149
----------
The epoch: 92 | phase: train | loss: 0.0365 | accuracy: 0.9883 | mean f1-score: 0.9883 | weighted f1-score: 0.9884
The epoch: 92 | phase: val | loss: 1.0338 | accuracy: 0.7878 | mean f1-score: 0.7864 | weighted f1-score: 0.7871
The epoch: 92 | phase: test | loss: 1.1015 | accuracy: 0.7761 | mean f1-score: 0.7577 | weighted f1-score: 0.7697
Epoch 92 completed in 0m 3s
Epoch 93/149
----------
The epoch: 93 | phase: train | loss: 0.0371 | accuracy: 0.9875 | mean f1-score: 0.9875 | weighted f1-score: 0.9876
The epoch: 93 | phase: val | loss: 1.1902 | accuracy: 0.7702 | mean f1-score: 0.7707 | weighted f1-score: 0.7715
The epoch: 93 | phase: test | loss: 0.6768 | accuracy: 0.8563 | mean f1-score: 0.8491 | weighted f1-score: 0.8557
Epoch 93 completed in 0m 2s
Epoch 94/149
----------
The epoch: 94 | phase: train | loss: 0.0383 | accuracy: 0.9872 | mean f1-score: 0.9871 | weighted f1-score: 0.9872
The epoch: 94 | phase: val | loss: 0.8897 | accuracy: 0.8286 | mean f1-score: 0.8278 | weighted f1-score: 0.8277
The epoch: 94 | phase: test | loss: 0.8536 | accuracy: 0.8237 | mean f1-score: 0.8156 | weighted f1-score: 0.8213
Epoch 94 completed in 0m 3s
Epoch 95/149
----------
The epoch: 95 | phase: train | loss: 0.0343 | accuracy: 0.9882 | mean f1-score: 0.9883 | weighted f1-score: 0.9883
The epoch: 95 | phase: val | loss: 1.2188 | accuracy: 0.7622 | mean f1-score: 0.7611 | weighted f1-score: 0.7622
The epoch: 95 | phase: test | loss: 0.9052 | accuracy: 0.8114 | mean f1-score: 0.7908 | weighted f1-score: 0.8053
Epoch 95 completed in 0m 3s
Epoch 96/149
----------
The epoch: 96 | phase: train | loss: 0.0376 | accuracy: 0.9874 | mean f1-score: 0.9875 | weighted f1-score: 0.9875
The epoch: 96 | phase: val | loss: 1.1406 | accuracy: 0.7721 | mean f1-score: 0.7673 | weighted f1-score: 0.7693
The epoch: 96 | phase: test | loss: 0.8999 | accuracy: 0.7894 | mean f1-score: 0.7709 | weighted f1-score: 0.7839
Epoch 96 completed in 0m 2s
Epoch 97/149
----------
The epoch: 97 | phase: train | loss: 0.0356 | accuracy: 0.9879 | mean f1-score: 0.9879 | weighted f1-score: 0.9879
The epoch: 97 | phase: val | loss: 1.1742 | accuracy: 0.7666 | mean f1-score: 0.7655 | weighted f1-score: 0.7659
The epoch: 97 | phase: test | loss: 0.9325 | accuracy: 0.7988 | mean f1-score: 0.7859 | weighted f1-score: 0.7946
Epoch 97 completed in 0m 3s
Epoch 98/149
----------
The epoch: 98 | phase: train | loss: 0.0346 | accuracy: 0.9875 | mean f1-score: 0.9875 | weighted f1-score: 0.9875
The epoch: 98 | phase: val | loss: 1.1902 | accuracy: 0.7771 | mean f1-score: 0.7750 | weighted f1-score: 0.7771
The epoch: 98 | phase: test | loss: 1.2009 | accuracy: 0.7784 | mean f1-score: 0.7601 | weighted f1-score: 0.7729
Epoch 98 completed in 0m 3s
Epoch 99/149
----------
The epoch: 99 | phase: train | loss: 0.0324 | accuracy: 0.9896 | mean f1-score: 0.9896 | weighted f1-score: 0.9896
The epoch: 99 | phase: val | loss: 1.3491 | accuracy: 0.7346 | mean f1-score: 0.7278 | weighted f1-score: 0.7302
The epoch: 99 | phase: test | loss: 1.1060 | accuracy: 0.7904 | mean f1-score: 0.7655 | weighted f1-score: 0.7819
Epoch 99 completed in 0m 3s
Epoch 100/149
----------
The epoch: 100 | phase: train | loss: 0.0305 | accuracy: 0.9900 | mean f1-score: 0.9901 | weighted f1-score: 0.9900
The epoch: 100 | phase: val | loss: 1.1944 | accuracy: 0.7608 | mean f1-score: 0.7571 | weighted f1-score: 0.7596
The epoch: 100 | phase: test | loss: 1.2109 | accuracy: 0.7925 | mean f1-score: 0.7716 | weighted f1-score: 0.7860
Epoch 100 completed in 0m 3s
Epoch 101/149
----------
The epoch: 101 | phase: train | loss: 0.0279 | accuracy: 0.9904 | mean f1-score: 0.9905 | weighted f1-score: 0.9904
The epoch: 101 | phase: val | loss: 1.1780 | accuracy: 0.7812 | mean f1-score: 0.7794 | weighted f1-score: 0.7810
The epoch: 101 | phase: test | loss: 1.1503 | accuracy: 0.7909 | mean f1-score: 0.7739 | weighted f1-score: 0.7859
Epoch 101 completed in 0m 3s
Epoch 102/149
----------
The epoch: 102 | phase: train | loss: 0.0287 | accuracy: 0.9897 | mean f1-score: 0.9897 | weighted f1-score: 0.9897
The epoch: 102 | phase: val | loss: 1.1921 | accuracy: 0.7724 | mean f1-score: 0.7703 | weighted f1-score: 0.7723
The epoch: 102 | phase: test | loss: 0.9832 | accuracy: 0.7984 | mean f1-score: 0.7801 | weighted f1-score: 0.7922
Epoch 102 completed in 0m 4s
Epoch 103/149
----------
The epoch: 103 | phase: train | loss: 0.0283 | accuracy: 0.9905 | mean f1-score: 0.9905 | weighted f1-score: 0.9905
The epoch: 103 | phase: val | loss: 1.1897 | accuracy: 0.7760 | mean f1-score: 0.7761 | weighted f1-score: 0.7778
The epoch: 103 | phase: test | loss: 1.0249 | accuracy: 0.7892 | mean f1-score: 0.7710 | weighted f1-score: 0.7837
Epoch 103 completed in 0m 3s
Epoch 104/149
----------
The epoch: 104 | phase: train | loss: 0.0277 | accuracy: 0.9905 | mean f1-score: 0.9905 | weighted f1-score: 0.9905
The epoch: 104 | phase: val | loss: 1.2197 | accuracy: 0.7716 | mean f1-score: 0.7704 | weighted f1-score: 0.7716
The epoch: 104 | phase: test | loss: 1.0790 | accuracy: 0.7947 | mean f1-score: 0.7751 | weighted f1-score: 0.7885
Epoch 104 completed in 0m 3s
Epoch 105/149
----------
The epoch: 105 | phase: train | loss: 0.0284 | accuracy: 0.9902 | mean f1-score: 0.9902 | weighted f1-score: 0.9902
The epoch: 105 | phase: val | loss: 1.1279 | accuracy: 0.7897 | mean f1-score: 0.7887 | weighted f1-score: 0.7907
The epoch: 105 | phase: test | loss: 1.0200 | accuracy: 0.8212 | mean f1-score: 0.8138 | weighted f1-score: 0.8179
Epoch 105 completed in 0m 3s
Epoch 106/149
----------
The epoch: 106 | phase: train | loss: 0.0282 | accuracy: 0.9906 | mean f1-score: 0.9906 | weighted f1-score: 0.9906
The epoch: 106 | phase: val | loss: 1.2417 | accuracy: 0.7727 | mean f1-score: 0.7710 | weighted f1-score: 0.7747
The epoch: 106 | phase: test | loss: 0.9934 | accuracy: 0.7996 | mean f1-score: 0.7818 | weighted f1-score: 0.7940
Epoch 106 completed in 0m 3s
Epoch 107/149
----------
The epoch: 107 | phase: train | loss: 0.0268 | accuracy: 0.9904 | mean f1-score: 0.9903 | weighted f1-score: 0.9904
The epoch: 107 | phase: val | loss: 1.2598 | accuracy: 0.7523 | mean f1-score: 0.7500 | weighted f1-score: 0.7514
The epoch: 107 | phase: test | loss: 1.0943 | accuracy: 0.8066 | mean f1-score: 0.7932 | weighted f1-score: 0.8006
Epoch 107 completed in 0m 3s
Epoch 108/149
----------
The epoch: 108 | phase: train | loss: 0.0234 | accuracy: 0.9922 | mean f1-score: 0.9922 | weighted f1-score: 0.9922
The epoch: 108 | phase: val | loss: 1.2934 | accuracy: 0.7674 | mean f1-score: 0.7662 | weighted f1-score: 0.7683
The epoch: 108 | phase: test | loss: 1.1698 | accuracy: 0.7860 | mean f1-score: 0.7663 | weighted f1-score: 0.7797
Epoch 108 completed in 0m 3s
Epoch 109/149
----------
The epoch: 109 | phase: train | loss: 0.0264 | accuracy: 0.9904 | mean f1-score: 0.9904 | weighted f1-score: 0.9904
The epoch: 109 | phase: val | loss: 1.2196 | accuracy: 0.7705 | mean f1-score: 0.7689 | weighted f1-score: 0.7723
The epoch: 109 | phase: test | loss: 1.2525 | accuracy: 0.7742 | mean f1-score: 0.7607 | weighted f1-score: 0.7682
Epoch 109 completed in 0m 3s
Epoch 110/149
----------
The epoch: 110 | phase: train | loss: 0.0252 | accuracy: 0.9914 | mean f1-score: 0.9914 | weighted f1-score: 0.9914
The epoch: 110 | phase: val | loss: 1.3203 | accuracy: 0.7503 | mean f1-score: 0.7480 | weighted f1-score: 0.7498
The epoch: 110 | phase: test | loss: 1.2885 | accuracy: 0.7752 | mean f1-score: 0.7553 | weighted f1-score: 0.7695
Epoch 110 completed in 0m 4s
Epoch 111/149
----------
The epoch: 111 | phase: train | loss: 0.0249 | accuracy: 0.9915 | mean f1-score: 0.9915 | weighted f1-score: 0.9915
The epoch: 111 | phase: val | loss: 1.3280 | accuracy: 0.7573 | mean f1-score: 0.7577 | weighted f1-score: 0.7583
The epoch: 111 | phase: test | loss: 1.3054 | accuracy: 0.7891 | mean f1-score: 0.7679 | weighted f1-score: 0.7833
Epoch 111 completed in 0m 3s
Epoch 112/149
----------
The epoch: 112 | phase: train | loss: 0.0258 | accuracy: 0.9918 | mean f1-score: 0.9918 | weighted f1-score: 0.9918
The epoch: 112 | phase: val | loss: 1.2220 | accuracy: 0.7886 | mean f1-score: 0.7890 | weighted f1-score: 0.7882
The epoch: 112 | phase: test | loss: 1.1864 | accuracy: 0.7972 | mean f1-score: 0.7891 | weighted f1-score: 0.7956
Epoch 112 completed in 0m 4s
Epoch 113/149
----------
The epoch: 113 | phase: train | loss: 0.0213 | accuracy: 0.9931 | mean f1-score: 0.9931 | weighted f1-score: 0.9931
The epoch: 113 | phase: val | loss: 1.4233 | accuracy: 0.7465 | mean f1-score: 0.7457 | weighted f1-score: 0.7487
The epoch: 113 | phase: test | loss: 1.4180 | accuracy: 0.7609 | mean f1-score: 0.7410 | weighted f1-score: 0.7550
Epoch 113 completed in 0m 4s
Epoch 114/149
----------
The epoch: 114 | phase: train | loss: 0.0229 | accuracy: 0.9920 | mean f1-score: 0.9920 | weighted f1-score: 0.9920
The epoch: 114 | phase: val | loss: 1.1929 | accuracy: 0.7817 | mean f1-score: 0.7817 | weighted f1-score: 0.7819
The epoch: 114 | phase: test | loss: 1.2325 | accuracy: 0.7731 | mean f1-score: 0.7539 | weighted f1-score: 0.7673
Epoch 114 completed in 0m 4s
Epoch 115/149
----------
The epoch: 115 | phase: train | loss: 0.0250 | accuracy: 0.9911 | mean f1-score: 0.9911 | weighted f1-score: 0.9911
The epoch: 115 | phase: val | loss: 1.1887 | accuracy: 0.7840 | mean f1-score: 0.7846 | weighted f1-score: 0.7855
The epoch: 115 | phase: test | loss: 1.1345 | accuracy: 0.7871 | mean f1-score: 0.7682 | weighted f1-score: 0.7817
Epoch 115 completed in 0m 4s
Epoch 116/149
----------
The epoch: 116 | phase: train | loss: 0.0235 | accuracy: 0.9915 | mean f1-score: 0.9915 | weighted f1-score: 0.9915
The epoch: 116 | phase: val | loss: 1.3812 | accuracy: 0.7525 | mean f1-score: 0.7485 | weighted f1-score: 0.7497
The epoch: 116 | phase: test | loss: 1.2384 | accuracy: 0.7798 | mean f1-score: 0.7576 | weighted f1-score: 0.7725
Epoch 116 completed in 0m 4s
Epoch 117/149
----------
The epoch: 117 | phase: train | loss: 0.0228 | accuracy: 0.9919 | mean f1-score: 0.9920 | weighted f1-score: 0.9919
The epoch: 117 | phase: val | loss: 1.3248 | accuracy: 0.7567 | mean f1-score: 0.7562 | weighted f1-score: 0.7564
The epoch: 117 | phase: test | loss: 1.0870 | accuracy: 0.7983 | mean f1-score: 0.7898 | weighted f1-score: 0.7940
Epoch 117 completed in 0m 3s
Epoch 118/149
----------
The epoch: 118 | phase: train | loss: 0.0214 | accuracy: 0.9925 | mean f1-score: 0.9926 | weighted f1-score: 0.9925
The epoch: 118 | phase: val | loss: 1.4525 | accuracy: 0.7305 | mean f1-score: 0.7289 | weighted f1-score: 0.7312
The epoch: 118 | phase: test | loss: 1.1364 | accuracy: 0.7999 | mean f1-score: 0.7832 | weighted f1-score: 0.7946
Epoch 118 completed in 0m 3s
Epoch 119/149
----------
The epoch: 119 | phase: train | loss: 0.0220 | accuracy: 0.9915 | mean f1-score: 0.9915 | weighted f1-score: 0.9915
The epoch: 119 | phase: val | loss: 1.1470 | accuracy: 0.8048 | mean f1-score: 0.8044 | weighted f1-score: 0.8045
The epoch: 119 | phase: test | loss: 1.1991 | accuracy: 0.7950 | mean f1-score: 0.7785 | weighted f1-score: 0.7901
Epoch 119 completed in 0m 3s
Epoch 120/149
----------
The epoch: 120 | phase: train | loss: 0.0207 | accuracy: 0.9928 | mean f1-score: 0.9929 | weighted f1-score: 0.9928
The epoch: 120 | phase: val | loss: 1.4624 | accuracy: 0.7410 | mean f1-score: 0.7385 | weighted f1-score: 0.7400
The epoch: 120 | phase: test | loss: 1.1688 | accuracy: 0.7818 | mean f1-score: 0.7606 | weighted f1-score: 0.7751
Epoch 120 completed in 0m 3s
Epoch 121/149
----------
The epoch: 121 | phase: train | loss: 0.0202 | accuracy: 0.9932 | mean f1-score: 0.9932 | weighted f1-score: 0.9932
The epoch: 121 | phase: val | loss: 1.4330 | accuracy: 0.7595 | mean f1-score: 0.7556 | weighted f1-score: 0.7583
The epoch: 121 | phase: test | loss: 1.2683 | accuracy: 0.7936 | mean f1-score: 0.7740 | weighted f1-score: 0.7884
Epoch 121 completed in 0m 4s
Epoch 122/149
----------
The epoch: 122 | phase: train | loss: 0.0201 | accuracy: 0.9932 | mean f1-score: 0.9932 | weighted f1-score: 0.9932
The epoch: 122 | phase: val | loss: 1.3721 | accuracy: 0.7496 | mean f1-score: 0.7430 | weighted f1-score: 0.7457
The epoch: 122 | phase: test | loss: 1.3155 | accuracy: 0.7856 | mean f1-score: 0.7657 | weighted f1-score: 0.7786
Epoch 122 completed in 0m 4s
Epoch 123/149
----------
The epoch: 123 | phase: train | loss: 0.0196 | accuracy: 0.9932 | mean f1-score: 0.9932 | weighted f1-score: 0.9932
The epoch: 123 | phase: val | loss: 1.3813 | accuracy: 0.7569 | mean f1-score: 0.7527 | weighted f1-score: 0.7559
The epoch: 123 | phase: test | loss: 1.2232 | accuracy: 0.7914 | mean f1-score: 0.7752 | weighted f1-score: 0.7868
Epoch 123 completed in 0m 4s
Epoch 124/149
----------
The epoch: 124 | phase: train | loss: 0.0192 | accuracy: 0.9935 | mean f1-score: 0.9935 | weighted f1-score: 0.9935
The epoch: 124 | phase: val | loss: 1.5821 | accuracy: 0.7426 | mean f1-score: 0.7373 | weighted f1-score: 0.7383
The epoch: 124 | phase: test | loss: 1.4300 | accuracy: 0.7637 | mean f1-score: 0.7420 | weighted f1-score: 0.7559
Epoch 124 completed in 0m 4s
Epoch 125/149
----------
The epoch: 125 | phase: train | loss: 0.0203 | accuracy: 0.9935 | mean f1-score: 0.9935 | weighted f1-score: 0.9935
The epoch: 125 | phase: val | loss: 1.4941 | accuracy: 0.7481 | mean f1-score: 0.7457 | weighted f1-score: 0.7469
The epoch: 125 | phase: test | loss: 1.4239 | accuracy: 0.7762 | mean f1-score: 0.7557 | weighted f1-score: 0.7694
Epoch 125 completed in 0m 3s
Epoch 126/149
----------
The epoch: 126 | phase: train | loss: 0.0158 | accuracy: 0.9948 | mean f1-score: 0.9948 | weighted f1-score: 0.9949
The epoch: 126 | phase: val | loss: 1.4933 | accuracy: 0.7454 | mean f1-score: 0.7412 | weighted f1-score: 0.7435
The epoch: 126 | phase: test | loss: 1.4581 | accuracy: 0.7795 | mean f1-score: 0.7600 | weighted f1-score: 0.7734
Epoch 126 completed in 0m 3s
Epoch 127/149
----------
The epoch: 127 | phase: train | loss: 0.0197 | accuracy: 0.9934 | mean f1-score: 0.9935 | weighted f1-score: 0.9934
The epoch: 127 | phase: val | loss: 1.4036 | accuracy: 0.7632 | mean f1-score: 0.7606 | weighted f1-score: 0.7608
The epoch: 127 | phase: test | loss: 1.1520 | accuracy: 0.7928 | mean f1-score: 0.7705 | weighted f1-score: 0.7850
Epoch 127 completed in 0m 4s
Epoch 128/149
----------
The epoch: 128 | phase: train | loss: 0.0160 | accuracy: 0.9946 | mean f1-score: 0.9946 | weighted f1-score: 0.9946
The epoch: 128 | phase: val | loss: 1.6279 | accuracy: 0.7245 | mean f1-score: 0.7209 | weighted f1-score: 0.7229
The epoch: 128 | phase: test | loss: 1.6823 | accuracy: 0.7745 | mean f1-score: 0.7522 | weighted f1-score: 0.7671
Epoch 128 completed in 0m 3s
Epoch 129/149
----------
The epoch: 129 | phase: train | loss: 0.0176 | accuracy: 0.9939 | mean f1-score: 0.9939 | weighted f1-score: 0.9939
The epoch: 129 | phase: val | loss: 1.6163 | accuracy: 0.7551 | mean f1-score: 0.7528 | weighted f1-score: 0.7536
The epoch: 129 | phase: test | loss: 1.5191 | accuracy: 0.7811 | mean f1-score: 0.7618 | weighted f1-score: 0.7762
Epoch 129 completed in 0m 3s
Epoch 130/149
----------
The epoch: 130 | phase: train | loss: 0.0155 | accuracy: 0.9946 | mean f1-score: 0.9946 | weighted f1-score: 0.9946
The epoch: 130 | phase: val | loss: 1.6677 | accuracy: 0.7131 | mean f1-score: 0.7105 | weighted f1-score: 0.7132
The epoch: 130 | phase: test | loss: 1.5794 | accuracy: 0.7778 | mean f1-score: 0.7547 | weighted f1-score: 0.7704
Epoch 130 completed in 0m 3s
Epoch 131/149
----------
The epoch: 131 | phase: train | loss: 0.0144 | accuracy: 0.9951 | mean f1-score: 0.9951 | weighted f1-score: 0.9951
The epoch: 131 | phase: val | loss: 1.4328 | accuracy: 0.7636 | mean f1-score: 0.7611 | weighted f1-score: 0.7627
The epoch: 131 | phase: test | loss: 1.4213 | accuracy: 0.7845 | mean f1-score: 0.7660 | weighted f1-score: 0.7788
Epoch 131 completed in 0m 3s
Epoch 132/149
----------
The epoch: 132 | phase: train | loss: 0.0159 | accuracy: 0.9944 | mean f1-score: 0.9943 | weighted f1-score: 0.9944
The epoch: 132 | phase: val | loss: 1.4480 | accuracy: 0.7562 | mean f1-score: 0.7560 | weighted f1-score: 0.7569
The epoch: 132 | phase: test | loss: 1.4130 | accuracy: 0.7840 | mean f1-score: 0.7627 | weighted f1-score: 0.7776
Epoch 132 completed in 0m 4s
Epoch 133/149
----------
The epoch: 133 | phase: train | loss: 0.0149 | accuracy: 0.9948 | mean f1-score: 0.9948 | weighted f1-score: 0.9948
The epoch: 133 | phase: val | loss: 1.4331 | accuracy: 0.7536 | mean f1-score: 0.7531 | weighted f1-score: 0.7536
The epoch: 133 | phase: test | loss: 1.3334 | accuracy: 0.7774 | mean f1-score: 0.7545 | weighted f1-score: 0.7694
Epoch 133 completed in 0m 3s
Epoch 134/149
----------
The epoch: 134 | phase: train | loss: 0.0133 | accuracy: 0.9957 | mean f1-score: 0.9957 | weighted f1-score: 0.9957
The epoch: 134 | phase: val | loss: 1.6259 | accuracy: 0.7369 | mean f1-score: 0.7360 | weighted f1-score: 0.7372
The epoch: 134 | phase: test | loss: 1.4594 | accuracy: 0.7907 | mean f1-score: 0.7704 | weighted f1-score: 0.7855
Epoch 134 completed in 0m 3s
Epoch 135/149
----------
The epoch: 135 | phase: train | loss: 0.0163 | accuracy: 0.9944 | mean f1-score: 0.9943 | weighted f1-score: 0.9944
The epoch: 135 | phase: val | loss: 1.3402 | accuracy: 0.7795 | mean f1-score: 0.7779 | weighted f1-score: 0.7786
The epoch: 135 | phase: test | loss: 1.4126 | accuracy: 0.7831 | mean f1-score: 0.7623 | weighted f1-score: 0.7764
Epoch 135 completed in 0m 3s
Epoch 136/149
----------
The epoch: 136 | phase: train | loss: 0.0149 | accuracy: 0.9948 | mean f1-score: 0.9948 | weighted f1-score: 0.9948
The epoch: 136 | phase: val | loss: 1.3735 | accuracy: 0.7730 | mean f1-score: 0.7736 | weighted f1-score: 0.7738
The epoch: 136 | phase: test | loss: 1.1698 | accuracy: 0.8020 | mean f1-score: 0.7882 | weighted f1-score: 0.7983
Epoch 136 completed in 0m 4s
Epoch 137/149
----------
The epoch: 137 | phase: train | loss: 0.0149 | accuracy: 0.9951 | mean f1-score: 0.9951 | weighted f1-score: 0.9951
The epoch: 137 | phase: val | loss: 1.4435 | accuracy: 0.7592 | mean f1-score: 0.7574 | weighted f1-score: 0.7594
The epoch: 137 | phase: test | loss: 1.5819 | accuracy: 0.7682 | mean f1-score: 0.7449 | weighted f1-score: 0.7606
Epoch 137 completed in 0m 5s
Epoch 138/149
----------
The epoch: 138 | phase: train | loss: 0.0130 | accuracy: 0.9953 | mean f1-score: 0.9953 | weighted f1-score: 0.9953
The epoch: 138 | phase: val | loss: 1.4366 | accuracy: 0.7602 | mean f1-score: 0.7594 | weighted f1-score: 0.7601
The epoch: 138 | phase: test | loss: 1.3536 | accuracy: 0.7829 | mean f1-score: 0.7611 | weighted f1-score: 0.7760
Epoch 138 completed in 0m 4s
Epoch 139/149
----------
The epoch: 139 | phase: train | loss: 0.0144 | accuracy: 0.9949 | mean f1-score: 0.9950 | weighted f1-score: 0.9949
The epoch: 139 | phase: val | loss: 1.4048 | accuracy: 0.7773 | mean f1-score: 0.7780 | weighted f1-score: 0.7779
The epoch: 139 | phase: test | loss: 1.1677 | accuracy: 0.8187 | mean f1-score: 0.8080 | weighted f1-score: 0.8169
Epoch 139 completed in 0m 4s
Epoch 140/149
----------
The epoch: 140 | phase: train | loss: 0.0142 | accuracy: 0.9949 | mean f1-score: 0.9949 | weighted f1-score: 0.9949
The epoch: 140 | phase: val | loss: 1.7491 | accuracy: 0.7156 | mean f1-score: 0.7114 | weighted f1-score: 0.7155
The epoch: 140 | phase: test | loss: 1.5413 | accuracy: 0.7773 | mean f1-score: 0.7558 | weighted f1-score: 0.7708
Epoch 140 completed in 0m 4s
Epoch 141/149
----------
The epoch: 141 | phase: train | loss: 0.0140 | accuracy: 0.9950 | mean f1-score: 0.9950 | weighted f1-score: 0.9950
The epoch: 141 | phase: val | loss: 1.2156 | accuracy: 0.8195 | mean f1-score: 0.8202 | weighted f1-score: 0.8194
The epoch: 141 | phase: test | loss: 1.1824 | accuracy: 0.8110 | mean f1-score: 0.8005 | weighted f1-score: 0.8088
Epoch 141 completed in 0m 3s
Epoch 142/149
----------
The epoch: 142 | phase: train | loss: 0.0128 | accuracy: 0.9960 | mean f1-score: 0.9960 | weighted f1-score: 0.9960
The epoch: 142 | phase: val | loss: 1.4309 | accuracy: 0.7891 | mean f1-score: 0.7877 | weighted f1-score: 0.7885
The epoch: 142 | phase: test | loss: 1.3037 | accuracy: 0.7951 | mean f1-score: 0.7774 | weighted f1-score: 0.7906
Epoch 142 completed in 0m 3s
Epoch 143/149
----------
The epoch: 143 | phase: train | loss: 0.0127 | accuracy: 0.9961 | mean f1-score: 0.9961 | weighted f1-score: 0.9961
The epoch: 143 | phase: val | loss: 1.5331 | accuracy: 0.7503 | mean f1-score: 0.7499 | weighted f1-score: 0.7508
The epoch: 143 | phase: test | loss: 1.3588 | accuracy: 0.7939 | mean f1-score: 0.7744 | weighted f1-score: 0.7871
Epoch 143 completed in 0m 4s
Epoch 144/149
----------
The epoch: 144 | phase: train | loss: 0.0158 | accuracy: 0.9944 | mean f1-score: 0.9944 | weighted f1-score: 0.9944
The epoch: 144 | phase: val | loss: 1.4237 | accuracy: 0.7768 | mean f1-score: 0.7755 | weighted f1-score: 0.7760
The epoch: 144 | phase: test | loss: 1.6159 | accuracy: 0.7773 | mean f1-score: 0.7555 | weighted f1-score: 0.7705
Epoch 144 completed in 0m 3s
Epoch 145/149
----------
The epoch: 145 | phase: train | loss: 0.0138 | accuracy: 0.9952 | mean f1-score: 0.9952 | weighted f1-score: 0.9952
The epoch: 145 | phase: val | loss: 1.3753 | accuracy: 0.7746 | mean f1-score: 0.7741 | weighted f1-score: 0.7740
The epoch: 145 | phase: test | loss: 1.3821 | accuracy: 0.7955 | mean f1-score: 0.7763 | weighted f1-score: 0.7894
Epoch 145 completed in 0m 4s
Epoch 146/149
----------
The epoch: 146 | phase: train | loss: 0.0122 | accuracy: 0.9955 | mean f1-score: 0.9955 | weighted f1-score: 0.9955
The epoch: 146 | phase: val | loss: 1.5649 | accuracy: 0.7534 | mean f1-score: 0.7530 | weighted f1-score: 0.7539
The epoch: 146 | phase: test | loss: 1.5757 | accuracy: 0.7874 | mean f1-score: 0.7678 | weighted f1-score: 0.7817
Epoch 146 completed in 0m 3s
Epoch 147/149
----------
The epoch: 147 | phase: train | loss: 0.0126 | accuracy: 0.9960 | mean f1-score: 0.9959 | weighted f1-score: 0.9960
The epoch: 147 | phase: val | loss: 1.4402 | accuracy: 0.7599 | mean f1-score: 0.7576 | weighted f1-score: 0.7601
The epoch: 147 | phase: test | loss: 1.2398 | accuracy: 0.7983 | mean f1-score: 0.7778 | weighted f1-score: 0.7918
Epoch 147 completed in 0m 3s
Epoch 148/149
----------
The epoch: 148 | phase: train | loss: 0.0120 | accuracy: 0.9959 | mean f1-score: 0.9959 | weighted f1-score: 0.9959
The epoch: 148 | phase: val | loss: 1.3675 | accuracy: 0.7674 | mean f1-score: 0.7651 | weighted f1-score: 0.7669
The epoch: 148 | phase: test | loss: 1.1291 | accuracy: 0.8028 | mean f1-score: 0.7836 | weighted f1-score: 0.7962
Epoch 148 completed in 0m 3s
Epoch 149/149
----------
The epoch: 149 | phase: train | loss: 0.0107 | accuracy: 0.9964 | mean f1-score: 0.9964 | weighted f1-score: 0.9964
The epoch: 149 | phase: val | loss: 1.5147 | accuracy: 0.7504 | mean f1-score: 0.7478 | weighted f1-score: 0.7496
The epoch: 149 | phase: test | loss: 1.4257 | accuracy: 0.7934 | mean f1-score: 0.7726 | weighted f1-score: 0.7866
Epoch 149 completed in 0m 4s
The best epoch is 14
Phase: train, loss: 0.22174471854163502, accuracy: 0.9273706113551541, f1_score: 0.9281641823717505, f1_score weighted: 0.9278209941306307 {'train': [], 'val': [], 'test': []}
Phase: val, loss: 0.5462408514258362, accuracy: 0.8399560232448563, f1_score: 0.8440175089694767, f1_score weighted: 0.8433178917952253 {'train': [], 'val': [], 'test': []}
Phase: test, loss: 0.8289883472546478, accuracy: 0.7915337423312884, f1_score: 0.7727833734994106, f1_score weighted: 0.7870083781514903 {'train': [], 'val': [], 'test': []}
------ Evaluation complete! ------
