Namespace(window=50, overlap=25, batch_size=64, learning_rate=0.0005, num_epochs=150, gpu_id='0', dataset='uci', kernel_size=3, num_steps_prediction=28, classifier_lr=0.0005, classifier_batch_size=256, saved_model='/workspaces/betania.silva/ssl_tools/contrastive-predictive-coding-for-har/models/May-11-2024/uci_k_28_lr_0.0005_bs_64.pkl', learning_schedule='all_layers', random_seed=42, input_size=6, num_classes=7, root_dir='/workspaces/betania.silva/view_concatenated', data_file='uci', device=device(type='cuda', index=0), padding=1)
Data Raw (172066, 6)
Data (6881, 50, 6)
Labels (6881,)
Data Raw (24131, 6)
Data (964, 50, 6)
Labels (964,)
Data Raw (48830, 6)
Data (1952, 50, 6)
Labels (1952,)
The batch size for train phase is: 256
The batch size for val phase is: 256
The batch size for test phase is: 256
Loading the pre-trained weights
Epoch 0/149
----------
The epoch: 0 | phase: train | loss: 0.9009 | accuracy: 0.7169 | mean f1-score: 0.5239 | weighted f1-score: 0.7234
The epoch: 0 | phase: val | loss: 0.4211 | accuracy: 0.8382 | mean f1-score: 0.8480 | weighted f1-score: 0.8377
The epoch: 0 | phase: test | loss: 0.4169 | accuracy: 0.8402 | mean f1-score: 0.8462 | weighted f1-score: 0.8395
Epoch 0 completed in 0m 2s
Epoch 1/149
----------
The epoch: 1 | phase: train | loss: 0.3688 | accuracy: 0.8792 | mean f1-score: 0.8876 | weighted f1-score: 0.8791
The epoch: 1 | phase: val | loss: 0.2961 | accuracy: 0.8869 | mean f1-score: 0.8922 | weighted f1-score: 0.8859
The epoch: 1 | phase: test | loss: 0.2495 | accuracy: 0.9103 | mean f1-score: 0.9136 | weighted f1-score: 0.9099
Epoch 1 completed in 0m 1s
Epoch 2/149
----------
The epoch: 2 | phase: train | loss: 0.2607 | accuracy: 0.9124 | mean f1-score: 0.9185 | weighted f1-score: 0.9124
The epoch: 2 | phase: val | loss: 0.2473 | accuracy: 0.9035 | mean f1-score: 0.9088 | weighted f1-score: 0.9028
The epoch: 2 | phase: test | loss: 0.2032 | accuracy: 0.9232 | mean f1-score: 0.9259 | weighted f1-score: 0.9225
Epoch 2 completed in 0m 1s
Epoch 3/149
----------
The epoch: 3 | phase: train | loss: 0.2069 | accuracy: 0.9308 | mean f1-score: 0.9354 | weighted f1-score: 0.9308
The epoch: 3 | phase: val | loss: 0.2180 | accuracy: 0.9149 | mean f1-score: 0.9196 | weighted f1-score: 0.9147
The epoch: 3 | phase: test | loss: 0.1637 | accuracy: 0.9442 | mean f1-score: 0.9464 | weighted f1-score: 0.9441
Epoch 3 completed in 0m 1s
Epoch 4/149
----------
The epoch: 4 | phase: train | loss: 0.1814 | accuracy: 0.9334 | mean f1-score: 0.9379 | weighted f1-score: 0.9334
The epoch: 4 | phase: val | loss: 0.2027 | accuracy: 0.9284 | mean f1-score: 0.9321 | weighted f1-score: 0.9280
The epoch: 4 | phase: test | loss: 0.1492 | accuracy: 0.9452 | mean f1-score: 0.9471 | weighted f1-score: 0.9449
Epoch 4 completed in 0m 1s
Epoch 5/149
----------
The epoch: 5 | phase: train | loss: 0.1618 | accuracy: 0.9452 | mean f1-score: 0.9486 | weighted f1-score: 0.9452
The epoch: 5 | phase: val | loss: 0.1745 | accuracy: 0.9450 | mean f1-score: 0.9473 | weighted f1-score: 0.9448
The epoch: 5 | phase: test | loss: 0.1269 | accuracy: 0.9626 | mean f1-score: 0.9639 | weighted f1-score: 0.9625
Epoch 5 completed in 0m 1s
Epoch 6/149
----------
The epoch: 6 | phase: train | loss: 0.1406 | accuracy: 0.9500 | mean f1-score: 0.9532 | weighted f1-score: 0.9500
The epoch: 6 | phase: val | loss: 0.1760 | accuracy: 0.9409 | mean f1-score: 0.9431 | weighted f1-score: 0.9403
The epoch: 6 | phase: test | loss: 0.1292 | accuracy: 0.9575 | mean f1-score: 0.9589 | weighted f1-score: 0.9572
Epoch 6 completed in 0m 1s
Epoch 7/149
----------
The epoch: 7 | phase: train | loss: 0.1325 | accuracy: 0.9509 | mean f1-score: 0.9543 | weighted f1-score: 0.9509
The epoch: 7 | phase: val | loss: 0.2595 | accuracy: 0.8952 | mean f1-score: 0.8990 | weighted f1-score: 0.8917
The epoch: 7 | phase: test | loss: 0.1923 | accuracy: 0.9216 | mean f1-score: 0.9240 | weighted f1-score: 0.9201
Epoch 7 completed in 0m 1s
Epoch 8/149
----------
The epoch: 8 | phase: train | loss: 0.1081 | accuracy: 0.9631 | mean f1-score: 0.9656 | weighted f1-score: 0.9631
The epoch: 8 | phase: val | loss: 0.1585 | accuracy: 0.9398 | mean f1-score: 0.9425 | weighted f1-score: 0.9396
The epoch: 8 | phase: test | loss: 0.1050 | accuracy: 0.9688 | mean f1-score: 0.9698 | weighted f1-score: 0.9687
Epoch 8 completed in 0m 1s
Epoch 9/149
----------
The epoch: 9 | phase: train | loss: 0.1060 | accuracy: 0.9611 | mean f1-score: 0.9637 | weighted f1-score: 0.9610
The epoch: 9 | phase: val | loss: 0.1560 | accuracy: 0.9481 | mean f1-score: 0.9505 | weighted f1-score: 0.9481
The epoch: 9 | phase: test | loss: 0.1024 | accuracy: 0.9636 | mean f1-score: 0.9650 | weighted f1-score: 0.9636
Epoch 9 completed in 0m 1s
Epoch 10/149
----------
The epoch: 10 | phase: train | loss: 0.0998 | accuracy: 0.9641 | mean f1-score: 0.9666 | weighted f1-score: 0.9641
The epoch: 10 | phase: val | loss: 0.1478 | accuracy: 0.9471 | mean f1-score: 0.9493 | weighted f1-score: 0.9469
The epoch: 10 | phase: test | loss: 0.1065 | accuracy: 0.9698 | mean f1-score: 0.9707 | weighted f1-score: 0.9697
Epoch 10 completed in 0m 1s
Epoch 11/149
----------
The epoch: 11 | phase: train | loss: 0.0939 | accuracy: 0.9660 | mean f1-score: 0.9684 | weighted f1-score: 0.9660
The epoch: 11 | phase: val | loss: 0.1629 | accuracy: 0.9461 | mean f1-score: 0.9484 | weighted f1-score: 0.9457
The epoch: 11 | phase: test | loss: 0.1012 | accuracy: 0.9682 | mean f1-score: 0.9693 | weighted f1-score: 0.9682
Epoch 11 completed in 0m 1s
Epoch 12/149
----------
The epoch: 12 | phase: train | loss: 0.0850 | accuracy: 0.9715 | mean f1-score: 0.9733 | weighted f1-score: 0.9715
The epoch: 12 | phase: val | loss: 0.1501 | accuracy: 0.9554 | mean f1-score: 0.9573 | weighted f1-score: 0.9553
The epoch: 12 | phase: test | loss: 0.0993 | accuracy: 0.9677 | mean f1-score: 0.9690 | weighted f1-score: 0.9677
Epoch 12 completed in 0m 1s
Epoch 13/149
----------
The epoch: 13 | phase: train | loss: 0.0839 | accuracy: 0.9702 | mean f1-score: 0.9722 | weighted f1-score: 0.9702
The epoch: 13 | phase: val | loss: 0.1829 | accuracy: 0.9398 | mean f1-score: 0.9429 | weighted f1-score: 0.9394
The epoch: 13 | phase: test | loss: 0.1329 | accuracy: 0.9529 | mean f1-score: 0.9547 | weighted f1-score: 0.9526
Epoch 13 completed in 0m 1s
Epoch 14/149
----------
The epoch: 14 | phase: train | loss: 0.0763 | accuracy: 0.9721 | mean f1-score: 0.9739 | weighted f1-score: 0.9721
The epoch: 14 | phase: val | loss: 0.1560 | accuracy: 0.9471 | mean f1-score: 0.9496 | weighted f1-score: 0.9469
The epoch: 14 | phase: test | loss: 0.1059 | accuracy: 0.9626 | mean f1-score: 0.9641 | weighted f1-score: 0.9625
Epoch 14 completed in 0m 1s
Epoch 15/149
----------
The epoch: 15 | phase: train | loss: 0.0697 | accuracy: 0.9770 | mean f1-score: 0.9787 | weighted f1-score: 0.9770
The epoch: 15 | phase: val | loss: 0.1414 | accuracy: 0.9554 | mean f1-score: 0.9573 | weighted f1-score: 0.9553
The epoch: 15 | phase: test | loss: 0.0987 | accuracy: 0.9631 | mean f1-score: 0.9643 | weighted f1-score: 0.9631
Epoch 15 completed in 0m 1s
Epoch 16/149
----------
The epoch: 16 | phase: train | loss: 0.0719 | accuracy: 0.9714 | mean f1-score: 0.9734 | weighted f1-score: 0.9714
The epoch: 16 | phase: val | loss: 0.1787 | accuracy: 0.9357 | mean f1-score: 0.9389 | weighted f1-score: 0.9352
The epoch: 16 | phase: test | loss: 0.1262 | accuracy: 0.9539 | mean f1-score: 0.9556 | weighted f1-score: 0.9537
Epoch 16 completed in 0m 1s
Epoch 17/149
----------
The epoch: 17 | phase: train | loss: 0.0691 | accuracy: 0.9756 | mean f1-score: 0.9772 | weighted f1-score: 0.9756
The epoch: 17 | phase: val | loss: 0.1436 | accuracy: 0.9533 | mean f1-score: 0.9552 | weighted f1-score: 0.9532
The epoch: 17 | phase: test | loss: 0.0989 | accuracy: 0.9647 | mean f1-score: 0.9659 | weighted f1-score: 0.9646
Epoch 17 completed in 0m 1s
Epoch 18/149
----------
The epoch: 18 | phase: train | loss: 0.0633 | accuracy: 0.9760 | mean f1-score: 0.9775 | weighted f1-score: 0.9760
The epoch: 18 | phase: val | loss: 0.1904 | accuracy: 0.9398 | mean f1-score: 0.9425 | weighted f1-score: 0.9394
The epoch: 18 | phase: test | loss: 0.1436 | accuracy: 0.9513 | mean f1-score: 0.9531 | weighted f1-score: 0.9511
Epoch 18 completed in 0m 1s
Epoch 19/149
----------
The epoch: 19 | phase: train | loss: 0.0670 | accuracy: 0.9736 | mean f1-score: 0.9752 | weighted f1-score: 0.9735
The epoch: 19 | phase: val | loss: 0.1638 | accuracy: 0.9544 | mean f1-score: 0.9560 | weighted f1-score: 0.9542
The epoch: 19 | phase: test | loss: 0.1089 | accuracy: 0.9662 | mean f1-score: 0.9674 | weighted f1-score: 0.9662
Epoch 19 completed in 0m 1s
Epoch 20/149
----------
The epoch: 20 | phase: train | loss: 0.0659 | accuracy: 0.9775 | mean f1-score: 0.9791 | weighted f1-score: 0.9775
The epoch: 20 | phase: val | loss: 0.1521 | accuracy: 0.9481 | mean f1-score: 0.9503 | weighted f1-score: 0.9478
The epoch: 20 | phase: test | loss: 0.0961 | accuracy: 0.9739 | mean f1-score: 0.9746 | weighted f1-score: 0.9738
Epoch 20 completed in 0m 1s
Epoch 21/149
----------
The epoch: 21 | phase: train | loss: 0.0696 | accuracy: 0.9731 | mean f1-score: 0.9750 | weighted f1-score: 0.9731
The epoch: 21 | phase: val | loss: 0.1541 | accuracy: 0.9533 | mean f1-score: 0.9553 | weighted f1-score: 0.9531
The epoch: 21 | phase: test | loss: 0.1162 | accuracy: 0.9621 | mean f1-score: 0.9635 | weighted f1-score: 0.9620
Epoch 21 completed in 0m 1s
Epoch 22/149
----------
The epoch: 22 | phase: train | loss: 0.0593 | accuracy: 0.9769 | mean f1-score: 0.9784 | weighted f1-score: 0.9769
The epoch: 22 | phase: val | loss: 0.1608 | accuracy: 0.9481 | mean f1-score: 0.9498 | weighted f1-score: 0.9478
The epoch: 22 | phase: test | loss: 0.0982 | accuracy: 0.9718 | mean f1-score: 0.9726 | weighted f1-score: 0.9718
Epoch 22 completed in 0m 1s
Epoch 23/149
----------
The epoch: 23 | phase: train | loss: 0.0606 | accuracy: 0.9776 | mean f1-score: 0.9791 | weighted f1-score: 0.9776
The epoch: 23 | phase: val | loss: 0.1679 | accuracy: 0.9450 | mean f1-score: 0.9468 | weighted f1-score: 0.9445
The epoch: 23 | phase: test | loss: 0.0952 | accuracy: 0.9728 | mean f1-score: 0.9736 | weighted f1-score: 0.9728
Epoch 23 completed in 0m 1s
Epoch 24/149
----------
The epoch: 24 | phase: train | loss: 0.0520 | accuracy: 0.9815 | mean f1-score: 0.9828 | weighted f1-score: 0.9815
The epoch: 24 | phase: val | loss: 0.1798 | accuracy: 0.9512 | mean f1-score: 0.9528 | weighted f1-score: 0.9509
The epoch: 24 | phase: test | loss: 0.0944 | accuracy: 0.9703 | mean f1-score: 0.9712 | weighted f1-score: 0.9702
Epoch 24 completed in 0m 1s
Epoch 25/149
----------
The epoch: 25 | phase: train | loss: 0.0487 | accuracy: 0.9833 | mean f1-score: 0.9845 | weighted f1-score: 0.9833
The epoch: 25 | phase: val | loss: 0.1587 | accuracy: 0.9544 | mean f1-score: 0.9561 | weighted f1-score: 0.9543
The epoch: 25 | phase: test | loss: 0.0882 | accuracy: 0.9713 | mean f1-score: 0.9721 | weighted f1-score: 0.9713
Epoch 25 completed in 0m 1s
Epoch 26/149
----------
The epoch: 26 | phase: train | loss: 0.0454 | accuracy: 0.9826 | mean f1-score: 0.9838 | weighted f1-score: 0.9826
The epoch: 26 | phase: val | loss: 0.1525 | accuracy: 0.9554 | mean f1-score: 0.9570 | weighted f1-score: 0.9553
The epoch: 26 | phase: test | loss: 0.0875 | accuracy: 0.9744 | mean f1-score: 0.9752 | weighted f1-score: 0.9744
Epoch 26 completed in 0m 1s
Epoch 27/149
----------
The epoch: 27 | phase: train | loss: 0.0367 | accuracy: 0.9881 | mean f1-score: 0.9889 | weighted f1-score: 0.9881
The epoch: 27 | phase: val | loss: 0.1831 | accuracy: 0.9492 | mean f1-score: 0.9510 | weighted f1-score: 0.9489
The epoch: 27 | phase: test | loss: 0.0918 | accuracy: 0.9775 | mean f1-score: 0.9781 | weighted f1-score: 0.9774
Epoch 27 completed in 0m 1s
Epoch 28/149
----------
The epoch: 28 | phase: train | loss: 0.0384 | accuracy: 0.9863 | mean f1-score: 0.9874 | weighted f1-score: 0.9863
The epoch: 28 | phase: val | loss: 0.1647 | accuracy: 0.9575 | mean f1-score: 0.9589 | weighted f1-score: 0.9574
The epoch: 28 | phase: test | loss: 0.0906 | accuracy: 0.9734 | mean f1-score: 0.9742 | weighted f1-score: 0.9733
Epoch 28 completed in 0m 1s
Epoch 29/149
----------
The epoch: 29 | phase: train | loss: 0.0372 | accuracy: 0.9871 | mean f1-score: 0.9879 | weighted f1-score: 0.9871
The epoch: 29 | phase: val | loss: 0.1716 | accuracy: 0.9575 | mean f1-score: 0.9588 | weighted f1-score: 0.9574
The epoch: 29 | phase: test | loss: 0.0986 | accuracy: 0.9693 | mean f1-score: 0.9701 | weighted f1-score: 0.9692
Epoch 29 completed in 0m 1s
Epoch 30/149
----------
The epoch: 30 | phase: train | loss: 0.0406 | accuracy: 0.9846 | mean f1-score: 0.9857 | weighted f1-score: 0.9846
The epoch: 30 | phase: val | loss: 0.1676 | accuracy: 0.9544 | mean f1-score: 0.9560 | weighted f1-score: 0.9543
The epoch: 30 | phase: test | loss: 0.1071 | accuracy: 0.9688 | mean f1-score: 0.9698 | weighted f1-score: 0.9687
Epoch 30 completed in 0m 1s
Epoch 31/149
----------
The epoch: 31 | phase: train | loss: 0.0350 | accuracy: 0.9874 | mean f1-score: 0.9881 | weighted f1-score: 0.9874
The epoch: 31 | phase: val | loss: 0.1669 | accuracy: 0.9512 | mean f1-score: 0.9534 | weighted f1-score: 0.9512
The epoch: 31 | phase: test | loss: 0.1095 | accuracy: 0.9688 | mean f1-score: 0.9698 | weighted f1-score: 0.9687
Epoch 31 completed in 0m 1s
Epoch 32/149
----------
The epoch: 32 | phase: train | loss: 0.0378 | accuracy: 0.9866 | mean f1-score: 0.9875 | weighted f1-score: 0.9866
The epoch: 32 | phase: val | loss: 0.1570 | accuracy: 0.9595 | mean f1-score: 0.9612 | weighted f1-score: 0.9595
The epoch: 32 | phase: test | loss: 0.1197 | accuracy: 0.9636 | mean f1-score: 0.9648 | weighted f1-score: 0.9636
Epoch 32 completed in 0m 1s
Epoch 33/149
----------
The epoch: 33 | phase: train | loss: 0.0318 | accuracy: 0.9884 | mean f1-score: 0.9891 | weighted f1-score: 0.9884
The epoch: 33 | phase: val | loss: 0.2159 | accuracy: 0.9419 | mean f1-score: 0.9440 | weighted f1-score: 0.9413
The epoch: 33 | phase: test | loss: 0.1167 | accuracy: 0.9667 | mean f1-score: 0.9676 | weighted f1-score: 0.9666
Epoch 33 completed in 0m 1s
Epoch 34/149
----------
The epoch: 34 | phase: train | loss: 0.0366 | accuracy: 0.9868 | mean f1-score: 0.9878 | weighted f1-score: 0.9868
The epoch: 34 | phase: val | loss: 0.1740 | accuracy: 0.9544 | mean f1-score: 0.9561 | weighted f1-score: 0.9542
The epoch: 34 | phase: test | loss: 0.1013 | accuracy: 0.9682 | mean f1-score: 0.9692 | weighted f1-score: 0.9682
Epoch 34 completed in 0m 1s
Epoch 35/149
----------
The epoch: 35 | phase: train | loss: 0.0358 | accuracy: 0.9868 | mean f1-score: 0.9878 | weighted f1-score: 0.9868
The epoch: 35 | phase: val | loss: 0.1686 | accuracy: 0.9533 | mean f1-score: 0.9552 | weighted f1-score: 0.9531
The epoch: 35 | phase: test | loss: 0.0935 | accuracy: 0.9734 | mean f1-score: 0.9741 | weighted f1-score: 0.9733
Epoch 35 completed in 0m 1s
Epoch 36/149
----------
The epoch: 36 | phase: train | loss: 0.0302 | accuracy: 0.9895 | mean f1-score: 0.9903 | weighted f1-score: 0.9895
The epoch: 36 | phase: val | loss: 0.1954 | accuracy: 0.9554 | mean f1-score: 0.9571 | weighted f1-score: 0.9551
The epoch: 36 | phase: test | loss: 0.1130 | accuracy: 0.9708 | mean f1-score: 0.9717 | weighted f1-score: 0.9708
Epoch 36 completed in 0m 1s
Epoch 37/149
----------
The epoch: 37 | phase: train | loss: 0.0386 | accuracy: 0.9875 | mean f1-score: 0.9883 | weighted f1-score: 0.9875
The epoch: 37 | phase: val | loss: 0.2286 | accuracy: 0.9398 | mean f1-score: 0.9418 | weighted f1-score: 0.9390
The epoch: 37 | phase: test | loss: 0.1207 | accuracy: 0.9606 | mean f1-score: 0.9616 | weighted f1-score: 0.9604
Epoch 37 completed in 0m 1s
Epoch 38/149
----------
The epoch: 38 | phase: train | loss: 0.0364 | accuracy: 0.9875 | mean f1-score: 0.9884 | weighted f1-score: 0.9875
The epoch: 38 | phase: val | loss: 0.1747 | accuracy: 0.9585 | mean f1-score: 0.9602 | weighted f1-score: 0.9584
The epoch: 38 | phase: test | loss: 0.1079 | accuracy: 0.9688 | mean f1-score: 0.9696 | weighted f1-score: 0.9687
Epoch 38 completed in 0m 1s
Epoch 39/149
----------
The epoch: 39 | phase: train | loss: 0.0337 | accuracy: 0.9885 | mean f1-score: 0.9892 | weighted f1-score: 0.9885
The epoch: 39 | phase: val | loss: 0.1846 | accuracy: 0.9533 | mean f1-score: 0.9552 | weighted f1-score: 0.9531
The epoch: 39 | phase: test | loss: 0.1001 | accuracy: 0.9718 | mean f1-score: 0.9726 | weighted f1-score: 0.9718
Epoch 39 completed in 0m 1s
Epoch 40/149
----------
The epoch: 40 | phase: train | loss: 0.0299 | accuracy: 0.9891 | mean f1-score: 0.9899 | weighted f1-score: 0.9891
The epoch: 40 | phase: val | loss: 0.1831 | accuracy: 0.9575 | mean f1-score: 0.9589 | weighted f1-score: 0.9572
The epoch: 40 | phase: test | loss: 0.1017 | accuracy: 0.9723 | mean f1-score: 0.9731 | weighted f1-score: 0.9723
Epoch 40 completed in 0m 1s
Epoch 41/149
----------
The epoch: 41 | phase: train | loss: 0.0296 | accuracy: 0.9901 | mean f1-score: 0.9908 | weighted f1-score: 0.9901
The epoch: 41 | phase: val | loss: 0.1799 | accuracy: 0.9544 | mean f1-score: 0.9563 | weighted f1-score: 0.9543
The epoch: 41 | phase: test | loss: 0.1216 | accuracy: 0.9631 | mean f1-score: 0.9641 | weighted f1-score: 0.9631
Epoch 41 completed in 0m 1s
Epoch 42/149
----------
The epoch: 42 | phase: train | loss: 0.0305 | accuracy: 0.9890 | mean f1-score: 0.9899 | weighted f1-score: 0.9890
The epoch: 42 | phase: val | loss: 0.1856 | accuracy: 0.9564 | mean f1-score: 0.9580 | weighted f1-score: 0.9562
The epoch: 42 | phase: test | loss: 0.0869 | accuracy: 0.9764 | mean f1-score: 0.9770 | weighted f1-score: 0.9764
Epoch 42 completed in 0m 1s
Epoch 43/149
----------
The epoch: 43 | phase: train | loss: 0.0265 | accuracy: 0.9906 | mean f1-score: 0.9912 | weighted f1-score: 0.9906
The epoch: 43 | phase: val | loss: 0.1966 | accuracy: 0.9512 | mean f1-score: 0.9532 | weighted f1-score: 0.9511
The epoch: 43 | phase: test | loss: 0.1183 | accuracy: 0.9647 | mean f1-score: 0.9656 | weighted f1-score: 0.9646
Epoch 43 completed in 0m 1s
Epoch 44/149
----------
The epoch: 44 | phase: train | loss: 0.0242 | accuracy: 0.9926 | mean f1-score: 0.9931 | weighted f1-score: 0.9926
The epoch: 44 | phase: val | loss: 0.1945 | accuracy: 0.9544 | mean f1-score: 0.9559 | weighted f1-score: 0.9541
The epoch: 44 | phase: test | loss: 0.0990 | accuracy: 0.9723 | mean f1-score: 0.9728 | weighted f1-score: 0.9723
Epoch 44 completed in 0m 1s
Epoch 45/149
----------
The epoch: 45 | phase: train | loss: 0.0223 | accuracy: 0.9924 | mean f1-score: 0.9929 | weighted f1-score: 0.9924
The epoch: 45 | phase: val | loss: 0.2070 | accuracy: 0.9492 | mean f1-score: 0.9513 | weighted f1-score: 0.9490
The epoch: 45 | phase: test | loss: 0.1358 | accuracy: 0.9600 | mean f1-score: 0.9611 | weighted f1-score: 0.9599
Epoch 45 completed in 0m 1s
Epoch 46/149
----------
The epoch: 46 | phase: train | loss: 0.0406 | accuracy: 0.9842 | mean f1-score: 0.9853 | weighted f1-score: 0.9842
The epoch: 46 | phase: val | loss: 0.1717 | accuracy: 0.9544 | mean f1-score: 0.9563 | weighted f1-score: 0.9543
The epoch: 46 | phase: test | loss: 0.1170 | accuracy: 0.9641 | mean f1-score: 0.9652 | weighted f1-score: 0.9641
Epoch 46 completed in 0m 1s
Epoch 47/149
----------
The epoch: 47 | phase: train | loss: 0.0242 | accuracy: 0.9913 | mean f1-score: 0.9920 | weighted f1-score: 0.9913
The epoch: 47 | phase: val | loss: 0.1888 | accuracy: 0.9585 | mean f1-score: 0.9600 | weighted f1-score: 0.9584
The epoch: 47 | phase: test | loss: 0.1111 | accuracy: 0.9688 | mean f1-score: 0.9696 | weighted f1-score: 0.9687
Epoch 47 completed in 0m 1s
Epoch 48/149
----------
The epoch: 48 | phase: train | loss: 0.0230 | accuracy: 0.9910 | mean f1-score: 0.9917 | weighted f1-score: 0.9910
The epoch: 48 | phase: val | loss: 0.1888 | accuracy: 0.9564 | mean f1-score: 0.9580 | weighted f1-score: 0.9563
The epoch: 48 | phase: test | loss: 0.1072 | accuracy: 0.9703 | mean f1-score: 0.9710 | weighted f1-score: 0.9702
Epoch 48 completed in 0m 1s
Epoch 49/149
----------
The epoch: 49 | phase: train | loss: 0.0227 | accuracy: 0.9924 | mean f1-score: 0.9930 | weighted f1-score: 0.9924
The epoch: 49 | phase: val | loss: 0.2072 | accuracy: 0.9544 | mean f1-score: 0.9558 | weighted f1-score: 0.9541
The epoch: 49 | phase: test | loss: 0.0999 | accuracy: 0.9718 | mean f1-score: 0.9725 | weighted f1-score: 0.9718
Epoch 49 completed in 0m 1s
Epoch 50/149
----------
The epoch: 50 | phase: train | loss: 0.0297 | accuracy: 0.9892 | mean f1-score: 0.9900 | weighted f1-score: 0.9892
The epoch: 50 | phase: val | loss: 0.1880 | accuracy: 0.9502 | mean f1-score: 0.9526 | weighted f1-score: 0.9501
The epoch: 50 | phase: test | loss: 0.1335 | accuracy: 0.9606 | mean f1-score: 0.9617 | weighted f1-score: 0.9605
Epoch 50 completed in 0m 1s
Epoch 51/149
----------
The epoch: 51 | phase: train | loss: 0.0235 | accuracy: 0.9922 | mean f1-score: 0.9928 | weighted f1-score: 0.9922
The epoch: 51 | phase: val | loss: 0.1817 | accuracy: 0.9595 | mean f1-score: 0.9609 | weighted f1-score: 0.9594
The epoch: 51 | phase: test | loss: 0.0958 | accuracy: 0.9728 | mean f1-score: 0.9734 | weighted f1-score: 0.9728
Epoch 51 completed in 0m 1s
Epoch 52/149
----------
The epoch: 52 | phase: train | loss: 0.0226 | accuracy: 0.9917 | mean f1-score: 0.9923 | weighted f1-score: 0.9917
The epoch: 52 | phase: val | loss: 0.1838 | accuracy: 0.9595 | mean f1-score: 0.9610 | weighted f1-score: 0.9594
The epoch: 52 | phase: test | loss: 0.1047 | accuracy: 0.9698 | mean f1-score: 0.9702 | weighted f1-score: 0.9697
Epoch 52 completed in 0m 2s
Epoch 53/149
----------
The epoch: 53 | phase: train | loss: 0.0251 | accuracy: 0.9908 | mean f1-score: 0.9915 | weighted f1-score: 0.9908
The epoch: 53 | phase: val | loss: 0.1995 | accuracy: 0.9544 | mean f1-score: 0.9560 | weighted f1-score: 0.9542
The epoch: 53 | phase: test | loss: 0.1016 | accuracy: 0.9718 | mean f1-score: 0.9724 | weighted f1-score: 0.9718
Epoch 53 completed in 0m 2s
Epoch 54/149
----------
The epoch: 54 | phase: train | loss: 0.0189 | accuracy: 0.9930 | mean f1-score: 0.9935 | weighted f1-score: 0.9930
The epoch: 54 | phase: val | loss: 0.2233 | accuracy: 0.9523 | mean f1-score: 0.9541 | weighted f1-score: 0.9521
The epoch: 54 | phase: test | loss: 0.0966 | accuracy: 0.9749 | mean f1-score: 0.9754 | weighted f1-score: 0.9749
Epoch 54 completed in 0m 1s
Epoch 55/149
----------
The epoch: 55 | phase: train | loss: 0.0189 | accuracy: 0.9930 | mean f1-score: 0.9935 | weighted f1-score: 0.9930
The epoch: 55 | phase: val | loss: 0.1988 | accuracy: 0.9575 | mean f1-score: 0.9590 | weighted f1-score: 0.9573
The epoch: 55 | phase: test | loss: 0.1115 | accuracy: 0.9713 | mean f1-score: 0.9719 | weighted f1-score: 0.9713
Epoch 55 completed in 0m 1s
Epoch 56/149
----------
The epoch: 56 | phase: train | loss: 0.0150 | accuracy: 0.9949 | mean f1-score: 0.9953 | weighted f1-score: 0.9949
The epoch: 56 | phase: val | loss: 0.2011 | accuracy: 0.9564 | mean f1-score: 0.9579 | weighted f1-score: 0.9562
The epoch: 56 | phase: test | loss: 0.1057 | accuracy: 0.9708 | mean f1-score: 0.9714 | weighted f1-score: 0.9707
Epoch 56 completed in 0m 1s
Epoch 57/149
----------
The epoch: 57 | phase: train | loss: 0.0186 | accuracy: 0.9932 | mean f1-score: 0.9937 | weighted f1-score: 0.9932
The epoch: 57 | phase: val | loss: 0.2038 | accuracy: 0.9606 | mean f1-score: 0.9620 | weighted f1-score: 0.9605
The epoch: 57 | phase: test | loss: 0.0946 | accuracy: 0.9723 | mean f1-score: 0.9731 | weighted f1-score: 0.9723
Epoch 57 completed in 0m 1s
Epoch 58/149
----------
The epoch: 58 | phase: train | loss: 0.0154 | accuracy: 0.9942 | mean f1-score: 0.9946 | weighted f1-score: 0.9942
The epoch: 58 | phase: val | loss: 0.1880 | accuracy: 0.9554 | mean f1-score: 0.9569 | weighted f1-score: 0.9553
The epoch: 58 | phase: test | loss: 0.1019 | accuracy: 0.9739 | mean f1-score: 0.9745 | weighted f1-score: 0.9738
Epoch 58 completed in 0m 1s
Epoch 59/149
----------
The epoch: 59 | phase: train | loss: 0.0171 | accuracy: 0.9939 | mean f1-score: 0.9943 | weighted f1-score: 0.9939
The epoch: 59 | phase: val | loss: 0.2297 | accuracy: 0.9544 | mean f1-score: 0.9561 | weighted f1-score: 0.9542
The epoch: 59 | phase: test | loss: 0.1043 | accuracy: 0.9744 | mean f1-score: 0.9748 | weighted f1-score: 0.9743
Epoch 59 completed in 0m 1s
Epoch 60/149
----------
The epoch: 60 | phase: train | loss: 0.0177 | accuracy: 0.9940 | mean f1-score: 0.9945 | weighted f1-score: 0.9940
The epoch: 60 | phase: val | loss: 0.2049 | accuracy: 0.9575 | mean f1-score: 0.9590 | weighted f1-score: 0.9574
The epoch: 60 | phase: test | loss: 0.1159 | accuracy: 0.9693 | mean f1-score: 0.9701 | weighted f1-score: 0.9692
Epoch 60 completed in 0m 1s
Epoch 61/149
----------
The epoch: 61 | phase: train | loss: 0.0155 | accuracy: 0.9938 | mean f1-score: 0.9942 | weighted f1-score: 0.9938
The epoch: 61 | phase: val | loss: 0.1877 | accuracy: 0.9616 | mean f1-score: 0.9627 | weighted f1-score: 0.9615
The epoch: 61 | phase: test | loss: 0.1030 | accuracy: 0.9723 | mean f1-score: 0.9730 | weighted f1-score: 0.9723
Epoch 61 completed in 0m 1s
Epoch 62/149
----------
The epoch: 62 | phase: train | loss: 0.0152 | accuracy: 0.9951 | mean f1-score: 0.9954 | weighted f1-score: 0.9951
The epoch: 62 | phase: val | loss: 0.2117 | accuracy: 0.9554 | mean f1-score: 0.9568 | weighted f1-score: 0.9552
The epoch: 62 | phase: test | loss: 0.1150 | accuracy: 0.9672 | mean f1-score: 0.9680 | weighted f1-score: 0.9672
Epoch 62 completed in 0m 2s
Epoch 63/149
----------
The epoch: 63 | phase: train | loss: 0.0138 | accuracy: 0.9952 | mean f1-score: 0.9955 | weighted f1-score: 0.9952
The epoch: 63 | phase: val | loss: 0.2250 | accuracy: 0.9544 | mean f1-score: 0.9560 | weighted f1-score: 0.9541
The epoch: 63 | phase: test | loss: 0.1117 | accuracy: 0.9728 | mean f1-score: 0.9736 | weighted f1-score: 0.9728
Epoch 63 completed in 0m 2s
Epoch 64/149
----------
The epoch: 64 | phase: train | loss: 0.0175 | accuracy: 0.9942 | mean f1-score: 0.9946 | weighted f1-score: 0.9942
The epoch: 64 | phase: val | loss: 0.2483 | accuracy: 0.9502 | mean f1-score: 0.9519 | weighted f1-score: 0.9498
The epoch: 64 | phase: test | loss: 0.1406 | accuracy: 0.9616 | mean f1-score: 0.9625 | weighted f1-score: 0.9615
Epoch 64 completed in 0m 2s
Epoch 65/149
----------
The epoch: 65 | phase: train | loss: 0.0168 | accuracy: 0.9939 | mean f1-score: 0.9943 | weighted f1-score: 0.9939
The epoch: 65 | phase: val | loss: 0.2531 | accuracy: 0.9481 | mean f1-score: 0.9499 | weighted f1-score: 0.9477
The epoch: 65 | phase: test | loss: 0.1249 | accuracy: 0.9698 | mean f1-score: 0.9704 | weighted f1-score: 0.9697
Epoch 65 completed in 0m 2s
Epoch 66/149
----------
The epoch: 66 | phase: train | loss: 0.0192 | accuracy: 0.9942 | mean f1-score: 0.9946 | weighted f1-score: 0.9942
The epoch: 66 | phase: val | loss: 0.2016 | accuracy: 0.9606 | mean f1-score: 0.9620 | weighted f1-score: 0.9605
The epoch: 66 | phase: test | loss: 0.1273 | accuracy: 0.9703 | mean f1-score: 0.9708 | weighted f1-score: 0.9703
Epoch 66 completed in 0m 1s
Epoch 67/149
----------
The epoch: 67 | phase: train | loss: 0.0139 | accuracy: 0.9951 | mean f1-score: 0.9954 | weighted f1-score: 0.9951
The epoch: 67 | phase: val | loss: 0.2063 | accuracy: 0.9585 | mean f1-score: 0.9600 | weighted f1-score: 0.9584
The epoch: 67 | phase: test | loss: 0.1265 | accuracy: 0.9688 | mean f1-score: 0.9697 | weighted f1-score: 0.9687
Epoch 67 completed in 0m 1s
Epoch 68/149
----------
The epoch: 68 | phase: train | loss: 0.0160 | accuracy: 0.9943 | mean f1-score: 0.9948 | weighted f1-score: 0.9943
The epoch: 68 | phase: val | loss: 0.2051 | accuracy: 0.9595 | mean f1-score: 0.9607 | weighted f1-score: 0.9594
The epoch: 68 | phase: test | loss: 0.1257 | accuracy: 0.9703 | mean f1-score: 0.9712 | weighted f1-score: 0.9703
Epoch 68 completed in 0m 1s
Epoch 69/149
----------
The epoch: 69 | phase: train | loss: 0.0103 | accuracy: 0.9964 | mean f1-score: 0.9967 | weighted f1-score: 0.9964
The epoch: 69 | phase: val | loss: 0.2346 | accuracy: 0.9533 | mean f1-score: 0.9548 | weighted f1-score: 0.9530
The epoch: 69 | phase: test | loss: 0.1097 | accuracy: 0.9739 | mean f1-score: 0.9745 | weighted f1-score: 0.9738
Epoch 69 completed in 0m 1s
Epoch 70/149
----------
The epoch: 70 | phase: train | loss: 0.0112 | accuracy: 0.9959 | mean f1-score: 0.9962 | weighted f1-score: 0.9959
The epoch: 70 | phase: val | loss: 0.2105 | accuracy: 0.9585 | mean f1-score: 0.9598 | weighted f1-score: 0.9584
The epoch: 70 | phase: test | loss: 0.1025 | accuracy: 0.9749 | mean f1-score: 0.9755 | weighted f1-score: 0.9749
Epoch 70 completed in 0m 1s
Epoch 71/149
----------
The epoch: 71 | phase: train | loss: 0.0156 | accuracy: 0.9949 | mean f1-score: 0.9952 | weighted f1-score: 0.9949
The epoch: 71 | phase: val | loss: 0.2254 | accuracy: 0.9575 | mean f1-score: 0.9590 | weighted f1-score: 0.9573
The epoch: 71 | phase: test | loss: 0.1211 | accuracy: 0.9713 | mean f1-score: 0.9721 | weighted f1-score: 0.9713
Epoch 71 completed in 0m 1s
Epoch 72/149
----------
The epoch: 72 | phase: train | loss: 0.0126 | accuracy: 0.9952 | mean f1-score: 0.9955 | weighted f1-score: 0.9952
The epoch: 72 | phase: val | loss: 0.2110 | accuracy: 0.9575 | mean f1-score: 0.9588 | weighted f1-score: 0.9573
The epoch: 72 | phase: test | loss: 0.1081 | accuracy: 0.9708 | mean f1-score: 0.9717 | weighted f1-score: 0.9708
Epoch 72 completed in 0m 2s
Epoch 73/149
----------
The epoch: 73 | phase: train | loss: 0.0097 | accuracy: 0.9971 | mean f1-score: 0.9973 | weighted f1-score: 0.9971
The epoch: 73 | phase: val | loss: 0.2257 | accuracy: 0.9544 | mean f1-score: 0.9560 | weighted f1-score: 0.9542
The epoch: 73 | phase: test | loss: 0.1099 | accuracy: 0.9703 | mean f1-score: 0.9712 | weighted f1-score: 0.9703
Epoch 73 completed in 0m 2s
Epoch 74/149
----------
The epoch: 74 | phase: train | loss: 0.0134 | accuracy: 0.9953 | mean f1-score: 0.9957 | weighted f1-score: 0.9954
The epoch: 74 | phase: val | loss: 0.2397 | accuracy: 0.9533 | mean f1-score: 0.9548 | weighted f1-score: 0.9530
The epoch: 74 | phase: test | loss: 0.1155 | accuracy: 0.9693 | mean f1-score: 0.9701 | weighted f1-score: 0.9692
Epoch 74 completed in 0m 1s
Epoch 75/149
----------
The epoch: 75 | phase: train | loss: 0.0133 | accuracy: 0.9951 | mean f1-score: 0.9953 | weighted f1-score: 0.9951
The epoch: 75 | phase: val | loss: 0.2101 | accuracy: 0.9585 | mean f1-score: 0.9600 | weighted f1-score: 0.9583
The epoch: 75 | phase: test | loss: 0.1347 | accuracy: 0.9677 | mean f1-score: 0.9685 | weighted f1-score: 0.9677
Epoch 75 completed in 0m 2s
Epoch 76/149
----------
The epoch: 76 | phase: train | loss: 0.0126 | accuracy: 0.9961 | mean f1-score: 0.9964 | weighted f1-score: 0.9961
The epoch: 76 | phase: val | loss: 0.2433 | accuracy: 0.9533 | mean f1-score: 0.9547 | weighted f1-score: 0.9529
The epoch: 76 | phase: test | loss: 0.1178 | accuracy: 0.9703 | mean f1-score: 0.9710 | weighted f1-score: 0.9702
Epoch 76 completed in 0m 1s
Epoch 77/149
----------
The epoch: 77 | phase: train | loss: 0.0080 | accuracy: 0.9977 | mean f1-score: 0.9978 | weighted f1-score: 0.9977
The epoch: 77 | phase: val | loss: 0.2256 | accuracy: 0.9554 | mean f1-score: 0.9570 | weighted f1-score: 0.9552
The epoch: 77 | phase: test | loss: 0.1387 | accuracy: 0.9693 | mean f1-score: 0.9699 | weighted f1-score: 0.9692
Epoch 77 completed in 0m 1s
Epoch 78/149
----------
The epoch: 78 | phase: train | loss: 0.0104 | accuracy: 0.9953 | mean f1-score: 0.9957 | weighted f1-score: 0.9953
The epoch: 78 | phase: val | loss: 0.2499 | accuracy: 0.9492 | mean f1-score: 0.9508 | weighted f1-score: 0.9487
The epoch: 78 | phase: test | loss: 0.1225 | accuracy: 0.9682 | mean f1-score: 0.9690 | weighted f1-score: 0.9682
Epoch 78 completed in 0m 1s
Epoch 79/149
----------
The epoch: 79 | phase: train | loss: 0.0122 | accuracy: 0.9952 | mean f1-score: 0.9955 | weighted f1-score: 0.9952
The epoch: 79 | phase: val | loss: 0.2702 | accuracy: 0.9471 | mean f1-score: 0.9489 | weighted f1-score: 0.9466
The epoch: 79 | phase: test | loss: 0.1337 | accuracy: 0.9662 | mean f1-score: 0.9669 | weighted f1-score: 0.9661
Epoch 79 completed in 0m 1s
Epoch 80/149
----------
The epoch: 80 | phase: train | loss: 0.0160 | accuracy: 0.9939 | mean f1-score: 0.9944 | weighted f1-score: 0.9939
The epoch: 80 | phase: val | loss: 0.2227 | accuracy: 0.9554 | mean f1-score: 0.9569 | weighted f1-score: 0.9553
The epoch: 80 | phase: test | loss: 0.1393 | accuracy: 0.9688 | mean f1-score: 0.9697 | weighted f1-score: 0.9687
Epoch 80 completed in 0m 1s
Epoch 81/149
----------
The epoch: 81 | phase: train | loss: 0.0122 | accuracy: 0.9956 | mean f1-score: 0.9960 | weighted f1-score: 0.9956
The epoch: 81 | phase: val | loss: 0.2381 | accuracy: 0.9502 | mean f1-score: 0.9516 | weighted f1-score: 0.9498
The epoch: 81 | phase: test | loss: 0.1157 | accuracy: 0.9698 | mean f1-score: 0.9706 | weighted f1-score: 0.9697
Epoch 81 completed in 0m 1s
Epoch 82/149
----------
The epoch: 82 | phase: train | loss: 0.0104 | accuracy: 0.9962 | mean f1-score: 0.9964 | weighted f1-score: 0.9962
The epoch: 82 | phase: val | loss: 0.2454 | accuracy: 0.9523 | mean f1-score: 0.9539 | weighted f1-score: 0.9520
The epoch: 82 | phase: test | loss: 0.1157 | accuracy: 0.9708 | mean f1-score: 0.9713 | weighted f1-score: 0.9708
Epoch 82 completed in 0m 1s
Epoch 83/149
----------
The epoch: 83 | phase: train | loss: 0.0102 | accuracy: 0.9969 | mean f1-score: 0.9972 | weighted f1-score: 0.9969
The epoch: 83 | phase: val | loss: 0.2460 | accuracy: 0.9492 | mean f1-score: 0.9508 | weighted f1-score: 0.9487
The epoch: 83 | phase: test | loss: 0.1169 | accuracy: 0.9718 | mean f1-score: 0.9726 | weighted f1-score: 0.9718
Epoch 83 completed in 0m 2s
Epoch 84/149
----------
The epoch: 84 | phase: train | loss: 0.0099 | accuracy: 0.9969 | mean f1-score: 0.9972 | weighted f1-score: 0.9969
The epoch: 84 | phase: val | loss: 0.2308 | accuracy: 0.9544 | mean f1-score: 0.9562 | weighted f1-score: 0.9543
The epoch: 84 | phase: test | loss: 0.1420 | accuracy: 0.9693 | mean f1-score: 0.9701 | weighted f1-score: 0.9693
Epoch 84 completed in 0m 1s
Epoch 85/149
----------
The epoch: 85 | phase: train | loss: 0.0105 | accuracy: 0.9968 | mean f1-score: 0.9970 | weighted f1-score: 0.9968
The epoch: 85 | phase: val | loss: 0.2698 | accuracy: 0.9492 | mean f1-score: 0.9511 | weighted f1-score: 0.9489
The epoch: 85 | phase: test | loss: 0.1193 | accuracy: 0.9667 | mean f1-score: 0.9672 | weighted f1-score: 0.9667
Epoch 85 completed in 0m 1s
Epoch 86/149
----------
The epoch: 86 | phase: train | loss: 0.0142 | accuracy: 0.9948 | mean f1-score: 0.9951 | weighted f1-score: 0.9948
The epoch: 86 | phase: val | loss: 0.2171 | accuracy: 0.9523 | mean f1-score: 0.9541 | weighted f1-score: 0.9522
The epoch: 86 | phase: test | loss: 0.1376 | accuracy: 0.9667 | mean f1-score: 0.9678 | weighted f1-score: 0.9666
Epoch 86 completed in 0m 2s
Epoch 87/149
----------
The epoch: 87 | phase: train | loss: 0.0091 | accuracy: 0.9972 | mean f1-score: 0.9975 | weighted f1-score: 0.9972
The epoch: 87 | phase: val | loss: 0.2327 | accuracy: 0.9585 | mean f1-score: 0.9601 | weighted f1-score: 0.9584
The epoch: 87 | phase: test | loss: 0.1335 | accuracy: 0.9677 | mean f1-score: 0.9688 | weighted f1-score: 0.9677
Epoch 87 completed in 0m 1s
Epoch 88/149
----------
The epoch: 88 | phase: train | loss: 0.0117 | accuracy: 0.9964 | mean f1-score: 0.9967 | weighted f1-score: 0.9964
The epoch: 88 | phase: val | loss: 0.2382 | accuracy: 0.9512 | mean f1-score: 0.9532 | weighted f1-score: 0.9511
The epoch: 88 | phase: test | loss: 0.1239 | accuracy: 0.9688 | mean f1-score: 0.9697 | weighted f1-score: 0.9687
Epoch 88 completed in 0m 1s
Epoch 89/149
----------
The epoch: 89 | phase: train | loss: 0.0116 | accuracy: 0.9965 | mean f1-score: 0.9968 | weighted f1-score: 0.9965
The epoch: 89 | phase: val | loss: 0.2339 | accuracy: 0.9554 | mean f1-score: 0.9570 | weighted f1-score: 0.9553
The epoch: 89 | phase: test | loss: 0.1300 | accuracy: 0.9677 | mean f1-score: 0.9687 | weighted f1-score: 0.9677
Epoch 89 completed in 0m 1s
Epoch 90/149
----------
The epoch: 90 | phase: train | loss: 0.0090 | accuracy: 0.9974 | mean f1-score: 0.9975 | weighted f1-score: 0.9974
The epoch: 90 | phase: val | loss: 0.2582 | accuracy: 0.9544 | mean f1-score: 0.9559 | weighted f1-score: 0.9542
The epoch: 90 | phase: test | loss: 0.1148 | accuracy: 0.9718 | mean f1-score: 0.9725 | weighted f1-score: 0.9718
Epoch 90 completed in 0m 1s
Epoch 91/149
----------
The epoch: 91 | phase: train | loss: 0.0104 | accuracy: 0.9965 | mean f1-score: 0.9968 | weighted f1-score: 0.9965
The epoch: 91 | phase: val | loss: 0.2383 | accuracy: 0.9461 | mean f1-score: 0.9481 | weighted f1-score: 0.9459
The epoch: 91 | phase: test | loss: 0.1358 | accuracy: 0.9693 | mean f1-score: 0.9702 | weighted f1-score: 0.9692
Epoch 91 completed in 0m 1s
Epoch 92/149
----------
The epoch: 92 | phase: train | loss: 0.0100 | accuracy: 0.9967 | mean f1-score: 0.9969 | weighted f1-score: 0.9967
The epoch: 92 | phase: val | loss: 0.2360 | accuracy: 0.9533 | mean f1-score: 0.9549 | weighted f1-score: 0.9531
The epoch: 92 | phase: test | loss: 0.1259 | accuracy: 0.9713 | mean f1-score: 0.9720 | weighted f1-score: 0.9713
Epoch 92 completed in 0m 1s
Epoch 93/149
----------
The epoch: 93 | phase: train | loss: 0.0100 | accuracy: 0.9974 | mean f1-score: 0.9975 | weighted f1-score: 0.9974
The epoch: 93 | phase: val | loss: 0.2506 | accuracy: 0.9533 | mean f1-score: 0.9546 | weighted f1-score: 0.9530
The epoch: 93 | phase: test | loss: 0.1338 | accuracy: 0.9698 | mean f1-score: 0.9705 | weighted f1-score: 0.9697
Epoch 93 completed in 0m 1s
Epoch 94/149
----------
The epoch: 94 | phase: train | loss: 0.0063 | accuracy: 0.9977 | mean f1-score: 0.9978 | weighted f1-score: 0.9977
The epoch: 94 | phase: val | loss: 0.2508 | accuracy: 0.9575 | mean f1-score: 0.9589 | weighted f1-score: 0.9573
The epoch: 94 | phase: test | loss: 0.1212 | accuracy: 0.9718 | mean f1-score: 0.9725 | weighted f1-score: 0.9718
Epoch 94 completed in 0m 2s
Epoch 95/149
----------
The epoch: 95 | phase: train | loss: 0.0164 | accuracy: 0.9949 | mean f1-score: 0.9951 | weighted f1-score: 0.9949
The epoch: 95 | phase: val | loss: 0.2372 | accuracy: 0.9575 | mean f1-score: 0.9591 | weighted f1-score: 0.9573
The epoch: 95 | phase: test | loss: 0.1047 | accuracy: 0.9769 | mean f1-score: 0.9774 | weighted f1-score: 0.9769
Epoch 95 completed in 0m 1s
Epoch 96/149
----------
The epoch: 96 | phase: train | loss: 0.0131 | accuracy: 0.9955 | mean f1-score: 0.9958 | weighted f1-score: 0.9955
The epoch: 96 | phase: val | loss: 0.2384 | accuracy: 0.9481 | mean f1-score: 0.9502 | weighted f1-score: 0.9480
The epoch: 96 | phase: test | loss: 0.1166 | accuracy: 0.9682 | mean f1-score: 0.9691 | weighted f1-score: 0.9682
Epoch 96 completed in 0m 1s
Epoch 97/149
----------
The epoch: 97 | phase: train | loss: 0.0102 | accuracy: 0.9968 | mean f1-score: 0.9970 | weighted f1-score: 0.9968
The epoch: 97 | phase: val | loss: 0.2490 | accuracy: 0.9512 | mean f1-score: 0.9528 | weighted f1-score: 0.9509
The epoch: 97 | phase: test | loss: 0.1013 | accuracy: 0.9759 | mean f1-score: 0.9765 | weighted f1-score: 0.9759
Epoch 97 completed in 0m 2s
Epoch 98/149
----------
The epoch: 98 | phase: train | loss: 0.0091 | accuracy: 0.9961 | mean f1-score: 0.9964 | weighted f1-score: 0.9961
The epoch: 98 | phase: val | loss: 0.2322 | accuracy: 0.9492 | mean f1-score: 0.9513 | weighted f1-score: 0.9491
The epoch: 98 | phase: test | loss: 0.1368 | accuracy: 0.9693 | mean f1-score: 0.9701 | weighted f1-score: 0.9692
Epoch 98 completed in 0m 2s
Epoch 99/149
----------
The epoch: 99 | phase: train | loss: 0.0103 | accuracy: 0.9967 | mean f1-score: 0.9969 | weighted f1-score: 0.9967
The epoch: 99 | phase: val | loss: 0.2459 | accuracy: 0.9564 | mean f1-score: 0.9580 | weighted f1-score: 0.9563
The epoch: 99 | phase: test | loss: 0.1089 | accuracy: 0.9734 | mean f1-score: 0.9739 | weighted f1-score: 0.9733
Epoch 99 completed in 0m 1s
Epoch 100/149
----------
The epoch: 100 | phase: train | loss: 0.0068 | accuracy: 0.9972 | mean f1-score: 0.9974 | weighted f1-score: 0.9972
The epoch: 100 | phase: val | loss: 0.2496 | accuracy: 0.9554 | mean f1-score: 0.9568 | weighted f1-score: 0.9552
The epoch: 100 | phase: test | loss: 0.1170 | accuracy: 0.9723 | mean f1-score: 0.9730 | weighted f1-score: 0.9723
Epoch 100 completed in 0m 1s
Epoch 101/149
----------
The epoch: 101 | phase: train | loss: 0.0071 | accuracy: 0.9980 | mean f1-score: 0.9981 | weighted f1-score: 0.9980
The epoch: 101 | phase: val | loss: 0.2479 | accuracy: 0.9564 | mean f1-score: 0.9580 | weighted f1-score: 0.9563
The epoch: 101 | phase: test | loss: 0.1164 | accuracy: 0.9734 | mean f1-score: 0.9740 | weighted f1-score: 0.9733
Epoch 101 completed in 0m 1s
Epoch 102/149
----------
The epoch: 102 | phase: train | loss: 0.0071 | accuracy: 0.9981 | mean f1-score: 0.9982 | weighted f1-score: 0.9981
The epoch: 102 | phase: val | loss: 0.2369 | accuracy: 0.9512 | mean f1-score: 0.9534 | weighted f1-score: 0.9511
The epoch: 102 | phase: test | loss: 0.1323 | accuracy: 0.9688 | mean f1-score: 0.9696 | weighted f1-score: 0.9687
Epoch 102 completed in 0m 1s
Epoch 103/149
----------
The epoch: 103 | phase: train | loss: 0.0078 | accuracy: 0.9977 | mean f1-score: 0.9979 | weighted f1-score: 0.9977
The epoch: 103 | phase: val | loss: 0.2496 | accuracy: 0.9481 | mean f1-score: 0.9503 | weighted f1-score: 0.9480
The epoch: 103 | phase: test | loss: 0.1352 | accuracy: 0.9688 | mean f1-score: 0.9696 | weighted f1-score: 0.9687
Epoch 103 completed in 0m 1s
Epoch 104/149
----------
The epoch: 104 | phase: train | loss: 0.0058 | accuracy: 0.9977 | mean f1-score: 0.9978 | weighted f1-score: 0.9977
The epoch: 104 | phase: val | loss: 0.2398 | accuracy: 0.9585 | mean f1-score: 0.9599 | weighted f1-score: 0.9583
The epoch: 104 | phase: test | loss: 0.1121 | accuracy: 0.9739 | mean f1-score: 0.9745 | weighted f1-score: 0.9739
Epoch 104 completed in 0m 2s
Epoch 105/149
----------
The epoch: 105 | phase: train | loss: 0.0113 | accuracy: 0.9958 | mean f1-score: 0.9961 | weighted f1-score: 0.9958
The epoch: 105 | phase: val | loss: 0.2307 | accuracy: 0.9575 | mean f1-score: 0.9588 | weighted f1-score: 0.9573
The epoch: 105 | phase: test | loss: 0.1150 | accuracy: 0.9739 | mean f1-score: 0.9745 | weighted f1-score: 0.9738
Epoch 105 completed in 0m 1s
Epoch 106/149
----------
The epoch: 106 | phase: train | loss: 0.0076 | accuracy: 0.9980 | mean f1-score: 0.9980 | weighted f1-score: 0.9980
The epoch: 106 | phase: val | loss: 0.2420 | accuracy: 0.9544 | mean f1-score: 0.9560 | weighted f1-score: 0.9542
The epoch: 106 | phase: test | loss: 0.1226 | accuracy: 0.9688 | mean f1-score: 0.9696 | weighted f1-score: 0.9687
Epoch 106 completed in 0m 1s
Epoch 107/149
----------
The epoch: 107 | phase: train | loss: 0.0083 | accuracy: 0.9978 | mean f1-score: 0.9979 | weighted f1-score: 0.9978
The epoch: 107 | phase: val | loss: 0.2353 | accuracy: 0.9523 | mean f1-score: 0.9539 | weighted f1-score: 0.9521
The epoch: 107 | phase: test | loss: 0.1282 | accuracy: 0.9718 | mean f1-score: 0.9727 | weighted f1-score: 0.9718
Epoch 107 completed in 0m 1s
Epoch 108/149
----------
The epoch: 108 | phase: train | loss: 0.0115 | accuracy: 0.9956 | mean f1-score: 0.9959 | weighted f1-score: 0.9956
The epoch: 108 | phase: val | loss: 0.2604 | accuracy: 0.9512 | mean f1-score: 0.9531 | weighted f1-score: 0.9511
The epoch: 108 | phase: test | loss: 0.1454 | accuracy: 0.9682 | mean f1-score: 0.9693 | weighted f1-score: 0.9682
Epoch 108 completed in 0m 1s
Epoch 109/149
----------
The epoch: 109 | phase: train | loss: 0.0081 | accuracy: 0.9977 | mean f1-score: 0.9978 | weighted f1-score: 0.9977
The epoch: 109 | phase: val | loss: 0.2557 | accuracy: 0.9544 | mean f1-score: 0.9558 | weighted f1-score: 0.9541
The epoch: 109 | phase: test | loss: 0.1159 | accuracy: 0.9723 | mean f1-score: 0.9731 | weighted f1-score: 0.9723
Epoch 109 completed in 0m 2s
Epoch 110/149
----------
The epoch: 110 | phase: train | loss: 0.0062 | accuracy: 0.9981 | mean f1-score: 0.9982 | weighted f1-score: 0.9981
The epoch: 110 | phase: val | loss: 0.2503 | accuracy: 0.9533 | mean f1-score: 0.9548 | weighted f1-score: 0.9531
The epoch: 110 | phase: test | loss: 0.1292 | accuracy: 0.9698 | mean f1-score: 0.9706 | weighted f1-score: 0.9697
Epoch 110 completed in 0m 2s
Epoch 111/149
----------
The epoch: 111 | phase: train | loss: 0.0063 | accuracy: 0.9981 | mean f1-score: 0.9982 | weighted f1-score: 0.9981
The epoch: 111 | phase: val | loss: 0.2506 | accuracy: 0.9585 | mean f1-score: 0.9599 | weighted f1-score: 0.9583
The epoch: 111 | phase: test | loss: 0.1257 | accuracy: 0.9688 | mean f1-score: 0.9697 | weighted f1-score: 0.9687
Epoch 111 completed in 0m 2s
Epoch 112/149
----------
The epoch: 112 | phase: train | loss: 0.0086 | accuracy: 0.9968 | mean f1-score: 0.9970 | weighted f1-score: 0.9968
The epoch: 112 | phase: val | loss: 0.2487 | accuracy: 0.9533 | mean f1-score: 0.9550 | weighted f1-score: 0.9531
The epoch: 112 | phase: test | loss: 0.1165 | accuracy: 0.9728 | mean f1-score: 0.9736 | weighted f1-score: 0.9728
Epoch 112 completed in 0m 1s
Epoch 113/149
----------
The epoch: 113 | phase: train | loss: 0.0078 | accuracy: 0.9977 | mean f1-score: 0.9978 | weighted f1-score: 0.9977
The epoch: 113 | phase: val | loss: 0.2585 | accuracy: 0.9554 | mean f1-score: 0.9568 | weighted f1-score: 0.9552
The epoch: 113 | phase: test | loss: 0.1155 | accuracy: 0.9739 | mean f1-score: 0.9746 | weighted f1-score: 0.9739
Epoch 113 completed in 0m 5s
Epoch 114/149
----------
The epoch: 114 | phase: train | loss: 0.0048 | accuracy: 0.9984 | mean f1-score: 0.9985 | weighted f1-score: 0.9984
The epoch: 114 | phase: val | loss: 0.2663 | accuracy: 0.9512 | mean f1-score: 0.9528 | weighted f1-score: 0.9510
The epoch: 114 | phase: test | loss: 0.1080 | accuracy: 0.9754 | mean f1-score: 0.9761 | weighted f1-score: 0.9754
Epoch 114 completed in 0m 2s
Epoch 115/149
----------
The epoch: 115 | phase: train | loss: 0.0086 | accuracy: 0.9972 | mean f1-score: 0.9975 | weighted f1-score: 0.9972
The epoch: 115 | phase: val | loss: 0.2500 | accuracy: 0.9544 | mean f1-score: 0.9560 | weighted f1-score: 0.9542
The epoch: 115 | phase: test | loss: 0.1088 | accuracy: 0.9728 | mean f1-score: 0.9736 | weighted f1-score: 0.9728
Epoch 115 completed in 0m 1s
Epoch 116/149
----------
The epoch: 116 | phase: train | loss: 0.0129 | accuracy: 0.9958 | mean f1-score: 0.9961 | weighted f1-score: 0.9958
The epoch: 116 | phase: val | loss: 0.2576 | accuracy: 0.9544 | mean f1-score: 0.9561 | weighted f1-score: 0.9542
The epoch: 116 | phase: test | loss: 0.1331 | accuracy: 0.9693 | mean f1-score: 0.9701 | weighted f1-score: 0.9692
Epoch 116 completed in 0m 1s
Epoch 117/149
----------
The epoch: 117 | phase: train | loss: 0.0086 | accuracy: 0.9974 | mean f1-score: 0.9976 | weighted f1-score: 0.9974
The epoch: 117 | phase: val | loss: 0.2421 | accuracy: 0.9585 | mean f1-score: 0.9601 | weighted f1-score: 0.9584
The epoch: 117 | phase: test | loss: 0.1220 | accuracy: 0.9693 | mean f1-score: 0.9700 | weighted f1-score: 0.9692
Epoch 117 completed in 0m 1s
Epoch 118/149
----------
The epoch: 118 | phase: train | loss: 0.0091 | accuracy: 0.9967 | mean f1-score: 0.9969 | weighted f1-score: 0.9967
The epoch: 118 | phase: val | loss: 0.2532 | accuracy: 0.9575 | mean f1-score: 0.9591 | weighted f1-score: 0.9574
The epoch: 118 | phase: test | loss: 0.1332 | accuracy: 0.9703 | mean f1-score: 0.9713 | weighted f1-score: 0.9703
Epoch 118 completed in 0m 1s
Epoch 119/149
----------
The epoch: 119 | phase: train | loss: 0.0055 | accuracy: 0.9978 | mean f1-score: 0.9979 | weighted f1-score: 0.9978
The epoch: 119 | phase: val | loss: 0.2485 | accuracy: 0.9595 | mean f1-score: 0.9609 | weighted f1-score: 0.9595
The epoch: 119 | phase: test | loss: 0.1174 | accuracy: 0.9713 | mean f1-score: 0.9722 | weighted f1-score: 0.9713
Epoch 119 completed in 0m 2s
Epoch 120/149
----------
The epoch: 120 | phase: train | loss: 0.0063 | accuracy: 0.9983 | mean f1-score: 0.9984 | weighted f1-score: 0.9983
The epoch: 120 | phase: val | loss: 0.2496 | accuracy: 0.9564 | mean f1-score: 0.9579 | weighted f1-score: 0.9562
The epoch: 120 | phase: test | loss: 0.1180 | accuracy: 0.9728 | mean f1-score: 0.9736 | weighted f1-score: 0.9728
Epoch 120 completed in 0m 1s
Epoch 121/149
----------
The epoch: 121 | phase: train | loss: 0.0066 | accuracy: 0.9978 | mean f1-score: 0.9980 | weighted f1-score: 0.9978
The epoch: 121 | phase: val | loss: 0.2581 | accuracy: 0.9554 | mean f1-score: 0.9569 | weighted f1-score: 0.9552
The epoch: 121 | phase: test | loss: 0.1105 | accuracy: 0.9718 | mean f1-score: 0.9727 | weighted f1-score: 0.9718
Epoch 121 completed in 0m 1s
Epoch 122/149
----------
The epoch: 122 | phase: train | loss: 0.0047 | accuracy: 0.9984 | mean f1-score: 0.9985 | weighted f1-score: 0.9984
The epoch: 122 | phase: val | loss: 0.2549 | accuracy: 0.9564 | mean f1-score: 0.9578 | weighted f1-score: 0.9563
The epoch: 122 | phase: test | loss: 0.1166 | accuracy: 0.9739 | mean f1-score: 0.9746 | weighted f1-score: 0.9739
Epoch 122 completed in 0m 1s
Epoch 123/149
----------
The epoch: 123 | phase: train | loss: 0.0092 | accuracy: 0.9969 | mean f1-score: 0.9971 | weighted f1-score: 0.9969
The epoch: 123 | phase: val | loss: 0.2643 | accuracy: 0.9533 | mean f1-score: 0.9548 | weighted f1-score: 0.9531
The epoch: 123 | phase: test | loss: 0.1291 | accuracy: 0.9698 | mean f1-score: 0.9706 | weighted f1-score: 0.9697
Epoch 123 completed in 0m 1s
Epoch 124/149
----------
The epoch: 124 | phase: train | loss: 0.0063 | accuracy: 0.9981 | mean f1-score: 0.9982 | weighted f1-score: 0.9981
The epoch: 124 | phase: val | loss: 0.2753 | accuracy: 0.9523 | mean f1-score: 0.9539 | weighted f1-score: 0.9520
The epoch: 124 | phase: test | loss: 0.1237 | accuracy: 0.9713 | mean f1-score: 0.9719 | weighted f1-score: 0.9713
Epoch 124 completed in 0m 2s
Epoch 125/149
----------
The epoch: 125 | phase: train | loss: 0.0049 | accuracy: 0.9985 | mean f1-score: 0.9986 | weighted f1-score: 0.9985
The epoch: 125 | phase: val | loss: 0.2710 | accuracy: 0.9554 | mean f1-score: 0.9567 | weighted f1-score: 0.9552
The epoch: 125 | phase: test | loss: 0.1143 | accuracy: 0.9718 | mean f1-score: 0.9723 | weighted f1-score: 0.9718
Epoch 125 completed in 0m 1s
Epoch 126/149
----------
The epoch: 126 | phase: train | loss: 0.0043 | accuracy: 0.9985 | mean f1-score: 0.9987 | weighted f1-score: 0.9985
The epoch: 126 | phase: val | loss: 0.2780 | accuracy: 0.9554 | mean f1-score: 0.9568 | weighted f1-score: 0.9553
The epoch: 126 | phase: test | loss: 0.1166 | accuracy: 0.9744 | mean f1-score: 0.9748 | weighted f1-score: 0.9744
Epoch 126 completed in 0m 1s
Epoch 127/149
----------
The epoch: 127 | phase: train | loss: 0.0057 | accuracy: 0.9981 | mean f1-score: 0.9983 | weighted f1-score: 0.9981
The epoch: 127 | phase: val | loss: 0.2739 | accuracy: 0.9523 | mean f1-score: 0.9537 | weighted f1-score: 0.9521
The epoch: 127 | phase: test | loss: 0.1229 | accuracy: 0.9703 | mean f1-score: 0.9711 | weighted f1-score: 0.9703
Epoch 127 completed in 0m 1s
Epoch 128/149
----------
The epoch: 128 | phase: train | loss: 0.0049 | accuracy: 0.9983 | mean f1-score: 0.9984 | weighted f1-score: 0.9983
The epoch: 128 | phase: val | loss: 0.2840 | accuracy: 0.9502 | mean f1-score: 0.9517 | weighted f1-score: 0.9499
The epoch: 128 | phase: test | loss: 0.1154 | accuracy: 0.9723 | mean f1-score: 0.9730 | weighted f1-score: 0.9723
Epoch 128 completed in 0m 1s
Epoch 129/149
----------
The epoch: 129 | phase: train | loss: 0.0030 | accuracy: 0.9990 | mean f1-score: 0.9991 | weighted f1-score: 0.9990
The epoch: 129 | phase: val | loss: 0.2886 | accuracy: 0.9523 | mean f1-score: 0.9537 | weighted f1-score: 0.9520
The epoch: 129 | phase: test | loss: 0.1080 | accuracy: 0.9749 | mean f1-score: 0.9754 | weighted f1-score: 0.9749
Epoch 129 completed in 0m 2s
Epoch 130/149
----------
The epoch: 130 | phase: train | loss: 0.0074 | accuracy: 0.9980 | mean f1-score: 0.9981 | weighted f1-score: 0.9980
The epoch: 130 | phase: val | loss: 0.2668 | accuracy: 0.9523 | mean f1-score: 0.9540 | weighted f1-score: 0.9521
The epoch: 130 | phase: test | loss: 0.1344 | accuracy: 0.9688 | mean f1-score: 0.9696 | weighted f1-score: 0.9687
Epoch 130 completed in 0m 2s
Epoch 131/149
----------
The epoch: 131 | phase: train | loss: 0.0035 | accuracy: 0.9987 | mean f1-score: 0.9988 | weighted f1-score: 0.9987
The epoch: 131 | phase: val | loss: 0.2676 | accuracy: 0.9544 | mean f1-score: 0.9559 | weighted f1-score: 0.9541
The epoch: 131 | phase: test | loss: 0.1310 | accuracy: 0.9682 | mean f1-score: 0.9691 | weighted f1-score: 0.9682
Epoch 131 completed in 0m 1s
Epoch 132/149
----------
The epoch: 132 | phase: train | loss: 0.0051 | accuracy: 0.9985 | mean f1-score: 0.9986 | weighted f1-score: 0.9985
The epoch: 132 | phase: val | loss: 0.2607 | accuracy: 0.9533 | mean f1-score: 0.9551 | weighted f1-score: 0.9531
The epoch: 132 | phase: test | loss: 0.1239 | accuracy: 0.9728 | mean f1-score: 0.9737 | weighted f1-score: 0.9728
Epoch 132 completed in 0m 1s
Epoch 133/149
----------
The epoch: 133 | phase: train | loss: 0.0053 | accuracy: 0.9983 | mean f1-score: 0.9983 | weighted f1-score: 0.9983
The epoch: 133 | phase: val | loss: 0.2779 | accuracy: 0.9575 | mean f1-score: 0.9589 | weighted f1-score: 0.9573
The epoch: 133 | phase: test | loss: 0.1167 | accuracy: 0.9739 | mean f1-score: 0.9747 | weighted f1-score: 0.9738
Epoch 133 completed in 0m 2s
Epoch 134/149
----------
The epoch: 134 | phase: train | loss: 0.0051 | accuracy: 0.9991 | mean f1-score: 0.9991 | weighted f1-score: 0.9991
The epoch: 134 | phase: val | loss: 0.2868 | accuracy: 0.9533 | mean f1-score: 0.9549 | weighted f1-score: 0.9531
The epoch: 134 | phase: test | loss: 0.1200 | accuracy: 0.9708 | mean f1-score: 0.9715 | weighted f1-score: 0.9708
Epoch 134 completed in 0m 2s
Epoch 135/149
----------
The epoch: 135 | phase: train | loss: 0.0088 | accuracy: 0.9967 | mean f1-score: 0.9969 | weighted f1-score: 0.9967
The epoch: 135 | phase: val | loss: 0.2834 | accuracy: 0.9502 | mean f1-score: 0.9520 | weighted f1-score: 0.9501
The epoch: 135 | phase: test | loss: 0.1417 | accuracy: 0.9672 | mean f1-score: 0.9681 | weighted f1-score: 0.9672
Epoch 135 completed in 0m 1s
Epoch 136/149
----------
The epoch: 136 | phase: train | loss: 0.0053 | accuracy: 0.9980 | mean f1-score: 0.9981 | weighted f1-score: 0.9980
The epoch: 136 | phase: val | loss: 0.2820 | accuracy: 0.9523 | mean f1-score: 0.9539 | weighted f1-score: 0.9522
The epoch: 136 | phase: test | loss: 0.1353 | accuracy: 0.9713 | mean f1-score: 0.9720 | weighted f1-score: 0.9713
Epoch 136 completed in 0m 1s
Epoch 137/149
----------
The epoch: 137 | phase: train | loss: 0.0040 | accuracy: 0.9990 | mean f1-score: 0.9990 | weighted f1-score: 0.9990
The epoch: 137 | phase: val | loss: 0.2783 | accuracy: 0.9512 | mean f1-score: 0.9529 | weighted f1-score: 0.9511
The epoch: 137 | phase: test | loss: 0.1407 | accuracy: 0.9693 | mean f1-score: 0.9701 | weighted f1-score: 0.9693
Epoch 137 completed in 0m 1s
Epoch 138/149
----------
The epoch: 138 | phase: train | loss: 0.0035 | accuracy: 0.9990 | mean f1-score: 0.9991 | weighted f1-score: 0.9990
The epoch: 138 | phase: val | loss: 0.2902 | accuracy: 0.9544 | mean f1-score: 0.9558 | weighted f1-score: 0.9542
The epoch: 138 | phase: test | loss: 0.1368 | accuracy: 0.9698 | mean f1-score: 0.9704 | weighted f1-score: 0.9697
Epoch 138 completed in 0m 1s
Epoch 139/149
----------
The epoch: 139 | phase: train | loss: 0.0061 | accuracy: 0.9983 | mean f1-score: 0.9983 | weighted f1-score: 0.9983
The epoch: 139 | phase: val | loss: 0.2916 | accuracy: 0.9533 | mean f1-score: 0.9549 | weighted f1-score: 0.9532
The epoch: 139 | phase: test | loss: 0.1425 | accuracy: 0.9718 | mean f1-score: 0.9725 | weighted f1-score: 0.9718
Epoch 139 completed in 0m 1s
Epoch 140/149
----------
The epoch: 140 | phase: train | loss: 0.0091 | accuracy: 0.9974 | mean f1-score: 0.9976 | weighted f1-score: 0.9974
The epoch: 140 | phase: val | loss: 0.2972 | accuracy: 0.9512 | mean f1-score: 0.9528 | weighted f1-score: 0.9510
The epoch: 140 | phase: test | loss: 0.1375 | accuracy: 0.9764 | mean f1-score: 0.9770 | weighted f1-score: 0.9764
Epoch 140 completed in 0m 2s
Epoch 141/149
----------
The epoch: 141 | phase: train | loss: 0.0063 | accuracy: 0.9983 | mean f1-score: 0.9984 | weighted f1-score: 0.9983
The epoch: 141 | phase: val | loss: 0.2862 | accuracy: 0.9523 | mean f1-score: 0.9539 | weighted f1-score: 0.9521
The epoch: 141 | phase: test | loss: 0.1382 | accuracy: 0.9744 | mean f1-score: 0.9750 | weighted f1-score: 0.9744
Epoch 141 completed in 0m 2s
Epoch 142/149
----------
The epoch: 142 | phase: train | loss: 0.0057 | accuracy: 0.9977 | mean f1-score: 0.9978 | weighted f1-score: 0.9977
The epoch: 142 | phase: val | loss: 0.3093 | accuracy: 0.9481 | mean f1-score: 0.9502 | weighted f1-score: 0.9480
The epoch: 142 | phase: test | loss: 0.1764 | accuracy: 0.9652 | mean f1-score: 0.9662 | weighted f1-score: 0.9651
Epoch 142 completed in 0m 1s
Epoch 143/149
----------
The epoch: 143 | phase: train | loss: 0.0062 | accuracy: 0.9980 | mean f1-score: 0.9981 | weighted f1-score: 0.9980
The epoch: 143 | phase: val | loss: 0.2925 | accuracy: 0.9512 | mean f1-score: 0.9530 | weighted f1-score: 0.9510
The epoch: 143 | phase: test | loss: 0.1510 | accuracy: 0.9703 | mean f1-score: 0.9712 | weighted f1-score: 0.9703
Epoch 143 completed in 0m 2s
Epoch 144/149
----------
The epoch: 144 | phase: train | loss: 0.0048 | accuracy: 0.9988 | mean f1-score: 0.9989 | weighted f1-score: 0.9988
The epoch: 144 | phase: val | loss: 0.2738 | accuracy: 0.9564 | mean f1-score: 0.9579 | weighted f1-score: 0.9562
The epoch: 144 | phase: test | loss: 0.1365 | accuracy: 0.9718 | mean f1-score: 0.9725 | weighted f1-score: 0.9718
Epoch 144 completed in 0m 1s
Epoch 145/149
----------
The epoch: 145 | phase: train | loss: 0.0042 | accuracy: 0.9984 | mean f1-score: 0.9985 | weighted f1-score: 0.9984
The epoch: 145 | phase: val | loss: 0.2683 | accuracy: 0.9554 | mean f1-score: 0.9571 | weighted f1-score: 0.9553
The epoch: 145 | phase: test | loss: 0.1482 | accuracy: 0.9688 | mean f1-score: 0.9697 | weighted f1-score: 0.9687
Epoch 145 completed in 0m 2s
Epoch 146/149
----------
The epoch: 146 | phase: train | loss: 0.0036 | accuracy: 0.9984 | mean f1-score: 0.9985 | weighted f1-score: 0.9984
The epoch: 146 | phase: val | loss: 0.2714 | accuracy: 0.9544 | mean f1-score: 0.9561 | weighted f1-score: 0.9542
The epoch: 146 | phase: test | loss: 0.1561 | accuracy: 0.9672 | mean f1-score: 0.9682 | weighted f1-score: 0.9672
Epoch 146 completed in 0m 1s
Epoch 147/149
----------
The epoch: 147 | phase: train | loss: 0.0041 | accuracy: 0.9985 | mean f1-score: 0.9987 | weighted f1-score: 0.9985
The epoch: 147 | phase: val | loss: 0.2776 | accuracy: 0.9564 | mean f1-score: 0.9581 | weighted f1-score: 0.9563
The epoch: 147 | phase: test | loss: 0.1403 | accuracy: 0.9693 | mean f1-score: 0.9701 | weighted f1-score: 0.9692
Epoch 147 completed in 0m 1s
Epoch 148/149
----------
The epoch: 148 | phase: train | loss: 0.0042 | accuracy: 0.9985 | mean f1-score: 0.9987 | weighted f1-score: 0.9985
The epoch: 148 | phase: val | loss: 0.2882 | accuracy: 0.9544 | mean f1-score: 0.9560 | weighted f1-score: 0.9542
The epoch: 148 | phase: test | loss: 0.1643 | accuracy: 0.9688 | mean f1-score: 0.9697 | weighted f1-score: 0.9687
Epoch 148 completed in 0m 2s
Epoch 149/149
----------
The epoch: 149 | phase: train | loss: 0.0032 | accuracy: 0.9991 | mean f1-score: 0.9992 | weighted f1-score: 0.9991
The epoch: 149 | phase: val | loss: 0.2914 | accuracy: 0.9512 | mean f1-score: 0.9530 | weighted f1-score: 0.9510
The epoch: 149 | phase: test | loss: 0.1503 | accuracy: 0.9677 | mean f1-score: 0.9687 | weighted f1-score: 0.9677
Epoch 149 completed in 0m 2s
The best epoch is 61
Phase: train, loss: 0.01554920157615803, accuracy: 0.9937509082982124, f1_score: 0.9942027444269727, f1_score weighted: 0.9937525289289136 {'train': [], 'val': [], 'test': []}
Phase: val, loss: 0.1877234595445182, accuracy: 0.9616182572614108, f1_score: 0.9627141283156032, f1_score weighted: 0.9615049257211126 {'train': [], 'val': [], 'test': []}
Phase: test, loss: 0.10302883288899406, accuracy: 0.9723360655737705, f1_score: 0.9730024453235826, f1_score weighted: 0.9722969579737218 {'train': [], 'val': [], 'test': []}
------ Evaluation complete! ------
