Namespace(window=50, overlap=25, batch_size=64, learning_rate=0.0005, num_epochs=150, gpu_id='0', dataset='uci', kernel_size=3, num_steps_prediction=28, classifier_lr=0.0005, classifier_batch_size=256, saved_model='/workspaces/betania.silva/ssl_tools/contrastive-predictive-coding-for-har/models/May-11-2024/motionsense_k_28_lr_0.0005_bs_64.pkl', learning_schedule='all_layers', random_seed=42, input_size=6, num_classes=7, root_dir='/workspaces/betania.silva/view_concatenated', data_file='uci', device=device(type='cuda', index=0), padding=1)
Data Raw (172066, 6)
Data (6881, 50, 6)
Labels (6881,)
Data Raw (24131, 6)
Data (964, 50, 6)
Labels (964,)
Data Raw (48830, 6)
Data (1952, 50, 6)
Labels (1952,)
The batch size for train phase is: 256
The batch size for val phase is: 256
The batch size for test phase is: 256
Loading the pre-trained weights
Epoch 0/149
----------
The epoch: 0 | phase: train | loss: 1.0656 | accuracy: 0.5867 | mean f1-score: 0.4250 | weighted f1-score: 0.5862
The epoch: 0 | phase: val | loss: 0.6314 | accuracy: 0.7355 | mean f1-score: 0.7161 | weighted f1-score: 0.6963
The epoch: 0 | phase: test | loss: 0.6210 | accuracy: 0.7587 | mean f1-score: 0.7371 | weighted f1-score: 0.7242
Epoch 0 completed in 0m 2s
Epoch 1/149
----------
The epoch: 1 | phase: train | loss: 0.5284 | accuracy: 0.7657 | mean f1-score: 0.7790 | weighted f1-score: 0.7648
The epoch: 1 | phase: val | loss: 0.4374 | accuracy: 0.7780 | mean f1-score: 0.7482 | weighted f1-score: 0.7376
The epoch: 1 | phase: test | loss: 0.4174 | accuracy: 0.7853 | mean f1-score: 0.7558 | weighted f1-score: 0.7490
Epoch 1 completed in 0m 2s
Epoch 2/149
----------
The epoch: 2 | phase: train | loss: 0.4062 | accuracy: 0.8253 | mean f1-score: 0.8363 | weighted f1-score: 0.8249
The epoch: 2 | phase: val | loss: 0.4259 | accuracy: 0.7884 | mean f1-score: 0.7617 | weighted f1-score: 0.7509
The epoch: 2 | phase: test | loss: 0.3951 | accuracy: 0.7992 | mean f1-score: 0.7785 | weighted f1-score: 0.7719
Epoch 2 completed in 0m 1s
Epoch 3/149
----------
The epoch: 3 | phase: train | loss: 0.3156 | accuracy: 0.8805 | mean f1-score: 0.8872 | weighted f1-score: 0.8800
The epoch: 3 | phase: val | loss: 0.3518 | accuracy: 0.8693 | mean f1-score: 0.8725 | weighted f1-score: 0.8659
The epoch: 3 | phase: test | loss: 0.2566 | accuracy: 0.9042 | mean f1-score: 0.9063 | weighted f1-score: 0.9034
Epoch 3 completed in 0m 1s
Epoch 4/149
----------
The epoch: 4 | phase: train | loss: 0.2352 | accuracy: 0.9211 | mean f1-score: 0.9255 | weighted f1-score: 0.9210
The epoch: 4 | phase: val | loss: 0.2429 | accuracy: 0.9108 | mean f1-score: 0.9151 | weighted f1-score: 0.9108
The epoch: 4 | phase: test | loss: 0.1857 | accuracy: 0.9355 | mean f1-score: 0.9375 | weighted f1-score: 0.9354
Epoch 4 completed in 0m 1s
Epoch 5/149
----------
The epoch: 5 | phase: train | loss: 0.1913 | accuracy: 0.9391 | mean f1-score: 0.9420 | weighted f1-score: 0.9391
The epoch: 5 | phase: val | loss: 0.2226 | accuracy: 0.9191 | mean f1-score: 0.9223 | weighted f1-score: 0.9186
The epoch: 5 | phase: test | loss: 0.1694 | accuracy: 0.9452 | mean f1-score: 0.9467 | weighted f1-score: 0.9452
Epoch 5 completed in 0m 2s
Epoch 6/149
----------
The epoch: 6 | phase: train | loss: 0.1754 | accuracy: 0.9406 | mean f1-score: 0.9435 | weighted f1-score: 0.9405
The epoch: 6 | phase: val | loss: 0.1933 | accuracy: 0.9305 | mean f1-score: 0.9334 | weighted f1-score: 0.9304
The epoch: 6 | phase: test | loss: 0.1798 | accuracy: 0.9324 | mean f1-score: 0.9343 | weighted f1-score: 0.9324
Epoch 6 completed in 0m 1s
Epoch 7/149
----------
The epoch: 7 | phase: train | loss: 0.1514 | accuracy: 0.9488 | mean f1-score: 0.9513 | weighted f1-score: 0.9488
The epoch: 7 | phase: val | loss: 0.1827 | accuracy: 0.9326 | mean f1-score: 0.9351 | weighted f1-score: 0.9324
The epoch: 7 | phase: test | loss: 0.1341 | accuracy: 0.9518 | mean f1-score: 0.9533 | weighted f1-score: 0.9517
Epoch 7 completed in 0m 1s
Epoch 8/149
----------
The epoch: 8 | phase: train | loss: 0.1363 | accuracy: 0.9539 | mean f1-score: 0.9561 | weighted f1-score: 0.9539
The epoch: 8 | phase: val | loss: 0.2255 | accuracy: 0.9212 | mean f1-score: 0.9239 | weighted f1-score: 0.9209
The epoch: 8 | phase: test | loss: 0.1392 | accuracy: 0.9544 | mean f1-score: 0.9558 | weighted f1-score: 0.9544
Epoch 8 completed in 0m 1s
Epoch 9/149
----------
The epoch: 9 | phase: train | loss: 0.1313 | accuracy: 0.9563 | mean f1-score: 0.9584 | weighted f1-score: 0.9562
The epoch: 9 | phase: val | loss: 0.1643 | accuracy: 0.9429 | mean f1-score: 0.9450 | weighted f1-score: 0.9428
The epoch: 9 | phase: test | loss: 0.1505 | accuracy: 0.9488 | mean f1-score: 0.9497 | weighted f1-score: 0.9489
Epoch 9 completed in 0m 1s
Epoch 10/149
----------
The epoch: 10 | phase: train | loss: 0.1175 | accuracy: 0.9609 | mean f1-score: 0.9630 | weighted f1-score: 0.9609
The epoch: 10 | phase: val | loss: 0.2136 | accuracy: 0.9222 | mean f1-score: 0.9239 | weighted f1-score: 0.9202
The epoch: 10 | phase: test | loss: 0.1395 | accuracy: 0.9513 | mean f1-score: 0.9526 | weighted f1-score: 0.9511
Epoch 10 completed in 0m 1s
Epoch 11/149
----------
The epoch: 11 | phase: train | loss: 0.1133 | accuracy: 0.9600 | mean f1-score: 0.9621 | weighted f1-score: 0.9600
The epoch: 11 | phase: val | loss: 0.1999 | accuracy: 0.9253 | mean f1-score: 0.9271 | weighted f1-score: 0.9239
The epoch: 11 | phase: test | loss: 0.1314 | accuracy: 0.9493 | mean f1-score: 0.9505 | weighted f1-score: 0.9490
Epoch 11 completed in 0m 1s
Epoch 12/149
----------
The epoch: 12 | phase: train | loss: 0.1102 | accuracy: 0.9605 | mean f1-score: 0.9624 | weighted f1-score: 0.9604
The epoch: 12 | phase: val | loss: 0.1745 | accuracy: 0.9398 | mean f1-score: 0.9413 | weighted f1-score: 0.9397
The epoch: 12 | phase: test | loss: 0.1216 | accuracy: 0.9559 | mean f1-score: 0.9569 | weighted f1-score: 0.9560
Epoch 12 completed in 0m 2s
Epoch 13/149
----------
The epoch: 13 | phase: train | loss: 0.1003 | accuracy: 0.9648 | mean f1-score: 0.9668 | weighted f1-score: 0.9648
The epoch: 13 | phase: val | loss: 0.1924 | accuracy: 0.9315 | mean f1-score: 0.9339 | weighted f1-score: 0.9314
The epoch: 13 | phase: test | loss: 0.1298 | accuracy: 0.9488 | mean f1-score: 0.9504 | weighted f1-score: 0.9487
Epoch 13 completed in 0m 2s
Epoch 14/149
----------
The epoch: 14 | phase: train | loss: 0.1004 | accuracy: 0.9653 | mean f1-score: 0.9671 | weighted f1-score: 0.9653
The epoch: 14 | phase: val | loss: 0.1844 | accuracy: 0.9315 | mean f1-score: 0.9339 | weighted f1-score: 0.9309
The epoch: 14 | phase: test | loss: 0.1095 | accuracy: 0.9657 | mean f1-score: 0.9665 | weighted f1-score: 0.9657
Epoch 14 completed in 0m 1s
Epoch 15/149
----------
The epoch: 15 | phase: train | loss: 0.0861 | accuracy: 0.9701 | mean f1-score: 0.9716 | weighted f1-score: 0.9701
The epoch: 15 | phase: val | loss: 0.1610 | accuracy: 0.9502 | mean f1-score: 0.9518 | weighted f1-score: 0.9501
The epoch: 15 | phase: test | loss: 0.0977 | accuracy: 0.9662 | mean f1-score: 0.9672 | weighted f1-score: 0.9662
Epoch 15 completed in 0m 1s
Epoch 16/149
----------
The epoch: 16 | phase: train | loss: 0.0960 | accuracy: 0.9654 | mean f1-score: 0.9674 | weighted f1-score: 0.9654
The epoch: 16 | phase: val | loss: 0.2094 | accuracy: 0.9284 | mean f1-score: 0.9305 | weighted f1-score: 0.9274
The epoch: 16 | phase: test | loss: 0.1321 | accuracy: 0.9570 | mean f1-score: 0.9580 | weighted f1-score: 0.9568
Epoch 16 completed in 0m 1s
Epoch 17/149
----------
The epoch: 17 | phase: train | loss: 0.0877 | accuracy: 0.9667 | mean f1-score: 0.9687 | weighted f1-score: 0.9667
The epoch: 17 | phase: val | loss: 0.1582 | accuracy: 0.9512 | mean f1-score: 0.9528 | weighted f1-score: 0.9509
The epoch: 17 | phase: test | loss: 0.0965 | accuracy: 0.9713 | mean f1-score: 0.9721 | weighted f1-score: 0.9713
Epoch 17 completed in 0m 2s
Epoch 18/149
----------
The epoch: 18 | phase: train | loss: 0.0825 | accuracy: 0.9704 | mean f1-score: 0.9720 | weighted f1-score: 0.9704
The epoch: 18 | phase: val | loss: 0.1688 | accuracy: 0.9461 | mean f1-score: 0.9480 | weighted f1-score: 0.9459
The epoch: 18 | phase: test | loss: 0.1057 | accuracy: 0.9652 | mean f1-score: 0.9659 | weighted f1-score: 0.9651
Epoch 18 completed in 0m 1s
Epoch 19/149
----------
The epoch: 19 | phase: train | loss: 0.0744 | accuracy: 0.9743 | mean f1-score: 0.9757 | weighted f1-score: 0.9743
The epoch: 19 | phase: val | loss: 0.1765 | accuracy: 0.9502 | mean f1-score: 0.9520 | weighted f1-score: 0.9501
The epoch: 19 | phase: test | loss: 0.1275 | accuracy: 0.9600 | mean f1-score: 0.9612 | weighted f1-score: 0.9599
Epoch 19 completed in 0m 1s
Epoch 20/149
----------
The epoch: 20 | phase: train | loss: 0.0837 | accuracy: 0.9688 | mean f1-score: 0.9705 | weighted f1-score: 0.9688
The epoch: 20 | phase: val | loss: 0.1418 | accuracy: 0.9533 | mean f1-score: 0.9550 | weighted f1-score: 0.9532
The epoch: 20 | phase: test | loss: 0.1013 | accuracy: 0.9667 | mean f1-score: 0.9674 | weighted f1-score: 0.9666
Epoch 20 completed in 0m 1s
Epoch 21/149
----------
The epoch: 21 | phase: train | loss: 0.0772 | accuracy: 0.9727 | mean f1-score: 0.9742 | weighted f1-score: 0.9727
The epoch: 21 | phase: val | loss: 0.1696 | accuracy: 0.9450 | mean f1-score: 0.9471 | weighted f1-score: 0.9447
The epoch: 21 | phase: test | loss: 0.1193 | accuracy: 0.9590 | mean f1-score: 0.9602 | weighted f1-score: 0.9590
Epoch 21 completed in 0m 1s
Epoch 22/149
----------
The epoch: 22 | phase: train | loss: 0.0749 | accuracy: 0.9730 | mean f1-score: 0.9745 | weighted f1-score: 0.9730
The epoch: 22 | phase: val | loss: 0.1759 | accuracy: 0.9388 | mean f1-score: 0.9403 | weighted f1-score: 0.9379
The epoch: 22 | phase: test | loss: 0.1145 | accuracy: 0.9590 | mean f1-score: 0.9600 | weighted f1-score: 0.9589
Epoch 22 completed in 0m 1s
Epoch 23/149
----------
The epoch: 23 | phase: train | loss: 0.0743 | accuracy: 0.9711 | mean f1-score: 0.9726 | weighted f1-score: 0.9711
The epoch: 23 | phase: val | loss: 0.1424 | accuracy: 0.9512 | mean f1-score: 0.9531 | weighted f1-score: 0.9512
The epoch: 23 | phase: test | loss: 0.1094 | accuracy: 0.9631 | mean f1-score: 0.9642 | weighted f1-score: 0.9630
Epoch 23 completed in 0m 2s
Epoch 24/149
----------
The epoch: 24 | phase: train | loss: 0.0650 | accuracy: 0.9775 | mean f1-score: 0.9786 | weighted f1-score: 0.9775
The epoch: 24 | phase: val | loss: 0.1555 | accuracy: 0.9523 | mean f1-score: 0.9541 | weighted f1-score: 0.9521
The epoch: 24 | phase: test | loss: 0.0985 | accuracy: 0.9688 | mean f1-score: 0.9695 | weighted f1-score: 0.9687
Epoch 24 completed in 0m 1s
Epoch 25/149
----------
The epoch: 25 | phase: train | loss: 0.0639 | accuracy: 0.9770 | mean f1-score: 0.9782 | weighted f1-score: 0.9770
The epoch: 25 | phase: val | loss: 0.1725 | accuracy: 0.9471 | mean f1-score: 0.9491 | weighted f1-score: 0.9470
The epoch: 25 | phase: test | loss: 0.1293 | accuracy: 0.9570 | mean f1-score: 0.9582 | weighted f1-score: 0.9568
Epoch 25 completed in 0m 1s
Epoch 26/149
----------
The epoch: 26 | phase: train | loss: 0.0629 | accuracy: 0.9797 | mean f1-score: 0.9808 | weighted f1-score: 0.9797
The epoch: 26 | phase: val | loss: 0.1507 | accuracy: 0.9533 | mean f1-score: 0.9549 | weighted f1-score: 0.9532
The epoch: 26 | phase: test | loss: 0.1084 | accuracy: 0.9647 | mean f1-score: 0.9653 | weighted f1-score: 0.9646
Epoch 26 completed in 0m 1s
Epoch 27/149
----------
The epoch: 27 | phase: train | loss: 0.0528 | accuracy: 0.9817 | mean f1-score: 0.9828 | weighted f1-score: 0.9817
The epoch: 27 | phase: val | loss: 0.1714 | accuracy: 0.9523 | mean f1-score: 0.9540 | weighted f1-score: 0.9522
The epoch: 27 | phase: test | loss: 0.1099 | accuracy: 0.9647 | mean f1-score: 0.9656 | weighted f1-score: 0.9645
Epoch 27 completed in 0m 2s
Epoch 28/149
----------
The epoch: 28 | phase: train | loss: 0.0574 | accuracy: 0.9785 | mean f1-score: 0.9798 | weighted f1-score: 0.9785
The epoch: 28 | phase: val | loss: 0.1601 | accuracy: 0.9461 | mean f1-score: 0.9480 | weighted f1-score: 0.9458
The epoch: 28 | phase: test | loss: 0.1018 | accuracy: 0.9693 | mean f1-score: 0.9700 | weighted f1-score: 0.9692
Epoch 28 completed in 0m 2s
Epoch 29/149
----------
The epoch: 29 | phase: train | loss: 0.0523 | accuracy: 0.9814 | mean f1-score: 0.9823 | weighted f1-score: 0.9814
The epoch: 29 | phase: val | loss: 0.1528 | accuracy: 0.9512 | mean f1-score: 0.9526 | weighted f1-score: 0.9512
The epoch: 29 | phase: test | loss: 0.1214 | accuracy: 0.9570 | mean f1-score: 0.9578 | weighted f1-score: 0.9569
Epoch 29 completed in 0m 1s
Epoch 30/149
----------
The epoch: 30 | phase: train | loss: 0.0485 | accuracy: 0.9829 | mean f1-score: 0.9838 | weighted f1-score: 0.9829
The epoch: 30 | phase: val | loss: 0.1854 | accuracy: 0.9409 | mean f1-score: 0.9421 | weighted f1-score: 0.9400
The epoch: 30 | phase: test | loss: 0.1131 | accuracy: 0.9570 | mean f1-score: 0.9581 | weighted f1-score: 0.9568
Epoch 30 completed in 0m 1s
Epoch 31/149
----------
The epoch: 31 | phase: train | loss: 0.0492 | accuracy: 0.9820 | mean f1-score: 0.9830 | weighted f1-score: 0.9820
The epoch: 31 | phase: val | loss: 0.1714 | accuracy: 0.9533 | mean f1-score: 0.9551 | weighted f1-score: 0.9532
The epoch: 31 | phase: test | loss: 0.1212 | accuracy: 0.9621 | mean f1-score: 0.9627 | weighted f1-score: 0.9620
Epoch 31 completed in 0m 1s
Epoch 32/149
----------
The epoch: 32 | phase: train | loss: 0.0449 | accuracy: 0.9827 | mean f1-score: 0.9838 | weighted f1-score: 0.9827
The epoch: 32 | phase: val | loss: 0.1742 | accuracy: 0.9523 | mean f1-score: 0.9535 | weighted f1-score: 0.9517
The epoch: 32 | phase: test | loss: 0.1023 | accuracy: 0.9698 | mean f1-score: 0.9704 | weighted f1-score: 0.9697
Epoch 32 completed in 0m 1s
Epoch 33/149
----------
The epoch: 33 | phase: train | loss: 0.0510 | accuracy: 0.9805 | mean f1-score: 0.9817 | weighted f1-score: 0.9805
The epoch: 33 | phase: val | loss: 0.1531 | accuracy: 0.9554 | mean f1-score: 0.9568 | weighted f1-score: 0.9551
The epoch: 33 | phase: test | loss: 0.1050 | accuracy: 0.9693 | mean f1-score: 0.9699 | weighted f1-score: 0.9692
Epoch 33 completed in 0m 2s
Epoch 34/149
----------
The epoch: 34 | phase: train | loss: 0.0446 | accuracy: 0.9840 | mean f1-score: 0.9850 | weighted f1-score: 0.9840
The epoch: 34 | phase: val | loss: 0.1756 | accuracy: 0.9481 | mean f1-score: 0.9495 | weighted f1-score: 0.9476
The epoch: 34 | phase: test | loss: 0.1094 | accuracy: 0.9657 | mean f1-score: 0.9664 | weighted f1-score: 0.9656
Epoch 34 completed in 0m 1s
Epoch 35/149
----------
The epoch: 35 | phase: train | loss: 0.0448 | accuracy: 0.9843 | mean f1-score: 0.9852 | weighted f1-score: 0.9843
The epoch: 35 | phase: val | loss: 0.1485 | accuracy: 0.9533 | mean f1-score: 0.9546 | weighted f1-score: 0.9532
The epoch: 35 | phase: test | loss: 0.0937 | accuracy: 0.9728 | mean f1-score: 0.9735 | weighted f1-score: 0.9728
Epoch 35 completed in 0m 1s
Epoch 36/149
----------
The epoch: 36 | phase: train | loss: 0.0386 | accuracy: 0.9866 | mean f1-score: 0.9875 | weighted f1-score: 0.9866
The epoch: 36 | phase: val | loss: 0.1716 | accuracy: 0.9502 | mean f1-score: 0.9517 | weighted f1-score: 0.9499
The epoch: 36 | phase: test | loss: 0.0973 | accuracy: 0.9718 | mean f1-score: 0.9723 | weighted f1-score: 0.9718
Epoch 36 completed in 0m 1s
Epoch 37/149
----------
The epoch: 37 | phase: train | loss: 0.0476 | accuracy: 0.9824 | mean f1-score: 0.9836 | weighted f1-score: 0.9824
The epoch: 37 | phase: val | loss: 0.1904 | accuracy: 0.9357 | mean f1-score: 0.9368 | weighted f1-score: 0.9343
The epoch: 37 | phase: test | loss: 0.1321 | accuracy: 0.9539 | mean f1-score: 0.9550 | weighted f1-score: 0.9537
Epoch 37 completed in 0m 1s
Epoch 38/149
----------
The epoch: 38 | phase: train | loss: 0.0484 | accuracy: 0.9820 | mean f1-score: 0.9829 | weighted f1-score: 0.9820
The epoch: 38 | phase: val | loss: 0.1669 | accuracy: 0.9564 | mean f1-score: 0.9575 | weighted f1-score: 0.9563
The epoch: 38 | phase: test | loss: 0.0997 | accuracy: 0.9708 | mean f1-score: 0.9714 | weighted f1-score: 0.9708
Epoch 38 completed in 0m 1s
Epoch 39/149
----------
The epoch: 39 | phase: train | loss: 0.0391 | accuracy: 0.9868 | mean f1-score: 0.9876 | weighted f1-score: 0.9868
The epoch: 39 | phase: val | loss: 0.1661 | accuracy: 0.9544 | mean f1-score: 0.9558 | weighted f1-score: 0.9540
The epoch: 39 | phase: test | loss: 0.1008 | accuracy: 0.9667 | mean f1-score: 0.9676 | weighted f1-score: 0.9667
Epoch 39 completed in 0m 2s
Epoch 40/149
----------
The epoch: 40 | phase: train | loss: 0.0445 | accuracy: 0.9842 | mean f1-score: 0.9850 | weighted f1-score: 0.9842
The epoch: 40 | phase: val | loss: 0.2278 | accuracy: 0.9346 | mean f1-score: 0.9362 | weighted f1-score: 0.9333
The epoch: 40 | phase: test | loss: 0.1389 | accuracy: 0.9580 | mean f1-score: 0.9589 | weighted f1-score: 0.9578
Epoch 40 completed in 0m 2s
Epoch 41/149
----------
The epoch: 41 | phase: train | loss: 0.0373 | accuracy: 0.9865 | mean f1-score: 0.9873 | weighted f1-score: 0.9865
The epoch: 41 | phase: val | loss: 0.1636 | accuracy: 0.9512 | mean f1-score: 0.9531 | weighted f1-score: 0.9512
The epoch: 41 | phase: test | loss: 0.1251 | accuracy: 0.9616 | mean f1-score: 0.9627 | weighted f1-score: 0.9615
Epoch 41 completed in 0m 2s
Epoch 42/149
----------
The epoch: 42 | phase: train | loss: 0.0405 | accuracy: 0.9856 | mean f1-score: 0.9865 | weighted f1-score: 0.9856
The epoch: 42 | phase: val | loss: 0.1513 | accuracy: 0.9564 | mean f1-score: 0.9577 | weighted f1-score: 0.9560
The epoch: 42 | phase: test | loss: 0.1147 | accuracy: 0.9595 | mean f1-score: 0.9604 | weighted f1-score: 0.9595
Epoch 42 completed in 0m 1s
Epoch 43/149
----------
The epoch: 43 | phase: train | loss: 0.0375 | accuracy: 0.9865 | mean f1-score: 0.9873 | weighted f1-score: 0.9865
The epoch: 43 | phase: val | loss: 0.1566 | accuracy: 0.9544 | mean f1-score: 0.9560 | weighted f1-score: 0.9542
The epoch: 43 | phase: test | loss: 0.1222 | accuracy: 0.9611 | mean f1-score: 0.9619 | weighted f1-score: 0.9610
Epoch 43 completed in 0m 1s
Epoch 44/149
----------
The epoch: 44 | phase: train | loss: 0.0418 | accuracy: 0.9850 | mean f1-score: 0.9859 | weighted f1-score: 0.9850
The epoch: 44 | phase: val | loss: 0.1596 | accuracy: 0.9554 | mean f1-score: 0.9564 | weighted f1-score: 0.9551
The epoch: 44 | phase: test | loss: 0.1048 | accuracy: 0.9682 | mean f1-score: 0.9689 | weighted f1-score: 0.9682
Epoch 44 completed in 0m 1s
Epoch 45/149
----------
The epoch: 45 | phase: train | loss: 0.0358 | accuracy: 0.9874 | mean f1-score: 0.9883 | weighted f1-score: 0.9874
The epoch: 45 | phase: val | loss: 0.1583 | accuracy: 0.9564 | mean f1-score: 0.9579 | weighted f1-score: 0.9563
The epoch: 45 | phase: test | loss: 0.1185 | accuracy: 0.9606 | mean f1-score: 0.9613 | weighted f1-score: 0.9605
Epoch 45 completed in 0m 2s
Epoch 46/149
----------
The epoch: 46 | phase: train | loss: 0.0426 | accuracy: 0.9830 | mean f1-score: 0.9841 | weighted f1-score: 0.9830
The epoch: 46 | phase: val | loss: 0.1672 | accuracy: 0.9502 | mean f1-score: 0.9521 | weighted f1-score: 0.9501
The epoch: 46 | phase: test | loss: 0.1248 | accuracy: 0.9616 | mean f1-score: 0.9626 | weighted f1-score: 0.9615
Epoch 46 completed in 0m 2s
Epoch 47/149
----------
The epoch: 47 | phase: train | loss: 0.0414 | accuracy: 0.9849 | mean f1-score: 0.9858 | weighted f1-score: 0.9849
The epoch: 47 | phase: val | loss: 0.1782 | accuracy: 0.9564 | mean f1-score: 0.9579 | weighted f1-score: 0.9562
The epoch: 47 | phase: test | loss: 0.1170 | accuracy: 0.9657 | mean f1-score: 0.9665 | weighted f1-score: 0.9656
Epoch 47 completed in 0m 1s
Epoch 48/149
----------
The epoch: 48 | phase: train | loss: 0.0359 | accuracy: 0.9882 | mean f1-score: 0.9888 | weighted f1-score: 0.9882
The epoch: 48 | phase: val | loss: 0.1546 | accuracy: 0.9606 | mean f1-score: 0.9617 | weighted f1-score: 0.9605
The epoch: 48 | phase: test | loss: 0.1194 | accuracy: 0.9626 | mean f1-score: 0.9635 | weighted f1-score: 0.9625
Epoch 48 completed in 0m 1s
Epoch 49/149
----------
The epoch: 49 | phase: train | loss: 0.0337 | accuracy: 0.9885 | mean f1-score: 0.9891 | weighted f1-score: 0.9885
The epoch: 49 | phase: val | loss: 0.2123 | accuracy: 0.9357 | mean f1-score: 0.9368 | weighted f1-score: 0.9343
The epoch: 49 | phase: test | loss: 0.1574 | accuracy: 0.9513 | mean f1-score: 0.9523 | weighted f1-score: 0.9511
Epoch 49 completed in 0m 1s
Epoch 50/149
----------
The epoch: 50 | phase: train | loss: 0.0425 | accuracy: 0.9837 | mean f1-score: 0.9847 | weighted f1-score: 0.9837
The epoch: 50 | phase: val | loss: 0.1665 | accuracy: 0.9502 | mean f1-score: 0.9521 | weighted f1-score: 0.9501
The epoch: 50 | phase: test | loss: 0.1610 | accuracy: 0.9483 | mean f1-score: 0.9494 | weighted f1-score: 0.9482
Epoch 50 completed in 0m 1s
Epoch 51/149
----------
The epoch: 51 | phase: train | loss: 0.0315 | accuracy: 0.9885 | mean f1-score: 0.9893 | weighted f1-score: 0.9885
The epoch: 51 | phase: val | loss: 0.1515 | accuracy: 0.9627 | mean f1-score: 0.9636 | weighted f1-score: 0.9625
The epoch: 51 | phase: test | loss: 0.1061 | accuracy: 0.9703 | mean f1-score: 0.9709 | weighted f1-score: 0.9702
Epoch 51 completed in 0m 1s
Epoch 52/149
----------
The epoch: 52 | phase: train | loss: 0.0331 | accuracy: 0.9884 | mean f1-score: 0.9891 | weighted f1-score: 0.9884
The epoch: 52 | phase: val | loss: 0.1886 | accuracy: 0.9419 | mean f1-score: 0.9433 | weighted f1-score: 0.9411
The epoch: 52 | phase: test | loss: 0.1196 | accuracy: 0.9662 | mean f1-score: 0.9669 | weighted f1-score: 0.9661
Epoch 52 completed in 0m 2s
Epoch 53/149
----------
The epoch: 53 | phase: train | loss: 0.0249 | accuracy: 0.9906 | mean f1-score: 0.9911 | weighted f1-score: 0.9906
The epoch: 53 | phase: val | loss: 0.1794 | accuracy: 0.9533 | mean f1-score: 0.9537 | weighted f1-score: 0.9532
The epoch: 53 | phase: test | loss: 0.1213 | accuracy: 0.9667 | mean f1-score: 0.9675 | weighted f1-score: 0.9666
Epoch 53 completed in 0m 1s
Epoch 54/149
----------
The epoch: 54 | phase: train | loss: 0.0238 | accuracy: 0.9916 | mean f1-score: 0.9921 | weighted f1-score: 0.9916
The epoch: 54 | phase: val | loss: 0.1842 | accuracy: 0.9502 | mean f1-score: 0.9515 | weighted f1-score: 0.9495
The epoch: 54 | phase: test | loss: 0.1292 | accuracy: 0.9606 | mean f1-score: 0.9616 | weighted f1-score: 0.9605
Epoch 54 completed in 0m 1s
Epoch 55/149
----------
The epoch: 55 | phase: train | loss: 0.0232 | accuracy: 0.9926 | mean f1-score: 0.9931 | weighted f1-score: 0.9926
The epoch: 55 | phase: val | loss: 0.1376 | accuracy: 0.9678 | mean f1-score: 0.9686 | weighted f1-score: 0.9677
The epoch: 55 | phase: test | loss: 0.1160 | accuracy: 0.9682 | mean f1-score: 0.9690 | weighted f1-score: 0.9682
Epoch 55 completed in 0m 1s
Epoch 56/149
----------
The epoch: 56 | phase: train | loss: 0.0258 | accuracy: 0.9923 | mean f1-score: 0.9929 | weighted f1-score: 0.9923
The epoch: 56 | phase: val | loss: 0.1867 | accuracy: 0.9492 | mean f1-score: 0.9503 | weighted f1-score: 0.9484
The epoch: 56 | phase: test | loss: 0.1137 | accuracy: 0.9667 | mean f1-score: 0.9674 | weighted f1-score: 0.9666
Epoch 56 completed in 0m 2s
Epoch 57/149
----------
The epoch: 57 | phase: train | loss: 0.0276 | accuracy: 0.9900 | mean f1-score: 0.9907 | weighted f1-score: 0.9900
The epoch: 57 | phase: val | loss: 0.1421 | accuracy: 0.9606 | mean f1-score: 0.9620 | weighted f1-score: 0.9605
The epoch: 57 | phase: test | loss: 0.1138 | accuracy: 0.9688 | mean f1-score: 0.9695 | weighted f1-score: 0.9687
Epoch 57 completed in 0m 1s
Epoch 58/149
----------
The epoch: 58 | phase: train | loss: 0.0295 | accuracy: 0.9898 | mean f1-score: 0.9905 | weighted f1-score: 0.9898
The epoch: 58 | phase: val | loss: 0.1956 | accuracy: 0.9481 | mean f1-score: 0.9497 | weighted f1-score: 0.9474
The epoch: 58 | phase: test | loss: 0.1516 | accuracy: 0.9529 | mean f1-score: 0.9539 | weighted f1-score: 0.9527
Epoch 58 completed in 0m 1s
Epoch 59/149
----------
The epoch: 59 | phase: train | loss: 0.0367 | accuracy: 0.9862 | mean f1-score: 0.9872 | weighted f1-score: 0.9862
The epoch: 59 | phase: val | loss: 0.1643 | accuracy: 0.9481 | mean f1-score: 0.9503 | weighted f1-score: 0.9480
The epoch: 59 | phase: test | loss: 0.1421 | accuracy: 0.9559 | mean f1-score: 0.9570 | weighted f1-score: 0.9558
Epoch 59 completed in 0m 1s
Epoch 60/149
----------
The epoch: 60 | phase: train | loss: 0.0264 | accuracy: 0.9903 | mean f1-score: 0.9908 | weighted f1-score: 0.9903
The epoch: 60 | phase: val | loss: 0.1864 | accuracy: 0.9481 | mean f1-score: 0.9494 | weighted f1-score: 0.9475
The epoch: 60 | phase: test | loss: 0.1208 | accuracy: 0.9667 | mean f1-score: 0.9673 | weighted f1-score: 0.9667
Epoch 60 completed in 0m 1s
Epoch 61/149
----------
The epoch: 61 | phase: train | loss: 0.0258 | accuracy: 0.9914 | mean f1-score: 0.9919 | weighted f1-score: 0.9914
The epoch: 61 | phase: val | loss: 0.1788 | accuracy: 0.9575 | mean f1-score: 0.9585 | weighted f1-score: 0.9572
The epoch: 61 | phase: test | loss: 0.1177 | accuracy: 0.9688 | mean f1-score: 0.9694 | weighted f1-score: 0.9687
Epoch 61 completed in 0m 1s
Epoch 62/149
----------
The epoch: 62 | phase: train | loss: 0.0282 | accuracy: 0.9884 | mean f1-score: 0.9891 | weighted f1-score: 0.9884
The epoch: 62 | phase: val | loss: 0.1402 | accuracy: 0.9595 | mean f1-score: 0.9605 | weighted f1-score: 0.9594
The epoch: 62 | phase: test | loss: 0.1020 | accuracy: 0.9713 | mean f1-score: 0.9719 | weighted f1-score: 0.9713
Epoch 62 completed in 0m 1s
Epoch 63/149
----------
The epoch: 63 | phase: train | loss: 0.0252 | accuracy: 0.9908 | mean f1-score: 0.9914 | weighted f1-score: 0.9908
The epoch: 63 | phase: val | loss: 0.1729 | accuracy: 0.9492 | mean f1-score: 0.9504 | weighted f1-score: 0.9486
The epoch: 63 | phase: test | loss: 0.1151 | accuracy: 0.9688 | mean f1-score: 0.9693 | weighted f1-score: 0.9687
Epoch 63 completed in 0m 2s
Epoch 64/149
----------
The epoch: 64 | phase: train | loss: 0.0264 | accuracy: 0.9897 | mean f1-score: 0.9903 | weighted f1-score: 0.9897
The epoch: 64 | phase: val | loss: 0.1873 | accuracy: 0.9595 | mean f1-score: 0.9608 | weighted f1-score: 0.9594
The epoch: 64 | phase: test | loss: 0.1310 | accuracy: 0.9667 | mean f1-score: 0.9674 | weighted f1-score: 0.9666
Epoch 64 completed in 0m 1s
Epoch 65/149
----------
The epoch: 65 | phase: train | loss: 0.0288 | accuracy: 0.9898 | mean f1-score: 0.9905 | weighted f1-score: 0.9898
The epoch: 65 | phase: val | loss: 0.2799 | accuracy: 0.9284 | mean f1-score: 0.9294 | weighted f1-score: 0.9266
The epoch: 65 | phase: test | loss: 0.1723 | accuracy: 0.9462 | mean f1-score: 0.9473 | weighted f1-score: 0.9457
Epoch 65 completed in 0m 1s
Epoch 66/149
----------
The epoch: 66 | phase: train | loss: 0.0271 | accuracy: 0.9891 | mean f1-score: 0.9898 | weighted f1-score: 0.9891
The epoch: 66 | phase: val | loss: 0.1665 | accuracy: 0.9595 | mean f1-score: 0.9605 | weighted f1-score: 0.9594
The epoch: 66 | phase: test | loss: 0.1123 | accuracy: 0.9688 | mean f1-score: 0.9695 | weighted f1-score: 0.9687
Epoch 66 completed in 0m 1s
Epoch 67/149
----------
The epoch: 67 | phase: train | loss: 0.0198 | accuracy: 0.9929 | mean f1-score: 0.9933 | weighted f1-score: 0.9929
The epoch: 67 | phase: val | loss: 0.1451 | accuracy: 0.9627 | mean f1-score: 0.9636 | weighted f1-score: 0.9625
The epoch: 67 | phase: test | loss: 0.1089 | accuracy: 0.9703 | mean f1-score: 0.9710 | weighted f1-score: 0.9702
Epoch 67 completed in 0m 2s
Epoch 68/149
----------
The epoch: 68 | phase: train | loss: 0.0224 | accuracy: 0.9923 | mean f1-score: 0.9928 | weighted f1-score: 0.9923
The epoch: 68 | phase: val | loss: 0.1623 | accuracy: 0.9616 | mean f1-score: 0.9625 | weighted f1-score: 0.9615
The epoch: 68 | phase: test | loss: 0.1237 | accuracy: 0.9672 | mean f1-score: 0.9679 | weighted f1-score: 0.9671
Epoch 68 completed in 0m 1s
Epoch 69/149
----------
The epoch: 69 | phase: train | loss: 0.0216 | accuracy: 0.9919 | mean f1-score: 0.9924 | weighted f1-score: 0.9919
The epoch: 69 | phase: val | loss: 0.1612 | accuracy: 0.9637 | mean f1-score: 0.9645 | weighted f1-score: 0.9636
The epoch: 69 | phase: test | loss: 0.1151 | accuracy: 0.9657 | mean f1-score: 0.9665 | weighted f1-score: 0.9656
Epoch 69 completed in 0m 1s
Epoch 70/149
----------
The epoch: 70 | phase: train | loss: 0.0207 | accuracy: 0.9917 | mean f1-score: 0.9924 | weighted f1-score: 0.9917
The epoch: 70 | phase: val | loss: 0.1769 | accuracy: 0.9575 | mean f1-score: 0.9585 | weighted f1-score: 0.9574
The epoch: 70 | phase: test | loss: 0.1228 | accuracy: 0.9682 | mean f1-score: 0.9691 | weighted f1-score: 0.9682
Epoch 70 completed in 0m 1s
Epoch 71/149
----------
The epoch: 71 | phase: train | loss: 0.0222 | accuracy: 0.9922 | mean f1-score: 0.9927 | weighted f1-score: 0.9922
The epoch: 71 | phase: val | loss: 0.1725 | accuracy: 0.9575 | mean f1-score: 0.9589 | weighted f1-score: 0.9574
The epoch: 71 | phase: test | loss: 0.1402 | accuracy: 0.9590 | mean f1-score: 0.9599 | weighted f1-score: 0.9589
Epoch 71 completed in 0m 1s
Epoch 72/149
----------
The epoch: 72 | phase: train | loss: 0.0228 | accuracy: 0.9913 | mean f1-score: 0.9919 | weighted f1-score: 0.9913
The epoch: 72 | phase: val | loss: 0.1783 | accuracy: 0.9585 | mean f1-score: 0.9595 | weighted f1-score: 0.9584
The epoch: 72 | phase: test | loss: 0.1142 | accuracy: 0.9677 | mean f1-score: 0.9684 | weighted f1-score: 0.9677
Epoch 72 completed in 0m 1s
Epoch 73/149
----------
The epoch: 73 | phase: train | loss: 0.0199 | accuracy: 0.9936 | mean f1-score: 0.9941 | weighted f1-score: 0.9936
The epoch: 73 | phase: val | loss: 0.1592 | accuracy: 0.9606 | mean f1-score: 0.9617 | weighted f1-score: 0.9604
The epoch: 73 | phase: test | loss: 0.1283 | accuracy: 0.9621 | mean f1-score: 0.9627 | weighted f1-score: 0.9621
Epoch 73 completed in 0m 1s
Epoch 74/149
----------
The epoch: 74 | phase: train | loss: 0.0219 | accuracy: 0.9924 | mean f1-score: 0.9929 | weighted f1-score: 0.9924
The epoch: 74 | phase: val | loss: 0.1674 | accuracy: 0.9595 | mean f1-score: 0.9605 | weighted f1-score: 0.9593
The epoch: 74 | phase: test | loss: 0.1257 | accuracy: 0.9662 | mean f1-score: 0.9668 | weighted f1-score: 0.9661
Epoch 74 completed in 0m 2s
Epoch 75/149
----------
The epoch: 75 | phase: train | loss: 0.0164 | accuracy: 0.9952 | mean f1-score: 0.9955 | weighted f1-score: 0.9952
The epoch: 75 | phase: val | loss: 0.1699 | accuracy: 0.9595 | mean f1-score: 0.9605 | weighted f1-score: 0.9594
The epoch: 75 | phase: test | loss: 0.1183 | accuracy: 0.9688 | mean f1-score: 0.9694 | weighted f1-score: 0.9687
Epoch 75 completed in 0m 1s
Epoch 76/149
----------
The epoch: 76 | phase: train | loss: 0.0140 | accuracy: 0.9953 | mean f1-score: 0.9956 | weighted f1-score: 0.9954
The epoch: 76 | phase: val | loss: 0.1545 | accuracy: 0.9647 | mean f1-score: 0.9656 | weighted f1-score: 0.9646
The epoch: 76 | phase: test | loss: 0.1225 | accuracy: 0.9723 | mean f1-score: 0.9729 | weighted f1-score: 0.9723
Epoch 76 completed in 0m 2s
Epoch 77/149
----------
The epoch: 77 | phase: train | loss: 0.0150 | accuracy: 0.9955 | mean f1-score: 0.9958 | weighted f1-score: 0.9955
The epoch: 77 | phase: val | loss: 0.1684 | accuracy: 0.9606 | mean f1-score: 0.9615 | weighted f1-score: 0.9604
The epoch: 77 | phase: test | loss: 0.1209 | accuracy: 0.9682 | mean f1-score: 0.9689 | weighted f1-score: 0.9682
Epoch 77 completed in 0m 1s
Epoch 78/149
----------
The epoch: 78 | phase: train | loss: 0.0190 | accuracy: 0.9924 | mean f1-score: 0.9930 | weighted f1-score: 0.9924
The epoch: 78 | phase: val | loss: 0.1920 | accuracy: 0.9585 | mean f1-score: 0.9595 | weighted f1-score: 0.9583
The epoch: 78 | phase: test | loss: 0.1343 | accuracy: 0.9677 | mean f1-score: 0.9684 | weighted f1-score: 0.9677
Epoch 78 completed in 0m 1s
Epoch 79/149
----------
The epoch: 79 | phase: train | loss: 0.0222 | accuracy: 0.9920 | mean f1-score: 0.9925 | weighted f1-score: 0.9920
The epoch: 79 | phase: val | loss: 0.2793 | accuracy: 0.9315 | mean f1-score: 0.9327 | weighted f1-score: 0.9298
The epoch: 79 | phase: test | loss: 0.1763 | accuracy: 0.9503 | mean f1-score: 0.9515 | weighted f1-score: 0.9500
Epoch 79 completed in 0m 2s
Epoch 80/149
----------
The epoch: 80 | phase: train | loss: 0.0250 | accuracy: 0.9900 | mean f1-score: 0.9907 | weighted f1-score: 0.9900
The epoch: 80 | phase: val | loss: 0.1667 | accuracy: 0.9595 | mean f1-score: 0.9606 | weighted f1-score: 0.9594
The epoch: 80 | phase: test | loss: 0.1296 | accuracy: 0.9652 | mean f1-score: 0.9659 | weighted f1-score: 0.9651
Epoch 80 completed in 0m 2s
Epoch 81/149
----------
The epoch: 81 | phase: train | loss: 0.0165 | accuracy: 0.9942 | mean f1-score: 0.9946 | weighted f1-score: 0.9942
The epoch: 81 | phase: val | loss: 0.2050 | accuracy: 0.9523 | mean f1-score: 0.9534 | weighted f1-score: 0.9517
The epoch: 81 | phase: test | loss: 0.1381 | accuracy: 0.9621 | mean f1-score: 0.9628 | weighted f1-score: 0.9620
Epoch 81 completed in 0m 2s
Epoch 82/149
----------
The epoch: 82 | phase: train | loss: 0.0185 | accuracy: 0.9930 | mean f1-score: 0.9936 | weighted f1-score: 0.9930
The epoch: 82 | phase: val | loss: 0.1696 | accuracy: 0.9575 | mean f1-score: 0.9590 | weighted f1-score: 0.9573
The epoch: 82 | phase: test | loss: 0.1510 | accuracy: 0.9667 | mean f1-score: 0.9675 | weighted f1-score: 0.9666
Epoch 82 completed in 0m 1s
Epoch 83/149
----------
The epoch: 83 | phase: train | loss: 0.0193 | accuracy: 0.9930 | mean f1-score: 0.9935 | weighted f1-score: 0.9930
The epoch: 83 | phase: val | loss: 0.1955 | accuracy: 0.9512 | mean f1-score: 0.9521 | weighted f1-score: 0.9507
The epoch: 83 | phase: test | loss: 0.1323 | accuracy: 0.9641 | mean f1-score: 0.9647 | weighted f1-score: 0.9640
Epoch 83 completed in 0m 1s
Epoch 84/149
----------
The epoch: 84 | phase: train | loss: 0.0161 | accuracy: 0.9943 | mean f1-score: 0.9947 | weighted f1-score: 0.9943
The epoch: 84 | phase: val | loss: 0.2034 | accuracy: 0.9492 | mean f1-score: 0.9502 | weighted f1-score: 0.9487
The epoch: 84 | phase: test | loss: 0.1253 | accuracy: 0.9667 | mean f1-score: 0.9675 | weighted f1-score: 0.9666
Epoch 84 completed in 0m 1s
Epoch 85/149
----------
The epoch: 85 | phase: train | loss: 0.0166 | accuracy: 0.9943 | mean f1-score: 0.9946 | weighted f1-score: 0.9943
The epoch: 85 | phase: val | loss: 0.2184 | accuracy: 0.9512 | mean f1-score: 0.9523 | weighted f1-score: 0.9508
The epoch: 85 | phase: test | loss: 0.1302 | accuracy: 0.9672 | mean f1-score: 0.9682 | weighted f1-score: 0.9671
Epoch 85 completed in 0m 1s
Epoch 86/149
----------
The epoch: 86 | phase: train | loss: 0.0207 | accuracy: 0.9927 | mean f1-score: 0.9933 | weighted f1-score: 0.9927
The epoch: 86 | phase: val | loss: 0.1623 | accuracy: 0.9627 | mean f1-score: 0.9635 | weighted f1-score: 0.9626
The epoch: 86 | phase: test | loss: 0.1289 | accuracy: 0.9693 | mean f1-score: 0.9700 | weighted f1-score: 0.9692
Epoch 86 completed in 0m 1s
Epoch 87/149
----------
The epoch: 87 | phase: train | loss: 0.0174 | accuracy: 0.9933 | mean f1-score: 0.9938 | weighted f1-score: 0.9933
The epoch: 87 | phase: val | loss: 0.1634 | accuracy: 0.9637 | mean f1-score: 0.9648 | weighted f1-score: 0.9636
The epoch: 87 | phase: test | loss: 0.1413 | accuracy: 0.9647 | mean f1-score: 0.9656 | weighted f1-score: 0.9646
Epoch 87 completed in 0m 2s
Epoch 88/149
----------
The epoch: 88 | phase: train | loss: 0.0184 | accuracy: 0.9936 | mean f1-score: 0.9941 | weighted f1-score: 0.9936
The epoch: 88 | phase: val | loss: 0.1720 | accuracy: 0.9564 | mean f1-score: 0.9574 | weighted f1-score: 0.9561
The epoch: 88 | phase: test | loss: 0.1274 | accuracy: 0.9657 | mean f1-score: 0.9665 | weighted f1-score: 0.9656
Epoch 88 completed in 0m 2s
Epoch 89/149
----------
The epoch: 89 | phase: train | loss: 0.0154 | accuracy: 0.9938 | mean f1-score: 0.9942 | weighted f1-score: 0.9937
The epoch: 89 | phase: val | loss: 0.1654 | accuracy: 0.9606 | mean f1-score: 0.9613 | weighted f1-score: 0.9604
The epoch: 89 | phase: test | loss: 0.1268 | accuracy: 0.9657 | mean f1-score: 0.9664 | weighted f1-score: 0.9656
Epoch 89 completed in 0m 1s
Epoch 90/149
----------
The epoch: 90 | phase: train | loss: 0.0141 | accuracy: 0.9959 | mean f1-score: 0.9962 | weighted f1-score: 0.9959
The epoch: 90 | phase: val | loss: 0.1763 | accuracy: 0.9585 | mean f1-score: 0.9595 | weighted f1-score: 0.9584
The epoch: 90 | phase: test | loss: 0.1422 | accuracy: 0.9662 | mean f1-score: 0.9670 | weighted f1-score: 0.9661
Epoch 90 completed in 0m 1s
Epoch 91/149
----------
The epoch: 91 | phase: train | loss: 0.0125 | accuracy: 0.9956 | mean f1-score: 0.9960 | weighted f1-score: 0.9956
The epoch: 91 | phase: val | loss: 0.1783 | accuracy: 0.9585 | mean f1-score: 0.9594 | weighted f1-score: 0.9583
The epoch: 91 | phase: test | loss: 0.1304 | accuracy: 0.9682 | mean f1-score: 0.9690 | weighted f1-score: 0.9682
Epoch 91 completed in 0m 1s
Epoch 92/149
----------
The epoch: 92 | phase: train | loss: 0.0177 | accuracy: 0.9936 | mean f1-score: 0.9940 | weighted f1-score: 0.9936
The epoch: 92 | phase: val | loss: 0.1776 | accuracy: 0.9595 | mean f1-score: 0.9604 | weighted f1-score: 0.9593
The epoch: 92 | phase: test | loss: 0.1481 | accuracy: 0.9611 | mean f1-score: 0.9620 | weighted f1-score: 0.9610
Epoch 92 completed in 0m 1s
Epoch 93/149
----------
The epoch: 93 | phase: train | loss: 0.0168 | accuracy: 0.9936 | mean f1-score: 0.9940 | weighted f1-score: 0.9936
The epoch: 93 | phase: val | loss: 0.2048 | accuracy: 0.9533 | mean f1-score: 0.9540 | weighted f1-score: 0.9530
The epoch: 93 | phase: test | loss: 0.1377 | accuracy: 0.9652 | mean f1-score: 0.9659 | weighted f1-score: 0.9651
Epoch 93 completed in 0m 1s
Epoch 94/149
----------
The epoch: 94 | phase: train | loss: 0.0134 | accuracy: 0.9949 | mean f1-score: 0.9953 | weighted f1-score: 0.9949
The epoch: 94 | phase: val | loss: 0.1645 | accuracy: 0.9606 | mean f1-score: 0.9616 | weighted f1-score: 0.9605
The epoch: 94 | phase: test | loss: 0.1394 | accuracy: 0.9667 | mean f1-score: 0.9675 | weighted f1-score: 0.9666
Epoch 94 completed in 0m 1s
Epoch 95/149
----------
The epoch: 95 | phase: train | loss: 0.0144 | accuracy: 0.9952 | mean f1-score: 0.9955 | weighted f1-score: 0.9952
The epoch: 95 | phase: val | loss: 0.1753 | accuracy: 0.9616 | mean f1-score: 0.9625 | weighted f1-score: 0.9615
The epoch: 95 | phase: test | loss: 0.1327 | accuracy: 0.9662 | mean f1-score: 0.9670 | weighted f1-score: 0.9661
Epoch 95 completed in 0m 1s
Epoch 96/149
----------
The epoch: 96 | phase: train | loss: 0.0109 | accuracy: 0.9967 | mean f1-score: 0.9969 | weighted f1-score: 0.9967
The epoch: 96 | phase: val | loss: 0.2064 | accuracy: 0.9585 | mean f1-score: 0.9595 | weighted f1-score: 0.9584
The epoch: 96 | phase: test | loss: 0.1468 | accuracy: 0.9672 | mean f1-score: 0.9680 | weighted f1-score: 0.9671
Epoch 96 completed in 0m 1s
Epoch 97/149
----------
The epoch: 97 | phase: train | loss: 0.0163 | accuracy: 0.9939 | mean f1-score: 0.9943 | weighted f1-score: 0.9939
The epoch: 97 | phase: val | loss: 0.1733 | accuracy: 0.9606 | mean f1-score: 0.9616 | weighted f1-score: 0.9604
The epoch: 97 | phase: test | loss: 0.1287 | accuracy: 0.9672 | mean f1-score: 0.9680 | weighted f1-score: 0.9672
Epoch 97 completed in 0m 1s
Epoch 98/149
----------
The epoch: 98 | phase: train | loss: 0.0138 | accuracy: 0.9942 | mean f1-score: 0.9944 | weighted f1-score: 0.9942
The epoch: 98 | phase: val | loss: 0.1576 | accuracy: 0.9668 | mean f1-score: 0.9674 | weighted f1-score: 0.9667
The epoch: 98 | phase: test | loss: 0.1299 | accuracy: 0.9688 | mean f1-score: 0.9694 | weighted f1-score: 0.9687
Epoch 98 completed in 0m 1s
Epoch 99/149
----------
The epoch: 99 | phase: train | loss: 0.0139 | accuracy: 0.9948 | mean f1-score: 0.9951 | weighted f1-score: 0.9948
The epoch: 99 | phase: val | loss: 0.1714 | accuracy: 0.9616 | mean f1-score: 0.9627 | weighted f1-score: 0.9615
The epoch: 99 | phase: test | loss: 0.1734 | accuracy: 0.9565 | mean f1-score: 0.9575 | weighted f1-score: 0.9565
Epoch 99 completed in 0m 2s
Epoch 100/149
----------
The epoch: 100 | phase: train | loss: 0.0179 | accuracy: 0.9940 | mean f1-score: 0.9944 | weighted f1-score: 0.9940
The epoch: 100 | phase: val | loss: 0.2057 | accuracy: 0.9575 | mean f1-score: 0.9580 | weighted f1-score: 0.9572
The epoch: 100 | phase: test | loss: 0.1319 | accuracy: 0.9677 | mean f1-score: 0.9684 | weighted f1-score: 0.9676
Epoch 100 completed in 0m 2s
Epoch 101/149
----------
The epoch: 101 | phase: train | loss: 0.0157 | accuracy: 0.9948 | mean f1-score: 0.9951 | weighted f1-score: 0.9948
The epoch: 101 | phase: val | loss: 0.1757 | accuracy: 0.9627 | mean f1-score: 0.9635 | weighted f1-score: 0.9624
The epoch: 101 | phase: test | loss: 0.1491 | accuracy: 0.9600 | mean f1-score: 0.9608 | weighted f1-score: 0.9600
Epoch 101 completed in 0m 1s
Epoch 102/149
----------
The epoch: 102 | phase: train | loss: 0.0124 | accuracy: 0.9962 | mean f1-score: 0.9965 | weighted f1-score: 0.9962
The epoch: 102 | phase: val | loss: 0.1608 | accuracy: 0.9637 | mean f1-score: 0.9644 | weighted f1-score: 0.9635
The epoch: 102 | phase: test | loss: 0.1170 | accuracy: 0.9682 | mean f1-score: 0.9690 | weighted f1-score: 0.9682
Epoch 102 completed in 0m 1s
Epoch 103/149
----------
The epoch: 103 | phase: train | loss: 0.0156 | accuracy: 0.9953 | mean f1-score: 0.9957 | weighted f1-score: 0.9953
The epoch: 103 | phase: val | loss: 0.1843 | accuracy: 0.9575 | mean f1-score: 0.9587 | weighted f1-score: 0.9574
The epoch: 103 | phase: test | loss: 0.1324 | accuracy: 0.9688 | mean f1-score: 0.9695 | weighted f1-score: 0.9687
Epoch 103 completed in 0m 1s
Epoch 104/149
----------
The epoch: 104 | phase: train | loss: 0.0109 | accuracy: 0.9959 | mean f1-score: 0.9962 | weighted f1-score: 0.9959
The epoch: 104 | phase: val | loss: 0.1932 | accuracy: 0.9554 | mean f1-score: 0.9562 | weighted f1-score: 0.9550
The epoch: 104 | phase: test | loss: 0.1335 | accuracy: 0.9626 | mean f1-score: 0.9636 | weighted f1-score: 0.9626
Epoch 104 completed in 0m 1s
Epoch 105/149
----------
The epoch: 105 | phase: train | loss: 0.0117 | accuracy: 0.9949 | mean f1-score: 0.9952 | weighted f1-score: 0.9949
The epoch: 105 | phase: val | loss: 0.1771 | accuracy: 0.9606 | mean f1-score: 0.9614 | weighted f1-score: 0.9605
The epoch: 105 | phase: test | loss: 0.1337 | accuracy: 0.9667 | mean f1-score: 0.9676 | weighted f1-score: 0.9666
Epoch 105 completed in 0m 1s
Epoch 106/149
----------
The epoch: 106 | phase: train | loss: 0.0130 | accuracy: 0.9955 | mean f1-score: 0.9958 | weighted f1-score: 0.9955
The epoch: 106 | phase: val | loss: 0.1809 | accuracy: 0.9616 | mean f1-score: 0.9624 | weighted f1-score: 0.9614
The epoch: 106 | phase: test | loss: 0.1358 | accuracy: 0.9688 | mean f1-score: 0.9694 | weighted f1-score: 0.9687
Epoch 106 completed in 0m 1s
Epoch 107/149
----------
The epoch: 107 | phase: train | loss: 0.0161 | accuracy: 0.9938 | mean f1-score: 0.9941 | weighted f1-score: 0.9938
The epoch: 107 | phase: val | loss: 0.1592 | accuracy: 0.9585 | mean f1-score: 0.9595 | weighted f1-score: 0.9583
The epoch: 107 | phase: test | loss: 0.1343 | accuracy: 0.9677 | mean f1-score: 0.9685 | weighted f1-score: 0.9677
Epoch 107 completed in 0m 1s
Epoch 108/149
----------
The epoch: 108 | phase: train | loss: 0.0112 | accuracy: 0.9956 | mean f1-score: 0.9959 | weighted f1-score: 0.9956
The epoch: 108 | phase: val | loss: 0.1644 | accuracy: 0.9606 | mean f1-score: 0.9616 | weighted f1-score: 0.9605
The epoch: 108 | phase: test | loss: 0.1730 | accuracy: 0.9585 | mean f1-score: 0.9594 | weighted f1-score: 0.9585
Epoch 108 completed in 0m 1s
Epoch 109/149
----------
The epoch: 109 | phase: train | loss: 0.0099 | accuracy: 0.9978 | mean f1-score: 0.9979 | weighted f1-score: 0.9978
The epoch: 109 | phase: val | loss: 0.1866 | accuracy: 0.9564 | mean f1-score: 0.9577 | weighted f1-score: 0.9563
The epoch: 109 | phase: test | loss: 0.1641 | accuracy: 0.9590 | mean f1-score: 0.9601 | weighted f1-score: 0.9589
Epoch 109 completed in 0m 1s
Epoch 110/149
----------
The epoch: 110 | phase: train | loss: 0.0131 | accuracy: 0.9952 | mean f1-score: 0.9956 | weighted f1-score: 0.9952
The epoch: 110 | phase: val | loss: 0.1753 | accuracy: 0.9595 | mean f1-score: 0.9607 | weighted f1-score: 0.9594
The epoch: 110 | phase: test | loss: 0.1438 | accuracy: 0.9657 | mean f1-score: 0.9665 | weighted f1-score: 0.9656
Epoch 110 completed in 0m 1s
Epoch 111/149
----------
The epoch: 111 | phase: train | loss: 0.0096 | accuracy: 0.9967 | mean f1-score: 0.9969 | weighted f1-score: 0.9967
The epoch: 111 | phase: val | loss: 0.1761 | accuracy: 0.9595 | mean f1-score: 0.9605 | weighted f1-score: 0.9594
The epoch: 111 | phase: test | loss: 0.1388 | accuracy: 0.9657 | mean f1-score: 0.9666 | weighted f1-score: 0.9656
Epoch 111 completed in 0m 2s
Epoch 112/149
----------
The epoch: 112 | phase: train | loss: 0.0087 | accuracy: 0.9977 | mean f1-score: 0.9978 | weighted f1-score: 0.9977
The epoch: 112 | phase: val | loss: 0.1916 | accuracy: 0.9575 | mean f1-score: 0.9584 | weighted f1-score: 0.9573
The epoch: 112 | phase: test | loss: 0.1485 | accuracy: 0.9652 | mean f1-score: 0.9660 | weighted f1-score: 0.9651
Epoch 112 completed in 0m 2s
Epoch 113/149
----------
The epoch: 113 | phase: train | loss: 0.0093 | accuracy: 0.9969 | mean f1-score: 0.9971 | weighted f1-score: 0.9969
The epoch: 113 | phase: val | loss: 0.1925 | accuracy: 0.9554 | mean f1-score: 0.9562 | weighted f1-score: 0.9550
The epoch: 113 | phase: test | loss: 0.1417 | accuracy: 0.9657 | mean f1-score: 0.9665 | weighted f1-score: 0.9656
Epoch 113 completed in 0m 1s
Epoch 114/149
----------
The epoch: 114 | phase: train | loss: 0.0113 | accuracy: 0.9953 | mean f1-score: 0.9957 | weighted f1-score: 0.9953
The epoch: 114 | phase: val | loss: 0.1786 | accuracy: 0.9564 | mean f1-score: 0.9574 | weighted f1-score: 0.9562
The epoch: 114 | phase: test | loss: 0.1461 | accuracy: 0.9657 | mean f1-score: 0.9665 | weighted f1-score: 0.9656
Epoch 114 completed in 0m 1s
Epoch 115/149
----------
The epoch: 115 | phase: train | loss: 0.0095 | accuracy: 0.9965 | mean f1-score: 0.9968 | weighted f1-score: 0.9965
The epoch: 115 | phase: val | loss: 0.1945 | accuracy: 0.9564 | mean f1-score: 0.9574 | weighted f1-score: 0.9562
The epoch: 115 | phase: test | loss: 0.1381 | accuracy: 0.9677 | mean f1-score: 0.9684 | weighted f1-score: 0.9677
Epoch 115 completed in 0m 1s
Epoch 116/149
----------
The epoch: 116 | phase: train | loss: 0.0103 | accuracy: 0.9962 | mean f1-score: 0.9965 | weighted f1-score: 0.9962
The epoch: 116 | phase: val | loss: 0.1697 | accuracy: 0.9595 | mean f1-score: 0.9605 | weighted f1-score: 0.9594
The epoch: 116 | phase: test | loss: 0.1492 | accuracy: 0.9657 | mean f1-score: 0.9665 | weighted f1-score: 0.9656
Epoch 116 completed in 0m 1s
Epoch 117/149
----------
The epoch: 117 | phase: train | loss: 0.0097 | accuracy: 0.9969 | mean f1-score: 0.9972 | weighted f1-score: 0.9969
The epoch: 117 | phase: val | loss: 0.2109 | accuracy: 0.9585 | mean f1-score: 0.9594 | weighted f1-score: 0.9582
The epoch: 117 | phase: test | loss: 0.1417 | accuracy: 0.9662 | mean f1-score: 0.9669 | weighted f1-score: 0.9661
Epoch 117 completed in 0m 1s
Epoch 118/149
----------
The epoch: 118 | phase: train | loss: 0.0084 | accuracy: 0.9974 | mean f1-score: 0.9976 | weighted f1-score: 0.9974
The epoch: 118 | phase: val | loss: 0.1958 | accuracy: 0.9575 | mean f1-score: 0.9587 | weighted f1-score: 0.9573
The epoch: 118 | phase: test | loss: 0.1454 | accuracy: 0.9672 | mean f1-score: 0.9679 | weighted f1-score: 0.9671
Epoch 118 completed in 0m 1s
Epoch 119/149
----------
The epoch: 119 | phase: train | loss: 0.0107 | accuracy: 0.9958 | mean f1-score: 0.9961 | weighted f1-score: 0.9958
The epoch: 119 | phase: val | loss: 0.1905 | accuracy: 0.9554 | mean f1-score: 0.9563 | weighted f1-score: 0.9551
The epoch: 119 | phase: test | loss: 0.1320 | accuracy: 0.9672 | mean f1-score: 0.9680 | weighted f1-score: 0.9671
Epoch 119 completed in 0m 1s
Epoch 120/149
----------
The epoch: 120 | phase: train | loss: 0.0114 | accuracy: 0.9961 | mean f1-score: 0.9964 | weighted f1-score: 0.9961
The epoch: 120 | phase: val | loss: 0.1918 | accuracy: 0.9606 | mean f1-score: 0.9615 | weighted f1-score: 0.9604
The epoch: 120 | phase: test | loss: 0.1395 | accuracy: 0.9662 | mean f1-score: 0.9669 | weighted f1-score: 0.9661
Epoch 120 completed in 0m 1s
Epoch 121/149
----------
The epoch: 121 | phase: train | loss: 0.0127 | accuracy: 0.9958 | mean f1-score: 0.9961 | weighted f1-score: 0.9958
The epoch: 121 | phase: val | loss: 0.1596 | accuracy: 0.9647 | mean f1-score: 0.9657 | weighted f1-score: 0.9646
The epoch: 121 | phase: test | loss: 0.1397 | accuracy: 0.9652 | mean f1-score: 0.9659 | weighted f1-score: 0.9651
Epoch 121 completed in 0m 1s
Epoch 122/149
----------
The epoch: 122 | phase: train | loss: 0.0141 | accuracy: 0.9951 | mean f1-score: 0.9954 | weighted f1-score: 0.9951
The epoch: 122 | phase: val | loss: 0.1753 | accuracy: 0.9575 | mean f1-score: 0.9586 | weighted f1-score: 0.9573
The epoch: 122 | phase: test | loss: 0.1407 | accuracy: 0.9652 | mean f1-score: 0.9659 | weighted f1-score: 0.9651
Epoch 122 completed in 0m 2s
Epoch 123/149
----------
The epoch: 123 | phase: train | loss: 0.0123 | accuracy: 0.9948 | mean f1-score: 0.9951 | weighted f1-score: 0.9948
The epoch: 123 | phase: val | loss: 0.1732 | accuracy: 0.9554 | mean f1-score: 0.9566 | weighted f1-score: 0.9553
The epoch: 123 | phase: test | loss: 0.1587 | accuracy: 0.9600 | mean f1-score: 0.9611 | weighted f1-score: 0.9600
Epoch 123 completed in 0m 1s
Epoch 124/149
----------
The epoch: 124 | phase: train | loss: 0.0097 | accuracy: 0.9969 | mean f1-score: 0.9971 | weighted f1-score: 0.9969
The epoch: 124 | phase: val | loss: 0.2277 | accuracy: 0.9502 | mean f1-score: 0.9508 | weighted f1-score: 0.9499
The epoch: 124 | phase: test | loss: 0.1377 | accuracy: 0.9667 | mean f1-score: 0.9674 | weighted f1-score: 0.9666
Epoch 124 completed in 0m 1s
Epoch 125/149
----------
The epoch: 125 | phase: train | loss: 0.0111 | accuracy: 0.9964 | mean f1-score: 0.9966 | weighted f1-score: 0.9964
The epoch: 125 | phase: val | loss: 0.2004 | accuracy: 0.9575 | mean f1-score: 0.9582 | weighted f1-score: 0.9571
The epoch: 125 | phase: test | loss: 0.1418 | accuracy: 0.9641 | mean f1-score: 0.9649 | weighted f1-score: 0.9641
Epoch 125 completed in 0m 1s
Epoch 126/149
----------
The epoch: 126 | phase: train | loss: 0.0070 | accuracy: 0.9981 | mean f1-score: 0.9982 | weighted f1-score: 0.9981
The epoch: 126 | phase: val | loss: 0.2294 | accuracy: 0.9544 | mean f1-score: 0.9553 | weighted f1-score: 0.9540
The epoch: 126 | phase: test | loss: 0.1479 | accuracy: 0.9657 | mean f1-score: 0.9664 | weighted f1-score: 0.9656
Epoch 126 completed in 0m 1s
Epoch 127/149
----------
The epoch: 127 | phase: train | loss: 0.0093 | accuracy: 0.9959 | mean f1-score: 0.9962 | weighted f1-score: 0.9959
The epoch: 127 | phase: val | loss: 0.1978 | accuracy: 0.9544 | mean f1-score: 0.9559 | weighted f1-score: 0.9542
The epoch: 127 | phase: test | loss: 0.1655 | accuracy: 0.9570 | mean f1-score: 0.9581 | weighted f1-score: 0.9569
Epoch 127 completed in 0m 1s
Epoch 128/149
----------
The epoch: 128 | phase: train | loss: 0.0132 | accuracy: 0.9955 | mean f1-score: 0.9958 | weighted f1-score: 0.9955
The epoch: 128 | phase: val | loss: 0.1998 | accuracy: 0.9627 | mean f1-score: 0.9635 | weighted f1-score: 0.9625
The epoch: 128 | phase: test | loss: 0.1384 | accuracy: 0.9672 | mean f1-score: 0.9680 | weighted f1-score: 0.9671
Epoch 128 completed in 0m 1s
Epoch 129/149
----------
The epoch: 129 | phase: train | loss: 0.0075 | accuracy: 0.9971 | mean f1-score: 0.9973 | weighted f1-score: 0.9971
The epoch: 129 | phase: val | loss: 0.1854 | accuracy: 0.9637 | mean f1-score: 0.9645 | weighted f1-score: 0.9635
The epoch: 129 | phase: test | loss: 0.1257 | accuracy: 0.9708 | mean f1-score: 0.9715 | weighted f1-score: 0.9707
Epoch 129 completed in 0m 1s
Epoch 130/149
----------
The epoch: 130 | phase: train | loss: 0.0098 | accuracy: 0.9961 | mean f1-score: 0.9964 | weighted f1-score: 0.9961
The epoch: 130 | phase: val | loss: 0.1953 | accuracy: 0.9595 | mean f1-score: 0.9608 | weighted f1-score: 0.9594
The epoch: 130 | phase: test | loss: 0.1480 | accuracy: 0.9657 | mean f1-score: 0.9666 | weighted f1-score: 0.9656
Epoch 130 completed in 0m 1s
Epoch 131/149
----------
The epoch: 131 | phase: train | loss: 0.0058 | accuracy: 0.9981 | mean f1-score: 0.9982 | weighted f1-score: 0.9981
The epoch: 131 | phase: val | loss: 0.1780 | accuracy: 0.9689 | mean f1-score: 0.9696 | weighted f1-score: 0.9688
The epoch: 131 | phase: test | loss: 0.1353 | accuracy: 0.9662 | mean f1-score: 0.9670 | weighted f1-score: 0.9661
Epoch 131 completed in 0m 1s
Epoch 132/149
----------
The epoch: 132 | phase: train | loss: 0.0081 | accuracy: 0.9969 | mean f1-score: 0.9972 | weighted f1-score: 0.9969
The epoch: 132 | phase: val | loss: 0.1942 | accuracy: 0.9647 | mean f1-score: 0.9655 | weighted f1-score: 0.9645
The epoch: 132 | phase: test | loss: 0.1343 | accuracy: 0.9677 | mean f1-score: 0.9685 | weighted f1-score: 0.9677
Epoch 132 completed in 0m 1s
Epoch 133/149
----------
The epoch: 133 | phase: train | loss: 0.0098 | accuracy: 0.9965 | mean f1-score: 0.9968 | weighted f1-score: 0.9965
The epoch: 133 | phase: val | loss: 0.1966 | accuracy: 0.9637 | mean f1-score: 0.9647 | weighted f1-score: 0.9636
The epoch: 133 | phase: test | loss: 0.1479 | accuracy: 0.9667 | mean f1-score: 0.9676 | weighted f1-score: 0.9666
Epoch 133 completed in 0m 2s
Epoch 134/149
----------
The epoch: 134 | phase: train | loss: 0.0083 | accuracy: 0.9974 | mean f1-score: 0.9975 | weighted f1-score: 0.9974
The epoch: 134 | phase: val | loss: 0.1889 | accuracy: 0.9616 | mean f1-score: 0.9625 | weighted f1-score: 0.9614
The epoch: 134 | phase: test | loss: 0.1325 | accuracy: 0.9677 | mean f1-score: 0.9686 | weighted f1-score: 0.9677
Epoch 134 completed in 0m 1s
Epoch 135/149
----------
The epoch: 135 | phase: train | loss: 0.0092 | accuracy: 0.9974 | mean f1-score: 0.9975 | weighted f1-score: 0.9974
The epoch: 135 | phase: val | loss: 0.2018 | accuracy: 0.9616 | mean f1-score: 0.9626 | weighted f1-score: 0.9615
The epoch: 135 | phase: test | loss: 0.1472 | accuracy: 0.9657 | mean f1-score: 0.9665 | weighted f1-score: 0.9656
Epoch 135 completed in 0m 1s
Epoch 136/149
----------
The epoch: 136 | phase: train | loss: 0.0074 | accuracy: 0.9968 | mean f1-score: 0.9970 | weighted f1-score: 0.9968
The epoch: 136 | phase: val | loss: 0.2023 | accuracy: 0.9606 | mean f1-score: 0.9616 | weighted f1-score: 0.9603
The epoch: 136 | phase: test | loss: 0.1438 | accuracy: 0.9662 | mean f1-score: 0.9669 | weighted f1-score: 0.9661
Epoch 136 completed in 0m 1s
Epoch 137/149
----------
The epoch: 137 | phase: train | loss: 0.0088 | accuracy: 0.9971 | mean f1-score: 0.9973 | weighted f1-score: 0.9971
The epoch: 137 | phase: val | loss: 0.1900 | accuracy: 0.9585 | mean f1-score: 0.9599 | weighted f1-score: 0.9584
The epoch: 137 | phase: test | loss: 0.1656 | accuracy: 0.9626 | mean f1-score: 0.9636 | weighted f1-score: 0.9625
Epoch 137 completed in 0m 1s
Epoch 138/149
----------
The epoch: 138 | phase: train | loss: 0.0070 | accuracy: 0.9971 | mean f1-score: 0.9973 | weighted f1-score: 0.9971
The epoch: 138 | phase: val | loss: 0.1989 | accuracy: 0.9575 | mean f1-score: 0.9583 | weighted f1-score: 0.9572
The epoch: 138 | phase: test | loss: 0.1480 | accuracy: 0.9677 | mean f1-score: 0.9685 | weighted f1-score: 0.9677
Epoch 138 completed in 0m 1s
Epoch 139/149
----------
The epoch: 139 | phase: train | loss: 0.0115 | accuracy: 0.9962 | mean f1-score: 0.9965 | weighted f1-score: 0.9962
The epoch: 139 | phase: val | loss: 0.2039 | accuracy: 0.9585 | mean f1-score: 0.9596 | weighted f1-score: 0.9584
The epoch: 139 | phase: test | loss: 0.1486 | accuracy: 0.9667 | mean f1-score: 0.9676 | weighted f1-score: 0.9667
Epoch 139 completed in 0m 1s
Epoch 140/149
----------
The epoch: 140 | phase: train | loss: 0.0105 | accuracy: 0.9977 | mean f1-score: 0.9979 | weighted f1-score: 0.9977
The epoch: 140 | phase: val | loss: 0.2115 | accuracy: 0.9595 | mean f1-score: 0.9604 | weighted f1-score: 0.9592
The epoch: 140 | phase: test | loss: 0.1401 | accuracy: 0.9688 | mean f1-score: 0.9695 | weighted f1-score: 0.9687
Epoch 140 completed in 0m 1s
Epoch 141/149
----------
The epoch: 141 | phase: train | loss: 0.0058 | accuracy: 0.9978 | mean f1-score: 0.9980 | weighted f1-score: 0.9978
The epoch: 141 | phase: val | loss: 0.2301 | accuracy: 0.9523 | mean f1-score: 0.9539 | weighted f1-score: 0.9521
The epoch: 141 | phase: test | loss: 0.1820 | accuracy: 0.9600 | mean f1-score: 0.9610 | weighted f1-score: 0.9599
Epoch 141 completed in 0m 1s
Epoch 142/149
----------
The epoch: 142 | phase: train | loss: 0.0127 | accuracy: 0.9946 | mean f1-score: 0.9950 | weighted f1-score: 0.9946
The epoch: 142 | phase: val | loss: 0.2068 | accuracy: 0.9616 | mean f1-score: 0.9624 | weighted f1-score: 0.9615
The epoch: 142 | phase: test | loss: 0.1296 | accuracy: 0.9703 | mean f1-score: 0.9709 | weighted f1-score: 0.9702
Epoch 142 completed in 0m 2s
Epoch 143/149
----------
The epoch: 143 | phase: train | loss: 0.0124 | accuracy: 0.9953 | mean f1-score: 0.9956 | weighted f1-score: 0.9953
The epoch: 143 | phase: val | loss: 0.1942 | accuracy: 0.9585 | mean f1-score: 0.9596 | weighted f1-score: 0.9583
The epoch: 143 | phase: test | loss: 0.1429 | accuracy: 0.9647 | mean f1-score: 0.9653 | weighted f1-score: 0.9646
Epoch 143 completed in 0m 2s
Epoch 144/149
----------
The epoch: 144 | phase: train | loss: 0.0102 | accuracy: 0.9961 | mean f1-score: 0.9963 | weighted f1-score: 0.9961
The epoch: 144 | phase: val | loss: 0.2112 | accuracy: 0.9606 | mean f1-score: 0.9614 | weighted f1-score: 0.9604
The epoch: 144 | phase: test | loss: 0.1532 | accuracy: 0.9662 | mean f1-score: 0.9669 | weighted f1-score: 0.9661
Epoch 144 completed in 0m 1s
Epoch 145/149
----------
The epoch: 145 | phase: train | loss: 0.0084 | accuracy: 0.9972 | mean f1-score: 0.9974 | weighted f1-score: 0.9972
The epoch: 145 | phase: val | loss: 0.1671 | accuracy: 0.9637 | mean f1-score: 0.9647 | weighted f1-score: 0.9636
The epoch: 145 | phase: test | loss: 0.1385 | accuracy: 0.9657 | mean f1-score: 0.9663 | weighted f1-score: 0.9656
Epoch 145 completed in 0m 1s
Epoch 146/149
----------
The epoch: 146 | phase: train | loss: 0.0087 | accuracy: 0.9974 | mean f1-score: 0.9976 | weighted f1-score: 0.9974
The epoch: 146 | phase: val | loss: 0.2311 | accuracy: 0.9533 | mean f1-score: 0.9549 | weighted f1-score: 0.9532
The epoch: 146 | phase: test | loss: 0.1817 | accuracy: 0.9600 | mean f1-score: 0.9610 | weighted f1-score: 0.9599
Epoch 146 completed in 0m 1s
Epoch 147/149
----------
The epoch: 147 | phase: train | loss: 0.0123 | accuracy: 0.9961 | mean f1-score: 0.9963 | weighted f1-score: 0.9961
The epoch: 147 | phase: val | loss: 0.1777 | accuracy: 0.9637 | mean f1-score: 0.9645 | weighted f1-score: 0.9635
The epoch: 147 | phase: test | loss: 0.1415 | accuracy: 0.9652 | mean f1-score: 0.9659 | weighted f1-score: 0.9651
Epoch 147 completed in 0m 1s
Epoch 148/149
----------
The epoch: 148 | phase: train | loss: 0.0056 | accuracy: 0.9981 | mean f1-score: 0.9983 | weighted f1-score: 0.9981
The epoch: 148 | phase: val | loss: 0.1780 | accuracy: 0.9658 | mean f1-score: 0.9664 | weighted f1-score: 0.9656
The epoch: 148 | phase: test | loss: 0.1370 | accuracy: 0.9682 | mean f1-score: 0.9689 | weighted f1-score: 0.9682
Epoch 148 completed in 0m 1s
Epoch 149/149
----------
The epoch: 149 | phase: train | loss: 0.0074 | accuracy: 0.9975 | mean f1-score: 0.9977 | weighted f1-score: 0.9975
The epoch: 149 | phase: val | loss: 0.2016 | accuracy: 0.9606 | mean f1-score: 0.9617 | weighted f1-score: 0.9605
The epoch: 149 | phase: test | loss: 0.1547 | accuracy: 0.9652 | mean f1-score: 0.9660 | weighted f1-score: 0.9651
Epoch 149 completed in 0m 1s
The best epoch is 131
Phase: train, loss: 0.0057867304769803046, accuracy: 0.9981107397180642, f1_score: 0.9982416087283413, f1_score weighted: 0.998110742541269 {'train': [], 'val': [], 'test': []}
Phase: val, loss: 0.17796972338342074, accuracy: 0.9688796680497925, f1_score: 0.969563782050136, f1_score weighted: 0.9687665795932486 {'train': [], 'val': [], 'test': []}
Phase: test, loss: 0.13531963991337134, accuracy: 0.9661885245901639, f1_score: 0.9670188455379872, f1_score weighted: 0.9661397942961265 {'train': [], 'val': [], 'test': []}
------ Evaluation complete! ------
