Namespace(window=50, overlap=25, batch_size=64, learning_rate=0.0005, num_epochs=150, gpu_id='0', dataset='kuhar', kernel_size=3, num_steps_prediction=28, classifier_lr=0.0005, classifier_batch_size=256, saved_model='/workspaces/betania.silva/ssl_tools/contrastive-predictive-coding-for-har/models/May-11-2024/realworld_thigh_k_28_lr_0.0005_bs_64.pkl', learning_schedule='last_layer', random_seed=42, input_size=6, num_classes=7, root_dir='/workspaces/betania.silva/view_concatenated', data_file='kuhar', device=device(type='cuda', index=0), padding=1)
Data Raw (248462, 6)
Data (9937, 50, 6)
Labels (9937,)
Data Raw (112812, 6)
Data (4511, 50, 6)
Labels (4511,)
Data Raw (52196, 6)
Data (2086, 50, 6)
Labels (2086,)
The batch size for train phase is: 256
The batch size for val phase is: 256
The batch size for test phase is: 256
Loading the pre-trained weights
Epoch 0/149
----------
The epoch: 0 | phase: train | loss: 1.0628 | accuracy: 0.5805 | mean f1-score: 0.4063 | weighted f1-score: 0.5240
The epoch: 0 | phase: val | loss: 1.1383 | accuracy: 0.4367 | mean f1-score: 0.4901 | weighted f1-score: 0.4528
The epoch: 0 | phase: test | loss: 0.8634 | accuracy: 0.7071 | mean f1-score: 0.5949 | weighted f1-score: 0.6866
Epoch 0 completed in 0m 2s
Epoch 1/149
----------
The epoch: 1 | phase: train | loss: 0.7588 | accuracy: 0.6730 | mean f1-score: 0.6107 | weighted f1-score: 0.6525
The epoch: 1 | phase: val | loss: 1.0733 | accuracy: 0.5003 | mean f1-score: 0.5253 | weighted f1-score: 0.5242
The epoch: 1 | phase: test | loss: 0.6968 | accuracy: 0.6807 | mean f1-score: 0.5818 | weighted f1-score: 0.6755
Epoch 1 completed in 0m 1s
Epoch 2/149
----------
The epoch: 2 | phase: train | loss: 0.6896 | accuracy: 0.6922 | mean f1-score: 0.6594 | weighted f1-score: 0.6809
The epoch: 2 | phase: val | loss: 1.0676 | accuracy: 0.5444 | mean f1-score: 0.5780 | weighted f1-score: 0.5830
The epoch: 2 | phase: test | loss: 0.6415 | accuracy: 0.7416 | mean f1-score: 0.6613 | weighted f1-score: 0.7386
Epoch 2 completed in 0m 1s
Epoch 3/149
----------
The epoch: 3 | phase: train | loss: 0.6604 | accuracy: 0.6956 | mean f1-score: 0.6711 | weighted f1-score: 0.6863
The epoch: 3 | phase: val | loss: 0.9317 | accuracy: 0.6149 | mean f1-score: 0.6029 | weighted f1-score: 0.6460
The epoch: 3 | phase: test | loss: 0.6764 | accuracy: 0.6798 | mean f1-score: 0.5729 | weighted f1-score: 0.6805
Epoch 3 completed in 0m 1s
Epoch 4/149
----------
The epoch: 4 | phase: train | loss: 0.6370 | accuracy: 0.7058 | mean f1-score: 0.6913 | weighted f1-score: 0.6989
The epoch: 4 | phase: val | loss: 1.1044 | accuracy: 0.5132 | mean f1-score: 0.5584 | weighted f1-score: 0.5446
The epoch: 4 | phase: test | loss: 0.6111 | accuracy: 0.7320 | mean f1-score: 0.6565 | weighted f1-score: 0.7246
Epoch 4 completed in 0m 1s
Epoch 5/149
----------
The epoch: 5 | phase: train | loss: 0.6197 | accuracy: 0.7102 | mean f1-score: 0.7025 | weighted f1-score: 0.7029
The epoch: 5 | phase: val | loss: 1.1940 | accuracy: 0.4888 | mean f1-score: 0.5512 | weighted f1-score: 0.5344
The epoch: 5 | phase: test | loss: 0.5877 | accuracy: 0.7493 | mean f1-score: 0.7174 | weighted f1-score: 0.7451
Epoch 5 completed in 0m 1s
Epoch 6/149
----------
The epoch: 6 | phase: train | loss: 0.6092 | accuracy: 0.7169 | mean f1-score: 0.7170 | weighted f1-score: 0.7115
The epoch: 6 | phase: val | loss: 1.0568 | accuracy: 0.5766 | mean f1-score: 0.5843 | weighted f1-score: 0.6065
The epoch: 6 | phase: test | loss: 0.6298 | accuracy: 0.7004 | mean f1-score: 0.6366 | weighted f1-score: 0.7021
Epoch 6 completed in 0m 1s
Epoch 7/149
----------
The epoch: 7 | phase: train | loss: 0.6079 | accuracy: 0.7123 | mean f1-score: 0.7131 | weighted f1-score: 0.7067
The epoch: 7 | phase: val | loss: 1.1047 | accuracy: 0.5788 | mean f1-score: 0.5753 | weighted f1-score: 0.6024
The epoch: 7 | phase: test | loss: 0.6588 | accuracy: 0.7234 | mean f1-score: 0.6247 | weighted f1-score: 0.7244
Epoch 7 completed in 0m 2s
Epoch 8/149
----------
The epoch: 8 | phase: train | loss: 0.5977 | accuracy: 0.7159 | mean f1-score: 0.7269 | weighted f1-score: 0.7121
The epoch: 8 | phase: val | loss: 1.1773 | accuracy: 0.5221 | mean f1-score: 0.5674 | weighted f1-score: 0.5632
The epoch: 8 | phase: test | loss: 0.5919 | accuracy: 0.7320 | mean f1-score: 0.6985 | weighted f1-score: 0.7317
Epoch 8 completed in 0m 2s
Epoch 9/149
----------
The epoch: 9 | phase: train | loss: 0.5900 | accuracy: 0.7199 | mean f1-score: 0.7326 | weighted f1-score: 0.7163
The epoch: 9 | phase: val | loss: 1.3205 | accuracy: 0.5037 | mean f1-score: 0.5537 | weighted f1-score: 0.5485
The epoch: 9 | phase: test | loss: 0.5922 | accuracy: 0.7109 | mean f1-score: 0.7053 | weighted f1-score: 0.7041
Epoch 9 completed in 0m 2s
Epoch 10/149
----------
The epoch: 10 | phase: train | loss: 0.5901 | accuracy: 0.7153 | mean f1-score: 0.7296 | weighted f1-score: 0.7123
The epoch: 10 | phase: val | loss: 1.0115 | accuracy: 0.6063 | mean f1-score: 0.5979 | weighted f1-score: 0.6374
The epoch: 10 | phase: test | loss: 0.6415 | accuracy: 0.7200 | mean f1-score: 0.6461 | weighted f1-score: 0.7181
Epoch 10 completed in 0m 2s
Epoch 11/149
----------
The epoch: 11 | phase: train | loss: 0.5854 | accuracy: 0.7253 | mean f1-score: 0.7372 | weighted f1-score: 0.7208
The epoch: 11 | phase: val | loss: 1.2060 | accuracy: 0.5232 | mean f1-score: 0.5652 | weighted f1-score: 0.5655
The epoch: 11 | phase: test | loss: 0.5990 | accuracy: 0.7152 | mean f1-score: 0.6864 | weighted f1-score: 0.7166
Epoch 11 completed in 0m 1s
Epoch 12/149
----------
The epoch: 12 | phase: train | loss: 0.5762 | accuracy: 0.7262 | mean f1-score: 0.7469 | weighted f1-score: 0.7227
The epoch: 12 | phase: val | loss: 1.0439 | accuracy: 0.5930 | mean f1-score: 0.5910 | weighted f1-score: 0.6229
The epoch: 12 | phase: test | loss: 0.6466 | accuracy: 0.7061 | mean f1-score: 0.6318 | weighted f1-score: 0.7077
Epoch 12 completed in 0m 1s
Epoch 13/149
----------
The epoch: 13 | phase: train | loss: 0.5640 | accuracy: 0.7318 | mean f1-score: 0.7521 | weighted f1-score: 0.7293
The epoch: 13 | phase: val | loss: 1.2281 | accuracy: 0.5307 | mean f1-score: 0.5493 | weighted f1-score: 0.5485
The epoch: 13 | phase: test | loss: 0.6039 | accuracy: 0.7454 | mean f1-score: 0.6723 | weighted f1-score: 0.7424
Epoch 13 completed in 0m 1s
Epoch 14/149
----------
The epoch: 14 | phase: train | loss: 0.5666 | accuracy: 0.7255 | mean f1-score: 0.7473 | weighted f1-score: 0.7223
The epoch: 14 | phase: val | loss: 1.1929 | accuracy: 0.5429 | mean f1-score: 0.5538 | weighted f1-score: 0.5663
The epoch: 14 | phase: test | loss: 0.6228 | accuracy: 0.7407 | mean f1-score: 0.6831 | weighted f1-score: 0.7374
Epoch 14 completed in 0m 2s
Epoch 15/149
----------
The epoch: 15 | phase: train | loss: 0.5608 | accuracy: 0.7290 | mean f1-score: 0.7570 | weighted f1-score: 0.7258
The epoch: 15 | phase: val | loss: 1.2212 | accuracy: 0.5540 | mean f1-score: 0.5651 | weighted f1-score: 0.5798
The epoch: 15 | phase: test | loss: 0.6552 | accuracy: 0.7119 | mean f1-score: 0.6132 | weighted f1-score: 0.7135
Epoch 15 completed in 0m 1s
Epoch 16/149
----------
The epoch: 16 | phase: train | loss: 0.5592 | accuracy: 0.7359 | mean f1-score: 0.7628 | weighted f1-score: 0.7333
The epoch: 16 | phase: val | loss: 1.1968 | accuracy: 0.5781 | mean f1-score: 0.5912 | weighted f1-score: 0.6057
The epoch: 16 | phase: test | loss: 0.5900 | accuracy: 0.7522 | mean f1-score: 0.7218 | weighted f1-score: 0.7509
Epoch 16 completed in 0m 2s
Epoch 17/149
----------
The epoch: 17 | phase: train | loss: 0.5545 | accuracy: 0.7328 | mean f1-score: 0.7594 | weighted f1-score: 0.7302
The epoch: 17 | phase: val | loss: 1.1368 | accuracy: 0.5879 | mean f1-score: 0.6093 | weighted f1-score: 0.6319
The epoch: 17 | phase: test | loss: 0.5871 | accuracy: 0.7306 | mean f1-score: 0.7160 | weighted f1-score: 0.7326
Epoch 17 completed in 0m 1s
Epoch 18/149
----------
The epoch: 18 | phase: train | loss: 0.5596 | accuracy: 0.7303 | mean f1-score: 0.7551 | weighted f1-score: 0.7280
The epoch: 18 | phase: val | loss: 1.2052 | accuracy: 0.5453 | mean f1-score: 0.5581 | weighted f1-score: 0.5679
The epoch: 18 | phase: test | loss: 0.6333 | accuracy: 0.7076 | mean f1-score: 0.6162 | weighted f1-score: 0.7061
Epoch 18 completed in 0m 2s
Epoch 19/149
----------
The epoch: 19 | phase: train | loss: 0.5473 | accuracy: 0.7390 | mean f1-score: 0.7696 | weighted f1-score: 0.7368
The epoch: 19 | phase: val | loss: 1.4924 | accuracy: 0.5045 | mean f1-score: 0.5626 | weighted f1-score: 0.5490
The epoch: 19 | phase: test | loss: 0.5699 | accuracy: 0.7550 | mean f1-score: 0.7362 | weighted f1-score: 0.7532
Epoch 19 completed in 0m 2s
Epoch 20/149
----------
The epoch: 20 | phase: train | loss: 0.5442 | accuracy: 0.7351 | mean f1-score: 0.7667 | weighted f1-score: 0.7325
The epoch: 20 | phase: val | loss: 1.0944 | accuracy: 0.6169 | mean f1-score: 0.6182 | weighted f1-score: 0.6561
The epoch: 20 | phase: test | loss: 0.6300 | accuracy: 0.7105 | mean f1-score: 0.6615 | weighted f1-score: 0.7127
Epoch 20 completed in 0m 2s
Epoch 21/149
----------
The epoch: 21 | phase: train | loss: 0.5504 | accuracy: 0.7313 | mean f1-score: 0.7622 | weighted f1-score: 0.7292
The epoch: 21 | phase: val | loss: 1.4768 | accuracy: 0.5165 | mean f1-score: 0.5655 | weighted f1-score: 0.5606
The epoch: 21 | phase: test | loss: 0.5777 | accuracy: 0.7502 | mean f1-score: 0.7292 | weighted f1-score: 0.7441
Epoch 21 completed in 0m 1s
Epoch 22/149
----------
The epoch: 22 | phase: train | loss: 0.5433 | accuracy: 0.7370 | mean f1-score: 0.7705 | weighted f1-score: 0.7348
The epoch: 22 | phase: val | loss: 1.2971 | accuracy: 0.5540 | mean f1-score: 0.5879 | weighted f1-score: 0.5971
The epoch: 22 | phase: test | loss: 0.5777 | accuracy: 0.7440 | mean f1-score: 0.7309 | weighted f1-score: 0.7441
Epoch 22 completed in 0m 1s
Epoch 23/149
----------
The epoch: 23 | phase: train | loss: 0.5401 | accuracy: 0.7409 | mean f1-score: 0.7765 | weighted f1-score: 0.7389
The epoch: 23 | phase: val | loss: 1.3028 | accuracy: 0.5664 | mean f1-score: 0.5890 | weighted f1-score: 0.6020
The epoch: 23 | phase: test | loss: 0.5855 | accuracy: 0.7512 | mean f1-score: 0.7054 | weighted f1-score: 0.7500
Epoch 23 completed in 0m 1s
Epoch 24/149
----------
The epoch: 24 | phase: train | loss: 0.5306 | accuracy: 0.7438 | mean f1-score: 0.7785 | weighted f1-score: 0.7420
The epoch: 24 | phase: val | loss: 1.4016 | accuracy: 0.5597 | mean f1-score: 0.5874 | weighted f1-score: 0.6013
The epoch: 24 | phase: test | loss: 0.5828 | accuracy: 0.7507 | mean f1-score: 0.7167 | weighted f1-score: 0.7482
Epoch 24 completed in 0m 2s
Epoch 25/149
----------
The epoch: 25 | phase: train | loss: 0.5278 | accuracy: 0.7464 | mean f1-score: 0.7854 | weighted f1-score: 0.7450
The epoch: 25 | phase: val | loss: 1.4416 | accuracy: 0.4870 | mean f1-score: 0.5335 | weighted f1-score: 0.5149
The epoch: 25 | phase: test | loss: 0.5984 | accuracy: 0.7464 | mean f1-score: 0.6842 | weighted f1-score: 0.7436
Epoch 25 completed in 0m 2s
Epoch 26/149
----------
The epoch: 26 | phase: train | loss: 0.5295 | accuracy: 0.7472 | mean f1-score: 0.7845 | weighted f1-score: 0.7456
The epoch: 26 | phase: val | loss: 1.2059 | accuracy: 0.6090 | mean f1-score: 0.6207 | weighted f1-score: 0.6443
The epoch: 26 | phase: test | loss: 0.5725 | accuracy: 0.7450 | mean f1-score: 0.7277 | weighted f1-score: 0.7458
Epoch 26 completed in 0m 2s
Epoch 27/149
----------
The epoch: 27 | phase: train | loss: 0.5223 | accuracy: 0.7481 | mean f1-score: 0.7878 | weighted f1-score: 0.7467
The epoch: 27 | phase: val | loss: 1.4083 | accuracy: 0.5633 | mean f1-score: 0.5946 | weighted f1-score: 0.6034
The epoch: 27 | phase: test | loss: 0.5681 | accuracy: 0.7522 | mean f1-score: 0.7456 | weighted f1-score: 0.7531
Epoch 27 completed in 0m 2s
Epoch 28/149
----------
The epoch: 28 | phase: train | loss: 0.5210 | accuracy: 0.7466 | mean f1-score: 0.7869 | weighted f1-score: 0.7452
The epoch: 28 | phase: val | loss: 1.3248 | accuracy: 0.5883 | mean f1-score: 0.6053 | weighted f1-score: 0.6282
The epoch: 28 | phase: test | loss: 0.5798 | accuracy: 0.7435 | mean f1-score: 0.7407 | weighted f1-score: 0.7383
Epoch 28 completed in 0m 2s
Epoch 29/149
----------
The epoch: 29 | phase: train | loss: 0.5207 | accuracy: 0.7511 | mean f1-score: 0.7936 | weighted f1-score: 0.7499
The epoch: 29 | phase: val | loss: 1.3892 | accuracy: 0.5768 | mean f1-score: 0.5823 | weighted f1-score: 0.6006
The epoch: 29 | phase: test | loss: 0.6241 | accuracy: 0.7378 | mean f1-score: 0.6895 | weighted f1-score: 0.7385
Epoch 29 completed in 0m 2s
Epoch 30/149
----------
The epoch: 30 | phase: train | loss: 0.5166 | accuracy: 0.7507 | mean f1-score: 0.7934 | weighted f1-score: 0.7495
The epoch: 30 | phase: val | loss: 1.3754 | accuracy: 0.5808 | mean f1-score: 0.5908 | weighted f1-score: 0.6123
The epoch: 30 | phase: test | loss: 0.6244 | accuracy: 0.7248 | mean f1-score: 0.6700 | weighted f1-score: 0.7265
Epoch 30 completed in 0m 2s
Epoch 31/149
----------
The epoch: 31 | phase: train | loss: 0.5176 | accuracy: 0.7510 | mean f1-score: 0.7938 | weighted f1-score: 0.7498
The epoch: 31 | phase: val | loss: 1.4290 | accuracy: 0.5495 | mean f1-score: 0.5686 | weighted f1-score: 0.5731
The epoch: 31 | phase: test | loss: 0.6017 | accuracy: 0.7407 | mean f1-score: 0.6890 | weighted f1-score: 0.7400
Epoch 31 completed in 0m 2s
Epoch 32/149
----------
The epoch: 32 | phase: train | loss: 0.5159 | accuracy: 0.7483 | mean f1-score: 0.7937 | weighted f1-score: 0.7471
The epoch: 32 | phase: val | loss: 1.2400 | accuracy: 0.6041 | mean f1-score: 0.6050 | weighted f1-score: 0.6345
The epoch: 32 | phase: test | loss: 0.6061 | accuracy: 0.7354 | mean f1-score: 0.6831 | weighted f1-score: 0.7368
Epoch 32 completed in 0m 2s
Epoch 33/149
----------
The epoch: 33 | phase: train | loss: 0.5066 | accuracy: 0.7570 | mean f1-score: 0.8044 | weighted f1-score: 0.7560
The epoch: 33 | phase: val | loss: 1.1771 | accuracy: 0.6387 | mean f1-score: 0.6290 | weighted f1-score: 0.6674
The epoch: 33 | phase: test | loss: 0.6077 | accuracy: 0.7421 | mean f1-score: 0.7128 | weighted f1-score: 0.7424
Epoch 33 completed in 0m 2s
Epoch 34/149
----------
The epoch: 34 | phase: train | loss: 0.5173 | accuracy: 0.7514 | mean f1-score: 0.7925 | weighted f1-score: 0.7501
The epoch: 34 | phase: val | loss: 1.6482 | accuracy: 0.5037 | mean f1-score: 0.5468 | weighted f1-score: 0.5357
The epoch: 34 | phase: test | loss: 0.6161 | accuracy: 0.7210 | mean f1-score: 0.6752 | weighted f1-score: 0.7242
Epoch 34 completed in 0m 2s
Epoch 35/149
----------
The epoch: 35 | phase: train | loss: 0.5124 | accuracy: 0.7503 | mean f1-score: 0.7952 | weighted f1-score: 0.7493
The epoch: 35 | phase: val | loss: 1.7033 | accuracy: 0.4941 | mean f1-score: 0.5150 | weighted f1-score: 0.5151
The epoch: 35 | phase: test | loss: 0.6258 | accuracy: 0.6989 | mean f1-score: 0.6720 | weighted f1-score: 0.6776
Epoch 35 completed in 0m 2s
Epoch 36/149
----------
The epoch: 36 | phase: train | loss: 0.5075 | accuracy: 0.7544 | mean f1-score: 0.7982 | weighted f1-score: 0.7532
The epoch: 36 | phase: val | loss: 1.2918 | accuracy: 0.5886 | mean f1-score: 0.5848 | weighted f1-score: 0.6163
The epoch: 36 | phase: test | loss: 0.6628 | accuracy: 0.7047 | mean f1-score: 0.6365 | weighted f1-score: 0.7058
Epoch 36 completed in 0m 2s
Epoch 37/149
----------
The epoch: 37 | phase: train | loss: 0.5031 | accuracy: 0.7568 | mean f1-score: 0.8044 | weighted f1-score: 0.7557
The epoch: 37 | phase: val | loss: 1.7431 | accuracy: 0.5167 | mean f1-score: 0.5511 | weighted f1-score: 0.5389
The epoch: 37 | phase: test | loss: 0.6007 | accuracy: 0.7498 | mean f1-score: 0.6899 | weighted f1-score: 0.7434
Epoch 37 completed in 0m 2s
Epoch 38/149
----------
The epoch: 38 | phase: train | loss: 0.5154 | accuracy: 0.7538 | mean f1-score: 0.7938 | weighted f1-score: 0.7526
The epoch: 38 | phase: val | loss: 1.5534 | accuracy: 0.5376 | mean f1-score: 0.5777 | weighted f1-score: 0.5784
The epoch: 38 | phase: test | loss: 0.5664 | accuracy: 0.7541 | mean f1-score: 0.7497 | weighted f1-score: 0.7525
Epoch 38 completed in 0m 2s
Epoch 39/149
----------
The epoch: 39 | phase: train | loss: 0.5000 | accuracy: 0.7609 | mean f1-score: 0.8113 | weighted f1-score: 0.7600
The epoch: 39 | phase: val | loss: 1.4242 | accuracy: 0.5609 | mean f1-score: 0.5850 | weighted f1-score: 0.5957
The epoch: 39 | phase: test | loss: 0.5700 | accuracy: 0.7574 | mean f1-score: 0.7463 | weighted f1-score: 0.7565
Epoch 39 completed in 0m 2s
Epoch 40/149
----------
The epoch: 40 | phase: train | loss: 0.4962 | accuracy: 0.7626 | mean f1-score: 0.8114 | weighted f1-score: 0.7615
The epoch: 40 | phase: val | loss: 1.3487 | accuracy: 0.5912 | mean f1-score: 0.5998 | weighted f1-score: 0.6209
The epoch: 40 | phase: test | loss: 0.5877 | accuracy: 0.7426 | mean f1-score: 0.7171 | weighted f1-score: 0.7435
Epoch 40 completed in 0m 2s
Epoch 41/149
----------
The epoch: 41 | phase: train | loss: 0.4983 | accuracy: 0.7612 | mean f1-score: 0.8085 | weighted f1-score: 0.7601
The epoch: 41 | phase: val | loss: 1.4465 | accuracy: 0.5617 | mean f1-score: 0.5831 | weighted f1-score: 0.5917
The epoch: 41 | phase: test | loss: 0.5861 | accuracy: 0.7512 | mean f1-score: 0.7235 | weighted f1-score: 0.7508
Epoch 41 completed in 0m 2s
Epoch 42/149
----------
The epoch: 42 | phase: train | loss: 0.4987 | accuracy: 0.7598 | mean f1-score: 0.8068 | weighted f1-score: 0.7589
The epoch: 42 | phase: val | loss: 1.5283 | accuracy: 0.5342 | mean f1-score: 0.5637 | weighted f1-score: 0.5616
The epoch: 42 | phase: test | loss: 0.6023 | accuracy: 0.7407 | mean f1-score: 0.6936 | weighted f1-score: 0.7389
Epoch 42 completed in 0m 2s
Epoch 43/149
----------
The epoch: 43 | phase: train | loss: 0.4958 | accuracy: 0.7600 | mean f1-score: 0.8078 | weighted f1-score: 0.7591
The epoch: 43 | phase: val | loss: 1.4705 | accuracy: 0.6129 | mean f1-score: 0.6206 | weighted f1-score: 0.6452
The epoch: 43 | phase: test | loss: 0.5939 | accuracy: 0.7383 | mean f1-score: 0.7122 | weighted f1-score: 0.7399
Epoch 43 completed in 0m 2s
Epoch 44/149
----------
The epoch: 44 | phase: train | loss: 0.5032 | accuracy: 0.7536 | mean f1-score: 0.8000 | weighted f1-score: 0.7530
The epoch: 44 | phase: val | loss: 1.4744 | accuracy: 0.5910 | mean f1-score: 0.5949 | weighted f1-score: 0.6130
The epoch: 44 | phase: test | loss: 0.6406 | accuracy: 0.7181 | mean f1-score: 0.6492 | weighted f1-score: 0.7199
Epoch 44 completed in 0m 2s
Epoch 45/149
----------
The epoch: 45 | phase: train | loss: 0.4941 | accuracy: 0.7595 | mean f1-score: 0.8121 | weighted f1-score: 0.7587
The epoch: 45 | phase: val | loss: 1.4717 | accuracy: 0.5755 | mean f1-score: 0.5942 | weighted f1-score: 0.6131
The epoch: 45 | phase: test | loss: 0.5943 | accuracy: 0.7402 | mean f1-score: 0.7106 | weighted f1-score: 0.7381
Epoch 45 completed in 0m 2s
Epoch 46/149
----------
The epoch: 46 | phase: train | loss: 0.4946 | accuracy: 0.7606 | mean f1-score: 0.8132 | weighted f1-score: 0.7594
The epoch: 46 | phase: val | loss: 1.5520 | accuracy: 0.5728 | mean f1-score: 0.6008 | weighted f1-score: 0.6170
The epoch: 46 | phase: test | loss: 0.5922 | accuracy: 0.7244 | mean f1-score: 0.7205 | weighted f1-score: 0.7255
Epoch 46 completed in 0m 2s
Epoch 47/149
----------
The epoch: 47 | phase: train | loss: 0.4856 | accuracy: 0.7657 | mean f1-score: 0.8192 | weighted f1-score: 0.7650
The epoch: 47 | phase: val | loss: 1.4328 | accuracy: 0.5784 | mean f1-score: 0.5849 | weighted f1-score: 0.5991
The epoch: 47 | phase: test | loss: 0.5887 | accuracy: 0.7426 | mean f1-score: 0.7120 | weighted f1-score: 0.7429
Epoch 47 completed in 0m 2s
Epoch 48/149
----------
The epoch: 48 | phase: train | loss: 0.4827 | accuracy: 0.7649 | mean f1-score: 0.8193 | weighted f1-score: 0.7645
The epoch: 48 | phase: val | loss: 1.7826 | accuracy: 0.5473 | mean f1-score: 0.5789 | weighted f1-score: 0.5816
The epoch: 48 | phase: test | loss: 0.5728 | accuracy: 0.7603 | mean f1-score: 0.7361 | weighted f1-score: 0.7568
Epoch 48 completed in 0m 2s
Epoch 49/149
----------
The epoch: 49 | phase: train | loss: 0.4943 | accuracy: 0.7571 | mean f1-score: 0.8079 | weighted f1-score: 0.7564
The epoch: 49 | phase: val | loss: 1.7471 | accuracy: 0.5241 | mean f1-score: 0.5504 | weighted f1-score: 0.5489
The epoch: 49 | phase: test | loss: 0.6204 | accuracy: 0.7287 | mean f1-score: 0.6784 | weighted f1-score: 0.7277
Epoch 49 completed in 0m 2s
Epoch 50/149
----------
The epoch: 50 | phase: train | loss: 0.4853 | accuracy: 0.7637 | mean f1-score: 0.8166 | weighted f1-score: 0.7629
The epoch: 50 | phase: val | loss: 1.8585 | accuracy: 0.5218 | mean f1-score: 0.5636 | weighted f1-score: 0.5571
The epoch: 50 | phase: test | loss: 0.5908 | accuracy: 0.7536 | mean f1-score: 0.7165 | weighted f1-score: 0.7501
Epoch 50 completed in 0m 2s
Epoch 51/149
----------
The epoch: 51 | phase: train | loss: 0.4823 | accuracy: 0.7631 | mean f1-score: 0.8182 | weighted f1-score: 0.7626
The epoch: 51 | phase: val | loss: 1.4406 | accuracy: 0.5901 | mean f1-score: 0.5994 | weighted f1-score: 0.6177
The epoch: 51 | phase: test | loss: 0.5928 | accuracy: 0.7445 | mean f1-score: 0.7147 | weighted f1-score: 0.7451
Epoch 51 completed in 0m 2s
Epoch 52/149
----------
The epoch: 52 | phase: train | loss: 0.4788 | accuracy: 0.7671 | mean f1-score: 0.8237 | weighted f1-score: 0.7667
The epoch: 52 | phase: val | loss: 1.6567 | accuracy: 0.5511 | mean f1-score: 0.5662 | weighted f1-score: 0.5742
The epoch: 52 | phase: test | loss: 0.6128 | accuracy: 0.7440 | mean f1-score: 0.7013 | weighted f1-score: 0.7444
Epoch 52 completed in 0m 2s
Epoch 53/149
----------
The epoch: 53 | phase: train | loss: 0.4793 | accuracy: 0.7674 | mean f1-score: 0.8234 | weighted f1-score: 0.7668
The epoch: 53 | phase: val | loss: 1.7600 | accuracy: 0.5449 | mean f1-score: 0.5779 | weighted f1-score: 0.5870
The epoch: 53 | phase: test | loss: 0.5590 | accuracy: 0.7641 | mean f1-score: 0.7658 | weighted f1-score: 0.7619
Epoch 53 completed in 0m 2s
Epoch 54/149
----------
The epoch: 54 | phase: train | loss: 0.4832 | accuracy: 0.7626 | mean f1-score: 0.8194 | weighted f1-score: 0.7617
The epoch: 54 | phase: val | loss: 1.4629 | accuracy: 0.6025 | mean f1-score: 0.6048 | weighted f1-score: 0.6311
The epoch: 54 | phase: test | loss: 0.6332 | accuracy: 0.7248 | mean f1-score: 0.6902 | weighted f1-score: 0.7266
Epoch 54 completed in 0m 2s
Epoch 55/149
----------
The epoch: 55 | phase: train | loss: 0.4865 | accuracy: 0.7614 | mean f1-score: 0.8178 | weighted f1-score: 0.7608
The epoch: 55 | phase: val | loss: 1.7373 | accuracy: 0.5460 | mean f1-score: 0.5866 | weighted f1-score: 0.5870
The epoch: 55 | phase: test | loss: 0.5647 | accuracy: 0.7584 | mean f1-score: 0.7638 | weighted f1-score: 0.7584
Epoch 55 completed in 0m 2s
Epoch 56/149
----------
The epoch: 56 | phase: train | loss: 0.4737 | accuracy: 0.7716 | mean f1-score: 0.8289 | weighted f1-score: 0.7711
The epoch: 56 | phase: val | loss: 2.0322 | accuracy: 0.5152 | mean f1-score: 0.5696 | weighted f1-score: 0.5556
The epoch: 56 | phase: test | loss: 0.5795 | accuracy: 0.7555 | mean f1-score: 0.7416 | weighted f1-score: 0.7545
Epoch 56 completed in 0m 2s
Epoch 57/149
----------
The epoch: 57 | phase: train | loss: 0.4811 | accuracy: 0.7668 | mean f1-score: 0.8206 | weighted f1-score: 0.7662
The epoch: 57 | phase: val | loss: 2.1449 | accuracy: 0.4910 | mean f1-score: 0.5533 | weighted f1-score: 0.5434
The epoch: 57 | phase: test | loss: 0.5642 | accuracy: 0.7589 | mean f1-score: 0.7640 | weighted f1-score: 0.7570
Epoch 57 completed in 0m 2s
Epoch 58/149
----------
The epoch: 58 | phase: train | loss: 0.4824 | accuracy: 0.7652 | mean f1-score: 0.8164 | weighted f1-score: 0.7646
The epoch: 58 | phase: val | loss: 1.5478 | accuracy: 0.5859 | mean f1-score: 0.5820 | weighted f1-score: 0.6039
The epoch: 58 | phase: test | loss: 0.6200 | accuracy: 0.7445 | mean f1-score: 0.7110 | weighted f1-score: 0.7435
Epoch 58 completed in 0m 2s
Epoch 59/149
----------
The epoch: 59 | phase: train | loss: 0.4746 | accuracy: 0.7674 | mean f1-score: 0.8229 | weighted f1-score: 0.7669
The epoch: 59 | phase: val | loss: 1.8886 | accuracy: 0.5198 | mean f1-score: 0.5480 | weighted f1-score: 0.5469
The epoch: 59 | phase: test | loss: 0.5837 | accuracy: 0.7550 | mean f1-score: 0.7276 | weighted f1-score: 0.7508
Epoch 59 completed in 0m 2s
Epoch 60/149
----------
The epoch: 60 | phase: train | loss: 0.4776 | accuracy: 0.7678 | mean f1-score: 0.8219 | weighted f1-score: 0.7670
The epoch: 60 | phase: val | loss: 1.8240 | accuracy: 0.5558 | mean f1-score: 0.5898 | weighted f1-score: 0.5982
The epoch: 60 | phase: test | loss: 0.5695 | accuracy: 0.7637 | mean f1-score: 0.7608 | weighted f1-score: 0.7616
Epoch 60 completed in 0m 2s
Epoch 61/149
----------
The epoch: 61 | phase: train | loss: 0.4739 | accuracy: 0.7685 | mean f1-score: 0.8250 | weighted f1-score: 0.7680
The epoch: 61 | phase: val | loss: 1.8082 | accuracy: 0.5626 | mean f1-score: 0.5939 | weighted f1-score: 0.6033
The epoch: 61 | phase: test | loss: 0.5917 | accuracy: 0.7373 | mean f1-score: 0.7381 | weighted f1-score: 0.7390
Epoch 61 completed in 0m 2s
Epoch 62/149
----------
The epoch: 62 | phase: train | loss: 0.4669 | accuracy: 0.7688 | mean f1-score: 0.8284 | weighted f1-score: 0.7683
The epoch: 62 | phase: val | loss: 1.8491 | accuracy: 0.5491 | mean f1-score: 0.5691 | weighted f1-score: 0.5747
The epoch: 62 | phase: test | loss: 0.5911 | accuracy: 0.7570 | mean f1-score: 0.7246 | weighted f1-score: 0.7549
Epoch 62 completed in 0m 2s
Epoch 63/149
----------
The epoch: 63 | phase: train | loss: 0.4673 | accuracy: 0.7760 | mean f1-score: 0.8339 | weighted f1-score: 0.7756
The epoch: 63 | phase: val | loss: 1.6724 | accuracy: 0.5664 | mean f1-score: 0.5836 | weighted f1-score: 0.5993
The epoch: 63 | phase: test | loss: 0.6199 | accuracy: 0.7085 | mean f1-score: 0.6957 | weighted f1-score: 0.7090
Epoch 63 completed in 0m 3s
Epoch 64/149
----------
The epoch: 64 | phase: train | loss: 0.4717 | accuracy: 0.7697 | mean f1-score: 0.8291 | weighted f1-score: 0.7693
The epoch: 64 | phase: val | loss: 2.0174 | accuracy: 0.5278 | mean f1-score: 0.5705 | weighted f1-score: 0.5695
The epoch: 64 | phase: test | loss: 0.5645 | accuracy: 0.7598 | mean f1-score: 0.7628 | weighted f1-score: 0.7581
Epoch 64 completed in 0m 2s
Epoch 65/149
----------
The epoch: 65 | phase: train | loss: 0.4707 | accuracy: 0.7682 | mean f1-score: 0.8278 | weighted f1-score: 0.7677
The epoch: 65 | phase: val | loss: 1.9807 | accuracy: 0.5285 | mean f1-score: 0.5578 | weighted f1-score: 0.5538
The epoch: 65 | phase: test | loss: 0.6412 | accuracy: 0.7253 | mean f1-score: 0.6657 | weighted f1-score: 0.7276
Epoch 65 completed in 0m 2s
Epoch 66/149
----------
The epoch: 66 | phase: train | loss: 0.4719 | accuracy: 0.7713 | mean f1-score: 0.8263 | weighted f1-score: 0.7710
The epoch: 66 | phase: val | loss: 1.8110 | accuracy: 0.5345 | mean f1-score: 0.5707 | weighted f1-score: 0.5735
The epoch: 66 | phase: test | loss: 0.5866 | accuracy: 0.7512 | mean f1-score: 0.7121 | weighted f1-score: 0.7496
Epoch 66 completed in 0m 2s
Epoch 67/149
----------
The epoch: 67 | phase: train | loss: 0.4653 | accuracy: 0.7717 | mean f1-score: 0.8320 | weighted f1-score: 0.7711
The epoch: 67 | phase: val | loss: 1.8445 | accuracy: 0.5451 | mean f1-score: 0.5762 | weighted f1-score: 0.5774
The epoch: 67 | phase: test | loss: 0.5598 | accuracy: 0.7637 | mean f1-score: 0.7602 | weighted f1-score: 0.7620
Epoch 67 completed in 0m 2s
Epoch 68/149
----------
The epoch: 68 | phase: train | loss: 0.4680 | accuracy: 0.7722 | mean f1-score: 0.8316 | weighted f1-score: 0.7717
The epoch: 68 | phase: val | loss: 1.9663 | accuracy: 0.5320 | mean f1-score: 0.5698 | weighted f1-score: 0.5713
The epoch: 68 | phase: test | loss: 0.5753 | accuracy: 0.7589 | mean f1-score: 0.7432 | weighted f1-score: 0.7579
Epoch 68 completed in 0m 2s
Epoch 69/149
----------
The epoch: 69 | phase: train | loss: 0.4604 | accuracy: 0.7726 | mean f1-score: 0.8339 | weighted f1-score: 0.7722
The epoch: 69 | phase: val | loss: 1.7813 | accuracy: 0.5573 | mean f1-score: 0.5739 | weighted f1-score: 0.5856
The epoch: 69 | phase: test | loss: 0.5787 | accuracy: 0.7613 | mean f1-score: 0.7427 | weighted f1-score: 0.7595
Epoch 69 completed in 0m 2s
Epoch 70/149
----------
The epoch: 70 | phase: train | loss: 0.4660 | accuracy: 0.7688 | mean f1-score: 0.8265 | weighted f1-score: 0.7683
The epoch: 70 | phase: val | loss: 1.8976 | accuracy: 0.5713 | mean f1-score: 0.5823 | weighted f1-score: 0.5918
The epoch: 70 | phase: test | loss: 0.5959 | accuracy: 0.7603 | mean f1-score: 0.7349 | weighted f1-score: 0.7572
Epoch 70 completed in 0m 2s
Epoch 71/149
----------
The epoch: 71 | phase: train | loss: 0.4594 | accuracy: 0.7776 | mean f1-score: 0.8366 | weighted f1-score: 0.7770
The epoch: 71 | phase: val | loss: 1.9189 | accuracy: 0.5347 | mean f1-score: 0.5762 | weighted f1-score: 0.5845
The epoch: 71 | phase: test | loss: 0.5616 | accuracy: 0.7646 | mean f1-score: 0.7749 | weighted f1-score: 0.7624
Epoch 71 completed in 0m 2s
Epoch 72/149
----------
The epoch: 72 | phase: train | loss: 0.4665 | accuracy: 0.7724 | mean f1-score: 0.8318 | weighted f1-score: 0.7719
The epoch: 72 | phase: val | loss: 1.6675 | accuracy: 0.5744 | mean f1-score: 0.5834 | weighted f1-score: 0.5929
The epoch: 72 | phase: test | loss: 0.5913 | accuracy: 0.7531 | mean f1-score: 0.7372 | weighted f1-score: 0.7528
Epoch 72 completed in 0m 2s
Epoch 73/149
----------
The epoch: 73 | phase: train | loss: 0.4654 | accuracy: 0.7739 | mean f1-score: 0.8330 | weighted f1-score: 0.7736
The epoch: 73 | phase: val | loss: 2.1944 | accuracy: 0.4955 | mean f1-score: 0.5512 | weighted f1-score: 0.5363
The epoch: 73 | phase: test | loss: 0.5822 | accuracy: 0.7641 | mean f1-score: 0.7481 | weighted f1-score: 0.7594
Epoch 73 completed in 0m 2s
Epoch 74/149
----------
The epoch: 74 | phase: train | loss: 0.4646 | accuracy: 0.7764 | mean f1-score: 0.8357 | weighted f1-score: 0.7758
The epoch: 74 | phase: val | loss: 1.5042 | accuracy: 0.6105 | mean f1-score: 0.6138 | weighted f1-score: 0.6380
The epoch: 74 | phase: test | loss: 0.6171 | accuracy: 0.7306 | mean f1-score: 0.6860 | weighted f1-score: 0.7325
Epoch 74 completed in 0m 2s
Epoch 75/149
----------
The epoch: 75 | phase: train | loss: 0.4620 | accuracy: 0.7716 | mean f1-score: 0.8340 | weighted f1-score: 0.7712
The epoch: 75 | phase: val | loss: 2.0239 | accuracy: 0.5393 | mean f1-score: 0.5763 | weighted f1-score: 0.5811
The epoch: 75 | phase: test | loss: 0.5744 | accuracy: 0.7622 | mean f1-score: 0.7545 | weighted f1-score: 0.7599
Epoch 75 completed in 0m 2s
Epoch 76/149
----------
The epoch: 76 | phase: train | loss: 0.4622 | accuracy: 0.7728 | mean f1-score: 0.8334 | weighted f1-score: 0.7723
The epoch: 76 | phase: val | loss: 1.9668 | accuracy: 0.5280 | mean f1-score: 0.5646 | weighted f1-score: 0.5615
The epoch: 76 | phase: test | loss: 0.5796 | accuracy: 0.7574 | mean f1-score: 0.7546 | weighted f1-score: 0.7554
Epoch 76 completed in 0m 2s
Epoch 77/149
----------
The epoch: 77 | phase: train | loss: 0.4584 | accuracy: 0.7772 | mean f1-score: 0.8393 | weighted f1-score: 0.7770
The epoch: 77 | phase: val | loss: 2.0680 | accuracy: 0.5139 | mean f1-score: 0.5598 | weighted f1-score: 0.5557
The epoch: 77 | phase: test | loss: 0.5768 | accuracy: 0.7589 | mean f1-score: 0.7549 | weighted f1-score: 0.7572
Epoch 77 completed in 0m 2s
Epoch 78/149
----------
The epoch: 78 | phase: train | loss: 0.4585 | accuracy: 0.7742 | mean f1-score: 0.8368 | weighted f1-score: 0.7739
The epoch: 78 | phase: val | loss: 1.9742 | accuracy: 0.5396 | mean f1-score: 0.5735 | weighted f1-score: 0.5758
The epoch: 78 | phase: test | loss: 0.5804 | accuracy: 0.7584 | mean f1-score: 0.7311 | weighted f1-score: 0.7562
Epoch 78 completed in 0m 2s
Epoch 79/149
----------
The epoch: 79 | phase: train | loss: 0.4499 | accuracy: 0.7762 | mean f1-score: 0.8391 | weighted f1-score: 0.7759
The epoch: 79 | phase: val | loss: 2.3209 | accuracy: 0.5012 | mean f1-score: 0.5456 | weighted f1-score: 0.5351
The epoch: 79 | phase: test | loss: 0.5965 | accuracy: 0.7474 | mean f1-score: 0.7096 | weighted f1-score: 0.7464
Epoch 79 completed in 0m 1s
Epoch 80/149
----------
The epoch: 80 | phase: train | loss: 0.4590 | accuracy: 0.7732 | mean f1-score: 0.8345 | weighted f1-score: 0.7728
The epoch: 80 | phase: val | loss: 1.8846 | accuracy: 0.5513 | mean f1-score: 0.5847 | weighted f1-score: 0.5911
The epoch: 80 | phase: test | loss: 0.5697 | accuracy: 0.7574 | mean f1-score: 0.7511 | weighted f1-score: 0.7566
Epoch 80 completed in 0m 1s
Epoch 81/149
----------
The epoch: 81 | phase: train | loss: 0.4505 | accuracy: 0.7766 | mean f1-score: 0.8442 | weighted f1-score: 0.7763
The epoch: 81 | phase: val | loss: 1.7137 | accuracy: 0.6094 | mean f1-score: 0.6075 | weighted f1-score: 0.6332
The epoch: 81 | phase: test | loss: 0.6499 | accuracy: 0.7301 | mean f1-score: 0.6890 | weighted f1-score: 0.7319
Epoch 81 completed in 0m 1s
Epoch 82/149
----------
The epoch: 82 | phase: train | loss: 0.4529 | accuracy: 0.7792 | mean f1-score: 0.8444 | weighted f1-score: 0.7789
The epoch: 82 | phase: val | loss: 1.9506 | accuracy: 0.5429 | mean f1-score: 0.5832 | weighted f1-score: 0.5888
The epoch: 82 | phase: test | loss: 0.5703 | accuracy: 0.7498 | mean f1-score: 0.7582 | weighted f1-score: 0.7484
Epoch 82 completed in 0m 2s
Epoch 83/149
----------
The epoch: 83 | phase: train | loss: 0.4508 | accuracy: 0.7789 | mean f1-score: 0.8442 | weighted f1-score: 0.7787
The epoch: 83 | phase: val | loss: 1.8960 | accuracy: 0.5507 | mean f1-score: 0.5800 | weighted f1-score: 0.5865
The epoch: 83 | phase: test | loss: 0.6102 | accuracy: 0.7359 | mean f1-score: 0.6998 | weighted f1-score: 0.7374
Epoch 83 completed in 0m 2s
Epoch 84/149
----------
The epoch: 84 | phase: train | loss: 0.4506 | accuracy: 0.7779 | mean f1-score: 0.8407 | weighted f1-score: 0.7776
The epoch: 84 | phase: val | loss: 1.9060 | accuracy: 0.5451 | mean f1-score: 0.5733 | weighted f1-score: 0.5800
The epoch: 84 | phase: test | loss: 0.5709 | accuracy: 0.7608 | mean f1-score: 0.7486 | weighted f1-score: 0.7587
Epoch 84 completed in 0m 2s
Epoch 85/149
----------
The epoch: 85 | phase: train | loss: 0.4482 | accuracy: 0.7823 | mean f1-score: 0.8446 | weighted f1-score: 0.7819
The epoch: 85 | phase: val | loss: 1.8489 | accuracy: 0.5693 | mean f1-score: 0.5810 | weighted f1-score: 0.5959
The epoch: 85 | phase: test | loss: 0.5909 | accuracy: 0.7541 | mean f1-score: 0.7301 | weighted f1-score: 0.7522
Epoch 85 completed in 0m 5s
Epoch 86/149
----------
The epoch: 86 | phase: train | loss: 0.4520 | accuracy: 0.7733 | mean f1-score: 0.8380 | weighted f1-score: 0.7729
The epoch: 86 | phase: val | loss: 2.0510 | accuracy: 0.5482 | mean f1-score: 0.5857 | weighted f1-score: 0.5935
The epoch: 86 | phase: test | loss: 0.5685 | accuracy: 0.7536 | mean f1-score: 0.7597 | weighted f1-score: 0.7536
Epoch 86 completed in 0m 2s
Epoch 87/149
----------
The epoch: 87 | phase: train | loss: 0.4540 | accuracy: 0.7740 | mean f1-score: 0.8386 | weighted f1-score: 0.7737
The epoch: 87 | phase: val | loss: 2.0396 | accuracy: 0.5389 | mean f1-score: 0.5770 | weighted f1-score: 0.5795
The epoch: 87 | phase: test | loss: 0.5929 | accuracy: 0.7478 | mean f1-score: 0.7080 | weighted f1-score: 0.7478
Epoch 87 completed in 0m 2s
Epoch 88/149
----------
The epoch: 88 | phase: train | loss: 0.4486 | accuracy: 0.7812 | mean f1-score: 0.8444 | weighted f1-score: 0.7809
The epoch: 88 | phase: val | loss: 2.2140 | accuracy: 0.5305 | mean f1-score: 0.5751 | weighted f1-score: 0.5761
The epoch: 88 | phase: test | loss: 0.5775 | accuracy: 0.7589 | mean f1-score: 0.7558 | weighted f1-score: 0.7572
Epoch 88 completed in 0m 2s
Epoch 89/149
----------
The epoch: 89 | phase: train | loss: 0.4480 | accuracy: 0.7769 | mean f1-score: 0.8425 | weighted f1-score: 0.7766
The epoch: 89 | phase: val | loss: 1.8922 | accuracy: 0.5544 | mean f1-score: 0.5850 | weighted f1-score: 0.5927
The epoch: 89 | phase: test | loss: 0.5795 | accuracy: 0.7498 | mean f1-score: 0.7274 | weighted f1-score: 0.7508
Epoch 89 completed in 0m 2s
Epoch 90/149
----------
The epoch: 90 | phase: train | loss: 0.4470 | accuracy: 0.7813 | mean f1-score: 0.8471 | weighted f1-score: 0.7811
The epoch: 90 | phase: val | loss: 1.9847 | accuracy: 0.5533 | mean f1-score: 0.5815 | weighted f1-score: 0.6000
The epoch: 90 | phase: test | loss: 0.5735 | accuracy: 0.7550 | mean f1-score: 0.7473 | weighted f1-score: 0.7518
Epoch 90 completed in 0m 2s
Epoch 91/149
----------
The epoch: 91 | phase: train | loss: 0.4481 | accuracy: 0.7798 | mean f1-score: 0.8425 | weighted f1-score: 0.7794
The epoch: 91 | phase: val | loss: 1.8319 | accuracy: 0.5917 | mean f1-score: 0.5962 | weighted f1-score: 0.6147
The epoch: 91 | phase: test | loss: 0.5820 | accuracy: 0.7579 | mean f1-score: 0.7472 | weighted f1-score: 0.7564
Epoch 91 completed in 0m 2s
Epoch 92/149
----------
The epoch: 92 | phase: train | loss: 0.4440 | accuracy: 0.7833 | mean f1-score: 0.8466 | weighted f1-score: 0.7830
The epoch: 92 | phase: val | loss: 1.7595 | accuracy: 0.5804 | mean f1-score: 0.5903 | weighted f1-score: 0.6083
The epoch: 92 | phase: test | loss: 0.6453 | accuracy: 0.7229 | mean f1-score: 0.6764 | weighted f1-score: 0.7252
Epoch 92 completed in 0m 2s
Epoch 93/149
----------
The epoch: 93 | phase: train | loss: 0.4455 | accuracy: 0.7816 | mean f1-score: 0.8428 | weighted f1-score: 0.7813
The epoch: 93 | phase: val | loss: 2.0326 | accuracy: 0.5502 | mean f1-score: 0.5843 | weighted f1-score: 0.5944
The epoch: 93 | phase: test | loss: 0.5651 | accuracy: 0.7641 | mean f1-score: 0.7729 | weighted f1-score: 0.7629
Epoch 93 completed in 0m 2s
Epoch 94/149
----------
The epoch: 94 | phase: train | loss: 0.4439 | accuracy: 0.7822 | mean f1-score: 0.8505 | weighted f1-score: 0.7821
The epoch: 94 | phase: val | loss: 1.9667 | accuracy: 0.5274 | mean f1-score: 0.5581 | weighted f1-score: 0.5580
The epoch: 94 | phase: test | loss: 0.5950 | accuracy: 0.7555 | mean f1-score: 0.7282 | weighted f1-score: 0.7545
Epoch 94 completed in 0m 2s
Epoch 95/149
----------
The epoch: 95 | phase: train | loss: 0.4392 | accuracy: 0.7814 | mean f1-score: 0.8486 | weighted f1-score: 0.7810
The epoch: 95 | phase: val | loss: 2.1659 | accuracy: 0.5400 | mean f1-score: 0.5789 | weighted f1-score: 0.5763
The epoch: 95 | phase: test | loss: 0.5830 | accuracy: 0.7502 | mean f1-score: 0.7524 | weighted f1-score: 0.7510
Epoch 95 completed in 0m 2s
Epoch 96/149
----------
The epoch: 96 | phase: train | loss: 0.4411 | accuracy: 0.7831 | mean f1-score: 0.8509 | weighted f1-score: 0.7830
The epoch: 96 | phase: val | loss: 2.0792 | accuracy: 0.5526 | mean f1-score: 0.5836 | weighted f1-score: 0.5898
The epoch: 96 | phase: test | loss: 0.5893 | accuracy: 0.7522 | mean f1-score: 0.7353 | weighted f1-score: 0.7515
Epoch 96 completed in 0m 3s
Epoch 97/149
----------
The epoch: 97 | phase: train | loss: 0.4395 | accuracy: 0.7839 | mean f1-score: 0.8525 | weighted f1-score: 0.7838
The epoch: 97 | phase: val | loss: 1.9564 | accuracy: 0.5597 | mean f1-score: 0.5701 | weighted f1-score: 0.5824
The epoch: 97 | phase: test | loss: 0.6217 | accuracy: 0.7469 | mean f1-score: 0.7149 | weighted f1-score: 0.7471
Epoch 97 completed in 0m 2s
Epoch 98/149
----------
The epoch: 98 | phase: train | loss: 0.4434 | accuracy: 0.7797 | mean f1-score: 0.8496 | weighted f1-score: 0.7794
The epoch: 98 | phase: val | loss: 2.0798 | accuracy: 0.5476 | mean f1-score: 0.5695 | weighted f1-score: 0.5768
The epoch: 98 | phase: test | loss: 0.6181 | accuracy: 0.7378 | mean f1-score: 0.7246 | weighted f1-score: 0.7368
Epoch 98 completed in 0m 2s
Epoch 99/149
----------
The epoch: 99 | phase: train | loss: 0.4465 | accuracy: 0.7810 | mean f1-score: 0.8468 | weighted f1-score: 0.7809
The epoch: 99 | phase: val | loss: 1.9561 | accuracy: 0.5500 | mean f1-score: 0.5810 | weighted f1-score: 0.5935
The epoch: 99 | phase: test | loss: 0.5719 | accuracy: 0.7579 | mean f1-score: 0.7449 | weighted f1-score: 0.7565
Epoch 99 completed in 0m 2s
Epoch 100/149
----------
The epoch: 100 | phase: train | loss: 0.4388 | accuracy: 0.7840 | mean f1-score: 0.8500 | weighted f1-score: 0.7838
The epoch: 100 | phase: val | loss: 2.1104 | accuracy: 0.5258 | mean f1-score: 0.5633 | weighted f1-score: 0.5636
The epoch: 100 | phase: test | loss: 0.5893 | accuracy: 0.7574 | mean f1-score: 0.7313 | weighted f1-score: 0.7574
Epoch 100 completed in 0m 2s
Epoch 101/149
----------
The epoch: 101 | phase: train | loss: 0.4369 | accuracy: 0.7835 | mean f1-score: 0.8533 | weighted f1-score: 0.7834
The epoch: 101 | phase: val | loss: 1.9273 | accuracy: 0.5686 | mean f1-score: 0.5790 | weighted f1-score: 0.5928
The epoch: 101 | phase: test | loss: 0.6270 | accuracy: 0.7498 | mean f1-score: 0.7136 | weighted f1-score: 0.7495
Epoch 101 completed in 0m 2s
Epoch 102/149
----------
The epoch: 102 | phase: train | loss: 0.4328 | accuracy: 0.7865 | mean f1-score: 0.8576 | weighted f1-score: 0.7862
The epoch: 102 | phase: val | loss: 2.0382 | accuracy: 0.5484 | mean f1-score: 0.5772 | weighted f1-score: 0.5855
The epoch: 102 | phase: test | loss: 0.5887 | accuracy: 0.7555 | mean f1-score: 0.7302 | weighted f1-score: 0.7545
Epoch 102 completed in 0m 2s
Epoch 103/149
----------
The epoch: 103 | phase: train | loss: 0.4329 | accuracy: 0.7821 | mean f1-score: 0.8528 | weighted f1-score: 0.7818
The epoch: 103 | phase: val | loss: 2.1124 | accuracy: 0.5473 | mean f1-score: 0.5667 | weighted f1-score: 0.5732
The epoch: 103 | phase: test | loss: 0.6058 | accuracy: 0.7507 | mean f1-score: 0.7183 | weighted f1-score: 0.7502
Epoch 103 completed in 0m 2s
Epoch 104/149
----------
The epoch: 104 | phase: train | loss: 0.4321 | accuracy: 0.7863 | mean f1-score: 0.8565 | weighted f1-score: 0.7861
The epoch: 104 | phase: val | loss: 2.1252 | accuracy: 0.5405 | mean f1-score: 0.5715 | weighted f1-score: 0.5760
The epoch: 104 | phase: test | loss: 0.6130 | accuracy: 0.7430 | mean f1-score: 0.7082 | weighted f1-score: 0.7435
Epoch 104 completed in 0m 2s
Epoch 105/149
----------
The epoch: 105 | phase: train | loss: 0.4286 | accuracy: 0.7861 | mean f1-score: 0.8588 | weighted f1-score: 0.7859
The epoch: 105 | phase: val | loss: 2.0294 | accuracy: 0.5686 | mean f1-score: 0.5873 | weighted f1-score: 0.5977
The epoch: 105 | phase: test | loss: 0.5774 | accuracy: 0.7593 | mean f1-score: 0.7548 | weighted f1-score: 0.7587
Epoch 105 completed in 0m 3s
Epoch 106/149
----------
The epoch: 106 | phase: train | loss: 0.4327 | accuracy: 0.7853 | mean f1-score: 0.8544 | weighted f1-score: 0.7851
The epoch: 106 | phase: val | loss: 1.9291 | accuracy: 0.5985 | mean f1-score: 0.6088 | weighted f1-score: 0.6290
The epoch: 106 | phase: test | loss: 0.6146 | accuracy: 0.7435 | mean f1-score: 0.7246 | weighted f1-score: 0.7454
Epoch 106 completed in 0m 2s
Epoch 107/149
----------
The epoch: 107 | phase: train | loss: 0.4360 | accuracy: 0.7836 | mean f1-score: 0.8508 | weighted f1-score: 0.7833
The epoch: 107 | phase: val | loss: 2.4913 | accuracy: 0.5192 | mean f1-score: 0.5585 | weighted f1-score: 0.5500
The epoch: 107 | phase: test | loss: 0.6127 | accuracy: 0.7560 | mean f1-score: 0.7253 | weighted f1-score: 0.7533
Epoch 107 completed in 0m 2s
Epoch 108/149
----------
The epoch: 108 | phase: train | loss: 0.4339 | accuracy: 0.7846 | mean f1-score: 0.8510 | weighted f1-score: 0.7843
The epoch: 108 | phase: val | loss: 2.0674 | accuracy: 0.5631 | mean f1-score: 0.5958 | weighted f1-score: 0.6067
The epoch: 108 | phase: test | loss: 0.5772 | accuracy: 0.7584 | mean f1-score: 0.7644 | weighted f1-score: 0.7588
Epoch 108 completed in 0m 2s
Epoch 109/149
----------
The epoch: 109 | phase: train | loss: 0.4289 | accuracy: 0.7864 | mean f1-score: 0.8554 | weighted f1-score: 0.7860
The epoch: 109 | phase: val | loss: 1.9802 | accuracy: 0.5914 | mean f1-score: 0.5972 | weighted f1-score: 0.6106
The epoch: 109 | phase: test | loss: 0.6093 | accuracy: 0.7450 | mean f1-score: 0.7283 | weighted f1-score: 0.7459
Epoch 109 completed in 0m 2s
Epoch 110/149
----------
The epoch: 110 | phase: train | loss: 0.4316 | accuracy: 0.7893 | mean f1-score: 0.8578 | weighted f1-score: 0.7891
The epoch: 110 | phase: val | loss: 2.2824 | accuracy: 0.5338 | mean f1-score: 0.5722 | weighted f1-score: 0.5765
The epoch: 110 | phase: test | loss: 0.5830 | accuracy: 0.7651 | mean f1-score: 0.7657 | weighted f1-score: 0.7627
Epoch 110 completed in 0m 2s
Epoch 111/149
----------
The epoch: 111 | phase: train | loss: 0.4297 | accuracy: 0.7846 | mean f1-score: 0.8551 | weighted f1-score: 0.7843
The epoch: 111 | phase: val | loss: 2.0862 | accuracy: 0.5493 | mean f1-score: 0.5801 | weighted f1-score: 0.5836
The epoch: 111 | phase: test | loss: 0.6151 | accuracy: 0.7354 | mean f1-score: 0.7029 | weighted f1-score: 0.7382
Epoch 111 completed in 0m 2s
Epoch 112/149
----------
The epoch: 112 | phase: train | loss: 0.4305 | accuracy: 0.7864 | mean f1-score: 0.8548 | weighted f1-score: 0.7862
The epoch: 112 | phase: val | loss: 2.3219 | accuracy: 0.5130 | mean f1-score: 0.5553 | weighted f1-score: 0.5549
The epoch: 112 | phase: test | loss: 0.5829 | accuracy: 0.7617 | mean f1-score: 0.7560 | weighted f1-score: 0.7600
Epoch 112 completed in 0m 2s
Epoch 113/149
----------
The epoch: 113 | phase: train | loss: 0.4309 | accuracy: 0.7898 | mean f1-score: 0.8593 | weighted f1-score: 0.7897
The epoch: 113 | phase: val | loss: 2.2364 | accuracy: 0.5509 | mean f1-score: 0.5733 | weighted f1-score: 0.5765
The epoch: 113 | phase: test | loss: 0.5960 | accuracy: 0.7536 | mean f1-score: 0.7334 | weighted f1-score: 0.7531
Epoch 113 completed in 0m 2s
Epoch 114/149
----------
The epoch: 114 | phase: train | loss: 0.4246 | accuracy: 0.7902 | mean f1-score: 0.8601 | weighted f1-score: 0.7900
The epoch: 114 | phase: val | loss: 2.4301 | accuracy: 0.5187 | mean f1-score: 0.5578 | weighted f1-score: 0.5527
The epoch: 114 | phase: test | loss: 0.5731 | accuracy: 0.7570 | mean f1-score: 0.7530 | weighted f1-score: 0.7560
Epoch 114 completed in 0m 2s
Epoch 115/149
----------
The epoch: 115 | phase: train | loss: 0.4275 | accuracy: 0.7866 | mean f1-score: 0.8556 | weighted f1-score: 0.7864
The epoch: 115 | phase: val | loss: 2.1463 | accuracy: 0.5444 | mean f1-score: 0.5721 | weighted f1-score: 0.5777
The epoch: 115 | phase: test | loss: 0.5684 | accuracy: 0.7622 | mean f1-score: 0.7600 | weighted f1-score: 0.7608
Epoch 115 completed in 0m 2s
Epoch 116/149
----------
The epoch: 116 | phase: train | loss: 0.4275 | accuracy: 0.7904 | mean f1-score: 0.8573 | weighted f1-score: 0.7900
The epoch: 116 | phase: val | loss: 2.2959 | accuracy: 0.5334 | mean f1-score: 0.5744 | weighted f1-score: 0.5777
The epoch: 116 | phase: test | loss: 0.5837 | accuracy: 0.7536 | mean f1-score: 0.7433 | weighted f1-score: 0.7550
Epoch 116 completed in 0m 2s
Epoch 117/149
----------
The epoch: 117 | phase: train | loss: 0.4272 | accuracy: 0.7898 | mean f1-score: 0.8599 | weighted f1-score: 0.7895
The epoch: 117 | phase: val | loss: 2.3395 | accuracy: 0.5433 | mean f1-score: 0.5745 | weighted f1-score: 0.5843
The epoch: 117 | phase: test | loss: 0.5810 | accuracy: 0.7589 | mean f1-score: 0.7431 | weighted f1-score: 0.7580
Epoch 117 completed in 0m 2s
Epoch 118/149
----------
The epoch: 118 | phase: train | loss: 0.4288 | accuracy: 0.7871 | mean f1-score: 0.8588 | weighted f1-score: 0.7869
The epoch: 118 | phase: val | loss: 2.3071 | accuracy: 0.5447 | mean f1-score: 0.5771 | weighted f1-score: 0.5822
The epoch: 118 | phase: test | loss: 0.6031 | accuracy: 0.7502 | mean f1-score: 0.7339 | weighted f1-score: 0.7512
Epoch 118 completed in 0m 2s
Epoch 119/149
----------
The epoch: 119 | phase: train | loss: 0.4291 | accuracy: 0.7879 | mean f1-score: 0.8571 | weighted f1-score: 0.7876
The epoch: 119 | phase: val | loss: 2.1205 | accuracy: 0.5631 | mean f1-score: 0.5799 | weighted f1-score: 0.5887
The epoch: 119 | phase: test | loss: 0.5947 | accuracy: 0.7584 | mean f1-score: 0.7470 | weighted f1-score: 0.7574
Epoch 119 completed in 0m 2s
Epoch 120/149
----------
The epoch: 120 | phase: train | loss: 0.4250 | accuracy: 0.7894 | mean f1-score: 0.8604 | weighted f1-score: 0.7892
The epoch: 120 | phase: val | loss: 2.2335 | accuracy: 0.5234 | mean f1-score: 0.5549 | weighted f1-score: 0.5557
The epoch: 120 | phase: test | loss: 0.5836 | accuracy: 0.7584 | mean f1-score: 0.7453 | weighted f1-score: 0.7574
Epoch 120 completed in 0m 2s
Epoch 121/149
----------
The epoch: 121 | phase: train | loss: 0.4284 | accuracy: 0.7859 | mean f1-score: 0.8540 | weighted f1-score: 0.7855
The epoch: 121 | phase: val | loss: 2.3453 | accuracy: 0.5478 | mean f1-score: 0.5831 | weighted f1-score: 0.5892
The epoch: 121 | phase: test | loss: 0.5793 | accuracy: 0.7608 | mean f1-score: 0.7610 | weighted f1-score: 0.7611
Epoch 121 completed in 0m 2s
Epoch 122/149
----------
The epoch: 122 | phase: train | loss: 0.4347 | accuracy: 0.7868 | mean f1-score: 0.8565 | weighted f1-score: 0.7866
The epoch: 122 | phase: val | loss: 2.2542 | accuracy: 0.5367 | mean f1-score: 0.5747 | weighted f1-score: 0.5792
The epoch: 122 | phase: test | loss: 0.5879 | accuracy: 0.7589 | mean f1-score: 0.7424 | weighted f1-score: 0.7578
Epoch 122 completed in 0m 2s
Epoch 123/149
----------
The epoch: 123 | phase: train | loss: 0.4294 | accuracy: 0.7866 | mean f1-score: 0.8580 | weighted f1-score: 0.7861
The epoch: 123 | phase: val | loss: 2.3521 | accuracy: 0.5088 | mean f1-score: 0.5503 | weighted f1-score: 0.5424
The epoch: 123 | phase: test | loss: 0.5859 | accuracy: 0.7555 | mean f1-score: 0.7371 | weighted f1-score: 0.7539
Epoch 123 completed in 0m 2s
Epoch 124/149
----------
The epoch: 124 | phase: train | loss: 0.4224 | accuracy: 0.7905 | mean f1-score: 0.8610 | weighted f1-score: 0.7903
The epoch: 124 | phase: val | loss: 2.2894 | accuracy: 0.5161 | mean f1-score: 0.5566 | weighted f1-score: 0.5585
The epoch: 124 | phase: test | loss: 0.5850 | accuracy: 0.7522 | mean f1-score: 0.7373 | weighted f1-score: 0.7527
Epoch 124 completed in 0m 3s
Epoch 125/149
----------
The epoch: 125 | phase: train | loss: 0.4213 | accuracy: 0.7921 | mean f1-score: 0.8614 | weighted f1-score: 0.7920
The epoch: 125 | phase: val | loss: 2.2011 | accuracy: 0.5713 | mean f1-score: 0.5915 | weighted f1-score: 0.6037
The epoch: 125 | phase: test | loss: 0.5792 | accuracy: 0.7613 | mean f1-score: 0.7738 | weighted f1-score: 0.7604
Epoch 125 completed in 0m 2s
Epoch 126/149
----------
The epoch: 126 | phase: train | loss: 0.4278 | accuracy: 0.7898 | mean f1-score: 0.8583 | weighted f1-score: 0.7896
The epoch: 126 | phase: val | loss: 2.3154 | accuracy: 0.5460 | mean f1-score: 0.5711 | weighted f1-score: 0.5779
The epoch: 126 | phase: test | loss: 0.5749 | accuracy: 0.7646 | mean f1-score: 0.7649 | weighted f1-score: 0.7624
Epoch 126 completed in 0m 2s
Epoch 127/149
----------
The epoch: 127 | phase: train | loss: 0.4203 | accuracy: 0.7904 | mean f1-score: 0.8608 | weighted f1-score: 0.7901
The epoch: 127 | phase: val | loss: 2.2328 | accuracy: 0.5551 | mean f1-score: 0.5835 | weighted f1-score: 0.5891
The epoch: 127 | phase: test | loss: 0.5908 | accuracy: 0.7498 | mean f1-score: 0.7329 | weighted f1-score: 0.7495
Epoch 127 completed in 0m 2s
Epoch 128/149
----------
The epoch: 128 | phase: train | loss: 0.4205 | accuracy: 0.7907 | mean f1-score: 0.8636 | weighted f1-score: 0.7906
The epoch: 128 | phase: val | loss: 2.3306 | accuracy: 0.5460 | mean f1-score: 0.5709 | weighted f1-score: 0.5813
The epoch: 128 | phase: test | loss: 0.5871 | accuracy: 0.7641 | mean f1-score: 0.7595 | weighted f1-score: 0.7622
Epoch 128 completed in 0m 2s
Epoch 129/149
----------
The epoch: 129 | phase: train | loss: 0.4193 | accuracy: 0.7916 | mean f1-score: 0.8621 | weighted f1-score: 0.7914
The epoch: 129 | phase: val | loss: 2.3361 | accuracy: 0.5170 | mean f1-score: 0.5607 | weighted f1-score: 0.5609
The epoch: 129 | phase: test | loss: 0.5650 | accuracy: 0.7665 | mean f1-score: 0.7723 | weighted f1-score: 0.7657
Epoch 129 completed in 0m 2s
Epoch 130/149
----------
The epoch: 130 | phase: train | loss: 0.4189 | accuracy: 0.7916 | mean f1-score: 0.8630 | weighted f1-score: 0.7914
The epoch: 130 | phase: val | loss: 2.2445 | accuracy: 0.5637 | mean f1-score: 0.5876 | weighted f1-score: 0.5999
The epoch: 130 | phase: test | loss: 0.5818 | accuracy: 0.7589 | mean f1-score: 0.7564 | weighted f1-score: 0.7588
Epoch 130 completed in 0m 2s
Epoch 131/149
----------
The epoch: 131 | phase: train | loss: 0.4179 | accuracy: 0.7908 | mean f1-score: 0.8636 | weighted f1-score: 0.7907
The epoch: 131 | phase: val | loss: 2.3920 | accuracy: 0.5280 | mean f1-score: 0.5649 | weighted f1-score: 0.5677
The epoch: 131 | phase: test | loss: 0.5693 | accuracy: 0.7627 | mean f1-score: 0.7549 | weighted f1-score: 0.7612
Epoch 131 completed in 0m 2s
Epoch 132/149
----------
The epoch: 132 | phase: train | loss: 0.4243 | accuracy: 0.7894 | mean f1-score: 0.8615 | weighted f1-score: 0.7892
The epoch: 132 | phase: val | loss: 2.1698 | accuracy: 0.5382 | mean f1-score: 0.5628 | weighted f1-score: 0.5747
The epoch: 132 | phase: test | loss: 0.6029 | accuracy: 0.7440 | mean f1-score: 0.7326 | weighted f1-score: 0.7402
Epoch 132 completed in 0m 3s
Epoch 133/149
----------
The epoch: 133 | phase: train | loss: 0.4246 | accuracy: 0.7904 | mean f1-score: 0.8654 | weighted f1-score: 0.7899
The epoch: 133 | phase: val | loss: 2.1090 | accuracy: 0.5881 | mean f1-score: 0.5904 | weighted f1-score: 0.6044
The epoch: 133 | phase: test | loss: 0.6441 | accuracy: 0.7325 | mean f1-score: 0.6954 | weighted f1-score: 0.7337
Epoch 133 completed in 0m 2s
Epoch 134/149
----------
The epoch: 134 | phase: train | loss: 0.4205 | accuracy: 0.7895 | mean f1-score: 0.8630 | weighted f1-score: 0.7895
The epoch: 134 | phase: val | loss: 2.2296 | accuracy: 0.5515 | mean f1-score: 0.5777 | weighted f1-score: 0.5851
The epoch: 134 | phase: test | loss: 0.5733 | accuracy: 0.7613 | mean f1-score: 0.7545 | weighted f1-score: 0.7600
Epoch 134 completed in 0m 2s
Epoch 135/149
----------
The epoch: 135 | phase: train | loss: 0.4160 | accuracy: 0.7912 | mean f1-score: 0.8651 | weighted f1-score: 0.7910
The epoch: 135 | phase: val | loss: 2.3437 | accuracy: 0.5586 | mean f1-score: 0.5828 | weighted f1-score: 0.5894
The epoch: 135 | phase: test | loss: 0.5920 | accuracy: 0.7598 | mean f1-score: 0.7531 | weighted f1-score: 0.7584
Epoch 135 completed in 0m 2s
Epoch 136/149
----------
The epoch: 136 | phase: train | loss: 0.4177 | accuracy: 0.7928 | mean f1-score: 0.8691 | weighted f1-score: 0.7928
The epoch: 136 | phase: val | loss: 1.9613 | accuracy: 0.5932 | mean f1-score: 0.6104 | weighted f1-score: 0.6284
The epoch: 136 | phase: test | loss: 0.5906 | accuracy: 0.7464 | mean f1-score: 0.7465 | weighted f1-score: 0.7477
Epoch 136 completed in 0m 2s
Epoch 137/149
----------
The epoch: 137 | phase: train | loss: 0.4154 | accuracy: 0.7918 | mean f1-score: 0.8649 | weighted f1-score: 0.7917
The epoch: 137 | phase: val | loss: 2.0132 | accuracy: 0.5877 | mean f1-score: 0.5966 | weighted f1-score: 0.6145
The epoch: 137 | phase: test | loss: 0.6142 | accuracy: 0.7474 | mean f1-score: 0.7209 | weighted f1-score: 0.7485
Epoch 137 completed in 0m 2s
Epoch 138/149
----------
The epoch: 138 | phase: train | loss: 0.4119 | accuracy: 0.7955 | mean f1-score: 0.8685 | weighted f1-score: 0.7952
The epoch: 138 | phase: val | loss: 2.5355 | accuracy: 0.5223 | mean f1-score: 0.5655 | weighted f1-score: 0.5657
The epoch: 138 | phase: test | loss: 0.5926 | accuracy: 0.7526 | mean f1-score: 0.7477 | weighted f1-score: 0.7528
Epoch 138 completed in 0m 2s
Epoch 139/149
----------
The epoch: 139 | phase: train | loss: 0.4178 | accuracy: 0.7920 | mean f1-score: 0.8644 | weighted f1-score: 0.7919
The epoch: 139 | phase: val | loss: 2.2934 | accuracy: 0.5391 | mean f1-score: 0.5615 | weighted f1-score: 0.5657
The epoch: 139 | phase: test | loss: 0.6322 | accuracy: 0.7502 | mean f1-score: 0.7174 | weighted f1-score: 0.7492
Epoch 139 completed in 0m 2s
Epoch 140/149
----------
The epoch: 140 | phase: train | loss: 0.4192 | accuracy: 0.7933 | mean f1-score: 0.8678 | weighted f1-score: 0.7932
The epoch: 140 | phase: val | loss: 2.4436 | accuracy: 0.5338 | mean f1-score: 0.5628 | weighted f1-score: 0.5657
The epoch: 140 | phase: test | loss: 0.5857 | accuracy: 0.7617 | mean f1-score: 0.7518 | weighted f1-score: 0.7601
Epoch 140 completed in 0m 2s
Epoch 141/149
----------
The epoch: 141 | phase: train | loss: 0.4141 | accuracy: 0.7951 | mean f1-score: 0.8686 | weighted f1-score: 0.7950
The epoch: 141 | phase: val | loss: 2.2821 | accuracy: 0.5471 | mean f1-score: 0.5810 | weighted f1-score: 0.5883
The epoch: 141 | phase: test | loss: 0.5766 | accuracy: 0.7593 | mean f1-score: 0.7605 | weighted f1-score: 0.7594
Epoch 141 completed in 0m 3s
Epoch 142/149
----------
The epoch: 142 | phase: train | loss: 0.4150 | accuracy: 0.7946 | mean f1-score: 0.8690 | weighted f1-score: 0.7945
The epoch: 142 | phase: val | loss: 2.5580 | accuracy: 0.5294 | mean f1-score: 0.5667 | weighted f1-score: 0.5685
The epoch: 142 | phase: test | loss: 0.5732 | accuracy: 0.7646 | mean f1-score: 0.7667 | weighted f1-score: 0.7634
Epoch 142 completed in 0m 2s
Epoch 143/149
----------
The epoch: 143 | phase: train | loss: 0.4171 | accuracy: 0.7928 | mean f1-score: 0.8645 | weighted f1-score: 0.7927
The epoch: 143 | phase: val | loss: 2.3683 | accuracy: 0.5535 | mean f1-score: 0.5795 | weighted f1-score: 0.5854
The epoch: 143 | phase: test | loss: 0.5857 | accuracy: 0.7555 | mean f1-score: 0.7493 | weighted f1-score: 0.7556
Epoch 143 completed in 0m 2s
Epoch 144/149
----------
The epoch: 144 | phase: train | loss: 0.4145 | accuracy: 0.7956 | mean f1-score: 0.8700 | weighted f1-score: 0.7955
The epoch: 144 | phase: val | loss: 2.2266 | accuracy: 0.5613 | mean f1-score: 0.5838 | weighted f1-score: 0.5944
The epoch: 144 | phase: test | loss: 0.6001 | accuracy: 0.7483 | mean f1-score: 0.7364 | weighted f1-score: 0.7498
Epoch 144 completed in 0m 2s
Epoch 145/149
----------
The epoch: 145 | phase: train | loss: 0.4173 | accuracy: 0.7932 | mean f1-score: 0.8656 | weighted f1-score: 0.7931
The epoch: 145 | phase: val | loss: 2.4873 | accuracy: 0.5338 | mean f1-score: 0.5642 | weighted f1-score: 0.5676
The epoch: 145 | phase: test | loss: 0.5874 | accuracy: 0.7546 | mean f1-score: 0.7645 | weighted f1-score: 0.7531
Epoch 145 completed in 0m 3s
Epoch 146/149
----------
The epoch: 146 | phase: train | loss: 0.4154 | accuracy: 0.7918 | mean f1-score: 0.8655 | weighted f1-score: 0.7918
The epoch: 146 | phase: val | loss: 2.7382 | accuracy: 0.5045 | mean f1-score: 0.5595 | weighted f1-score: 0.5547
The epoch: 146 | phase: test | loss: 0.5794 | accuracy: 0.7570 | mean f1-score: 0.7611 | weighted f1-score: 0.7560
Epoch 146 completed in 0m 2s
Epoch 147/149
----------
The epoch: 147 | phase: train | loss: 0.4154 | accuracy: 0.7948 | mean f1-score: 0.8687 | weighted f1-score: 0.7946
The epoch: 147 | phase: val | loss: 2.5163 | accuracy: 0.5467 | mean f1-score: 0.5739 | weighted f1-score: 0.5774
The epoch: 147 | phase: test | loss: 0.5889 | accuracy: 0.7536 | mean f1-score: 0.7551 | weighted f1-score: 0.7528
Epoch 147 completed in 0m 2s
Epoch 148/149
----------
The epoch: 148 | phase: train | loss: 0.4097 | accuracy: 0.7941 | mean f1-score: 0.8692 | weighted f1-score: 0.7941
The epoch: 148 | phase: val | loss: 2.3123 | accuracy: 0.5604 | mean f1-score: 0.5816 | weighted f1-score: 0.5914
The epoch: 148 | phase: test | loss: 0.6563 | accuracy: 0.7320 | mean f1-score: 0.7026 | weighted f1-score: 0.7346
Epoch 148 completed in 0m 3s
Epoch 149/149
----------
The epoch: 149 | phase: train | loss: 0.4125 | accuracy: 0.7990 | mean f1-score: 0.8707 | weighted f1-score: 0.7989
The epoch: 149 | phase: val | loss: 2.4456 | accuracy: 0.5336 | mean f1-score: 0.5671 | weighted f1-score: 0.5690
The epoch: 149 | phase: test | loss: 0.5953 | accuracy: 0.7517 | mean f1-score: 0.7421 | weighted f1-score: 0.7522
Epoch 149 completed in 0m 2s
The best epoch is 33
Phase: train, loss: 0.5066463907827635, accuracy: 0.7569689040958035, f1_score: 0.8043913612869839, f1_score weighted: 0.7559500218305868 {'train': [], 'val': [], 'test': []}
Phase: val, loss: 1.1771055977139973, accuracy: 0.6386610507647972, f1_score: 0.6289704165856679, f1_score weighted: 0.6673849226219235 {'train': [], 'val': [], 'test': []}
Phase: test, loss: 0.6077096154225753, accuracy: 0.7420901246404602, f1_score: 0.7128219617099756, f1_score weighted: 0.7424246567281788 {'train': [], 'val': [], 'test': []}
------ Evaluation complete! ------
