Namespace(window=50, overlap=25, batch_size=64, learning_rate=0.0005, num_epochs=150, gpu_id='0', dataset='motionsense', kernel_size=3, num_steps_prediction=28, classifier_lr=0.0005, classifier_batch_size=256, saved_model='/workspaces/betania.silva/ssl_tools/contrastive-predictive-coding-for-har/models/May-11-2024/realworld_waist_k_28_lr_0.0005_bs_64.pkl', learning_schedule='last_layer', random_seed=42, input_size=6, num_classes=7, root_dir='/workspaces/betania.silva/view_concatenated', data_file='motionsense', device=device(type='cuda', index=0), padding=1)
Data Raw (401179, 6)
Data (16046, 50, 6)
Labels (16046,)
Data Raw (46525, 6)
Data (1860, 50, 6)
Labels (1860,)
Data Raw (117585, 6)
Data (4702, 50, 6)
Labels (4702,)
The batch size for train phase is: 256
The batch size for val phase is: 256
The batch size for test phase is: 256
Loading the pre-trained weights
Epoch 0/149
----------
The epoch: 0 | phase: train | loss: 0.9132 | accuracy: 0.6862 | mean f1-score: 0.5310 | weighted f1-score: 0.6725
The epoch: 0 | phase: val | loss: 0.8139 | accuracy: 0.6849 | mean f1-score: 0.6413 | weighted f1-score: 0.6867
The epoch: 0 | phase: test | loss: 0.6123 | accuracy: 0.8069 | mean f1-score: 0.7829 | weighted f1-score: 0.8080
Epoch 0 completed in 0m 3s
Epoch 1/149
----------
The epoch: 1 | phase: train | loss: 0.4757 | accuracy: 0.8464 | mean f1-score: 0.8304 | weighted f1-score: 0.8443
The epoch: 1 | phase: val | loss: 0.7441 | accuracy: 0.7457 | mean f1-score: 0.7090 | weighted f1-score: 0.7471
The epoch: 1 | phase: test | loss: 0.4281 | accuracy: 0.8630 | mean f1-score: 0.8449 | weighted f1-score: 0.8619
Epoch 1 completed in 0m 2s
Epoch 2/149
----------
The epoch: 2 | phase: train | loss: 0.3572 | accuracy: 0.8812 | mean f1-score: 0.8717 | weighted f1-score: 0.8804
The epoch: 2 | phase: val | loss: 0.8449 | accuracy: 0.7296 | mean f1-score: 0.7032 | weighted f1-score: 0.7359
The epoch: 2 | phase: test | loss: 0.3929 | accuracy: 0.8628 | mean f1-score: 0.8454 | weighted f1-score: 0.8641
Epoch 2 completed in 0m 2s
Epoch 3/149
----------
The epoch: 3 | phase: train | loss: 0.3064 | accuracy: 0.8962 | mean f1-score: 0.8883 | weighted f1-score: 0.8957
The epoch: 3 | phase: val | loss: 0.8193 | accuracy: 0.7258 | mean f1-score: 0.7048 | weighted f1-score: 0.7376
The epoch: 3 | phase: test | loss: 0.3499 | accuracy: 0.8758 | mean f1-score: 0.8545 | weighted f1-score: 0.8766
Epoch 3 completed in 0m 2s
Epoch 4/149
----------
The epoch: 4 | phase: train | loss: 0.2675 | accuracy: 0.9117 | mean f1-score: 0.9046 | weighted f1-score: 0.9113
The epoch: 4 | phase: val | loss: 0.8840 | accuracy: 0.7403 | mean f1-score: 0.7061 | weighted f1-score: 0.7394
The epoch: 4 | phase: test | loss: 0.4101 | accuracy: 0.8477 | mean f1-score: 0.8261 | weighted f1-score: 0.8482
Epoch 4 completed in 0m 2s
Epoch 5/149
----------
The epoch: 5 | phase: train | loss: 0.2463 | accuracy: 0.9167 | mean f1-score: 0.9107 | weighted f1-score: 0.9165
The epoch: 5 | phase: val | loss: 0.9054 | accuracy: 0.7323 | mean f1-score: 0.6971 | weighted f1-score: 0.7329
The epoch: 5 | phase: test | loss: 0.4036 | accuracy: 0.8488 | mean f1-score: 0.8266 | weighted f1-score: 0.8495
Epoch 5 completed in 0m 2s
Epoch 6/149
----------
The epoch: 6 | phase: train | loss: 0.2243 | accuracy: 0.9249 | mean f1-score: 0.9189 | weighted f1-score: 0.9247
The epoch: 6 | phase: val | loss: 1.0886 | accuracy: 0.7048 | mean f1-score: 0.6630 | weighted f1-score: 0.6922
The epoch: 6 | phase: test | loss: 0.4818 | accuracy: 0.8182 | mean f1-score: 0.7943 | weighted f1-score: 0.8182
Epoch 6 completed in 0m 2s
Epoch 7/149
----------
The epoch: 7 | phase: train | loss: 0.2077 | accuracy: 0.9284 | mean f1-score: 0.9241 | weighted f1-score: 0.9282
The epoch: 7 | phase: val | loss: 0.8147 | accuracy: 0.7505 | mean f1-score: 0.7183 | weighted f1-score: 0.7568
The epoch: 7 | phase: test | loss: 0.3327 | accuracy: 0.8805 | mean f1-score: 0.8521 | weighted f1-score: 0.8775
Epoch 7 completed in 0m 2s
Epoch 8/149
----------
The epoch: 8 | phase: train | loss: 0.1995 | accuracy: 0.9325 | mean f1-score: 0.9288 | weighted f1-score: 0.9324
The epoch: 8 | phase: val | loss: 0.8729 | accuracy: 0.7403 | mean f1-score: 0.7012 | weighted f1-score: 0.7446
The epoch: 8 | phase: test | loss: 0.3544 | accuracy: 0.8707 | mean f1-score: 0.8478 | weighted f1-score: 0.8711
Epoch 8 completed in 0m 2s
Epoch 9/149
----------
The epoch: 9 | phase: train | loss: 0.1870 | accuracy: 0.9359 | mean f1-score: 0.9308 | weighted f1-score: 0.9358
The epoch: 9 | phase: val | loss: 0.8852 | accuracy: 0.7516 | mean f1-score: 0.7150 | weighted f1-score: 0.7517
The epoch: 9 | phase: test | loss: 0.3449 | accuracy: 0.8711 | mean f1-score: 0.8476 | weighted f1-score: 0.8705
Epoch 9 completed in 0m 2s
Epoch 10/149
----------
The epoch: 10 | phase: train | loss: 0.1740 | accuracy: 0.9382 | mean f1-score: 0.9349 | weighted f1-score: 0.9381
The epoch: 10 | phase: val | loss: 1.0131 | accuracy: 0.7312 | mean f1-score: 0.7056 | weighted f1-score: 0.7408
The epoch: 10 | phase: test | loss: 0.3442 | accuracy: 0.8722 | mean f1-score: 0.8495 | weighted f1-score: 0.8724
Epoch 10 completed in 0m 2s
Epoch 11/149
----------
The epoch: 11 | phase: train | loss: 0.1677 | accuracy: 0.9409 | mean f1-score: 0.9385 | weighted f1-score: 0.9409
The epoch: 11 | phase: val | loss: 1.0210 | accuracy: 0.7296 | mean f1-score: 0.6932 | weighted f1-score: 0.7289
The epoch: 11 | phase: test | loss: 0.3646 | accuracy: 0.8671 | mean f1-score: 0.8428 | weighted f1-score: 0.8660
Epoch 11 completed in 0m 2s
Epoch 12/149
----------
The epoch: 12 | phase: train | loss: 0.1559 | accuracy: 0.9458 | mean f1-score: 0.9435 | weighted f1-score: 0.9458
The epoch: 12 | phase: val | loss: 0.9567 | accuracy: 0.7495 | mean f1-score: 0.7047 | weighted f1-score: 0.7505
The epoch: 12 | phase: test | loss: 0.3502 | accuracy: 0.8769 | mean f1-score: 0.8514 | weighted f1-score: 0.8764
Epoch 12 completed in 0m 2s
Epoch 13/149
----------
The epoch: 13 | phase: train | loss: 0.1465 | accuracy: 0.9483 | mean f1-score: 0.9467 | weighted f1-score: 0.9483
The epoch: 13 | phase: val | loss: 0.9645 | accuracy: 0.7328 | mean f1-score: 0.7031 | weighted f1-score: 0.7420
The epoch: 13 | phase: test | loss: 0.3356 | accuracy: 0.8883 | mean f1-score: 0.8667 | weighted f1-score: 0.8886
Epoch 13 completed in 0m 2s
Epoch 14/149
----------
The epoch: 14 | phase: train | loss: 0.1456 | accuracy: 0.9475 | mean f1-score: 0.9476 | weighted f1-score: 0.9475
The epoch: 14 | phase: val | loss: 1.3569 | accuracy: 0.7005 | mean f1-score: 0.6611 | weighted f1-score: 0.6910
The epoch: 14 | phase: test | loss: 0.5084 | accuracy: 0.8233 | mean f1-score: 0.7910 | weighted f1-score: 0.8248
Epoch 14 completed in 0m 2s
Epoch 15/149
----------
The epoch: 15 | phase: train | loss: 0.1349 | accuracy: 0.9533 | mean f1-score: 0.9527 | weighted f1-score: 0.9533
The epoch: 15 | phase: val | loss: 1.0603 | accuracy: 0.7258 | mean f1-score: 0.6962 | weighted f1-score: 0.7346
The epoch: 15 | phase: test | loss: 0.3727 | accuracy: 0.8696 | mean f1-score: 0.8428 | weighted f1-score: 0.8711
Epoch 15 completed in 0m 2s
Epoch 16/149
----------
The epoch: 16 | phase: train | loss: 0.1289 | accuracy: 0.9556 | mean f1-score: 0.9562 | weighted f1-score: 0.9556
The epoch: 16 | phase: val | loss: 0.8963 | accuracy: 0.7688 | mean f1-score: 0.7248 | weighted f1-score: 0.7700
The epoch: 16 | phase: test | loss: 0.3225 | accuracy: 0.8934 | mean f1-score: 0.8679 | weighted f1-score: 0.8908
Epoch 16 completed in 0m 2s
Epoch 17/149
----------
The epoch: 17 | phase: train | loss: 0.1228 | accuracy: 0.9566 | mean f1-score: 0.9567 | weighted f1-score: 0.9566
The epoch: 17 | phase: val | loss: 1.0657 | accuracy: 0.7435 | mean f1-score: 0.7089 | weighted f1-score: 0.7474
The epoch: 17 | phase: test | loss: 0.3794 | accuracy: 0.8690 | mean f1-score: 0.8476 | weighted f1-score: 0.8712
Epoch 17 completed in 0m 2s
Epoch 18/149
----------
The epoch: 18 | phase: train | loss: 0.1141 | accuracy: 0.9625 | mean f1-score: 0.9623 | weighted f1-score: 0.9625
The epoch: 18 | phase: val | loss: 1.2366 | accuracy: 0.7274 | mean f1-score: 0.6836 | weighted f1-score: 0.7192
The epoch: 18 | phase: test | loss: 0.4526 | accuracy: 0.8441 | mean f1-score: 0.8273 | weighted f1-score: 0.8475
Epoch 18 completed in 0m 2s
Epoch 19/149
----------
The epoch: 19 | phase: train | loss: 0.1114 | accuracy: 0.9616 | mean f1-score: 0.9618 | weighted f1-score: 0.9616
The epoch: 19 | phase: val | loss: 1.3368 | accuracy: 0.7194 | mean f1-score: 0.6916 | weighted f1-score: 0.7179
The epoch: 19 | phase: test | loss: 0.5520 | accuracy: 0.8154 | mean f1-score: 0.7963 | weighted f1-score: 0.8192
Epoch 19 completed in 0m 2s
Epoch 20/149
----------
The epoch: 20 | phase: train | loss: 0.1140 | accuracy: 0.9581 | mean f1-score: 0.9594 | weighted f1-score: 0.9580
The epoch: 20 | phase: val | loss: 1.4811 | accuracy: 0.7108 | mean f1-score: 0.6924 | weighted f1-score: 0.7147
The epoch: 20 | phase: test | loss: 0.4999 | accuracy: 0.8356 | mean f1-score: 0.8192 | weighted f1-score: 0.8402
Epoch 20 completed in 0m 2s
Epoch 21/149
----------
The epoch: 21 | phase: train | loss: 0.1125 | accuracy: 0.9587 | mean f1-score: 0.9601 | weighted f1-score: 0.9586
The epoch: 21 | phase: val | loss: 1.0737 | accuracy: 0.7328 | mean f1-score: 0.7047 | weighted f1-score: 0.7425
The epoch: 21 | phase: test | loss: 0.3847 | accuracy: 0.8771 | mean f1-score: 0.8494 | weighted f1-score: 0.8777
Epoch 21 completed in 0m 2s
Epoch 22/149
----------
The epoch: 22 | phase: train | loss: 0.1024 | accuracy: 0.9628 | mean f1-score: 0.9646 | weighted f1-score: 0.9628
The epoch: 22 | phase: val | loss: 1.1477 | accuracy: 0.7376 | mean f1-score: 0.6991 | weighted f1-score: 0.7362
The epoch: 22 | phase: test | loss: 0.3937 | accuracy: 0.8662 | mean f1-score: 0.8462 | weighted f1-score: 0.8683
Epoch 22 completed in 0m 2s
Epoch 23/149
----------
The epoch: 23 | phase: train | loss: 0.0981 | accuracy: 0.9640 | mean f1-score: 0.9645 | weighted f1-score: 0.9640
The epoch: 23 | phase: val | loss: 1.1703 | accuracy: 0.7210 | mean f1-score: 0.6962 | weighted f1-score: 0.7315
The epoch: 23 | phase: test | loss: 0.3580 | accuracy: 0.8835 | mean f1-score: 0.8612 | weighted f1-score: 0.8853
Epoch 23 completed in 0m 2s
Epoch 24/149
----------
The epoch: 24 | phase: train | loss: 0.0924 | accuracy: 0.9672 | mean f1-score: 0.9682 | weighted f1-score: 0.9672
The epoch: 24 | phase: val | loss: 1.0401 | accuracy: 0.7613 | mean f1-score: 0.7239 | weighted f1-score: 0.7629
The epoch: 24 | phase: test | loss: 0.3681 | accuracy: 0.8839 | mean f1-score: 0.8579 | weighted f1-score: 0.8832
Epoch 24 completed in 0m 2s
Epoch 25/149
----------
The epoch: 25 | phase: train | loss: 0.0907 | accuracy: 0.9675 | mean f1-score: 0.9692 | weighted f1-score: 0.9675
The epoch: 25 | phase: val | loss: 1.1796 | accuracy: 0.7532 | mean f1-score: 0.7126 | weighted f1-score: 0.7504
The epoch: 25 | phase: test | loss: 0.3775 | accuracy: 0.8837 | mean f1-score: 0.8561 | weighted f1-score: 0.8829
Epoch 25 completed in 0m 2s
Epoch 26/149
----------
The epoch: 26 | phase: train | loss: 0.0862 | accuracy: 0.9705 | mean f1-score: 0.9723 | weighted f1-score: 0.9705
The epoch: 26 | phase: val | loss: 1.1495 | accuracy: 0.7312 | mean f1-score: 0.6989 | weighted f1-score: 0.7393
The epoch: 26 | phase: test | loss: 0.3975 | accuracy: 0.8830 | mean f1-score: 0.8554 | weighted f1-score: 0.8832
Epoch 26 completed in 0m 2s
Epoch 27/149
----------
The epoch: 27 | phase: train | loss: 0.0829 | accuracy: 0.9710 | mean f1-score: 0.9728 | weighted f1-score: 0.9710
The epoch: 27 | phase: val | loss: 1.3317 | accuracy: 0.7194 | mean f1-score: 0.6958 | weighted f1-score: 0.7273
The epoch: 27 | phase: test | loss: 0.3992 | accuracy: 0.8760 | mean f1-score: 0.8550 | weighted f1-score: 0.8783
Epoch 27 completed in 0m 2s
Epoch 28/149
----------
The epoch: 28 | phase: train | loss: 0.0796 | accuracy: 0.9715 | mean f1-score: 0.9735 | weighted f1-score: 0.9714
The epoch: 28 | phase: val | loss: 1.2427 | accuracy: 0.7296 | mean f1-score: 0.6941 | weighted f1-score: 0.7344
The epoch: 28 | phase: test | loss: 0.4080 | accuracy: 0.8739 | mean f1-score: 0.8513 | weighted f1-score: 0.8751
Epoch 28 completed in 0m 2s
Epoch 29/149
----------
The epoch: 29 | phase: train | loss: 0.0791 | accuracy: 0.9725 | mean f1-score: 0.9744 | weighted f1-score: 0.9725
The epoch: 29 | phase: val | loss: 1.1433 | accuracy: 0.7387 | mean f1-score: 0.7150 | weighted f1-score: 0.7498
The epoch: 29 | phase: test | loss: 0.4051 | accuracy: 0.8749 | mean f1-score: 0.8489 | weighted f1-score: 0.8753
Epoch 29 completed in 0m 2s
Epoch 30/149
----------
The epoch: 30 | phase: train | loss: 0.0708 | accuracy: 0.9750 | mean f1-score: 0.9770 | weighted f1-score: 0.9750
The epoch: 30 | phase: val | loss: 1.2186 | accuracy: 0.7306 | mean f1-score: 0.7051 | weighted f1-score: 0.7403
The epoch: 30 | phase: test | loss: 0.3833 | accuracy: 0.8801 | mean f1-score: 0.8555 | weighted f1-score: 0.8812
Epoch 30 completed in 0m 2s
Epoch 31/149
----------
The epoch: 31 | phase: train | loss: 0.0747 | accuracy: 0.9724 | mean f1-score: 0.9739 | weighted f1-score: 0.9724
The epoch: 31 | phase: val | loss: 1.3815 | accuracy: 0.7231 | mean f1-score: 0.6920 | weighted f1-score: 0.7251
The epoch: 31 | phase: test | loss: 0.4082 | accuracy: 0.8726 | mean f1-score: 0.8493 | weighted f1-score: 0.8743
Epoch 31 completed in 0m 2s
Epoch 32/149
----------
The epoch: 32 | phase: train | loss: 0.0743 | accuracy: 0.9737 | mean f1-score: 0.9759 | weighted f1-score: 0.9737
The epoch: 32 | phase: val | loss: 1.2919 | accuracy: 0.7328 | mean f1-score: 0.6905 | weighted f1-score: 0.7275
The epoch: 32 | phase: test | loss: 0.4051 | accuracy: 0.8747 | mean f1-score: 0.8521 | weighted f1-score: 0.8758
Epoch 32 completed in 0m 2s
Epoch 33/149
----------
The epoch: 33 | phase: train | loss: 0.0722 | accuracy: 0.9746 | mean f1-score: 0.9772 | weighted f1-score: 0.9746
The epoch: 33 | phase: val | loss: 1.1618 | accuracy: 0.7505 | mean f1-score: 0.7233 | weighted f1-score: 0.7636
The epoch: 33 | phase: test | loss: 0.3795 | accuracy: 0.8888 | mean f1-score: 0.8642 | weighted f1-score: 0.8893
Epoch 33 completed in 0m 2s
Epoch 34/149
----------
The epoch: 34 | phase: train | loss: 0.0672 | accuracy: 0.9774 | mean f1-score: 0.9797 | weighted f1-score: 0.9774
The epoch: 34 | phase: val | loss: 1.1770 | accuracy: 0.7581 | mean f1-score: 0.7226 | weighted f1-score: 0.7644
The epoch: 34 | phase: test | loss: 0.3931 | accuracy: 0.8849 | mean f1-score: 0.8600 | weighted f1-score: 0.8852
Epoch 34 completed in 0m 2s
Epoch 35/149
----------
The epoch: 35 | phase: train | loss: 0.0661 | accuracy: 0.9766 | mean f1-score: 0.9788 | weighted f1-score: 0.9766
The epoch: 35 | phase: val | loss: 1.0436 | accuracy: 0.7554 | mean f1-score: 0.7165 | weighted f1-score: 0.7599
The epoch: 35 | phase: test | loss: 0.3869 | accuracy: 0.8879 | mean f1-score: 0.8658 | weighted f1-score: 0.8875
Epoch 35 completed in 0m 2s
Epoch 36/149
----------
The epoch: 36 | phase: train | loss: 0.0678 | accuracy: 0.9762 | mean f1-score: 0.9781 | weighted f1-score: 0.9762
The epoch: 36 | phase: val | loss: 1.2847 | accuracy: 0.7280 | mean f1-score: 0.6948 | weighted f1-score: 0.7283
The epoch: 36 | phase: test | loss: 0.4436 | accuracy: 0.8696 | mean f1-score: 0.8478 | weighted f1-score: 0.8700
Epoch 36 completed in 0m 2s
Epoch 37/149
----------
The epoch: 37 | phase: train | loss: 0.0638 | accuracy: 0.9768 | mean f1-score: 0.9789 | weighted f1-score: 0.9768
The epoch: 37 | phase: val | loss: 1.1975 | accuracy: 0.7484 | mean f1-score: 0.7173 | weighted f1-score: 0.7560
The epoch: 37 | phase: test | loss: 0.3911 | accuracy: 0.8841 | mean f1-score: 0.8626 | weighted f1-score: 0.8853
Epoch 37 completed in 0m 2s
Epoch 38/149
----------
The epoch: 38 | phase: train | loss: 0.0640 | accuracy: 0.9776 | mean f1-score: 0.9794 | weighted f1-score: 0.9776
The epoch: 38 | phase: val | loss: 1.1249 | accuracy: 0.7548 | mean f1-score: 0.7157 | weighted f1-score: 0.7572
The epoch: 38 | phase: test | loss: 0.3724 | accuracy: 0.8915 | mean f1-score: 0.8705 | weighted f1-score: 0.8914
Epoch 38 completed in 0m 2s
Epoch 39/149
----------
The epoch: 39 | phase: train | loss: 0.0629 | accuracy: 0.9769 | mean f1-score: 0.9790 | weighted f1-score: 0.9769
The epoch: 39 | phase: val | loss: 1.3720 | accuracy: 0.7220 | mean f1-score: 0.6910 | weighted f1-score: 0.7295
The epoch: 39 | phase: test | loss: 0.4378 | accuracy: 0.8779 | mean f1-score: 0.8514 | weighted f1-score: 0.8788
Epoch 39 completed in 0m 2s
Epoch 40/149
----------
The epoch: 40 | phase: train | loss: 0.0576 | accuracy: 0.9792 | mean f1-score: 0.9817 | weighted f1-score: 0.9792
The epoch: 40 | phase: val | loss: 1.3213 | accuracy: 0.7398 | mean f1-score: 0.7017 | weighted f1-score: 0.7400
The epoch: 40 | phase: test | loss: 0.4505 | accuracy: 0.8705 | mean f1-score: 0.8500 | weighted f1-score: 0.8727
Epoch 40 completed in 0m 2s
Epoch 41/149
----------
The epoch: 41 | phase: train | loss: 0.0620 | accuracy: 0.9783 | mean f1-score: 0.9806 | weighted f1-score: 0.9782
The epoch: 41 | phase: val | loss: 1.3272 | accuracy: 0.7344 | mean f1-score: 0.6982 | weighted f1-score: 0.7395
The epoch: 41 | phase: test | loss: 0.4207 | accuracy: 0.8828 | mean f1-score: 0.8585 | weighted f1-score: 0.8827
Epoch 41 completed in 0m 2s
Epoch 42/149
----------
The epoch: 42 | phase: train | loss: 0.0586 | accuracy: 0.9793 | mean f1-score: 0.9812 | weighted f1-score: 0.9793
The epoch: 42 | phase: val | loss: 1.4288 | accuracy: 0.7242 | mean f1-score: 0.6949 | weighted f1-score: 0.7273
The epoch: 42 | phase: test | loss: 0.4200 | accuracy: 0.8809 | mean f1-score: 0.8567 | weighted f1-score: 0.8819
Epoch 42 completed in 0m 2s
Epoch 43/149
----------
The epoch: 43 | phase: train | loss: 0.0603 | accuracy: 0.9793 | mean f1-score: 0.9811 | weighted f1-score: 0.9793
The epoch: 43 | phase: val | loss: 1.0877 | accuracy: 0.7710 | mean f1-score: 0.7293 | weighted f1-score: 0.7745
The epoch: 43 | phase: test | loss: 0.4022 | accuracy: 0.8949 | mean f1-score: 0.8702 | weighted f1-score: 0.8929
Epoch 43 completed in 0m 2s
Epoch 44/149
----------
The epoch: 44 | phase: train | loss: 0.0635 | accuracy: 0.9763 | mean f1-score: 0.9778 | weighted f1-score: 0.9763
The epoch: 44 | phase: val | loss: 1.4488 | accuracy: 0.7263 | mean f1-score: 0.6970 | weighted f1-score: 0.7344
The epoch: 44 | phase: test | loss: 0.4667 | accuracy: 0.8701 | mean f1-score: 0.8465 | weighted f1-score: 0.8735
Epoch 44 completed in 0m 2s
Epoch 45/149
----------
The epoch: 45 | phase: train | loss: 0.0563 | accuracy: 0.9796 | mean f1-score: 0.9820 | weighted f1-score: 0.9796
The epoch: 45 | phase: val | loss: 1.2908 | accuracy: 0.7430 | mean f1-score: 0.7098 | weighted f1-score: 0.7517
The epoch: 45 | phase: test | loss: 0.4206 | accuracy: 0.8869 | mean f1-score: 0.8615 | weighted f1-score: 0.8877
Epoch 45 completed in 0m 2s
Epoch 46/149
----------
The epoch: 46 | phase: train | loss: 0.0545 | accuracy: 0.9805 | mean f1-score: 0.9826 | weighted f1-score: 0.9805
The epoch: 46 | phase: val | loss: 1.3679 | accuracy: 0.7414 | mean f1-score: 0.7097 | weighted f1-score: 0.7446
The epoch: 46 | phase: test | loss: 0.4338 | accuracy: 0.8792 | mean f1-score: 0.8602 | weighted f1-score: 0.8814
Epoch 46 completed in 0m 2s
Epoch 47/149
----------
The epoch: 47 | phase: train | loss: 0.0513 | accuracy: 0.9814 | mean f1-score: 0.9832 | weighted f1-score: 0.9814
The epoch: 47 | phase: val | loss: 1.2765 | accuracy: 0.7516 | mean f1-score: 0.7210 | weighted f1-score: 0.7605
The epoch: 47 | phase: test | loss: 0.4280 | accuracy: 0.8822 | mean f1-score: 0.8589 | weighted f1-score: 0.8829
Epoch 47 completed in 0m 2s
Epoch 48/149
----------
The epoch: 48 | phase: train | loss: 0.0516 | accuracy: 0.9819 | mean f1-score: 0.9837 | weighted f1-score: 0.9819
The epoch: 48 | phase: val | loss: 1.4624 | accuracy: 0.7333 | mean f1-score: 0.6964 | weighted f1-score: 0.7292
The epoch: 48 | phase: test | loss: 0.4252 | accuracy: 0.8798 | mean f1-score: 0.8581 | weighted f1-score: 0.8815
Epoch 48 completed in 0m 2s
Epoch 49/149
----------
The epoch: 49 | phase: train | loss: 0.0561 | accuracy: 0.9800 | mean f1-score: 0.9822 | weighted f1-score: 0.9800
The epoch: 49 | phase: val | loss: 1.3178 | accuracy: 0.7441 | mean f1-score: 0.7122 | weighted f1-score: 0.7532
The epoch: 49 | phase: test | loss: 0.4649 | accuracy: 0.8792 | mean f1-score: 0.8530 | weighted f1-score: 0.8802
Epoch 49 completed in 0m 2s
Epoch 50/149
----------
The epoch: 50 | phase: train | loss: 0.0441 | accuracy: 0.9854 | mean f1-score: 0.9870 | weighted f1-score: 0.9854
The epoch: 50 | phase: val | loss: 1.5229 | accuracy: 0.7253 | mean f1-score: 0.6892 | weighted f1-score: 0.7258
The epoch: 50 | phase: test | loss: 0.4759 | accuracy: 0.8696 | mean f1-score: 0.8447 | weighted f1-score: 0.8713
Epoch 50 completed in 0m 2s
Epoch 51/149
----------
The epoch: 51 | phase: train | loss: 0.0465 | accuracy: 0.9830 | mean f1-score: 0.9844 | weighted f1-score: 0.9830
The epoch: 51 | phase: val | loss: 1.5551 | accuracy: 0.7328 | mean f1-score: 0.7076 | weighted f1-score: 0.7426
The epoch: 51 | phase: test | loss: 0.4941 | accuracy: 0.8643 | mean f1-score: 0.8421 | weighted f1-score: 0.8683
Epoch 51 completed in 0m 2s
Epoch 52/149
----------
The epoch: 52 | phase: train | loss: 0.0495 | accuracy: 0.9827 | mean f1-score: 0.9843 | weighted f1-score: 0.9827
The epoch: 52 | phase: val | loss: 1.6396 | accuracy: 0.7349 | mean f1-score: 0.6970 | weighted f1-score: 0.7321
The epoch: 52 | phase: test | loss: 0.4616 | accuracy: 0.8728 | mean f1-score: 0.8528 | weighted f1-score: 0.8744
Epoch 52 completed in 0m 2s
Epoch 53/149
----------
The epoch: 53 | phase: train | loss: 0.0461 | accuracy: 0.9839 | mean f1-score: 0.9857 | weighted f1-score: 0.9839
The epoch: 53 | phase: val | loss: 1.4681 | accuracy: 0.7285 | mean f1-score: 0.7019 | weighted f1-score: 0.7343
The epoch: 53 | phase: test | loss: 0.5003 | accuracy: 0.8686 | mean f1-score: 0.8467 | weighted f1-score: 0.8716
Epoch 53 completed in 0m 2s
Epoch 54/149
----------
The epoch: 54 | phase: train | loss: 0.0471 | accuracy: 0.9826 | mean f1-score: 0.9847 | weighted f1-score: 0.9826
The epoch: 54 | phase: val | loss: 1.4074 | accuracy: 0.7376 | mean f1-score: 0.6986 | weighted f1-score: 0.7398
The epoch: 54 | phase: test | loss: 0.4290 | accuracy: 0.8830 | mean f1-score: 0.8580 | weighted f1-score: 0.8821
Epoch 54 completed in 0m 2s
Epoch 55/149
----------
The epoch: 55 | phase: train | loss: 0.0502 | accuracy: 0.9824 | mean f1-score: 0.9848 | weighted f1-score: 0.9824
The epoch: 55 | phase: val | loss: 1.3566 | accuracy: 0.7543 | mean f1-score: 0.7142 | weighted f1-score: 0.7565
The epoch: 55 | phase: test | loss: 0.4106 | accuracy: 0.8900 | mean f1-score: 0.8657 | weighted f1-score: 0.8885
Epoch 55 completed in 0m 2s
Epoch 56/149
----------
The epoch: 56 | phase: train | loss: 0.0439 | accuracy: 0.9844 | mean f1-score: 0.9862 | weighted f1-score: 0.9844
The epoch: 56 | phase: val | loss: 1.4964 | accuracy: 0.7425 | mean f1-score: 0.7077 | weighted f1-score: 0.7461
The epoch: 56 | phase: test | loss: 0.4270 | accuracy: 0.8832 | mean f1-score: 0.8627 | weighted f1-score: 0.8843
Epoch 56 completed in 0m 2s
Epoch 57/149
----------
The epoch: 57 | phase: train | loss: 0.0430 | accuracy: 0.9850 | mean f1-score: 0.9865 | weighted f1-score: 0.9850
The epoch: 57 | phase: val | loss: 1.3882 | accuracy: 0.7441 | mean f1-score: 0.7056 | weighted f1-score: 0.7482
The epoch: 57 | phase: test | loss: 0.4274 | accuracy: 0.8911 | mean f1-score: 0.8687 | weighted f1-score: 0.8899
Epoch 57 completed in 0m 2s
Epoch 58/149
----------
The epoch: 58 | phase: train | loss: 0.0432 | accuracy: 0.9848 | mean f1-score: 0.9866 | weighted f1-score: 0.9848
The epoch: 58 | phase: val | loss: 1.5391 | accuracy: 0.7419 | mean f1-score: 0.7153 | weighted f1-score: 0.7478
The epoch: 58 | phase: test | loss: 0.4562 | accuracy: 0.8788 | mean f1-score: 0.8591 | weighted f1-score: 0.8805
Epoch 58 completed in 0m 2s
Epoch 59/149
----------
The epoch: 59 | phase: train | loss: 0.0413 | accuracy: 0.9859 | mean f1-score: 0.9880 | weighted f1-score: 0.9859
The epoch: 59 | phase: val | loss: 1.3852 | accuracy: 0.7457 | mean f1-score: 0.7068 | weighted f1-score: 0.7471
The epoch: 59 | phase: test | loss: 0.4117 | accuracy: 0.8892 | mean f1-score: 0.8678 | weighted f1-score: 0.8885
Epoch 59 completed in 0m 2s
Epoch 60/149
----------
The epoch: 60 | phase: train | loss: 0.0405 | accuracy: 0.9859 | mean f1-score: 0.9875 | weighted f1-score: 0.9859
The epoch: 60 | phase: val | loss: 1.5010 | accuracy: 0.7473 | mean f1-score: 0.7072 | weighted f1-score: 0.7478
The epoch: 60 | phase: test | loss: 0.4613 | accuracy: 0.8858 | mean f1-score: 0.8613 | weighted f1-score: 0.8857
Epoch 60 completed in 0m 2s
Epoch 61/149
----------
The epoch: 61 | phase: train | loss: 0.0412 | accuracy: 0.9860 | mean f1-score: 0.9881 | weighted f1-score: 0.9860
The epoch: 61 | phase: val | loss: 1.5364 | accuracy: 0.7328 | mean f1-score: 0.6981 | weighted f1-score: 0.7360
The epoch: 61 | phase: test | loss: 0.4560 | accuracy: 0.8801 | mean f1-score: 0.8574 | weighted f1-score: 0.8802
Epoch 61 completed in 0m 2s
Epoch 62/149
----------
The epoch: 62 | phase: train | loss: 0.0408 | accuracy: 0.9858 | mean f1-score: 0.9877 | weighted f1-score: 0.9858
The epoch: 62 | phase: val | loss: 1.5235 | accuracy: 0.7419 | mean f1-score: 0.7026 | weighted f1-score: 0.7402
The epoch: 62 | phase: test | loss: 0.4682 | accuracy: 0.8739 | mean f1-score: 0.8531 | weighted f1-score: 0.8754
Epoch 62 completed in 0m 2s
Epoch 63/149
----------
The epoch: 63 | phase: train | loss: 0.0407 | accuracy: 0.9855 | mean f1-score: 0.9871 | weighted f1-score: 0.9855
The epoch: 63 | phase: val | loss: 1.4060 | accuracy: 0.7435 | mean f1-score: 0.7016 | weighted f1-score: 0.7435
The epoch: 63 | phase: test | loss: 0.4211 | accuracy: 0.8883 | mean f1-score: 0.8668 | weighted f1-score: 0.8883
Epoch 63 completed in 0m 2s
Epoch 64/149
----------
The epoch: 64 | phase: train | loss: 0.0435 | accuracy: 0.9847 | mean f1-score: 0.9871 | weighted f1-score: 0.9847
The epoch: 64 | phase: val | loss: 1.5303 | accuracy: 0.7403 | mean f1-score: 0.7116 | weighted f1-score: 0.7447
The epoch: 64 | phase: test | loss: 0.4714 | accuracy: 0.8781 | mean f1-score: 0.8572 | weighted f1-score: 0.8795
Epoch 64 completed in 0m 2s
Epoch 65/149
----------
The epoch: 65 | phase: train | loss: 0.0384 | accuracy: 0.9867 | mean f1-score: 0.9888 | weighted f1-score: 0.9867
The epoch: 65 | phase: val | loss: 1.6220 | accuracy: 0.7360 | mean f1-score: 0.7081 | weighted f1-score: 0.7393
The epoch: 65 | phase: test | loss: 0.5152 | accuracy: 0.8684 | mean f1-score: 0.8458 | weighted f1-score: 0.8714
Epoch 65 completed in 0m 2s
Epoch 66/149
----------
The epoch: 66 | phase: train | loss: 0.0398 | accuracy: 0.9859 | mean f1-score: 0.9880 | weighted f1-score: 0.9859
The epoch: 66 | phase: val | loss: 1.6194 | accuracy: 0.7360 | mean f1-score: 0.7079 | weighted f1-score: 0.7425
The epoch: 66 | phase: test | loss: 0.5049 | accuracy: 0.8737 | mean f1-score: 0.8513 | weighted f1-score: 0.8766
Epoch 66 completed in 0m 2s
Epoch 67/149
----------
The epoch: 67 | phase: train | loss: 0.0380 | accuracy: 0.9860 | mean f1-score: 0.9880 | weighted f1-score: 0.9860
The epoch: 67 | phase: val | loss: 1.5403 | accuracy: 0.7333 | mean f1-score: 0.7019 | weighted f1-score: 0.7387
The epoch: 67 | phase: test | loss: 0.4821 | accuracy: 0.8815 | mean f1-score: 0.8571 | weighted f1-score: 0.8818
Epoch 67 completed in 0m 3s
Epoch 68/149
----------
The epoch: 68 | phase: train | loss: 0.0385 | accuracy: 0.9866 | mean f1-score: 0.9881 | weighted f1-score: 0.9866
The epoch: 68 | phase: val | loss: 1.4824 | accuracy: 0.7495 | mean f1-score: 0.7165 | weighted f1-score: 0.7595
The epoch: 68 | phase: test | loss: 0.4997 | accuracy: 0.8862 | mean f1-score: 0.8611 | weighted f1-score: 0.8856
Epoch 68 completed in 0m 2s
Epoch 69/149
----------
The epoch: 69 | phase: train | loss: 0.0384 | accuracy: 0.9870 | mean f1-score: 0.9891 | weighted f1-score: 0.9870
The epoch: 69 | phase: val | loss: 1.5111 | accuracy: 0.7500 | mean f1-score: 0.7132 | weighted f1-score: 0.7547
The epoch: 69 | phase: test | loss: 0.4645 | accuracy: 0.8898 | mean f1-score: 0.8662 | weighted f1-score: 0.8896
Epoch 69 completed in 0m 2s
Epoch 70/149
----------
The epoch: 70 | phase: train | loss: 0.0382 | accuracy: 0.9865 | mean f1-score: 0.9880 | weighted f1-score: 0.9865
The epoch: 70 | phase: val | loss: 1.5655 | accuracy: 0.7339 | mean f1-score: 0.7024 | weighted f1-score: 0.7443
The epoch: 70 | phase: test | loss: 0.4762 | accuracy: 0.8903 | mean f1-score: 0.8645 | weighted f1-score: 0.8897
Epoch 70 completed in 0m 2s
Epoch 71/149
----------
The epoch: 71 | phase: train | loss: 0.0403 | accuracy: 0.9873 | mean f1-score: 0.9891 | weighted f1-score: 0.9873
The epoch: 71 | phase: val | loss: 1.7998 | accuracy: 0.7199 | mean f1-score: 0.6856 | weighted f1-score: 0.7231
The epoch: 71 | phase: test | loss: 0.5493 | accuracy: 0.8681 | mean f1-score: 0.8451 | weighted f1-score: 0.8707
Epoch 71 completed in 0m 2s
Epoch 72/149
----------
The epoch: 72 | phase: train | loss: 0.0370 | accuracy: 0.9867 | mean f1-score: 0.9879 | weighted f1-score: 0.9867
The epoch: 72 | phase: val | loss: 1.6834 | accuracy: 0.7366 | mean f1-score: 0.7058 | weighted f1-score: 0.7445
The epoch: 72 | phase: test | loss: 0.4769 | accuracy: 0.8790 | mean f1-score: 0.8547 | weighted f1-score: 0.8796
Epoch 72 completed in 0m 2s
Epoch 73/149
----------
The epoch: 73 | phase: train | loss: 0.0330 | accuracy: 0.9892 | mean f1-score: 0.9910 | weighted f1-score: 0.9892
The epoch: 73 | phase: val | loss: 1.7458 | accuracy: 0.7317 | mean f1-score: 0.6975 | weighted f1-score: 0.7310
The epoch: 73 | phase: test | loss: 0.5026 | accuracy: 0.8749 | mean f1-score: 0.8522 | weighted f1-score: 0.8759
Epoch 73 completed in 0m 2s
Epoch 74/149
----------
The epoch: 74 | phase: train | loss: 0.0357 | accuracy: 0.9862 | mean f1-score: 0.9888 | weighted f1-score: 0.9862
The epoch: 74 | phase: val | loss: 1.5850 | accuracy: 0.7387 | mean f1-score: 0.7079 | weighted f1-score: 0.7484
The epoch: 74 | phase: test | loss: 0.5043 | accuracy: 0.8779 | mean f1-score: 0.8535 | weighted f1-score: 0.8789
Epoch 74 completed in 0m 2s
Epoch 75/149
----------
The epoch: 75 | phase: train | loss: 0.0332 | accuracy: 0.9883 | mean f1-score: 0.9897 | weighted f1-score: 0.9883
The epoch: 75 | phase: val | loss: 1.6431 | accuracy: 0.7280 | mean f1-score: 0.6972 | weighted f1-score: 0.7346
The epoch: 75 | phase: test | loss: 0.4903 | accuracy: 0.8801 | mean f1-score: 0.8563 | weighted f1-score: 0.8810
Epoch 75 completed in 0m 2s
Epoch 76/149
----------
The epoch: 76 | phase: train | loss: 0.0338 | accuracy: 0.9887 | mean f1-score: 0.9904 | weighted f1-score: 0.9887
The epoch: 76 | phase: val | loss: 1.7346 | accuracy: 0.7220 | mean f1-score: 0.6896 | weighted f1-score: 0.7244
The epoch: 76 | phase: test | loss: 0.5150 | accuracy: 0.8739 | mean f1-score: 0.8512 | weighted f1-score: 0.8757
Epoch 76 completed in 0m 2s
Epoch 77/149
----------
The epoch: 77 | phase: train | loss: 0.0320 | accuracy: 0.9883 | mean f1-score: 0.9900 | weighted f1-score: 0.9883
The epoch: 77 | phase: val | loss: 1.6300 | accuracy: 0.7317 | mean f1-score: 0.6986 | weighted f1-score: 0.7311
The epoch: 77 | phase: test | loss: 0.5082 | accuracy: 0.8754 | mean f1-score: 0.8546 | weighted f1-score: 0.8769
Epoch 77 completed in 0m 2s
Epoch 78/149
----------
The epoch: 78 | phase: train | loss: 0.0323 | accuracy: 0.9891 | mean f1-score: 0.9907 | weighted f1-score: 0.9891
The epoch: 78 | phase: val | loss: 1.5053 | accuracy: 0.7376 | mean f1-score: 0.7054 | weighted f1-score: 0.7441
The epoch: 78 | phase: test | loss: 0.4767 | accuracy: 0.8886 | mean f1-score: 0.8651 | weighted f1-score: 0.8880
Epoch 78 completed in 0m 2s
Epoch 79/149
----------
The epoch: 79 | phase: train | loss: 0.0349 | accuracy: 0.9869 | mean f1-score: 0.9887 | weighted f1-score: 0.9868
The epoch: 79 | phase: val | loss: 1.5542 | accuracy: 0.7398 | mean f1-score: 0.7109 | weighted f1-score: 0.7459
The epoch: 79 | phase: test | loss: 0.5430 | accuracy: 0.8667 | mean f1-score: 0.8443 | weighted f1-score: 0.8679
Epoch 79 completed in 0m 2s
Epoch 80/149
----------
The epoch: 80 | phase: train | loss: 0.0326 | accuracy: 0.9886 | mean f1-score: 0.9898 | weighted f1-score: 0.9886
The epoch: 80 | phase: val | loss: 1.4759 | accuracy: 0.7538 | mean f1-score: 0.7137 | weighted f1-score: 0.7560
The epoch: 80 | phase: test | loss: 0.4758 | accuracy: 0.8888 | mean f1-score: 0.8644 | weighted f1-score: 0.8885
Epoch 80 completed in 0m 2s
Epoch 81/149
----------
The epoch: 81 | phase: train | loss: 0.0307 | accuracy: 0.9897 | mean f1-score: 0.9914 | weighted f1-score: 0.9897
The epoch: 81 | phase: val | loss: 1.5011 | accuracy: 0.7441 | mean f1-score: 0.7106 | weighted f1-score: 0.7504
The epoch: 81 | phase: test | loss: 0.4720 | accuracy: 0.8860 | mean f1-score: 0.8633 | weighted f1-score: 0.8872
Epoch 81 completed in 0m 2s
Epoch 82/149
----------
The epoch: 82 | phase: train | loss: 0.0302 | accuracy: 0.9898 | mean f1-score: 0.9914 | weighted f1-score: 0.9898
The epoch: 82 | phase: val | loss: 1.6468 | accuracy: 0.7339 | mean f1-score: 0.7021 | weighted f1-score: 0.7407
The epoch: 82 | phase: test | loss: 0.4861 | accuracy: 0.8864 | mean f1-score: 0.8627 | weighted f1-score: 0.8866
Epoch 82 completed in 0m 2s
Epoch 83/149
----------
The epoch: 83 | phase: train | loss: 0.0297 | accuracy: 0.9897 | mean f1-score: 0.9912 | weighted f1-score: 0.9897
The epoch: 83 | phase: val | loss: 1.8466 | accuracy: 0.7285 | mean f1-score: 0.6965 | weighted f1-score: 0.7315
The epoch: 83 | phase: test | loss: 0.5213 | accuracy: 0.8769 | mean f1-score: 0.8548 | weighted f1-score: 0.8786
Epoch 83 completed in 0m 2s
Epoch 84/149
----------
The epoch: 84 | phase: train | loss: 0.0280 | accuracy: 0.9902 | mean f1-score: 0.9919 | weighted f1-score: 0.9902
The epoch: 84 | phase: val | loss: 1.6673 | accuracy: 0.7382 | mean f1-score: 0.7021 | weighted f1-score: 0.7387
The epoch: 84 | phase: test | loss: 0.4940 | accuracy: 0.8835 | mean f1-score: 0.8609 | weighted f1-score: 0.8841
Epoch 84 completed in 0m 2s
Epoch 85/149
----------
The epoch: 85 | phase: train | loss: 0.0305 | accuracy: 0.9898 | mean f1-score: 0.9911 | weighted f1-score: 0.9898
The epoch: 85 | phase: val | loss: 1.9202 | accuracy: 0.7199 | mean f1-score: 0.6849 | weighted f1-score: 0.7144
The epoch: 85 | phase: test | loss: 0.5580 | accuracy: 0.8626 | mean f1-score: 0.8391 | weighted f1-score: 0.8651
Epoch 85 completed in 0m 2s
Epoch 86/149
----------
The epoch: 86 | phase: train | loss: 0.0304 | accuracy: 0.9903 | mean f1-score: 0.9920 | weighted f1-score: 0.9903
The epoch: 86 | phase: val | loss: 1.8997 | accuracy: 0.7220 | mean f1-score: 0.6864 | weighted f1-score: 0.7190
The epoch: 86 | phase: test | loss: 0.5561 | accuracy: 0.8647 | mean f1-score: 0.8430 | weighted f1-score: 0.8667
Epoch 86 completed in 0m 2s
Epoch 87/149
----------
The epoch: 87 | phase: train | loss: 0.0299 | accuracy: 0.9900 | mean f1-score: 0.9916 | weighted f1-score: 0.9900
The epoch: 87 | phase: val | loss: 1.7271 | accuracy: 0.7167 | mean f1-score: 0.6870 | weighted f1-score: 0.7210
The epoch: 87 | phase: test | loss: 0.4951 | accuracy: 0.8781 | mean f1-score: 0.8571 | weighted f1-score: 0.8798
Epoch 87 completed in 0m 2s
Epoch 88/149
----------
The epoch: 88 | phase: train | loss: 0.0297 | accuracy: 0.9906 | mean f1-score: 0.9918 | weighted f1-score: 0.9906
The epoch: 88 | phase: val | loss: 1.9354 | accuracy: 0.7075 | mean f1-score: 0.6777 | weighted f1-score: 0.7116
The epoch: 88 | phase: test | loss: 0.5572 | accuracy: 0.8728 | mean f1-score: 0.8505 | weighted f1-score: 0.8751
Epoch 88 completed in 0m 2s
Epoch 89/149
----------
The epoch: 89 | phase: train | loss: 0.0305 | accuracy: 0.9896 | mean f1-score: 0.9912 | weighted f1-score: 0.9896
The epoch: 89 | phase: val | loss: 1.5746 | accuracy: 0.7462 | mean f1-score: 0.7112 | weighted f1-score: 0.7551
The epoch: 89 | phase: test | loss: 0.5046 | accuracy: 0.8852 | mean f1-score: 0.8606 | weighted f1-score: 0.8857
Epoch 89 completed in 0m 2s
Epoch 90/149
----------
The epoch: 90 | phase: train | loss: 0.0278 | accuracy: 0.9897 | mean f1-score: 0.9916 | weighted f1-score: 0.9897
The epoch: 90 | phase: val | loss: 1.8290 | accuracy: 0.7188 | mean f1-score: 0.6883 | weighted f1-score: 0.7223
The epoch: 90 | phase: test | loss: 0.5564 | accuracy: 0.8707 | mean f1-score: 0.8477 | weighted f1-score: 0.8725
Epoch 90 completed in 0m 2s
Epoch 91/149
----------
The epoch: 91 | phase: train | loss: 0.0244 | accuracy: 0.9916 | mean f1-score: 0.9930 | weighted f1-score: 0.9916
The epoch: 91 | phase: val | loss: 2.0298 | accuracy: 0.7081 | mean f1-score: 0.6756 | weighted f1-score: 0.7076
The epoch: 91 | phase: test | loss: 0.6544 | accuracy: 0.8492 | mean f1-score: 0.8280 | weighted f1-score: 0.8530
Epoch 91 completed in 0m 2s
Epoch 92/149
----------
The epoch: 92 | phase: train | loss: 0.0295 | accuracy: 0.9897 | mean f1-score: 0.9910 | weighted f1-score: 0.9897
The epoch: 92 | phase: val | loss: 1.6678 | accuracy: 0.7355 | mean f1-score: 0.6940 | weighted f1-score: 0.7327
The epoch: 92 | phase: test | loss: 0.5764 | accuracy: 0.8660 | mean f1-score: 0.8451 | weighted f1-score: 0.8684
Epoch 92 completed in 0m 2s
Epoch 93/149
----------
The epoch: 93 | phase: train | loss: 0.0297 | accuracy: 0.9897 | mean f1-score: 0.9913 | weighted f1-score: 0.9897
The epoch: 93 | phase: val | loss: 1.4527 | accuracy: 0.7575 | mean f1-score: 0.7180 | weighted f1-score: 0.7627
The epoch: 93 | phase: test | loss: 0.4738 | accuracy: 0.8920 | mean f1-score: 0.8676 | weighted f1-score: 0.8912
Epoch 93 completed in 0m 2s
Epoch 94/149
----------
The epoch: 94 | phase: train | loss: 0.0294 | accuracy: 0.9901 | mean f1-score: 0.9915 | weighted f1-score: 0.9901
The epoch: 94 | phase: val | loss: 1.5388 | accuracy: 0.7478 | mean f1-score: 0.7070 | weighted f1-score: 0.7528
The epoch: 94 | phase: test | loss: 0.5841 | accuracy: 0.8775 | mean f1-score: 0.8467 | weighted f1-score: 0.8745
Epoch 94 completed in 0m 2s
Epoch 95/149
----------
The epoch: 95 | phase: train | loss: 0.0247 | accuracy: 0.9923 | mean f1-score: 0.9934 | weighted f1-score: 0.9923
The epoch: 95 | phase: val | loss: 1.6149 | accuracy: 0.7382 | mean f1-score: 0.7003 | weighted f1-score: 0.7439
The epoch: 95 | phase: test | loss: 0.5321 | accuracy: 0.8781 | mean f1-score: 0.8544 | weighted f1-score: 0.8785
Epoch 95 completed in 0m 2s
Epoch 96/149
----------
The epoch: 96 | phase: train | loss: 0.0262 | accuracy: 0.9913 | mean f1-score: 0.9928 | weighted f1-score: 0.9913
The epoch: 96 | phase: val | loss: 1.8124 | accuracy: 0.7258 | mean f1-score: 0.6913 | weighted f1-score: 0.7297
The epoch: 96 | phase: test | loss: 0.5823 | accuracy: 0.8701 | mean f1-score: 0.8487 | weighted f1-score: 0.8721
Epoch 96 completed in 0m 2s
Epoch 97/149
----------
The epoch: 97 | phase: train | loss: 0.0287 | accuracy: 0.9898 | mean f1-score: 0.9914 | weighted f1-score: 0.9898
The epoch: 97 | phase: val | loss: 1.4482 | accuracy: 0.7661 | mean f1-score: 0.7241 | weighted f1-score: 0.7700
The epoch: 97 | phase: test | loss: 0.5430 | accuracy: 0.8858 | mean f1-score: 0.8607 | weighted f1-score: 0.8833
Epoch 97 completed in 0m 2s
Epoch 98/149
----------
The epoch: 98 | phase: train | loss: 0.0281 | accuracy: 0.9903 | mean f1-score: 0.9918 | weighted f1-score: 0.9903
The epoch: 98 | phase: val | loss: 1.7015 | accuracy: 0.7344 | mean f1-score: 0.7026 | weighted f1-score: 0.7380
The epoch: 98 | phase: test | loss: 0.4991 | accuracy: 0.8811 | mean f1-score: 0.8609 | weighted f1-score: 0.8818
Epoch 98 completed in 0m 2s
Epoch 99/149
----------
The epoch: 99 | phase: train | loss: 0.0318 | accuracy: 0.9885 | mean f1-score: 0.9904 | weighted f1-score: 0.9885
The epoch: 99 | phase: val | loss: 1.5986 | accuracy: 0.7522 | mean f1-score: 0.7109 | weighted f1-score: 0.7526
The epoch: 99 | phase: test | loss: 0.5363 | accuracy: 0.8739 | mean f1-score: 0.8491 | weighted f1-score: 0.8739
Epoch 99 completed in 0m 2s
Epoch 100/149
----------
The epoch: 100 | phase: train | loss: 0.0239 | accuracy: 0.9920 | mean f1-score: 0.9932 | weighted f1-score: 0.9920
The epoch: 100 | phase: val | loss: 1.7077 | accuracy: 0.7312 | mean f1-score: 0.7017 | weighted f1-score: 0.7392
The epoch: 100 | phase: test | loss: 0.5385 | accuracy: 0.8760 | mean f1-score: 0.8540 | weighted f1-score: 0.8781
Epoch 100 completed in 0m 2s
Epoch 101/149
----------
The epoch: 101 | phase: train | loss: 0.0240 | accuracy: 0.9920 | mean f1-score: 0.9936 | weighted f1-score: 0.9920
The epoch: 101 | phase: val | loss: 1.8664 | accuracy: 0.7317 | mean f1-score: 0.7040 | weighted f1-score: 0.7367
The epoch: 101 | phase: test | loss: 0.5463 | accuracy: 0.8777 | mean f1-score: 0.8564 | weighted f1-score: 0.8789
Epoch 101 completed in 0m 2s
Epoch 102/149
----------
The epoch: 102 | phase: train | loss: 0.0239 | accuracy: 0.9921 | mean f1-score: 0.9932 | weighted f1-score: 0.9921
The epoch: 102 | phase: val | loss: 1.8522 | accuracy: 0.7328 | mean f1-score: 0.7003 | weighted f1-score: 0.7345
The epoch: 102 | phase: test | loss: 0.5770 | accuracy: 0.8705 | mean f1-score: 0.8484 | weighted f1-score: 0.8724
Epoch 102 completed in 0m 2s
Epoch 103/149
----------
The epoch: 103 | phase: train | loss: 0.0228 | accuracy: 0.9928 | mean f1-score: 0.9937 | weighted f1-score: 0.9928
The epoch: 103 | phase: val | loss: 1.7290 | accuracy: 0.7398 | mean f1-score: 0.7078 | weighted f1-score: 0.7446
The epoch: 103 | phase: test | loss: 0.5192 | accuracy: 0.8820 | mean f1-score: 0.8596 | weighted f1-score: 0.8831
Epoch 103 completed in 0m 1s
Epoch 104/149
----------
The epoch: 104 | phase: train | loss: 0.0231 | accuracy: 0.9922 | mean f1-score: 0.9935 | weighted f1-score: 0.9922
The epoch: 104 | phase: val | loss: 1.9176 | accuracy: 0.7226 | mean f1-score: 0.6914 | weighted f1-score: 0.7235
The epoch: 104 | phase: test | loss: 0.5546 | accuracy: 0.8760 | mean f1-score: 0.8556 | weighted f1-score: 0.8777
Epoch 104 completed in 0m 1s
Epoch 105/149
----------
The epoch: 105 | phase: train | loss: 0.0252 | accuracy: 0.9904 | mean f1-score: 0.9919 | weighted f1-score: 0.9904
The epoch: 105 | phase: val | loss: 1.7114 | accuracy: 0.7419 | mean f1-score: 0.7085 | weighted f1-score: 0.7479
The epoch: 105 | phase: test | loss: 0.5409 | accuracy: 0.8881 | mean f1-score: 0.8639 | weighted f1-score: 0.8874
Epoch 105 completed in 0m 1s
Epoch 106/149
----------
The epoch: 106 | phase: train | loss: 0.0286 | accuracy: 0.9902 | mean f1-score: 0.9917 | weighted f1-score: 0.9902
The epoch: 106 | phase: val | loss: 1.8231 | accuracy: 0.7376 | mean f1-score: 0.7074 | weighted f1-score: 0.7423
The epoch: 106 | phase: test | loss: 0.5438 | accuracy: 0.8745 | mean f1-score: 0.8528 | weighted f1-score: 0.8761
Epoch 106 completed in 0m 1s
Epoch 107/149
----------
The epoch: 107 | phase: train | loss: 0.0232 | accuracy: 0.9911 | mean f1-score: 0.9925 | weighted f1-score: 0.9911
The epoch: 107 | phase: val | loss: 1.9393 | accuracy: 0.7242 | mean f1-score: 0.6930 | weighted f1-score: 0.7238
The epoch: 107 | phase: test | loss: 0.5893 | accuracy: 0.8686 | mean f1-score: 0.8479 | weighted f1-score: 0.8700
Epoch 107 completed in 0m 2s
Epoch 108/149
----------
The epoch: 108 | phase: train | loss: 0.0265 | accuracy: 0.9913 | mean f1-score: 0.9925 | weighted f1-score: 0.9913
The epoch: 108 | phase: val | loss: 1.8921 | accuracy: 0.7312 | mean f1-score: 0.6988 | weighted f1-score: 0.7307
The epoch: 108 | phase: test | loss: 0.5558 | accuracy: 0.8752 | mean f1-score: 0.8536 | weighted f1-score: 0.8767
Epoch 108 completed in 0m 2s
Epoch 109/149
----------
The epoch: 109 | phase: train | loss: 0.0210 | accuracy: 0.9932 | mean f1-score: 0.9943 | weighted f1-score: 0.9932
The epoch: 109 | phase: val | loss: 1.6862 | accuracy: 0.7435 | mean f1-score: 0.7095 | weighted f1-score: 0.7492
The epoch: 109 | phase: test | loss: 0.5332 | accuracy: 0.8856 | mean f1-score: 0.8615 | weighted f1-score: 0.8851
Epoch 109 completed in 0m 2s
Epoch 110/149
----------
The epoch: 110 | phase: train | loss: 0.0218 | accuracy: 0.9934 | mean f1-score: 0.9945 | weighted f1-score: 0.9934
The epoch: 110 | phase: val | loss: 1.7343 | accuracy: 0.7425 | mean f1-score: 0.7073 | weighted f1-score: 0.7443
The epoch: 110 | phase: test | loss: 0.5372 | accuracy: 0.8792 | mean f1-score: 0.8558 | weighted f1-score: 0.8796
Epoch 110 completed in 0m 2s
Epoch 111/149
----------
The epoch: 111 | phase: train | loss: 0.0227 | accuracy: 0.9920 | mean f1-score: 0.9929 | weighted f1-score: 0.9920
The epoch: 111 | phase: val | loss: 2.0151 | accuracy: 0.7167 | mean f1-score: 0.6906 | weighted f1-score: 0.7198
The epoch: 111 | phase: test | loss: 0.6194 | accuracy: 0.8673 | mean f1-score: 0.8466 | weighted f1-score: 0.8704
Epoch 111 completed in 0m 2s
Epoch 112/149
----------
The epoch: 112 | phase: train | loss: 0.0227 | accuracy: 0.9924 | mean f1-score: 0.9935 | weighted f1-score: 0.9924
The epoch: 112 | phase: val | loss: 1.9971 | accuracy: 0.7237 | mean f1-score: 0.6922 | weighted f1-score: 0.7235
The epoch: 112 | phase: test | loss: 0.5863 | accuracy: 0.8684 | mean f1-score: 0.8461 | weighted f1-score: 0.8699
Epoch 112 completed in 0m 2s
Epoch 113/149
----------
The epoch: 113 | phase: train | loss: 0.0232 | accuracy: 0.9926 | mean f1-score: 0.9938 | weighted f1-score: 0.9926
The epoch: 113 | phase: val | loss: 1.8910 | accuracy: 0.7253 | mean f1-score: 0.6963 | weighted f1-score: 0.7298
The epoch: 113 | phase: test | loss: 0.5545 | accuracy: 0.8822 | mean f1-score: 0.8589 | weighted f1-score: 0.8827
Epoch 113 completed in 0m 2s
Epoch 114/149
----------
The epoch: 114 | phase: train | loss: 0.0224 | accuracy: 0.9923 | mean f1-score: 0.9936 | weighted f1-score: 0.9923
The epoch: 114 | phase: val | loss: 1.7566 | accuracy: 0.7398 | mean f1-score: 0.7051 | weighted f1-score: 0.7451
The epoch: 114 | phase: test | loss: 0.5511 | accuracy: 0.8788 | mean f1-score: 0.8572 | weighted f1-score: 0.8802
Epoch 114 completed in 0m 2s
Epoch 115/149
----------
The epoch: 115 | phase: train | loss: 0.0239 | accuracy: 0.9923 | mean f1-score: 0.9935 | weighted f1-score: 0.9923
The epoch: 115 | phase: val | loss: 1.8627 | accuracy: 0.7269 | mean f1-score: 0.6944 | weighted f1-score: 0.7324
The epoch: 115 | phase: test | loss: 0.5505 | accuracy: 0.8805 | mean f1-score: 0.8590 | weighted f1-score: 0.8818
Epoch 115 completed in 0m 2s
Epoch 116/149
----------
The epoch: 116 | phase: train | loss: 0.0200 | accuracy: 0.9931 | mean f1-score: 0.9939 | weighted f1-score: 0.9931
The epoch: 116 | phase: val | loss: 1.7293 | accuracy: 0.7392 | mean f1-score: 0.7062 | weighted f1-score: 0.7464
The epoch: 116 | phase: test | loss: 0.5451 | accuracy: 0.8873 | mean f1-score: 0.8641 | weighted f1-score: 0.8871
Epoch 116 completed in 0m 2s
Epoch 117/149
----------
The epoch: 117 | phase: train | loss: 0.0203 | accuracy: 0.9931 | mean f1-score: 0.9943 | weighted f1-score: 0.9931
The epoch: 117 | phase: val | loss: 2.0205 | accuracy: 0.7263 | mean f1-score: 0.6949 | weighted f1-score: 0.7290
The epoch: 117 | phase: test | loss: 0.5760 | accuracy: 0.8777 | mean f1-score: 0.8553 | weighted f1-score: 0.8793
Epoch 117 completed in 0m 2s
Epoch 118/149
----------
The epoch: 118 | phase: train | loss: 0.0206 | accuracy: 0.9930 | mean f1-score: 0.9944 | weighted f1-score: 0.9930
The epoch: 118 | phase: val | loss: 1.8934 | accuracy: 0.7280 | mean f1-score: 0.6979 | weighted f1-score: 0.7328
The epoch: 118 | phase: test | loss: 0.5588 | accuracy: 0.8839 | mean f1-score: 0.8630 | weighted f1-score: 0.8841
Epoch 118 completed in 0m 2s
Epoch 119/149
----------
The epoch: 119 | phase: train | loss: 0.0222 | accuracy: 0.9923 | mean f1-score: 0.9937 | weighted f1-score: 0.9923
The epoch: 119 | phase: val | loss: 1.9481 | accuracy: 0.7296 | mean f1-score: 0.7024 | weighted f1-score: 0.7335
The epoch: 119 | phase: test | loss: 0.5894 | accuracy: 0.8688 | mean f1-score: 0.8476 | weighted f1-score: 0.8718
Epoch 119 completed in 0m 2s
Epoch 120/149
----------
The epoch: 120 | phase: train | loss: 0.0221 | accuracy: 0.9926 | mean f1-score: 0.9939 | weighted f1-score: 0.9926
The epoch: 120 | phase: val | loss: 2.0473 | accuracy: 0.7204 | mean f1-score: 0.6884 | weighted f1-score: 0.7204
The epoch: 120 | phase: test | loss: 0.5831 | accuracy: 0.8752 | mean f1-score: 0.8525 | weighted f1-score: 0.8768
Epoch 120 completed in 0m 2s
Epoch 121/149
----------
The epoch: 121 | phase: train | loss: 0.0216 | accuracy: 0.9929 | mean f1-score: 0.9940 | weighted f1-score: 0.9929
The epoch: 121 | phase: val | loss: 1.6965 | accuracy: 0.7473 | mean f1-score: 0.7162 | weighted f1-score: 0.7527
The epoch: 121 | phase: test | loss: 0.5553 | accuracy: 0.8807 | mean f1-score: 0.8574 | weighted f1-score: 0.8810
Epoch 121 completed in 0m 2s
Epoch 122/149
----------
The epoch: 122 | phase: train | loss: 0.0236 | accuracy: 0.9925 | mean f1-score: 0.9937 | weighted f1-score: 0.9925
The epoch: 122 | phase: val | loss: 1.7317 | accuracy: 0.7473 | mean f1-score: 0.7139 | weighted f1-score: 0.7522
The epoch: 122 | phase: test | loss: 0.5427 | accuracy: 0.8837 | mean f1-score: 0.8614 | weighted f1-score: 0.8840
Epoch 122 completed in 0m 2s
Epoch 123/149
----------
The epoch: 123 | phase: train | loss: 0.0212 | accuracy: 0.9931 | mean f1-score: 0.9939 | weighted f1-score: 0.9931
The epoch: 123 | phase: val | loss: 1.8755 | accuracy: 0.7339 | mean f1-score: 0.6990 | weighted f1-score: 0.7336
The epoch: 123 | phase: test | loss: 0.5579 | accuracy: 0.8781 | mean f1-score: 0.8554 | weighted f1-score: 0.8781
Epoch 123 completed in 0m 2s
Epoch 124/149
----------
The epoch: 124 | phase: train | loss: 0.0243 | accuracy: 0.9911 | mean f1-score: 0.9926 | weighted f1-score: 0.9911
The epoch: 124 | phase: val | loss: 1.7831 | accuracy: 0.7414 | mean f1-score: 0.7059 | weighted f1-score: 0.7434
The epoch: 124 | phase: test | loss: 0.5625 | accuracy: 0.8837 | mean f1-score: 0.8618 | weighted f1-score: 0.8838
Epoch 124 completed in 0m 2s
Epoch 125/149
----------
The epoch: 125 | phase: train | loss: 0.0196 | accuracy: 0.9939 | mean f1-score: 0.9949 | weighted f1-score: 0.9939
The epoch: 125 | phase: val | loss: 1.7642 | accuracy: 0.7441 | mean f1-score: 0.7128 | weighted f1-score: 0.7488
The epoch: 125 | phase: test | loss: 0.5471 | accuracy: 0.8828 | mean f1-score: 0.8606 | weighted f1-score: 0.8829
Epoch 125 completed in 0m 2s
Epoch 126/149
----------
The epoch: 126 | phase: train | loss: 0.0186 | accuracy: 0.9940 | mean f1-score: 0.9951 | weighted f1-score: 0.9940
The epoch: 126 | phase: val | loss: 1.9576 | accuracy: 0.7349 | mean f1-score: 0.7047 | weighted f1-score: 0.7393
The epoch: 126 | phase: test | loss: 0.5769 | accuracy: 0.8769 | mean f1-score: 0.8534 | weighted f1-score: 0.8781
Epoch 126 completed in 0m 2s
Epoch 127/149
----------
The epoch: 127 | phase: train | loss: 0.0215 | accuracy: 0.9932 | mean f1-score: 0.9940 | weighted f1-score: 0.9932
The epoch: 127 | phase: val | loss: 1.9718 | accuracy: 0.7328 | mean f1-score: 0.7070 | weighted f1-score: 0.7392
The epoch: 127 | phase: test | loss: 0.5888 | accuracy: 0.8781 | mean f1-score: 0.8543 | weighted f1-score: 0.8797
Epoch 127 completed in 0m 2s
Epoch 128/149
----------
The epoch: 128 | phase: train | loss: 0.0166 | accuracy: 0.9947 | mean f1-score: 0.9956 | weighted f1-score: 0.9947
The epoch: 128 | phase: val | loss: 2.0262 | accuracy: 0.7280 | mean f1-score: 0.6983 | weighted f1-score: 0.7294
The epoch: 128 | phase: test | loss: 0.5935 | accuracy: 0.8696 | mean f1-score: 0.8484 | weighted f1-score: 0.8718
Epoch 128 completed in 0m 2s
Epoch 129/149
----------
The epoch: 129 | phase: train | loss: 0.0182 | accuracy: 0.9940 | mean f1-score: 0.9950 | weighted f1-score: 0.9940
The epoch: 129 | phase: val | loss: 1.8219 | accuracy: 0.7392 | mean f1-score: 0.7064 | weighted f1-score: 0.7444
The epoch: 129 | phase: test | loss: 0.5831 | accuracy: 0.8779 | mean f1-score: 0.8541 | weighted f1-score: 0.8788
Epoch 129 completed in 0m 2s
Epoch 130/149
----------
The epoch: 130 | phase: train | loss: 0.0190 | accuracy: 0.9936 | mean f1-score: 0.9948 | weighted f1-score: 0.9936
The epoch: 130 | phase: val | loss: 1.5945 | accuracy: 0.7527 | mean f1-score: 0.7172 | weighted f1-score: 0.7586
The epoch: 130 | phase: test | loss: 0.5485 | accuracy: 0.8886 | mean f1-score: 0.8651 | weighted f1-score: 0.8881
Epoch 130 completed in 0m 2s
Epoch 131/149
----------
The epoch: 131 | phase: train | loss: 0.0187 | accuracy: 0.9933 | mean f1-score: 0.9941 | weighted f1-score: 0.9933
The epoch: 131 | phase: val | loss: 1.8046 | accuracy: 0.7360 | mean f1-score: 0.7002 | weighted f1-score: 0.7393
The epoch: 131 | phase: test | loss: 0.5358 | accuracy: 0.8856 | mean f1-score: 0.8639 | weighted f1-score: 0.8864
Epoch 131 completed in 0m 2s
Epoch 132/149
----------
The epoch: 132 | phase: train | loss: 0.0162 | accuracy: 0.9943 | mean f1-score: 0.9953 | weighted f1-score: 0.9943
The epoch: 132 | phase: val | loss: 1.8644 | accuracy: 0.7296 | mean f1-score: 0.7039 | weighted f1-score: 0.7400
The epoch: 132 | phase: test | loss: 0.6038 | accuracy: 0.8760 | mean f1-score: 0.8518 | weighted f1-score: 0.8780
Epoch 132 completed in 0m 2s
Epoch 133/149
----------
The epoch: 133 | phase: train | loss: 0.0191 | accuracy: 0.9936 | mean f1-score: 0.9946 | weighted f1-score: 0.9936
The epoch: 133 | phase: val | loss: 1.6865 | accuracy: 0.7548 | mean f1-score: 0.7206 | weighted f1-score: 0.7609
The epoch: 133 | phase: test | loss: 0.5528 | accuracy: 0.8856 | mean f1-score: 0.8624 | weighted f1-score: 0.8854
Epoch 133 completed in 0m 2s
Epoch 134/149
----------
The epoch: 134 | phase: train | loss: 0.0171 | accuracy: 0.9941 | mean f1-score: 0.9948 | weighted f1-score: 0.9941
The epoch: 134 | phase: val | loss: 1.5619 | accuracy: 0.7581 | mean f1-score: 0.7213 | weighted f1-score: 0.7637
The epoch: 134 | phase: test | loss: 0.5721 | accuracy: 0.8858 | mean f1-score: 0.8608 | weighted f1-score: 0.8844
Epoch 134 completed in 0m 2s
Epoch 135/149
----------
The epoch: 135 | phase: train | loss: 0.0166 | accuracy: 0.9948 | mean f1-score: 0.9957 | weighted f1-score: 0.9948
The epoch: 135 | phase: val | loss: 2.0919 | accuracy: 0.7237 | mean f1-score: 0.6964 | weighted f1-score: 0.7259
The epoch: 135 | phase: test | loss: 0.6429 | accuracy: 0.8677 | mean f1-score: 0.8447 | weighted f1-score: 0.8700
Epoch 135 completed in 0m 2s
Epoch 136/149
----------
The epoch: 136 | phase: train | loss: 0.0200 | accuracy: 0.9933 | mean f1-score: 0.9944 | weighted f1-score: 0.9933
The epoch: 136 | phase: val | loss: 1.9838 | accuracy: 0.7349 | mean f1-score: 0.6989 | weighted f1-score: 0.7338
The epoch: 136 | phase: test | loss: 0.6039 | accuracy: 0.8715 | mean f1-score: 0.8485 | weighted f1-score: 0.8725
Epoch 136 completed in 0m 2s
Epoch 137/149
----------
The epoch: 137 | phase: train | loss: 0.0175 | accuracy: 0.9938 | mean f1-score: 0.9947 | weighted f1-score: 0.9938
The epoch: 137 | phase: val | loss: 1.9454 | accuracy: 0.7398 | mean f1-score: 0.7075 | weighted f1-score: 0.7455
The epoch: 137 | phase: test | loss: 0.6010 | accuracy: 0.8752 | mean f1-score: 0.8539 | weighted f1-score: 0.8773
Epoch 137 completed in 0m 2s
Epoch 138/149
----------
The epoch: 138 | phase: train | loss: 0.0180 | accuracy: 0.9941 | mean f1-score: 0.9948 | weighted f1-score: 0.9941
The epoch: 138 | phase: val | loss: 1.8236 | accuracy: 0.7441 | mean f1-score: 0.7102 | weighted f1-score: 0.7517
The epoch: 138 | phase: test | loss: 0.5807 | accuracy: 0.8815 | mean f1-score: 0.8555 | weighted f1-score: 0.8822
Epoch 138 completed in 0m 2s
Epoch 139/149
----------
The epoch: 139 | phase: train | loss: 0.0187 | accuracy: 0.9930 | mean f1-score: 0.9943 | weighted f1-score: 0.9930
The epoch: 139 | phase: val | loss: 1.7779 | accuracy: 0.7441 | mean f1-score: 0.7115 | weighted f1-score: 0.7510
The epoch: 139 | phase: test | loss: 0.5760 | accuracy: 0.8822 | mean f1-score: 0.8583 | weighted f1-score: 0.8831
Epoch 139 completed in 0m 2s
Epoch 140/149
----------
The epoch: 140 | phase: train | loss: 0.0162 | accuracy: 0.9951 | mean f1-score: 0.9958 | weighted f1-score: 0.9951
The epoch: 140 | phase: val | loss: 1.7838 | accuracy: 0.7462 | mean f1-score: 0.7124 | weighted f1-score: 0.7540
The epoch: 140 | phase: test | loss: 0.5588 | accuracy: 0.8866 | mean f1-score: 0.8632 | weighted f1-score: 0.8871
Epoch 140 completed in 0m 2s
Epoch 141/149
----------
The epoch: 141 | phase: train | loss: 0.0164 | accuracy: 0.9945 | mean f1-score: 0.9952 | weighted f1-score: 0.9945
The epoch: 141 | phase: val | loss: 1.9515 | accuracy: 0.7366 | mean f1-score: 0.7011 | weighted f1-score: 0.7390
The epoch: 141 | phase: test | loss: 0.5849 | accuracy: 0.8790 | mean f1-score: 0.8558 | weighted f1-score: 0.8793
Epoch 141 completed in 0m 2s
Epoch 142/149
----------
The epoch: 142 | phase: train | loss: 0.0180 | accuracy: 0.9943 | mean f1-score: 0.9952 | weighted f1-score: 0.9943
The epoch: 142 | phase: val | loss: 2.2193 | accuracy: 0.7226 | mean f1-score: 0.6907 | weighted f1-score: 0.7232
The epoch: 142 | phase: test | loss: 0.6645 | accuracy: 0.8679 | mean f1-score: 0.8448 | weighted f1-score: 0.8701
Epoch 142 completed in 0m 2s
Epoch 143/149
----------
The epoch: 143 | phase: train | loss: 0.0153 | accuracy: 0.9954 | mean f1-score: 0.9960 | weighted f1-score: 0.9954
The epoch: 143 | phase: val | loss: 1.9038 | accuracy: 0.7333 | mean f1-score: 0.7035 | weighted f1-score: 0.7389
The epoch: 143 | phase: test | loss: 0.5882 | accuracy: 0.8792 | mean f1-score: 0.8562 | weighted f1-score: 0.8801
Epoch 143 completed in 0m 2s
Epoch 144/149
----------
The epoch: 144 | phase: train | loss: 0.0184 | accuracy: 0.9935 | mean f1-score: 0.9942 | weighted f1-score: 0.9935
The epoch: 144 | phase: val | loss: 1.8855 | accuracy: 0.7376 | mean f1-score: 0.7060 | weighted f1-score: 0.7438
The epoch: 144 | phase: test | loss: 0.6181 | accuracy: 0.8788 | mean f1-score: 0.8527 | weighted f1-score: 0.8792
Epoch 144 completed in 0m 2s
Epoch 145/149
----------
The epoch: 145 | phase: train | loss: 0.0189 | accuracy: 0.9937 | mean f1-score: 0.9949 | weighted f1-score: 0.9937
The epoch: 145 | phase: val | loss: 1.7549 | accuracy: 0.7409 | mean f1-score: 0.7058 | weighted f1-score: 0.7434
The epoch: 145 | phase: test | loss: 0.5572 | accuracy: 0.8826 | mean f1-score: 0.8621 | weighted f1-score: 0.8830
Epoch 145 completed in 0m 2s
Epoch 146/149
----------
The epoch: 146 | phase: train | loss: 0.0218 | accuracy: 0.9931 | mean f1-score: 0.9940 | weighted f1-score: 0.9931
The epoch: 146 | phase: val | loss: 1.9294 | accuracy: 0.7306 | mean f1-score: 0.6946 | weighted f1-score: 0.7309
The epoch: 146 | phase: test | loss: 0.5518 | accuracy: 0.8790 | mean f1-score: 0.8581 | weighted f1-score: 0.8799
Epoch 146 completed in 0m 2s
Epoch 147/149
----------
The epoch: 147 | phase: train | loss: 0.0182 | accuracy: 0.9941 | mean f1-score: 0.9950 | weighted f1-score: 0.9941
The epoch: 147 | phase: val | loss: 1.8228 | accuracy: 0.7371 | mean f1-score: 0.7049 | weighted f1-score: 0.7416
The epoch: 147 | phase: test | loss: 0.5604 | accuracy: 0.8783 | mean f1-score: 0.8550 | weighted f1-score: 0.8798
Epoch 147 completed in 0m 2s
Epoch 148/149
----------
The epoch: 148 | phase: train | loss: 0.0169 | accuracy: 0.9945 | mean f1-score: 0.9955 | weighted f1-score: 0.9945
The epoch: 148 | phase: val | loss: 1.8652 | accuracy: 0.7360 | mean f1-score: 0.7014 | weighted f1-score: 0.7376
The epoch: 148 | phase: test | loss: 0.5625 | accuracy: 0.8811 | mean f1-score: 0.8592 | weighted f1-score: 0.8823
Epoch 148 completed in 0m 2s
Epoch 149/149
----------
The epoch: 149 | phase: train | loss: 0.0190 | accuracy: 0.9944 | mean f1-score: 0.9955 | weighted f1-score: 0.9944
The epoch: 149 | phase: val | loss: 1.7991 | accuracy: 0.7403 | mean f1-score: 0.7083 | weighted f1-score: 0.7439
The epoch: 149 | phase: test | loss: 0.5616 | accuracy: 0.8818 | mean f1-score: 0.8580 | weighted f1-score: 0.8813
Epoch 149 completed in 0m 2s
The best epoch is 43
Phase: train, loss: 0.06027641103635565, accuracy: 0.9793094852299639, f1_score: 0.9810739066441932, f1_score weighted: 0.979308035379476 {'train': [], 'val': [], 'test': []}
Phase: val, loss: 1.087706571496943, accuracy: 0.7709677419354839, f1_score: 0.7292872460507215, f1_score weighted: 0.7745206564712154 {'train': [], 'val': [], 'test': []}
Phase: test, loss: 0.4021697239431357, accuracy: 0.8949383241173968, f1_score: 0.8701578250768395, f1_score weighted: 0.8928668029434657 {'train': [], 'val': [], 'test': []}
------ Evaluation complete! ------
