Namespace(window=50, overlap=25, batch_size=64, learning_rate=0.0005, num_epochs=150, gpu_id='0', dataset='realworld_waist', kernel_size=3, num_steps_prediction=28, classifier_lr=0.0005, classifier_batch_size=256, saved_model='/workspaces/betania.silva/ssl_tools/contrastive-predictive-coding-for-har/models/May-11-2024/kuhar_k_28_lr_0.0005_bs_64.pkl', learning_schedule='last_layer', random_seed=42, input_size=6, num_classes=7, root_dir='/workspaces/betania.silva/view_concatenated', data_file='realworld_waist', device=device(type='cuda', index=0), padding=1)
Data Raw (756959, 6)
Data (30277, 50, 6)
Labels (30277,)
Data Raw (159216, 6)
Data (6367, 50, 6)
Labels (6367,)
Data Raw (203798, 6)
Data (8150, 50, 6)
Labels (8150,)
The batch size for train phase is: 256
The batch size for val phase is: 256
The batch size for test phase is: 256
Loading the pre-trained weights
Epoch 0/149
----------
The epoch: 0 | phase: train | loss: 0.9704 | accuracy: 0.5854 | mean f1-score: 0.4936 | weighted f1-score: 0.5846
The epoch: 0 | phase: val | loss: 1.0841 | accuracy: 0.4757 | mean f1-score: 0.4634 | weighted f1-score: 0.4770
The epoch: 0 | phase: test | loss: 0.8608 | accuracy: 0.6433 | mean f1-score: 0.6429 | weighted f1-score: 0.6429
Epoch 0 completed in 0m 4s
Epoch 1/149
----------
The epoch: 1 | phase: train | loss: 0.8396 | accuracy: 0.6273 | mean f1-score: 0.6253 | weighted f1-score: 0.6308
The epoch: 1 | phase: val | loss: 1.0725 | accuracy: 0.4875 | mean f1-score: 0.4737 | weighted f1-score: 0.4882
The epoch: 1 | phase: test | loss: 0.8573 | accuracy: 0.6436 | mean f1-score: 0.6409 | weighted f1-score: 0.6408
Epoch 1 completed in 0m 3s
Epoch 2/149
----------
The epoch: 2 | phase: train | loss: 0.8202 | accuracy: 0.6366 | mean f1-score: 0.6354 | weighted f1-score: 0.6405
The epoch: 2 | phase: val | loss: 1.2114 | accuracy: 0.4439 | mean f1-score: 0.4009 | weighted f1-score: 0.4127
The epoch: 2 | phase: test | loss: 0.9427 | accuracy: 0.5533 | mean f1-score: 0.5138 | weighted f1-score: 0.5051
Epoch 2 completed in 0m 3s
Epoch 3/149
----------
The epoch: 3 | phase: train | loss: 0.8105 | accuracy: 0.6440 | mean f1-score: 0.6440 | weighted f1-score: 0.6486
The epoch: 3 | phase: val | loss: 1.3069 | accuracy: 0.4124 | mean f1-score: 0.3502 | weighted f1-score: 0.3600
The epoch: 3 | phase: test | loss: 0.9514 | accuracy: 0.5301 | mean f1-score: 0.4697 | weighted f1-score: 0.4614
Epoch 3 completed in 0m 4s
Epoch 4/149
----------
The epoch: 4 | phase: train | loss: 0.8050 | accuracy: 0.6472 | mean f1-score: 0.6469 | weighted f1-score: 0.6513
The epoch: 4 | phase: val | loss: 1.0740 | accuracy: 0.5210 | mean f1-score: 0.4710 | weighted f1-score: 0.4884
The epoch: 4 | phase: test | loss: 1.0023 | accuracy: 0.5869 | mean f1-score: 0.5385 | weighted f1-score: 0.5510
Epoch 4 completed in 0m 3s
Epoch 5/149
----------
The epoch: 5 | phase: train | loss: 0.8035 | accuracy: 0.6457 | mean f1-score: 0.6454 | weighted f1-score: 0.6499
The epoch: 5 | phase: val | loss: 1.3216 | accuracy: 0.4588 | mean f1-score: 0.3621 | weighted f1-score: 0.3800
The epoch: 5 | phase: test | loss: 1.1348 | accuracy: 0.5509 | mean f1-score: 0.4588 | weighted f1-score: 0.4672
Epoch 5 completed in 0m 3s
Epoch 6/149
----------
The epoch: 6 | phase: train | loss: 0.7937 | accuracy: 0.6544 | mean f1-score: 0.6539 | weighted f1-score: 0.6580
The epoch: 6 | phase: val | loss: 1.0265 | accuracy: 0.5266 | mean f1-score: 0.4949 | weighted f1-score: 0.4968
The epoch: 6 | phase: test | loss: 0.8965 | accuracy: 0.6045 | mean f1-score: 0.5717 | weighted f1-score: 0.5698
Epoch 6 completed in 0m 3s
Epoch 7/149
----------
The epoch: 7 | phase: train | loss: 0.7904 | accuracy: 0.6557 | mean f1-score: 0.6562 | weighted f1-score: 0.6607
The epoch: 7 | phase: val | loss: 1.1026 | accuracy: 0.4848 | mean f1-score: 0.4232 | weighted f1-score: 0.4362
The epoch: 7 | phase: test | loss: 0.9184 | accuracy: 0.5856 | mean f1-score: 0.5323 | weighted f1-score: 0.5386
Epoch 7 completed in 0m 3s
Epoch 8/149
----------
The epoch: 8 | phase: train | loss: 0.7836 | accuracy: 0.6578 | mean f1-score: 0.6585 | weighted f1-score: 0.6627
The epoch: 8 | phase: val | loss: 1.0119 | accuracy: 0.5070 | mean f1-score: 0.4498 | weighted f1-score: 0.4665
The epoch: 8 | phase: test | loss: 0.8667 | accuracy: 0.5812 | mean f1-score: 0.5403 | weighted f1-score: 0.5432
Epoch 8 completed in 0m 3s
Epoch 9/149
----------
The epoch: 9 | phase: train | loss: 0.7820 | accuracy: 0.6612 | mean f1-score: 0.6623 | weighted f1-score: 0.6664
The epoch: 9 | phase: val | loss: 1.4116 | accuracy: 0.4219 | mean f1-score: 0.3636 | weighted f1-score: 0.3741
The epoch: 9 | phase: test | loss: 1.0596 | accuracy: 0.5315 | mean f1-score: 0.4752 | weighted f1-score: 0.4653
Epoch 9 completed in 0m 3s
Epoch 10/149
----------
The epoch: 10 | phase: train | loss: 0.7812 | accuracy: 0.6618 | mean f1-score: 0.6626 | weighted f1-score: 0.6668
The epoch: 10 | phase: val | loss: 0.9902 | accuracy: 0.5276 | mean f1-score: 0.4871 | weighted f1-score: 0.4885
The epoch: 10 | phase: test | loss: 0.8067 | accuracy: 0.6342 | mean f1-score: 0.5914 | weighted f1-score: 0.5888
Epoch 10 completed in 0m 3s
Epoch 11/149
----------
The epoch: 11 | phase: train | loss: 0.7718 | accuracy: 0.6677 | mean f1-score: 0.6689 | weighted f1-score: 0.6726
The epoch: 11 | phase: val | loss: 0.9777 | accuracy: 0.5596 | mean f1-score: 0.5377 | weighted f1-score: 0.5372
The epoch: 11 | phase: test | loss: 0.8992 | accuracy: 0.6196 | mean f1-score: 0.5940 | weighted f1-score: 0.5924
Epoch 11 completed in 0m 3s
Epoch 12/149
----------
The epoch: 12 | phase: train | loss: 0.7696 | accuracy: 0.6675 | mean f1-score: 0.6684 | weighted f1-score: 0.6723
The epoch: 12 | phase: val | loss: 1.1755 | accuracy: 0.5180 | mean f1-score: 0.4760 | weighted f1-score: 0.4780
The epoch: 12 | phase: test | loss: 1.1228 | accuracy: 0.5714 | mean f1-score: 0.5250 | weighted f1-score: 0.5237
Epoch 12 completed in 0m 3s
Epoch 13/149
----------
The epoch: 13 | phase: train | loss: 0.7616 | accuracy: 0.6738 | mean f1-score: 0.6744 | weighted f1-score: 0.6781
The epoch: 13 | phase: val | loss: 0.9099 | accuracy: 0.6091 | mean f1-score: 0.6057 | weighted f1-score: 0.6119
The epoch: 13 | phase: test | loss: 0.7204 | accuracy: 0.7260 | mean f1-score: 0.7231 | weighted f1-score: 0.7275
Epoch 13 completed in 0m 3s
Epoch 14/149
----------
The epoch: 14 | phase: train | loss: 0.7524 | accuracy: 0.6794 | mean f1-score: 0.6809 | weighted f1-score: 0.6843
The epoch: 14 | phase: val | loss: 1.0989 | accuracy: 0.4525 | mean f1-score: 0.3951 | weighted f1-score: 0.4027
The epoch: 14 | phase: test | loss: 1.0207 | accuracy: 0.5518 | mean f1-score: 0.5138 | weighted f1-score: 0.5090
Epoch 14 completed in 0m 3s
Epoch 15/149
----------
The epoch: 15 | phase: train | loss: 0.7547 | accuracy: 0.6772 | mean f1-score: 0.6779 | weighted f1-score: 0.6817
The epoch: 15 | phase: val | loss: 1.1202 | accuracy: 0.5147 | mean f1-score: 0.4642 | weighted f1-score: 0.4673
The epoch: 15 | phase: test | loss: 0.8836 | accuracy: 0.6388 | mean f1-score: 0.5913 | weighted f1-score: 0.5865
Epoch 15 completed in 0m 3s
Epoch 16/149
----------
The epoch: 16 | phase: train | loss: 0.7528 | accuracy: 0.6768 | mean f1-score: 0.6781 | weighted f1-score: 0.6815
The epoch: 16 | phase: val | loss: 1.3930 | accuracy: 0.4844 | mean f1-score: 0.4239 | weighted f1-score: 0.4391
The epoch: 16 | phase: test | loss: 1.4165 | accuracy: 0.5588 | mean f1-score: 0.4925 | weighted f1-score: 0.5028
Epoch 16 completed in 0m 3s
Epoch 17/149
----------
The epoch: 17 | phase: train | loss: 0.7442 | accuracy: 0.6835 | mean f1-score: 0.6846 | weighted f1-score: 0.6876
The epoch: 17 | phase: val | loss: 0.9421 | accuracy: 0.5951 | mean f1-score: 0.5947 | weighted f1-score: 0.6045
The epoch: 17 | phase: test | loss: 0.7509 | accuracy: 0.7036 | mean f1-score: 0.7007 | weighted f1-score: 0.7025
Epoch 17 completed in 0m 3s
Epoch 18/149
----------
The epoch: 18 | phase: train | loss: 0.7450 | accuracy: 0.6806 | mean f1-score: 0.6822 | weighted f1-score: 0.6854
The epoch: 18 | phase: val | loss: 0.9201 | accuracy: 0.6169 | mean f1-score: 0.6066 | weighted f1-score: 0.6150
The epoch: 18 | phase: test | loss: 0.7737 | accuracy: 0.6831 | mean f1-score: 0.6697 | weighted f1-score: 0.6760
Epoch 18 completed in 0m 3s
Epoch 19/149
----------
The epoch: 19 | phase: train | loss: 0.7456 | accuracy: 0.6829 | mean f1-score: 0.6849 | weighted f1-score: 0.6880
The epoch: 19 | phase: val | loss: 1.1586 | accuracy: 0.5175 | mean f1-score: 0.4660 | weighted f1-score: 0.4683
The epoch: 19 | phase: test | loss: 0.9298 | accuracy: 0.6279 | mean f1-score: 0.5798 | weighted f1-score: 0.5772
Epoch 19 completed in 0m 3s
Epoch 20/149
----------
The epoch: 20 | phase: train | loss: 0.7490 | accuracy: 0.6781 | mean f1-score: 0.6786 | weighted f1-score: 0.6818
The epoch: 20 | phase: val | loss: 1.0323 | accuracy: 0.5205 | mean f1-score: 0.4806 | weighted f1-score: 0.4874
The epoch: 20 | phase: test | loss: 0.8652 | accuracy: 0.6160 | mean f1-score: 0.5827 | weighted f1-score: 0.5844
Epoch 20 completed in 0m 3s
Epoch 21/149
----------
The epoch: 21 | phase: train | loss: 0.7471 | accuracy: 0.6764 | mean f1-score: 0.6770 | weighted f1-score: 0.6804
The epoch: 21 | phase: val | loss: 1.0410 | accuracy: 0.4875 | mean f1-score: 0.4472 | weighted f1-score: 0.4531
The epoch: 21 | phase: test | loss: 0.8218 | accuracy: 0.6191 | mean f1-score: 0.5784 | weighted f1-score: 0.5756
Epoch 21 completed in 0m 4s
Epoch 22/149
----------
The epoch: 22 | phase: train | loss: 0.7434 | accuracy: 0.6796 | mean f1-score: 0.6804 | weighted f1-score: 0.6839
The epoch: 22 | phase: val | loss: 1.0449 | accuracy: 0.5540 | mean f1-score: 0.5264 | weighted f1-score: 0.5380
The epoch: 22 | phase: test | loss: 0.7198 | accuracy: 0.7071 | mean f1-score: 0.7013 | weighted f1-score: 0.7040
Epoch 22 completed in 0m 3s
Epoch 23/149
----------
The epoch: 23 | phase: train | loss: 0.7349 | accuracy: 0.6874 | mean f1-score: 0.6887 | weighted f1-score: 0.6917
The epoch: 23 | phase: val | loss: 0.9945 | accuracy: 0.5467 | mean f1-score: 0.5049 | weighted f1-score: 0.5192
The epoch: 23 | phase: test | loss: 0.8200 | accuracy: 0.6479 | mean f1-score: 0.6197 | weighted f1-score: 0.6278
Epoch 23 completed in 0m 3s
Epoch 24/149
----------
The epoch: 24 | phase: train | loss: 0.7317 | accuracy: 0.6870 | mean f1-score: 0.6884 | weighted f1-score: 0.6913
The epoch: 24 | phase: val | loss: 1.4246 | accuracy: 0.4806 | mean f1-score: 0.4195 | weighted f1-score: 0.4303
The epoch: 24 | phase: test | loss: 1.4262 | accuracy: 0.5335 | mean f1-score: 0.4612 | weighted f1-score: 0.4685
Epoch 24 completed in 0m 3s
Epoch 25/149
----------
The epoch: 25 | phase: train | loss: 0.7366 | accuracy: 0.6842 | mean f1-score: 0.6863 | weighted f1-score: 0.6893
The epoch: 25 | phase: val | loss: 1.1336 | accuracy: 0.5244 | mean f1-score: 0.4867 | weighted f1-score: 0.4882
The epoch: 25 | phase: test | loss: 1.2349 | accuracy: 0.5272 | mean f1-score: 0.4824 | weighted f1-score: 0.4806
Epoch 25 completed in 0m 3s
Epoch 26/149
----------
The epoch: 26 | phase: train | loss: 0.7310 | accuracy: 0.6873 | mean f1-score: 0.6892 | weighted f1-score: 0.6920
The epoch: 26 | phase: val | loss: 1.1800 | accuracy: 0.5045 | mean f1-score: 0.4366 | weighted f1-score: 0.4524
The epoch: 26 | phase: test | loss: 0.8521 | accuracy: 0.6000 | mean f1-score: 0.5699 | weighted f1-score: 0.5650
Epoch 26 completed in 0m 3s
Epoch 27/149
----------
The epoch: 27 | phase: train | loss: 0.7302 | accuracy: 0.6875 | mean f1-score: 0.6886 | weighted f1-score: 0.6913
The epoch: 27 | phase: val | loss: 1.0803 | accuracy: 0.5290 | mean f1-score: 0.4838 | weighted f1-score: 0.4849
The epoch: 27 | phase: test | loss: 0.9255 | accuracy: 0.6287 | mean f1-score: 0.5841 | weighted f1-score: 0.5810
Epoch 27 completed in 0m 3s
Epoch 28/149
----------
The epoch: 28 | phase: train | loss: 0.7212 | accuracy: 0.6898 | mean f1-score: 0.6913 | weighted f1-score: 0.6936
The epoch: 28 | phase: val | loss: 0.9291 | accuracy: 0.5816 | mean f1-score: 0.5731 | weighted f1-score: 0.5795
The epoch: 28 | phase: test | loss: 0.7349 | accuracy: 0.6945 | mean f1-score: 0.6856 | weighted f1-score: 0.6881
Epoch 28 completed in 0m 4s
Epoch 29/149
----------
The epoch: 29 | phase: train | loss: 0.7315 | accuracy: 0.6841 | mean f1-score: 0.6857 | weighted f1-score: 0.6882
The epoch: 29 | phase: val | loss: 1.2404 | accuracy: 0.4577 | mean f1-score: 0.4105 | weighted f1-score: 0.4165
The epoch: 29 | phase: test | loss: 0.8250 | accuracy: 0.6364 | mean f1-score: 0.5836 | weighted f1-score: 0.5816
Epoch 29 completed in 0m 3s
Epoch 30/149
----------
The epoch: 30 | phase: train | loss: 0.7228 | accuracy: 0.6920 | mean f1-score: 0.6934 | weighted f1-score: 0.6960
The epoch: 30 | phase: val | loss: 1.0374 | accuracy: 0.5635 | mean f1-score: 0.5303 | weighted f1-score: 0.5451
The epoch: 30 | phase: test | loss: 0.7663 | accuracy: 0.6789 | mean f1-score: 0.6606 | weighted f1-score: 0.6701
Epoch 30 completed in 0m 3s
Epoch 31/149
----------
The epoch: 31 | phase: train | loss: 0.7106 | accuracy: 0.6970 | mean f1-score: 0.6988 | weighted f1-score: 0.7013
The epoch: 31 | phase: val | loss: 1.5600 | accuracy: 0.4253 | mean f1-score: 0.3503 | weighted f1-score: 0.3607
The epoch: 31 | phase: test | loss: 1.1553 | accuracy: 0.5362 | mean f1-score: 0.4993 | weighted f1-score: 0.4938
Epoch 31 completed in 0m 3s
Epoch 32/149
----------
The epoch: 32 | phase: train | loss: 0.7106 | accuracy: 0.6970 | mean f1-score: 0.6988 | weighted f1-score: 0.7010
The epoch: 32 | phase: val | loss: 1.5502 | accuracy: 0.4197 | mean f1-score: 0.3612 | weighted f1-score: 0.3714
The epoch: 32 | phase: test | loss: 1.0515 | accuracy: 0.5460 | mean f1-score: 0.4971 | weighted f1-score: 0.4876
Epoch 32 completed in 0m 3s
Epoch 33/149
----------
The epoch: 33 | phase: train | loss: 0.7121 | accuracy: 0.6959 | mean f1-score: 0.6980 | weighted f1-score: 0.6999
The epoch: 33 | phase: val | loss: 0.9383 | accuracy: 0.5731 | mean f1-score: 0.5334 | weighted f1-score: 0.5387
The epoch: 33 | phase: test | loss: 0.7418 | accuracy: 0.6660 | mean f1-score: 0.6536 | weighted f1-score: 0.6477
Epoch 33 completed in 0m 3s
Epoch 34/149
----------
The epoch: 34 | phase: train | loss: 0.7072 | accuracy: 0.6988 | mean f1-score: 0.7014 | weighted f1-score: 0.7034
The epoch: 34 | phase: val | loss: 1.0387 | accuracy: 0.5183 | mean f1-score: 0.5011 | weighted f1-score: 0.5110
The epoch: 34 | phase: test | loss: 0.8920 | accuracy: 0.6364 | mean f1-score: 0.6280 | weighted f1-score: 0.6283
Epoch 34 completed in 0m 3s
Epoch 35/149
----------
The epoch: 35 | phase: train | loss: 0.7064 | accuracy: 0.7007 | mean f1-score: 0.7022 | weighted f1-score: 0.7044
The epoch: 35 | phase: val | loss: 1.1800 | accuracy: 0.4693 | mean f1-score: 0.4322 | weighted f1-score: 0.4449
The epoch: 35 | phase: test | loss: 0.8526 | accuracy: 0.6279 | mean f1-score: 0.6170 | weighted f1-score: 0.6169
Epoch 35 completed in 0m 3s
Epoch 36/149
----------
The epoch: 36 | phase: train | loss: 0.7039 | accuracy: 0.6995 | mean f1-score: 0.7021 | weighted f1-score: 0.7041
The epoch: 36 | phase: val | loss: 1.3225 | accuracy: 0.4123 | mean f1-score: 0.3535 | weighted f1-score: 0.3630
The epoch: 36 | phase: test | loss: 0.9521 | accuracy: 0.6083 | mean f1-score: 0.5620 | weighted f1-score: 0.5580
Epoch 36 completed in 0m 3s
Epoch 37/149
----------
The epoch: 37 | phase: train | loss: 0.7034 | accuracy: 0.6994 | mean f1-score: 0.7016 | weighted f1-score: 0.7035
The epoch: 37 | phase: val | loss: 1.0356 | accuracy: 0.5522 | mean f1-score: 0.5230 | weighted f1-score: 0.5351
The epoch: 37 | phase: test | loss: 0.7624 | accuracy: 0.6710 | mean f1-score: 0.6602 | weighted f1-score: 0.6595
Epoch 37 completed in 0m 3s
Epoch 38/149
----------
The epoch: 38 | phase: train | loss: 0.7059 | accuracy: 0.7005 | mean f1-score: 0.7030 | weighted f1-score: 0.7050
The epoch: 38 | phase: val | loss: 1.3213 | accuracy: 0.5277 | mean f1-score: 0.4773 | weighted f1-score: 0.4889
The epoch: 38 | phase: test | loss: 0.8495 | accuracy: 0.6572 | mean f1-score: 0.6251 | weighted f1-score: 0.6194
Epoch 38 completed in 0m 3s
Epoch 39/149
----------
The epoch: 39 | phase: train | loss: 0.7015 | accuracy: 0.7025 | mean f1-score: 0.7045 | weighted f1-score: 0.7067
The epoch: 39 | phase: val | loss: 1.0623 | accuracy: 0.5001 | mean f1-score: 0.4791 | weighted f1-score: 0.4875
The epoch: 39 | phase: test | loss: 0.7746 | accuracy: 0.6623 | mean f1-score: 0.6410 | weighted f1-score: 0.6415
Epoch 39 completed in 0m 3s
Epoch 40/149
----------
The epoch: 40 | phase: train | loss: 0.6959 | accuracy: 0.7059 | mean f1-score: 0.7084 | weighted f1-score: 0.7099
The epoch: 40 | phase: val | loss: 1.0106 | accuracy: 0.5342 | mean f1-score: 0.5145 | weighted f1-score: 0.5252
The epoch: 40 | phase: test | loss: 0.7572 | accuracy: 0.6930 | mean f1-score: 0.6922 | weighted f1-score: 0.6949
Epoch 40 completed in 0m 3s
Epoch 41/149
----------
The epoch: 41 | phase: train | loss: 0.7035 | accuracy: 0.6987 | mean f1-score: 0.7005 | weighted f1-score: 0.7026
The epoch: 41 | phase: val | loss: 1.0192 | accuracy: 0.6011 | mean f1-score: 0.5488 | weighted f1-score: 0.5679
The epoch: 41 | phase: test | loss: 0.9935 | accuracy: 0.5977 | mean f1-score: 0.5359 | weighted f1-score: 0.5504
Epoch 41 completed in 0m 3s
Epoch 42/149
----------
The epoch: 42 | phase: train | loss: 0.6970 | accuracy: 0.7036 | mean f1-score: 0.7064 | weighted f1-score: 0.7082
The epoch: 42 | phase: val | loss: 1.0335 | accuracy: 0.5475 | mean f1-score: 0.5137 | weighted f1-score: 0.5235
The epoch: 42 | phase: test | loss: 0.7044 | accuracy: 0.7151 | mean f1-score: 0.7120 | weighted f1-score: 0.7153
Epoch 42 completed in 0m 4s
Epoch 43/149
----------
The epoch: 43 | phase: train | loss: 0.6934 | accuracy: 0.7041 | mean f1-score: 0.7064 | weighted f1-score: 0.7083
The epoch: 43 | phase: val | loss: 1.7424 | accuracy: 0.4618 | mean f1-score: 0.4066 | weighted f1-score: 0.4189
The epoch: 43 | phase: test | loss: 1.5118 | accuracy: 0.4953 | mean f1-score: 0.4720 | weighted f1-score: 0.4610
Epoch 43 completed in 0m 3s
Epoch 44/149
----------
The epoch: 44 | phase: train | loss: 0.6969 | accuracy: 0.7034 | mean f1-score: 0.7054 | weighted f1-score: 0.7075
The epoch: 44 | phase: val | loss: 1.2448 | accuracy: 0.5251 | mean f1-score: 0.4694 | weighted f1-score: 0.4802
The epoch: 44 | phase: test | loss: 0.8339 | accuracy: 0.6393 | mean f1-score: 0.6225 | weighted f1-score: 0.6164
Epoch 44 completed in 0m 3s
Epoch 45/149
----------
The epoch: 45 | phase: train | loss: 0.6969 | accuracy: 0.7034 | mean f1-score: 0.7059 | weighted f1-score: 0.7076
The epoch: 45 | phase: val | loss: 1.4503 | accuracy: 0.4248 | mean f1-score: 0.3594 | weighted f1-score: 0.3688
The epoch: 45 | phase: test | loss: 1.1755 | accuracy: 0.5401 | mean f1-score: 0.4965 | weighted f1-score: 0.4893
Epoch 45 completed in 0m 3s
Epoch 46/149
----------
The epoch: 46 | phase: train | loss: 0.6955 | accuracy: 0.7028 | mean f1-score: 0.7054 | weighted f1-score: 0.7073
The epoch: 46 | phase: val | loss: 1.4397 | accuracy: 0.4913 | mean f1-score: 0.4180 | weighted f1-score: 0.4318
The epoch: 46 | phase: test | loss: 0.9918 | accuracy: 0.5994 | mean f1-score: 0.5668 | weighted f1-score: 0.5639
Epoch 46 completed in 0m 3s
Epoch 47/149
----------
The epoch: 47 | phase: train | loss: 0.6910 | accuracy: 0.7082 | mean f1-score: 0.7108 | weighted f1-score: 0.7124
The epoch: 47 | phase: val | loss: 1.3906 | accuracy: 0.5340 | mean f1-score: 0.4816 | weighted f1-score: 0.4932
The epoch: 47 | phase: test | loss: 0.9978 | accuracy: 0.6280 | mean f1-score: 0.5861 | weighted f1-score: 0.5751
Epoch 47 completed in 0m 3s
Epoch 48/149
----------
The epoch: 48 | phase: train | loss: 0.6841 | accuracy: 0.7101 | mean f1-score: 0.7128 | weighted f1-score: 0.7144
The epoch: 48 | phase: val | loss: 0.9201 | accuracy: 0.6113 | mean f1-score: 0.5988 | weighted f1-score: 0.6059
The epoch: 48 | phase: test | loss: 0.9057 | accuracy: 0.6807 | mean f1-score: 0.6828 | weighted f1-score: 0.6858
Epoch 48 completed in 0m 3s
Epoch 49/149
----------
The epoch: 49 | phase: train | loss: 0.6859 | accuracy: 0.7080 | mean f1-score: 0.7109 | weighted f1-score: 0.7124
The epoch: 49 | phase: val | loss: 1.0028 | accuracy: 0.5629 | mean f1-score: 0.5497 | weighted f1-score: 0.5576
The epoch: 49 | phase: test | loss: 0.7091 | accuracy: 0.6789 | mean f1-score: 0.6628 | weighted f1-score: 0.6634
Epoch 49 completed in 0m 3s
Epoch 50/149
----------
The epoch: 50 | phase: train | loss: 0.6832 | accuracy: 0.7132 | mean f1-score: 0.7155 | weighted f1-score: 0.7169
The epoch: 50 | phase: val | loss: 1.0959 | accuracy: 0.5009 | mean f1-score: 0.4774 | weighted f1-score: 0.4891
The epoch: 50 | phase: test | loss: 0.8333 | accuracy: 0.6401 | mean f1-score: 0.6348 | weighted f1-score: 0.6367
Epoch 50 completed in 0m 3s
Epoch 51/149
----------
The epoch: 51 | phase: train | loss: 0.6798 | accuracy: 0.7113 | mean f1-score: 0.7140 | weighted f1-score: 0.7155
The epoch: 51 | phase: val | loss: 1.3166 | accuracy: 0.4745 | mean f1-score: 0.4324 | weighted f1-score: 0.4459
The epoch: 51 | phase: test | loss: 1.0157 | accuracy: 0.5698 | mean f1-score: 0.5374 | weighted f1-score: 0.5294
Epoch 51 completed in 0m 3s
Epoch 52/149
----------
The epoch: 52 | phase: train | loss: 0.6807 | accuracy: 0.7115 | mean f1-score: 0.7142 | weighted f1-score: 0.7156
The epoch: 52 | phase: val | loss: 1.0154 | accuracy: 0.5395 | mean f1-score: 0.5250 | weighted f1-score: 0.5353
The epoch: 52 | phase: test | loss: 0.7719 | accuracy: 0.6730 | mean f1-score: 0.6696 | weighted f1-score: 0.6715
Epoch 52 completed in 0m 3s
Epoch 53/149
----------
The epoch: 53 | phase: train | loss: 0.6751 | accuracy: 0.7126 | mean f1-score: 0.7151 | weighted f1-score: 0.7165
The epoch: 53 | phase: val | loss: 1.6127 | accuracy: 0.4333 | mean f1-score: 0.3641 | weighted f1-score: 0.3754
The epoch: 53 | phase: test | loss: 1.3544 | accuracy: 0.5107 | mean f1-score: 0.4684 | weighted f1-score: 0.4584
Epoch 53 completed in 0m 3s
Epoch 54/149
----------
The epoch: 54 | phase: train | loss: 0.6700 | accuracy: 0.7162 | mean f1-score: 0.7191 | weighted f1-score: 0.7202
The epoch: 54 | phase: val | loss: 1.0427 | accuracy: 0.5638 | mean f1-score: 0.5190 | weighted f1-score: 0.5240
The epoch: 54 | phase: test | loss: 1.1368 | accuracy: 0.5848 | mean f1-score: 0.5494 | weighted f1-score: 0.5368
Epoch 54 completed in 0m 3s
Epoch 55/149
----------
The epoch: 55 | phase: train | loss: 0.6740 | accuracy: 0.7143 | mean f1-score: 0.7175 | weighted f1-score: 0.7186
The epoch: 55 | phase: val | loss: 1.0058 | accuracy: 0.5480 | mean f1-score: 0.5254 | weighted f1-score: 0.5295
The epoch: 55 | phase: test | loss: 0.8433 | accuracy: 0.6481 | mean f1-score: 0.6205 | weighted f1-score: 0.6201
Epoch 55 completed in 0m 4s
Epoch 56/149
----------
The epoch: 56 | phase: train | loss: 0.6678 | accuracy: 0.7165 | mean f1-score: 0.7202 | weighted f1-score: 0.7213
The epoch: 56 | phase: val | loss: 0.9175 | accuracy: 0.5847 | mean f1-score: 0.5674 | weighted f1-score: 0.5772
The epoch: 56 | phase: test | loss: 0.6854 | accuracy: 0.7125 | mean f1-score: 0.7078 | weighted f1-score: 0.7103
Epoch 56 completed in 0m 4s
Epoch 57/149
----------
The epoch: 57 | phase: train | loss: 0.6691 | accuracy: 0.7145 | mean f1-score: 0.7186 | weighted f1-score: 0.7195
The epoch: 57 | phase: val | loss: 1.4840 | accuracy: 0.5579 | mean f1-score: 0.5029 | weighted f1-score: 0.5099
The epoch: 57 | phase: test | loss: 1.1116 | accuracy: 0.6547 | mean f1-score: 0.6102 | weighted f1-score: 0.5968
Epoch 57 completed in 0m 3s
Epoch 58/149
----------
The epoch: 58 | phase: train | loss: 0.6681 | accuracy: 0.7163 | mean f1-score: 0.7189 | weighted f1-score: 0.7200
The epoch: 58 | phase: val | loss: 0.9078 | accuracy: 0.6008 | mean f1-score: 0.5764 | weighted f1-score: 0.5833
The epoch: 58 | phase: test | loss: 0.6850 | accuracy: 0.7333 | mean f1-score: 0.7303 | weighted f1-score: 0.7339
Epoch 58 completed in 0m 3s
Epoch 59/149
----------
The epoch: 59 | phase: train | loss: 0.6611 | accuracy: 0.7202 | mean f1-score: 0.7232 | weighted f1-score: 0.7243
The epoch: 59 | phase: val | loss: 1.1294 | accuracy: 0.5518 | mean f1-score: 0.5078 | weighted f1-score: 0.5113
The epoch: 59 | phase: test | loss: 0.7305 | accuracy: 0.6822 | mean f1-score: 0.6642 | weighted f1-score: 0.6574
Epoch 59 completed in 0m 3s
Epoch 60/149
----------
The epoch: 60 | phase: train | loss: 0.6618 | accuracy: 0.7199 | mean f1-score: 0.7235 | weighted f1-score: 0.7246
The epoch: 60 | phase: val | loss: 1.5765 | accuracy: 0.5186 | mean f1-score: 0.4663 | weighted f1-score: 0.4701
The epoch: 60 | phase: test | loss: 1.0419 | accuracy: 0.6412 | mean f1-score: 0.5993 | weighted f1-score: 0.5862
Epoch 60 completed in 0m 2s
Epoch 61/149
----------
The epoch: 61 | phase: train | loss: 0.6635 | accuracy: 0.7184 | mean f1-score: 0.7212 | weighted f1-score: 0.7223
The epoch: 61 | phase: val | loss: 0.9407 | accuracy: 0.5896 | mean f1-score: 0.5833 | weighted f1-score: 0.5909
The epoch: 61 | phase: test | loss: 0.6899 | accuracy: 0.7193 | mean f1-score: 0.7149 | weighted f1-score: 0.7186
Epoch 61 completed in 0m 2s
Epoch 62/149
----------
The epoch: 62 | phase: train | loss: 0.6627 | accuracy: 0.7187 | mean f1-score: 0.7220 | weighted f1-score: 0.7232
The epoch: 62 | phase: val | loss: 0.9460 | accuracy: 0.5496 | mean f1-score: 0.5188 | weighted f1-score: 0.5210
The epoch: 62 | phase: test | loss: 0.8442 | accuracy: 0.6471 | mean f1-score: 0.6179 | weighted f1-score: 0.6152
Epoch 62 completed in 0m 3s
Epoch 63/149
----------
The epoch: 63 | phase: train | loss: 0.6561 | accuracy: 0.7217 | mean f1-score: 0.7249 | weighted f1-score: 0.7256
The epoch: 63 | phase: val | loss: 1.0385 | accuracy: 0.5395 | mean f1-score: 0.5305 | weighted f1-score: 0.5391
The epoch: 63 | phase: test | loss: 0.7075 | accuracy: 0.6907 | mean f1-score: 0.6817 | weighted f1-score: 0.6831
Epoch 63 completed in 0m 3s
Epoch 64/149
----------
The epoch: 64 | phase: train | loss: 0.6595 | accuracy: 0.7204 | mean f1-score: 0.7239 | weighted f1-score: 0.7250
The epoch: 64 | phase: val | loss: 1.0536 | accuracy: 0.5502 | mean f1-score: 0.5256 | weighted f1-score: 0.5359
The epoch: 64 | phase: test | loss: 0.7773 | accuracy: 0.6714 | mean f1-score: 0.6544 | weighted f1-score: 0.6509
Epoch 64 completed in 0m 3s
Epoch 65/149
----------
The epoch: 65 | phase: train | loss: 0.6600 | accuracy: 0.7199 | mean f1-score: 0.7230 | weighted f1-score: 0.7240
The epoch: 65 | phase: val | loss: 1.2835 | accuracy: 0.5148 | mean f1-score: 0.4547 | weighted f1-score: 0.4686
The epoch: 65 | phase: test | loss: 1.0236 | accuracy: 0.5939 | mean f1-score: 0.5701 | weighted f1-score: 0.5679
Epoch 65 completed in 0m 3s
Epoch 66/149
----------
The epoch: 66 | phase: train | loss: 0.6555 | accuracy: 0.7224 | mean f1-score: 0.7255 | weighted f1-score: 0.7262
The epoch: 66 | phase: val | loss: 1.0487 | accuracy: 0.5847 | mean f1-score: 0.5485 | weighted f1-score: 0.5632
The epoch: 66 | phase: test | loss: 0.8587 | accuracy: 0.6494 | mean f1-score: 0.6181 | weighted f1-score: 0.6271
Epoch 66 completed in 0m 3s
Epoch 67/149
----------
The epoch: 67 | phase: train | loss: 0.6492 | accuracy: 0.7251 | mean f1-score: 0.7288 | weighted f1-score: 0.7295
The epoch: 67 | phase: val | loss: 0.7431 | accuracy: 0.6873 | mean f1-score: 0.6953 | weighted f1-score: 0.6974
The epoch: 67 | phase: test | loss: 0.6354 | accuracy: 0.7542 | mean f1-score: 0.7505 | weighted f1-score: 0.7555
Epoch 67 completed in 0m 3s
Epoch 68/149
----------
The epoch: 68 | phase: train | loss: 0.6495 | accuracy: 0.7235 | mean f1-score: 0.7267 | weighted f1-score: 0.7275
The epoch: 68 | phase: val | loss: 0.8462 | accuracy: 0.6224 | mean f1-score: 0.6208 | weighted f1-score: 0.6261
The epoch: 68 | phase: test | loss: 0.8091 | accuracy: 0.6823 | mean f1-score: 0.6816 | weighted f1-score: 0.6848
Epoch 68 completed in 0m 3s
Epoch 69/149
----------
The epoch: 69 | phase: train | loss: 0.6424 | accuracy: 0.7266 | mean f1-score: 0.7307 | weighted f1-score: 0.7312
The epoch: 69 | phase: val | loss: 1.0438 | accuracy: 0.5627 | mean f1-score: 0.5114 | weighted f1-score: 0.5206
The epoch: 69 | phase: test | loss: 0.8913 | accuracy: 0.6249 | mean f1-score: 0.5924 | weighted f1-score: 0.5826
Epoch 69 completed in 0m 3s
Epoch 70/149
----------
The epoch: 70 | phase: train | loss: 0.6477 | accuracy: 0.7262 | mean f1-score: 0.7296 | weighted f1-score: 0.7303
The epoch: 70 | phase: val | loss: 1.2115 | accuracy: 0.5161 | mean f1-score: 0.4568 | weighted f1-score: 0.4759
The epoch: 70 | phase: test | loss: 0.8138 | accuracy: 0.6515 | mean f1-score: 0.6240 | weighted f1-score: 0.6348
Epoch 70 completed in 0m 2s
Epoch 71/149
----------
The epoch: 71 | phase: train | loss: 0.6467 | accuracy: 0.7245 | mean f1-score: 0.7285 | weighted f1-score: 0.7293
The epoch: 71 | phase: val | loss: 1.3768 | accuracy: 0.5103 | mean f1-score: 0.4674 | weighted f1-score: 0.4816
The epoch: 71 | phase: test | loss: 1.0797 | accuracy: 0.6285 | mean f1-score: 0.5810 | weighted f1-score: 0.5712
Epoch 71 completed in 0m 3s
Epoch 72/149
----------
The epoch: 72 | phase: train | loss: 0.6632 | accuracy: 0.7177 | mean f1-score: 0.7210 | weighted f1-score: 0.7218
The epoch: 72 | phase: val | loss: 0.9808 | accuracy: 0.5910 | mean f1-score: 0.5581 | weighted f1-score: 0.5738
The epoch: 72 | phase: test | loss: 0.8739 | accuracy: 0.6436 | mean f1-score: 0.5996 | weighted f1-score: 0.6144
Epoch 72 completed in 0m 3s
Epoch 73/149
----------
The epoch: 73 | phase: train | loss: 0.6580 | accuracy: 0.7202 | mean f1-score: 0.7232 | weighted f1-score: 0.7242
The epoch: 73 | phase: val | loss: 0.8763 | accuracy: 0.6395 | mean f1-score: 0.6343 | weighted f1-score: 0.6410
The epoch: 73 | phase: test | loss: 0.6866 | accuracy: 0.7326 | mean f1-score: 0.7256 | weighted f1-score: 0.7314
Epoch 73 completed in 0m 2s
Epoch 74/149
----------
The epoch: 74 | phase: train | loss: 0.6517 | accuracy: 0.7242 | mean f1-score: 0.7283 | weighted f1-score: 0.7289
The epoch: 74 | phase: val | loss: 1.3364 | accuracy: 0.5207 | mean f1-score: 0.4955 | weighted f1-score: 0.5091
The epoch: 74 | phase: test | loss: 0.9058 | accuracy: 0.6729 | mean f1-score: 0.6719 | weighted f1-score: 0.6747
Epoch 74 completed in 0m 3s
Epoch 75/149
----------
The epoch: 75 | phase: train | loss: 0.6536 | accuracy: 0.7225 | mean f1-score: 0.7264 | weighted f1-score: 0.7273
The epoch: 75 | phase: val | loss: 1.1420 | accuracy: 0.5664 | mean f1-score: 0.5215 | weighted f1-score: 0.5268
The epoch: 75 | phase: test | loss: 1.1013 | accuracy: 0.6204 | mean f1-score: 0.5845 | weighted f1-score: 0.5719
Epoch 75 completed in 0m 3s
Epoch 76/149
----------
The epoch: 76 | phase: train | loss: 0.6460 | accuracy: 0.7254 | mean f1-score: 0.7290 | weighted f1-score: 0.7297
The epoch: 76 | phase: val | loss: 0.9402 | accuracy: 0.5668 | mean f1-score: 0.5422 | weighted f1-score: 0.5445
The epoch: 76 | phase: test | loss: 0.7916 | accuracy: 0.6637 | mean f1-score: 0.6409 | weighted f1-score: 0.6387
Epoch 76 completed in 0m 2s
Epoch 77/149
----------
The epoch: 77 | phase: train | loss: 0.6438 | accuracy: 0.7269 | mean f1-score: 0.7308 | weighted f1-score: 0.7315
The epoch: 77 | phase: val | loss: 1.4027 | accuracy: 0.5197 | mean f1-score: 0.4525 | weighted f1-score: 0.4630
The epoch: 77 | phase: test | loss: 0.9750 | accuracy: 0.6301 | mean f1-score: 0.5897 | weighted f1-score: 0.5766
Epoch 77 completed in 0m 3s
Epoch 78/149
----------
The epoch: 78 | phase: train | loss: 0.6397 | accuracy: 0.7287 | mean f1-score: 0.7319 | weighted f1-score: 0.7326
The epoch: 78 | phase: val | loss: 0.9368 | accuracy: 0.5975 | mean f1-score: 0.5935 | weighted f1-score: 0.6043
The epoch: 78 | phase: test | loss: 0.6453 | accuracy: 0.7374 | mean f1-score: 0.7331 | weighted f1-score: 0.7388
Epoch 78 completed in 0m 3s
Epoch 79/149
----------
The epoch: 79 | phase: train | loss: 0.6335 | accuracy: 0.7314 | mean f1-score: 0.7357 | weighted f1-score: 0.7363
The epoch: 79 | phase: val | loss: 0.9052 | accuracy: 0.5852 | mean f1-score: 0.5727 | weighted f1-score: 0.5810
The epoch: 79 | phase: test | loss: 0.8867 | accuracy: 0.6218 | mean f1-score: 0.6020 | weighted f1-score: 0.6055
Epoch 79 completed in 0m 2s
Epoch 80/149
----------
The epoch: 80 | phase: train | loss: 0.6367 | accuracy: 0.7277 | mean f1-score: 0.7314 | weighted f1-score: 0.7319
The epoch: 80 | phase: val | loss: 1.2462 | accuracy: 0.5301 | mean f1-score: 0.4704 | weighted f1-score: 0.4814
The epoch: 80 | phase: test | loss: 1.0141 | accuracy: 0.5874 | mean f1-score: 0.5507 | weighted f1-score: 0.5425
Epoch 80 completed in 0m 2s
Epoch 81/149
----------
The epoch: 81 | phase: train | loss: 0.6380 | accuracy: 0.7280 | mean f1-score: 0.7317 | weighted f1-score: 0.7320
The epoch: 81 | phase: val | loss: 1.4049 | accuracy: 0.5079 | mean f1-score: 0.4379 | weighted f1-score: 0.4537
The epoch: 81 | phase: test | loss: 1.1095 | accuracy: 0.5853 | mean f1-score: 0.5410 | weighted f1-score: 0.5342
Epoch 81 completed in 0m 3s
Epoch 82/149
----------
The epoch: 82 | phase: train | loss: 0.6376 | accuracy: 0.7296 | mean f1-score: 0.7327 | weighted f1-score: 0.7331
The epoch: 82 | phase: val | loss: 1.3298 | accuracy: 0.5582 | mean f1-score: 0.5092 | weighted f1-score: 0.5160
The epoch: 82 | phase: test | loss: 0.9661 | accuracy: 0.6420 | mean f1-score: 0.6124 | weighted f1-score: 0.6015
Epoch 82 completed in 0m 2s
Epoch 83/149
----------
The epoch: 83 | phase: train | loss: 0.6338 | accuracy: 0.7302 | mean f1-score: 0.7343 | weighted f1-score: 0.7345
The epoch: 83 | phase: val | loss: 1.4037 | accuracy: 0.4519 | mean f1-score: 0.4016 | weighted f1-score: 0.4105
The epoch: 83 | phase: test | loss: 0.9697 | accuracy: 0.5870 | mean f1-score: 0.5718 | weighted f1-score: 0.5713
Epoch 83 completed in 0m 3s
Epoch 84/149
----------
The epoch: 84 | phase: train | loss: 0.6272 | accuracy: 0.7356 | mean f1-score: 0.7403 | weighted f1-score: 0.7404
The epoch: 84 | phase: val | loss: 0.9254 | accuracy: 0.6055 | mean f1-score: 0.6031 | weighted f1-score: 0.6123
The epoch: 84 | phase: test | loss: 0.6815 | accuracy: 0.7114 | mean f1-score: 0.7072 | weighted f1-score: 0.7104
Epoch 84 completed in 0m 2s
Epoch 85/149
----------
The epoch: 85 | phase: train | loss: 0.6300 | accuracy: 0.7332 | mean f1-score: 0.7372 | weighted f1-score: 0.7371
The epoch: 85 | phase: val | loss: 0.9212 | accuracy: 0.6176 | mean f1-score: 0.6040 | weighted f1-score: 0.6137
The epoch: 85 | phase: test | loss: 0.7788 | accuracy: 0.6947 | mean f1-score: 0.6843 | weighted f1-score: 0.6905
Epoch 85 completed in 0m 3s
Epoch 86/149
----------
The epoch: 86 | phase: train | loss: 0.6241 | accuracy: 0.7365 | mean f1-score: 0.7407 | weighted f1-score: 0.7408
The epoch: 86 | phase: val | loss: 1.1219 | accuracy: 0.5747 | mean f1-score: 0.5241 | weighted f1-score: 0.5298
The epoch: 86 | phase: test | loss: 0.8462 | accuracy: 0.6587 | mean f1-score: 0.6269 | weighted f1-score: 0.6165
Epoch 86 completed in 0m 2s
Epoch 87/149
----------
The epoch: 87 | phase: train | loss: 0.6262 | accuracy: 0.7352 | mean f1-score: 0.7392 | weighted f1-score: 0.7395
The epoch: 87 | phase: val | loss: 0.8644 | accuracy: 0.6242 | mean f1-score: 0.6249 | weighted f1-score: 0.6328
The epoch: 87 | phase: test | loss: 0.6937 | accuracy: 0.7087 | mean f1-score: 0.7019 | weighted f1-score: 0.7046
Epoch 87 completed in 0m 3s
Epoch 88/149
----------
The epoch: 88 | phase: train | loss: 0.6259 | accuracy: 0.7358 | mean f1-score: 0.7399 | weighted f1-score: 0.7400
The epoch: 88 | phase: val | loss: 1.3341 | accuracy: 0.5123 | mean f1-score: 0.4577 | weighted f1-score: 0.4723
The epoch: 88 | phase: test | loss: 1.1330 | accuracy: 0.6094 | mean f1-score: 0.5590 | weighted f1-score: 0.5704
Epoch 88 completed in 0m 3s
Epoch 89/149
----------
The epoch: 89 | phase: train | loss: 0.6254 | accuracy: 0.7339 | mean f1-score: 0.7385 | weighted f1-score: 0.7387
The epoch: 89 | phase: val | loss: 0.8430 | accuracy: 0.6265 | mean f1-score: 0.6261 | weighted f1-score: 0.6292
The epoch: 89 | phase: test | loss: 0.6922 | accuracy: 0.7166 | mean f1-score: 0.7105 | weighted f1-score: 0.7134
Epoch 89 completed in 0m 3s
Epoch 90/149
----------
The epoch: 90 | phase: train | loss: 0.6246 | accuracy: 0.7352 | mean f1-score: 0.7392 | weighted f1-score: 0.7393
The epoch: 90 | phase: val | loss: 1.3413 | accuracy: 0.5337 | mean f1-score: 0.4881 | weighted f1-score: 0.4883
The epoch: 90 | phase: test | loss: 1.0514 | accuracy: 0.6445 | mean f1-score: 0.5987 | weighted f1-score: 0.5931
Epoch 90 completed in 0m 2s
Epoch 91/149
----------
The epoch: 91 | phase: train | loss: 0.6191 | accuracy: 0.7368 | mean f1-score: 0.7407 | weighted f1-score: 0.7408
The epoch: 91 | phase: val | loss: 1.4632 | accuracy: 0.4933 | mean f1-score: 0.4081 | weighted f1-score: 0.4285
The epoch: 91 | phase: test | loss: 1.2399 | accuracy: 0.5535 | mean f1-score: 0.5037 | weighted f1-score: 0.5069
Epoch 91 completed in 0m 2s
Epoch 92/149
----------
The epoch: 92 | phase: train | loss: 0.6164 | accuracy: 0.7401 | mean f1-score: 0.7442 | weighted f1-score: 0.7444
The epoch: 92 | phase: val | loss: 1.0685 | accuracy: 0.5544 | mean f1-score: 0.5410 | weighted f1-score: 0.5531
The epoch: 92 | phase: test | loss: 0.7134 | accuracy: 0.7101 | mean f1-score: 0.7063 | weighted f1-score: 0.7089
Epoch 92 completed in 0m 2s
Epoch 93/149
----------
The epoch: 93 | phase: train | loss: 0.6255 | accuracy: 0.7365 | mean f1-score: 0.7408 | weighted f1-score: 0.7409
The epoch: 93 | phase: val | loss: 0.8151 | accuracy: 0.6554 | mean f1-score: 0.6449 | weighted f1-score: 0.6503
The epoch: 93 | phase: test | loss: 0.9685 | accuracy: 0.6479 | mean f1-score: 0.6352 | weighted f1-score: 0.6398
Epoch 93 completed in 0m 2s
Epoch 94/149
----------
The epoch: 94 | phase: train | loss: 0.6212 | accuracy: 0.7373 | mean f1-score: 0.7413 | weighted f1-score: 0.7414
The epoch: 94 | phase: val | loss: 1.1025 | accuracy: 0.5434 | mean f1-score: 0.4913 | weighted f1-score: 0.4998
The epoch: 94 | phase: test | loss: 0.8071 | accuracy: 0.6428 | mean f1-score: 0.6118 | weighted f1-score: 0.6004
Epoch 94 completed in 0m 3s
Epoch 95/149
----------
The epoch: 95 | phase: train | loss: 0.6259 | accuracy: 0.7339 | mean f1-score: 0.7383 | weighted f1-score: 0.7384
The epoch: 95 | phase: val | loss: 0.8471 | accuracy: 0.6295 | mean f1-score: 0.6312 | weighted f1-score: 0.6344
The epoch: 95 | phase: test | loss: 0.6431 | accuracy: 0.7304 | mean f1-score: 0.7296 | weighted f1-score: 0.7302
Epoch 95 completed in 0m 2s
Epoch 96/149
----------
The epoch: 96 | phase: train | loss: 0.6226 | accuracy: 0.7362 | mean f1-score: 0.7400 | weighted f1-score: 0.7400
The epoch: 96 | phase: val | loss: 0.9028 | accuracy: 0.6300 | mean f1-score: 0.6128 | weighted f1-score: 0.6218
The epoch: 96 | phase: test | loss: 0.6985 | accuracy: 0.7190 | mean f1-score: 0.7103 | weighted f1-score: 0.7153
Epoch 96 completed in 0m 2s
Epoch 97/149
----------
The epoch: 97 | phase: train | loss: 0.6247 | accuracy: 0.7346 | mean f1-score: 0.7390 | weighted f1-score: 0.7392
The epoch: 97 | phase: val | loss: 1.1817 | accuracy: 0.5134 | mean f1-score: 0.4876 | weighted f1-score: 0.4934
The epoch: 97 | phase: test | loss: 0.8422 | accuracy: 0.6656 | mean f1-score: 0.6352 | weighted f1-score: 0.6340
Epoch 97 completed in 0m 2s
Epoch 98/149
----------
The epoch: 98 | phase: train | loss: 0.6231 | accuracy: 0.7367 | mean f1-score: 0.7406 | weighted f1-score: 0.7409
The epoch: 98 | phase: val | loss: 1.2925 | accuracy: 0.5532 | mean f1-score: 0.5031 | weighted f1-score: 0.5107
The epoch: 98 | phase: test | loss: 0.9460 | accuracy: 0.6562 | mean f1-score: 0.6167 | weighted f1-score: 0.6040
Epoch 98 completed in 0m 2s
Epoch 99/149
----------
The epoch: 99 | phase: train | loss: 0.6150 | accuracy: 0.7407 | mean f1-score: 0.7454 | weighted f1-score: 0.7454
The epoch: 99 | phase: val | loss: 1.4310 | accuracy: 0.4652 | mean f1-score: 0.4241 | weighted f1-score: 0.4368
The epoch: 99 | phase: test | loss: 0.9580 | accuracy: 0.5928 | mean f1-score: 0.5670 | weighted f1-score: 0.5621
Epoch 99 completed in 0m 2s
Epoch 100/149
----------
The epoch: 100 | phase: train | loss: 0.6088 | accuracy: 0.7409 | mean f1-score: 0.7455 | weighted f1-score: 0.7456
The epoch: 100 | phase: val | loss: 0.8504 | accuracy: 0.6336 | mean f1-score: 0.6340 | weighted f1-score: 0.6419
The epoch: 100 | phase: test | loss: 0.5923 | accuracy: 0.7680 | mean f1-score: 0.7643 | weighted f1-score: 0.7700
Epoch 100 completed in 0m 2s
Epoch 101/149
----------
The epoch: 101 | phase: train | loss: 0.6057 | accuracy: 0.7420 | mean f1-score: 0.7467 | weighted f1-score: 0.7466
The epoch: 101 | phase: val | loss: 0.8875 | accuracy: 0.6243 | mean f1-score: 0.6191 | weighted f1-score: 0.6258
The epoch: 101 | phase: test | loss: 0.6608 | accuracy: 0.7124 | mean f1-score: 0.7039 | weighted f1-score: 0.7053
Epoch 101 completed in 0m 2s
Epoch 102/149
----------
The epoch: 102 | phase: train | loss: 0.6093 | accuracy: 0.7422 | mean f1-score: 0.7465 | weighted f1-score: 0.7465
The epoch: 102 | phase: val | loss: 0.8913 | accuracy: 0.6056 | mean f1-score: 0.5958 | weighted f1-score: 0.6006
The epoch: 102 | phase: test | loss: 0.7194 | accuracy: 0.6979 | mean f1-score: 0.6853 | weighted f1-score: 0.6859
Epoch 102 completed in 0m 2s
Epoch 103/149
----------
The epoch: 103 | phase: train | loss: 0.6072 | accuracy: 0.7444 | mean f1-score: 0.7491 | weighted f1-score: 0.7490
The epoch: 103 | phase: val | loss: 1.1463 | accuracy: 0.5659 | mean f1-score: 0.5201 | weighted f1-score: 0.5262
The epoch: 103 | phase: test | loss: 0.7797 | accuracy: 0.7059 | mean f1-score: 0.6959 | weighted f1-score: 0.6926
Epoch 103 completed in 0m 2s
Epoch 104/149
----------
The epoch: 104 | phase: train | loss: 0.6020 | accuracy: 0.7458 | mean f1-score: 0.7508 | weighted f1-score: 0.7506
The epoch: 104 | phase: val | loss: 1.2268 | accuracy: 0.5607 | mean f1-score: 0.5138 | weighted f1-score: 0.5197
The epoch: 104 | phase: test | loss: 1.0535 | accuracy: 0.6263 | mean f1-score: 0.5918 | weighted f1-score: 0.5795
Epoch 104 completed in 0m 2s
Epoch 105/149
----------
The epoch: 105 | phase: train | loss: 0.6060 | accuracy: 0.7428 | mean f1-score: 0.7472 | weighted f1-score: 0.7472
The epoch: 105 | phase: val | loss: 0.9983 | accuracy: 0.5789 | mean f1-score: 0.5745 | weighted f1-score: 0.5842
The epoch: 105 | phase: test | loss: 0.7258 | accuracy: 0.6926 | mean f1-score: 0.6863 | weighted f1-score: 0.6891
Epoch 105 completed in 0m 2s
Epoch 106/149
----------
The epoch: 106 | phase: train | loss: 0.6052 | accuracy: 0.7445 | mean f1-score: 0.7494 | weighted f1-score: 0.7492
The epoch: 106 | phase: val | loss: 1.1469 | accuracy: 0.5285 | mean f1-score: 0.5048 | weighted f1-score: 0.5153
The epoch: 106 | phase: test | loss: 0.9446 | accuracy: 0.6413 | mean f1-score: 0.6242 | weighted f1-score: 0.6211
Epoch 106 completed in 0m 2s
Epoch 107/149
----------
The epoch: 107 | phase: train | loss: 0.5986 | accuracy: 0.7468 | mean f1-score: 0.7518 | weighted f1-score: 0.7515
The epoch: 107 | phase: val | loss: 0.8732 | accuracy: 0.6166 | mean f1-score: 0.6020 | weighted f1-score: 0.6054
The epoch: 107 | phase: test | loss: 0.6581 | accuracy: 0.7315 | mean f1-score: 0.7290 | weighted f1-score: 0.7285
Epoch 107 completed in 0m 3s
Epoch 108/149
----------
The epoch: 108 | phase: train | loss: 0.6011 | accuracy: 0.7472 | mean f1-score: 0.7517 | weighted f1-score: 0.7514
The epoch: 108 | phase: val | loss: 0.8480 | accuracy: 0.6355 | mean f1-score: 0.6297 | weighted f1-score: 0.6309
The epoch: 108 | phase: test | loss: 0.6756 | accuracy: 0.7088 | mean f1-score: 0.6964 | weighted f1-score: 0.6965
Epoch 108 completed in 0m 3s
Epoch 109/149
----------
The epoch: 109 | phase: train | loss: 0.5993 | accuracy: 0.7428 | mean f1-score: 0.7478 | weighted f1-score: 0.7474
The epoch: 109 | phase: val | loss: 1.1302 | accuracy: 0.5210 | mean f1-score: 0.4963 | weighted f1-score: 0.5088
The epoch: 109 | phase: test | loss: 0.8361 | accuracy: 0.6394 | mean f1-score: 0.6289 | weighted f1-score: 0.6289
Epoch 109 completed in 0m 3s
Epoch 110/149
----------
The epoch: 110 | phase: train | loss: 0.5996 | accuracy: 0.7469 | mean f1-score: 0.7521 | weighted f1-score: 0.7518
The epoch: 110 | phase: val | loss: 0.9325 | accuracy: 0.6001 | mean f1-score: 0.5890 | weighted f1-score: 0.5940
The epoch: 110 | phase: test | loss: 0.8047 | accuracy: 0.6822 | mean f1-score: 0.6644 | weighted f1-score: 0.6638
Epoch 110 completed in 0m 3s
Epoch 111/149
----------
The epoch: 111 | phase: train | loss: 0.5997 | accuracy: 0.7470 | mean f1-score: 0.7517 | weighted f1-score: 0.7516
The epoch: 111 | phase: val | loss: 0.9157 | accuracy: 0.5973 | mean f1-score: 0.5871 | weighted f1-score: 0.5963
The epoch: 111 | phase: test | loss: 0.6465 | accuracy: 0.7353 | mean f1-score: 0.7307 | weighted f1-score: 0.7333
Epoch 111 completed in 0m 2s
Epoch 112/149
----------
The epoch: 112 | phase: train | loss: 0.5939 | accuracy: 0.7476 | mean f1-score: 0.7529 | weighted f1-score: 0.7525
The epoch: 112 | phase: val | loss: 1.1209 | accuracy: 0.5199 | mean f1-score: 0.4913 | weighted f1-score: 0.5044
The epoch: 112 | phase: test | loss: 0.8009 | accuracy: 0.6731 | mean f1-score: 0.6680 | weighted f1-score: 0.6698
Epoch 112 completed in 0m 3s
Epoch 113/149
----------
The epoch: 113 | phase: train | loss: 0.5970 | accuracy: 0.7502 | mean f1-score: 0.7553 | weighted f1-score: 0.7550
The epoch: 113 | phase: val | loss: 1.1136 | accuracy: 0.5488 | mean f1-score: 0.5202 | weighted f1-score: 0.5333
The epoch: 113 | phase: test | loss: 0.7337 | accuracy: 0.6988 | mean f1-score: 0.6906 | weighted f1-score: 0.6951
Epoch 113 completed in 0m 2s
Epoch 114/149
----------
The epoch: 114 | phase: train | loss: 0.5975 | accuracy: 0.7475 | mean f1-score: 0.7526 | weighted f1-score: 0.7522
The epoch: 114 | phase: val | loss: 1.1166 | accuracy: 0.5464 | mean f1-score: 0.5056 | weighted f1-score: 0.5167
The epoch: 114 | phase: test | loss: 0.7819 | accuracy: 0.6874 | mean f1-score: 0.6814 | weighted f1-score: 0.6809
Epoch 114 completed in 0m 3s
Epoch 115/149
----------
The epoch: 115 | phase: train | loss: 0.5928 | accuracy: 0.7498 | mean f1-score: 0.7547 | weighted f1-score: 0.7543
The epoch: 115 | phase: val | loss: 1.1914 | accuracy: 0.5417 | mean f1-score: 0.4862 | weighted f1-score: 0.4958
The epoch: 115 | phase: test | loss: 0.9000 | accuracy: 0.6329 | mean f1-score: 0.6074 | weighted f1-score: 0.5989
Epoch 115 completed in 0m 3s
Epoch 116/149
----------
The epoch: 116 | phase: train | loss: 0.5977 | accuracy: 0.7468 | mean f1-score: 0.7514 | weighted f1-score: 0.7511
The epoch: 116 | phase: val | loss: 1.0246 | accuracy: 0.5954 | mean f1-score: 0.5758 | weighted f1-score: 0.5862
The epoch: 116 | phase: test | loss: 0.7055 | accuracy: 0.6937 | mean f1-score: 0.6869 | weighted f1-score: 0.6898
Epoch 116 completed in 0m 3s
Epoch 117/149
----------
The epoch: 117 | phase: train | loss: 0.5962 | accuracy: 0.7480 | mean f1-score: 0.7531 | weighted f1-score: 0.7526
The epoch: 117 | phase: val | loss: 1.0426 | accuracy: 0.5855 | mean f1-score: 0.5588 | weighted f1-score: 0.5596
The epoch: 117 | phase: test | loss: 0.8668 | accuracy: 0.6709 | mean f1-score: 0.6514 | weighted f1-score: 0.6508
Epoch 117 completed in 0m 2s
Epoch 118/149
----------
The epoch: 118 | phase: train | loss: 0.5937 | accuracy: 0.7483 | mean f1-score: 0.7535 | weighted f1-score: 0.7530
The epoch: 118 | phase: val | loss: 0.8695 | accuracy: 0.6193 | mean f1-score: 0.6137 | weighted f1-score: 0.6180
The epoch: 118 | phase: test | loss: 0.5960 | accuracy: 0.7645 | mean f1-score: 0.7631 | weighted f1-score: 0.7665
Epoch 118 completed in 0m 2s
Epoch 119/149
----------
The epoch: 119 | phase: train | loss: 0.5883 | accuracy: 0.7542 | mean f1-score: 0.7594 | weighted f1-score: 0.7591
The epoch: 119 | phase: val | loss: 1.1159 | accuracy: 0.5406 | mean f1-score: 0.4942 | weighted f1-score: 0.5068
The epoch: 119 | phase: test | loss: 0.7104 | accuracy: 0.7109 | mean f1-score: 0.6956 | weighted f1-score: 0.6945
Epoch 119 completed in 0m 2s
Epoch 120/149
----------
The epoch: 120 | phase: train | loss: 0.5914 | accuracy: 0.7492 | mean f1-score: 0.7541 | weighted f1-score: 0.7536
The epoch: 120 | phase: val | loss: 0.8744 | accuracy: 0.6165 | mean f1-score: 0.6039 | weighted f1-score: 0.6122
The epoch: 120 | phase: test | loss: 0.6354 | accuracy: 0.7463 | mean f1-score: 0.7427 | weighted f1-score: 0.7468
Epoch 120 completed in 0m 2s
Epoch 121/149
----------
The epoch: 121 | phase: train | loss: 0.5918 | accuracy: 0.7488 | mean f1-score: 0.7534 | weighted f1-score: 0.7531
The epoch: 121 | phase: val | loss: 1.1978 | accuracy: 0.5175 | mean f1-score: 0.4352 | weighted f1-score: 0.4487
The epoch: 121 | phase: test | loss: 1.0537 | accuracy: 0.5493 | mean f1-score: 0.5019 | weighted f1-score: 0.4909
Epoch 121 completed in 0m 3s
Epoch 122/149
----------
The epoch: 122 | phase: train | loss: 0.5998 | accuracy: 0.7472 | mean f1-score: 0.7521 | weighted f1-score: 0.7520
The epoch: 122 | phase: val | loss: 0.9223 | accuracy: 0.6000 | mean f1-score: 0.6015 | weighted f1-score: 0.6104
The epoch: 122 | phase: test | loss: 0.7227 | accuracy: 0.6903 | mean f1-score: 0.6829 | weighted f1-score: 0.6849
Epoch 122 completed in 0m 3s
Epoch 123/149
----------
The epoch: 123 | phase: train | loss: 0.5979 | accuracy: 0.7478 | mean f1-score: 0.7523 | weighted f1-score: 0.7522
The epoch: 123 | phase: val | loss: 1.1540 | accuracy: 0.5065 | mean f1-score: 0.4651 | weighted f1-score: 0.4703
The epoch: 123 | phase: test | loss: 0.8947 | accuracy: 0.6213 | mean f1-score: 0.5875 | weighted f1-score: 0.5838
Epoch 123 completed in 0m 3s
Epoch 124/149
----------
The epoch: 124 | phase: train | loss: 0.5939 | accuracy: 0.7497 | mean f1-score: 0.7544 | weighted f1-score: 0.7540
The epoch: 124 | phase: val | loss: 1.0606 | accuracy: 0.5496 | mean f1-score: 0.5183 | weighted f1-score: 0.5219
The epoch: 124 | phase: test | loss: 0.8752 | accuracy: 0.6591 | mean f1-score: 0.6292 | weighted f1-score: 0.6263
Epoch 124 completed in 0m 3s
Epoch 125/149
----------
The epoch: 125 | phase: train | loss: 0.5891 | accuracy: 0.7516 | mean f1-score: 0.7571 | weighted f1-score: 0.7565
The epoch: 125 | phase: val | loss: 0.8074 | accuracy: 0.6648 | mean f1-score: 0.6645 | weighted f1-score: 0.6667
The epoch: 125 | phase: test | loss: 0.6985 | accuracy: 0.7269 | mean f1-score: 0.7265 | weighted f1-score: 0.7289
Epoch 125 completed in 0m 3s
Epoch 126/149
----------
The epoch: 126 | phase: train | loss: 0.5861 | accuracy: 0.7521 | mean f1-score: 0.7573 | weighted f1-score: 0.7570
The epoch: 126 | phase: val | loss: 0.8832 | accuracy: 0.6256 | mean f1-score: 0.6207 | weighted f1-score: 0.6275
The epoch: 126 | phase: test | loss: 0.6784 | accuracy: 0.7198 | mean f1-score: 0.7165 | weighted f1-score: 0.7191
Epoch 126 completed in 0m 3s
Epoch 127/149
----------
The epoch: 127 | phase: train | loss: 0.5830 | accuracy: 0.7531 | mean f1-score: 0.7584 | weighted f1-score: 0.7579
The epoch: 127 | phase: val | loss: 0.9743 | accuracy: 0.5868 | mean f1-score: 0.5733 | weighted f1-score: 0.5820
The epoch: 127 | phase: test | loss: 0.7088 | accuracy: 0.7320 | mean f1-score: 0.7279 | weighted f1-score: 0.7298
Epoch 127 completed in 0m 3s
Epoch 128/149
----------
The epoch: 128 | phase: train | loss: 0.5853 | accuracy: 0.7514 | mean f1-score: 0.7563 | weighted f1-score: 0.7560
The epoch: 128 | phase: val | loss: 1.0113 | accuracy: 0.5684 | mean f1-score: 0.5453 | weighted f1-score: 0.5526
The epoch: 128 | phase: test | loss: 0.8253 | accuracy: 0.6568 | mean f1-score: 0.6379 | weighted f1-score: 0.6388
Epoch 128 completed in 0m 3s
Epoch 129/149
----------
The epoch: 129 | phase: train | loss: 0.5839 | accuracy: 0.7534 | mean f1-score: 0.7591 | weighted f1-score: 0.7586
The epoch: 129 | phase: val | loss: 0.8012 | accuracy: 0.6553 | mean f1-score: 0.6556 | weighted f1-score: 0.6609
The epoch: 129 | phase: test | loss: 0.6239 | accuracy: 0.7680 | mean f1-score: 0.7652 | weighted f1-score: 0.7702
Epoch 129 completed in 0m 3s
Epoch 130/149
----------
The epoch: 130 | phase: train | loss: 0.5812 | accuracy: 0.7558 | mean f1-score: 0.7615 | weighted f1-score: 0.7609
The epoch: 130 | phase: val | loss: 0.7727 | accuracy: 0.6595 | mean f1-score: 0.6391 | weighted f1-score: 0.6428
The epoch: 130 | phase: test | loss: 0.7260 | accuracy: 0.6856 | mean f1-score: 0.6665 | weighted f1-score: 0.6660
Epoch 130 completed in 0m 3s
Epoch 131/149
----------
The epoch: 131 | phase: train | loss: 0.5819 | accuracy: 0.7545 | mean f1-score: 0.7600 | weighted f1-score: 0.7595
The epoch: 131 | phase: val | loss: 0.8300 | accuracy: 0.6017 | mean f1-score: 0.5794 | weighted f1-score: 0.5828
The epoch: 131 | phase: test | loss: 0.8068 | accuracy: 0.6757 | mean f1-score: 0.6697 | weighted f1-score: 0.6664
Epoch 131 completed in 0m 3s
Epoch 132/149
----------
The epoch: 132 | phase: train | loss: 0.5811 | accuracy: 0.7557 | mean f1-score: 0.7610 | weighted f1-score: 0.7606
The epoch: 132 | phase: val | loss: 0.9267 | accuracy: 0.6388 | mean f1-score: 0.6443 | weighted f1-score: 0.6476
The epoch: 132 | phase: test | loss: 0.6560 | accuracy: 0.7406 | mean f1-score: 0.7330 | weighted f1-score: 0.7363
Epoch 132 completed in 0m 2s
Epoch 133/149
----------
The epoch: 133 | phase: train | loss: 0.5810 | accuracy: 0.7558 | mean f1-score: 0.7607 | weighted f1-score: 0.7604
The epoch: 133 | phase: val | loss: 1.1411 | accuracy: 0.5450 | mean f1-score: 0.4942 | weighted f1-score: 0.5033
The epoch: 133 | phase: test | loss: 0.9218 | accuracy: 0.6321 | mean f1-score: 0.6071 | weighted f1-score: 0.5978
Epoch 133 completed in 0m 3s
Epoch 134/149
----------
The epoch: 134 | phase: train | loss: 0.5832 | accuracy: 0.7561 | mean f1-score: 0.7614 | weighted f1-score: 0.7608
The epoch: 134 | phase: val | loss: 0.9079 | accuracy: 0.6084 | mean f1-score: 0.6018 | weighted f1-score: 0.6116
The epoch: 134 | phase: test | loss: 0.6223 | accuracy: 0.7456 | mean f1-score: 0.7428 | weighted f1-score: 0.7476
Epoch 134 completed in 0m 3s
Epoch 135/149
----------
The epoch: 135 | phase: train | loss: 0.5770 | accuracy: 0.7554 | mean f1-score: 0.7605 | weighted f1-score: 0.7599
The epoch: 135 | phase: val | loss: 1.4986 | accuracy: 0.4897 | mean f1-score: 0.4000 | weighted f1-score: 0.4220
The epoch: 135 | phase: test | loss: 1.2749 | accuracy: 0.5790 | mean f1-score: 0.5312 | weighted f1-score: 0.5349
Epoch 135 completed in 0m 4s
Epoch 136/149
----------
The epoch: 136 | phase: train | loss: 0.5803 | accuracy: 0.7550 | mean f1-score: 0.7602 | weighted f1-score: 0.7595
The epoch: 136 | phase: val | loss: 0.9119 | accuracy: 0.5979 | mean f1-score: 0.5831 | weighted f1-score: 0.5929
The epoch: 136 | phase: test | loss: 0.6692 | accuracy: 0.7431 | mean f1-score: 0.7398 | weighted f1-score: 0.7443
Epoch 136 completed in 0m 2s
Epoch 137/149
----------
The epoch: 137 | phase: train | loss: 0.5791 | accuracy: 0.7555 | mean f1-score: 0.7607 | weighted f1-score: 0.7602
The epoch: 137 | phase: val | loss: 0.9388 | accuracy: 0.5869 | mean f1-score: 0.5820 | weighted f1-score: 0.5917
The epoch: 137 | phase: test | loss: 0.7874 | accuracy: 0.6988 | mean f1-score: 0.6999 | weighted f1-score: 0.7032
Epoch 137 completed in 0m 2s
Epoch 138/149
----------
The epoch: 138 | phase: train | loss: 0.5753 | accuracy: 0.7580 | mean f1-score: 0.7634 | weighted f1-score: 0.7628
The epoch: 138 | phase: val | loss: 0.9031 | accuracy: 0.6220 | mean f1-score: 0.6234 | weighted f1-score: 0.6274
The epoch: 138 | phase: test | loss: 0.6090 | accuracy: 0.7623 | mean f1-score: 0.7563 | weighted f1-score: 0.7645
Epoch 138 completed in 0m 3s
Epoch 139/149
----------
The epoch: 139 | phase: train | loss: 0.5775 | accuracy: 0.7564 | mean f1-score: 0.7617 | weighted f1-score: 0.7610
The epoch: 139 | phase: val | loss: 0.9783 | accuracy: 0.5756 | mean f1-score: 0.5389 | weighted f1-score: 0.5440
The epoch: 139 | phase: test | loss: 0.8059 | accuracy: 0.6818 | mean f1-score: 0.6686 | weighted f1-score: 0.6621
Epoch 139 completed in 0m 3s
Epoch 140/149
----------
The epoch: 140 | phase: train | loss: 0.5818 | accuracy: 0.7558 | mean f1-score: 0.7616 | weighted f1-score: 0.7609
The epoch: 140 | phase: val | loss: 0.9215 | accuracy: 0.5979 | mean f1-score: 0.5962 | weighted f1-score: 0.6032
The epoch: 140 | phase: test | loss: 0.6542 | accuracy: 0.7519 | mean f1-score: 0.7498 | weighted f1-score: 0.7538
Epoch 140 completed in 0m 4s
Epoch 141/149
----------
The epoch: 141 | phase: train | loss: 0.5769 | accuracy: 0.7566 | mean f1-score: 0.7616 | weighted f1-score: 0.7612
The epoch: 141 | phase: val | loss: 1.7689 | accuracy: 0.4453 | mean f1-score: 0.3828 | weighted f1-score: 0.3914
The epoch: 141 | phase: test | loss: 1.5242 | accuracy: 0.5717 | mean f1-score: 0.5384 | weighted f1-score: 0.5333
Epoch 141 completed in 0m 3s
Epoch 142/149
----------
The epoch: 142 | phase: train | loss: 0.5747 | accuracy: 0.7574 | mean f1-score: 0.7621 | weighted f1-score: 0.7617
The epoch: 142 | phase: val | loss: 1.0206 | accuracy: 0.5615 | mean f1-score: 0.5301 | weighted f1-score: 0.5411
The epoch: 142 | phase: test | loss: 0.7002 | accuracy: 0.7093 | mean f1-score: 0.6993 | weighted f1-score: 0.6991
Epoch 142 completed in 0m 3s
Epoch 143/149
----------
The epoch: 143 | phase: train | loss: 0.5760 | accuracy: 0.7581 | mean f1-score: 0.7634 | weighted f1-score: 0.7631
The epoch: 143 | phase: val | loss: 1.6613 | accuracy: 0.4486 | mean f1-score: 0.3893 | weighted f1-score: 0.4010
The epoch: 143 | phase: test | loss: 1.2099 | accuracy: 0.5677 | mean f1-score: 0.5440 | weighted f1-score: 0.5386
Epoch 143 completed in 0m 3s
Epoch 144/149
----------
The epoch: 144 | phase: train | loss: 0.5702 | accuracy: 0.7619 | mean f1-score: 0.7667 | weighted f1-score: 0.7661
The epoch: 144 | phase: val | loss: 0.8372 | accuracy: 0.6477 | mean f1-score: 0.6429 | weighted f1-score: 0.6493
The epoch: 144 | phase: test | loss: 0.6304 | accuracy: 0.7524 | mean f1-score: 0.7493 | weighted f1-score: 0.7532
Epoch 144 completed in 0m 4s
Epoch 145/149
----------
The epoch: 145 | phase: train | loss: 0.5712 | accuracy: 0.7575 | mean f1-score: 0.7632 | weighted f1-score: 0.7624
The epoch: 145 | phase: val | loss: 0.8170 | accuracy: 0.6380 | mean f1-score: 0.6377 | weighted f1-score: 0.6419
The epoch: 145 | phase: test | loss: 0.6753 | accuracy: 0.7169 | mean f1-score: 0.7172 | weighted f1-score: 0.7163
Epoch 145 completed in 0m 2s
Epoch 146/149
----------
The epoch: 146 | phase: train | loss: 0.5702 | accuracy: 0.7593 | mean f1-score: 0.7646 | weighted f1-score: 0.7639
The epoch: 146 | phase: val | loss: 0.7916 | accuracy: 0.6531 | mean f1-score: 0.6552 | weighted f1-score: 0.6585
The epoch: 146 | phase: test | loss: 0.7271 | accuracy: 0.7228 | mean f1-score: 0.7156 | weighted f1-score: 0.7174
Epoch 146 completed in 0m 2s
Epoch 147/149
----------
The epoch: 147 | phase: train | loss: 0.5655 | accuracy: 0.7608 | mean f1-score: 0.7665 | weighted f1-score: 0.7655
The epoch: 147 | phase: val | loss: 1.1702 | accuracy: 0.5832 | mean f1-score: 0.5373 | weighted f1-score: 0.5415
The epoch: 147 | phase: test | loss: 1.0992 | accuracy: 0.6655 | mean f1-score: 0.6324 | weighted f1-score: 0.6198
Epoch 147 completed in 0m 2s
Epoch 148/149
----------
The epoch: 148 | phase: train | loss: 0.5684 | accuracy: 0.7590 | mean f1-score: 0.7648 | weighted f1-score: 0.7641
The epoch: 148 | phase: val | loss: 0.8165 | accuracy: 0.6496 | mean f1-score: 0.6499 | weighted f1-score: 0.6535
The epoch: 148 | phase: test | loss: 0.6859 | accuracy: 0.7314 | mean f1-score: 0.7307 | weighted f1-score: 0.7345
Epoch 148 completed in 0m 3s
Epoch 149/149
----------
The epoch: 149 | phase: train | loss: 0.5723 | accuracy: 0.7603 | mean f1-score: 0.7659 | weighted f1-score: 0.7653
The epoch: 149 | phase: val | loss: 1.1661 | accuracy: 0.5128 | mean f1-score: 0.4464 | weighted f1-score: 0.4619
The epoch: 149 | phase: test | loss: 0.9617 | accuracy: 0.5910 | mean f1-score: 0.5636 | weighted f1-score: 0.5599
Epoch 149 completed in 0m 5s
The best epoch is 67
Phase: train, loss: 0.6491929618351666, accuracy: 0.725137893450474, f1_score: 0.7288080533820721, f1_score weighted: 0.7295042467531682 {'train': [], 'val': [], 'test': []}
Phase: val, loss: 0.7431359230971376, accuracy: 0.6872938589602638, f1_score: 0.6953216848519963, f1_score weighted: 0.6974227050338929 {'train': [], 'val': [], 'test': []}
Phase: test, loss: 0.6354268163112292, accuracy: 0.7542331288343558, f1_score: 0.7504527824416218, f1_score weighted: 0.7554681134643011 {'train': [], 'val': [], 'test': []}
------ Evaluation complete! ------
