Namespace(window=50, overlap=25, batch_size=64, learning_rate=0.0005, num_epochs=150, gpu_id='0', dataset='realworld_thigh', kernel_size=3, num_steps_prediction=28, classifier_lr=0.0005, classifier_batch_size=256, saved_model='/workspaces/betania.silva/ssl_tools/contrastive-predictive-coding-for-har/models/May-11-2024/kuhar_k_28_lr_0.0005_bs_64.pkl', learning_schedule='last_layer', random_seed=42, input_size=6, num_classes=7, root_dir='/workspaces/betania.silva/view_concatenated', data_file='realworld_thigh', device=device(type='cuda', index=0), padding=1)
Data Raw (733232, 6)
Data (29328, 50, 6)
Labels (29328,)
Data Raw (159355, 6)
Data (6373, 50, 6)
Labels (6373,)
Data Raw (216933, 6)
Data (8676, 50, 6)
Labels (8676,)
The batch size for train phase is: 256
The batch size for val phase is: 256
The batch size for test phase is: 256
Loading the pre-trained weights
Epoch 0/149
----------
The epoch: 0 | phase: train | loss: 1.0276 | accuracy: 0.5628 | mean f1-score: 0.4556 | weighted f1-score: 0.5524
The epoch: 0 | phase: val | loss: 1.1569 | accuracy: 0.5382 | mean f1-score: 0.4843 | weighted f1-score: 0.4972
The epoch: 0 | phase: test | loss: 0.9285 | accuracy: 0.6078 | mean f1-score: 0.5476 | weighted f1-score: 0.5652
Epoch 0 completed in 0m 3s
Epoch 1/149
----------
The epoch: 1 | phase: train | loss: 0.8944 | accuracy: 0.6052 | mean f1-score: 0.5906 | weighted f1-score: 0.6048
The epoch: 1 | phase: val | loss: 1.3112 | accuracy: 0.5162 | mean f1-score: 0.4780 | weighted f1-score: 0.4867
The epoch: 1 | phase: test | loss: 0.9152 | accuracy: 0.6675 | mean f1-score: 0.6456 | weighted f1-score: 0.6521
Epoch 1 completed in 0m 2s
Epoch 2/149
----------
The epoch: 2 | phase: train | loss: 0.8597 | accuracy: 0.6307 | mean f1-score: 0.6196 | weighted f1-score: 0.6312
The epoch: 2 | phase: val | loss: 1.4724 | accuracy: 0.4880 | mean f1-score: 0.4589 | weighted f1-score: 0.4623
The epoch: 2 | phase: test | loss: 1.0076 | accuracy: 0.6638 | mean f1-score: 0.6476 | weighted f1-score: 0.6480
Epoch 2 completed in 0m 2s
Epoch 3/149
----------
The epoch: 3 | phase: train | loss: 0.8507 | accuracy: 0.6349 | mean f1-score: 0.6240 | weighted f1-score: 0.6353
The epoch: 3 | phase: val | loss: 1.0413 | accuracy: 0.5677 | mean f1-score: 0.5462 | weighted f1-score: 0.5554
The epoch: 3 | phase: test | loss: 0.8971 | accuracy: 0.6377 | mean f1-score: 0.6243 | weighted f1-score: 0.6359
Epoch 3 completed in 0m 2s
Epoch 4/149
----------
The epoch: 4 | phase: train | loss: 0.8306 | accuracy: 0.6445 | mean f1-score: 0.6360 | weighted f1-score: 0.6458
The epoch: 4 | phase: val | loss: 1.0212 | accuracy: 0.5396 | mean f1-score: 0.5120 | weighted f1-score: 0.5212
The epoch: 4 | phase: test | loss: 1.0412 | accuracy: 0.5531 | mean f1-score: 0.5252 | weighted f1-score: 0.5409
Epoch 4 completed in 0m 2s
Epoch 5/149
----------
The epoch: 5 | phase: train | loss: 0.8355 | accuracy: 0.6434 | mean f1-score: 0.6331 | weighted f1-score: 0.6439
The epoch: 5 | phase: val | loss: 1.5756 | accuracy: 0.5238 | mean f1-score: 0.4213 | weighted f1-score: 0.4356
The epoch: 5 | phase: test | loss: 1.2074 | accuracy: 0.5801 | mean f1-score: 0.4700 | weighted f1-score: 0.4840
Epoch 5 completed in 0m 2s
Epoch 6/149
----------
The epoch: 6 | phase: train | loss: 0.8228 | accuracy: 0.6483 | mean f1-score: 0.6393 | weighted f1-score: 0.6493
The epoch: 6 | phase: val | loss: 1.8160 | accuracy: 0.4800 | mean f1-score: 0.4132 | weighted f1-score: 0.4125
The epoch: 6 | phase: test | loss: 1.2734 | accuracy: 0.6070 | mean f1-score: 0.5406 | weighted f1-score: 0.5407
Epoch 6 completed in 0m 3s
Epoch 7/149
----------
The epoch: 7 | phase: train | loss: 0.8142 | accuracy: 0.6558 | mean f1-score: 0.6472 | weighted f1-score: 0.6568
The epoch: 7 | phase: val | loss: 1.6203 | accuracy: 0.4900 | mean f1-score: 0.4097 | weighted f1-score: 0.4093
The epoch: 7 | phase: test | loss: 1.2888 | accuracy: 0.5368 | mean f1-score: 0.4635 | weighted f1-score: 0.4661
Epoch 7 completed in 0m 3s
Epoch 8/149
----------
The epoch: 8 | phase: train | loss: 0.8016 | accuracy: 0.6632 | mean f1-score: 0.6548 | weighted f1-score: 0.6642
The epoch: 8 | phase: val | loss: 1.7374 | accuracy: 0.4850 | mean f1-score: 0.4346 | weighted f1-score: 0.4321
The epoch: 8 | phase: test | loss: 1.1657 | accuracy: 0.6203 | mean f1-score: 0.5780 | weighted f1-score: 0.5780
Epoch 8 completed in 0m 2s
Epoch 9/149
----------
The epoch: 9 | phase: train | loss: 0.7927 | accuracy: 0.6721 | mean f1-score: 0.6651 | weighted f1-score: 0.6736
The epoch: 9 | phase: val | loss: 2.2131 | accuracy: 0.4695 | mean f1-score: 0.3959 | weighted f1-score: 0.3939
The epoch: 9 | phase: test | loss: 1.6186 | accuracy: 0.5875 | mean f1-score: 0.5153 | weighted f1-score: 0.5149
Epoch 9 completed in 0m 2s
Epoch 10/149
----------
The epoch: 10 | phase: train | loss: 0.8038 | accuracy: 0.6634 | mean f1-score: 0.6548 | weighted f1-score: 0.6643
The epoch: 10 | phase: val | loss: 1.5232 | accuracy: 0.5399 | mean f1-score: 0.4308 | weighted f1-score: 0.4469
The epoch: 10 | phase: test | loss: 1.3575 | accuracy: 0.5898 | mean f1-score: 0.4827 | weighted f1-score: 0.4969
Epoch 10 completed in 0m 2s
Epoch 11/149
----------
The epoch: 11 | phase: train | loss: 0.8008 | accuracy: 0.6655 | mean f1-score: 0.6573 | weighted f1-score: 0.6665
The epoch: 11 | phase: val | loss: 2.8787 | accuracy: 0.4668 | mean f1-score: 0.3873 | weighted f1-score: 0.3818
The epoch: 11 | phase: test | loss: 2.2599 | accuracy: 0.5167 | mean f1-score: 0.4244 | weighted f1-score: 0.4283
Epoch 11 completed in 0m 2s
Epoch 12/149
----------
The epoch: 12 | phase: train | loss: 0.7955 | accuracy: 0.6660 | mean f1-score: 0.6579 | weighted f1-score: 0.6669
The epoch: 12 | phase: val | loss: 0.9990 | accuracy: 0.5999 | mean f1-score: 0.5895 | weighted f1-score: 0.5909
The epoch: 12 | phase: test | loss: 0.8245 | accuracy: 0.6440 | mean f1-score: 0.6182 | weighted f1-score: 0.6177
Epoch 12 completed in 0m 2s
Epoch 13/149
----------
The epoch: 13 | phase: train | loss: 0.7850 | accuracy: 0.6714 | mean f1-score: 0.6641 | weighted f1-score: 0.6727
The epoch: 13 | phase: val | loss: 1.5737 | accuracy: 0.4830 | mean f1-score: 0.4127 | weighted f1-score: 0.4124
The epoch: 13 | phase: test | loss: 1.1458 | accuracy: 0.5954 | mean f1-score: 0.5280 | weighted f1-score: 0.5282
Epoch 13 completed in 0m 3s
Epoch 14/149
----------
The epoch: 14 | phase: train | loss: 0.8174 | accuracy: 0.6557 | mean f1-score: 0.6452 | weighted f1-score: 0.6559
The epoch: 14 | phase: val | loss: 2.1620 | accuracy: 0.4949 | mean f1-score: 0.4159 | weighted f1-score: 0.4171
The epoch: 14 | phase: test | loss: 1.7476 | accuracy: 0.5243 | mean f1-score: 0.4576 | weighted f1-score: 0.4597
Epoch 14 completed in 0m 3s
Epoch 15/149
----------
The epoch: 15 | phase: train | loss: 0.7965 | accuracy: 0.6679 | mean f1-score: 0.6588 | weighted f1-score: 0.6685
The epoch: 15 | phase: val | loss: 1.3627 | accuracy: 0.5156 | mean f1-score: 0.4663 | weighted f1-score: 0.4680
The epoch: 15 | phase: test | loss: 1.5759 | accuracy: 0.4625 | mean f1-score: 0.4052 | weighted f1-score: 0.4086
Epoch 15 completed in 0m 3s
Epoch 16/149
----------
The epoch: 16 | phase: train | loss: 0.8043 | accuracy: 0.6606 | mean f1-score: 0.6517 | weighted f1-score: 0.6613
The epoch: 16 | phase: val | loss: 1.3800 | accuracy: 0.5263 | mean f1-score: 0.5031 | weighted f1-score: 0.5008
The epoch: 16 | phase: test | loss: 0.9337 | accuracy: 0.6588 | mean f1-score: 0.6402 | weighted f1-score: 0.6418
Epoch 16 completed in 0m 3s
Epoch 17/149
----------
The epoch: 17 | phase: train | loss: 0.7760 | accuracy: 0.6778 | mean f1-score: 0.6703 | weighted f1-score: 0.6788
The epoch: 17 | phase: val | loss: 2.0539 | accuracy: 0.4921 | mean f1-score: 0.4198 | weighted f1-score: 0.4264
The epoch: 17 | phase: test | loss: 1.5044 | accuracy: 0.5705 | mean f1-score: 0.4854 | weighted f1-score: 0.4922
Epoch 17 completed in 0m 2s
Epoch 18/149
----------
The epoch: 18 | phase: train | loss: 0.7783 | accuracy: 0.6747 | mean f1-score: 0.6670 | weighted f1-score: 0.6757
The epoch: 18 | phase: val | loss: 1.6610 | accuracy: 0.5023 | mean f1-score: 0.4506 | weighted f1-score: 0.4504
The epoch: 18 | phase: test | loss: 1.1678 | accuracy: 0.6239 | mean f1-score: 0.5694 | weighted f1-score: 0.5687
Epoch 18 completed in 0m 3s
Epoch 19/149
----------
The epoch: 19 | phase: train | loss: 0.7585 | accuracy: 0.6886 | mean f1-score: 0.6819 | weighted f1-score: 0.6898
The epoch: 19 | phase: val | loss: 1.7252 | accuracy: 0.5387 | mean f1-score: 0.5162 | weighted f1-score: 0.5217
The epoch: 19 | phase: test | loss: 1.1102 | accuracy: 0.6872 | mean f1-score: 0.6745 | weighted f1-score: 0.6753
Epoch 19 completed in 0m 3s
Epoch 20/149
----------
The epoch: 20 | phase: train | loss: 0.7782 | accuracy: 0.6742 | mean f1-score: 0.6663 | weighted f1-score: 0.6748
The epoch: 20 | phase: val | loss: 2.0979 | accuracy: 0.4662 | mean f1-score: 0.3878 | weighted f1-score: 0.3847
The epoch: 20 | phase: test | loss: 1.5346 | accuracy: 0.5636 | mean f1-score: 0.4688 | weighted f1-score: 0.4702
Epoch 20 completed in 0m 2s
Epoch 21/149
----------
The epoch: 21 | phase: train | loss: 0.7760 | accuracy: 0.6757 | mean f1-score: 0.6679 | weighted f1-score: 0.6766
The epoch: 21 | phase: val | loss: 1.5551 | accuracy: 0.5605 | mean f1-score: 0.5510 | weighted f1-score: 0.5509
The epoch: 21 | phase: test | loss: 1.1229 | accuracy: 0.6171 | mean f1-score: 0.5727 | weighted f1-score: 0.5715
Epoch 21 completed in 0m 2s
Epoch 22/149
----------
The epoch: 22 | phase: train | loss: 0.7659 | accuracy: 0.6823 | mean f1-score: 0.6755 | weighted f1-score: 0.6834
The epoch: 22 | phase: val | loss: 2.6687 | accuracy: 0.5002 | mean f1-score: 0.4200 | weighted f1-score: 0.4212
The epoch: 22 | phase: test | loss: 2.3913 | accuracy: 0.5035 | mean f1-score: 0.4414 | weighted f1-score: 0.4437
Epoch 22 completed in 0m 3s
Epoch 23/149
----------
The epoch: 23 | phase: train | loss: 0.7516 | accuracy: 0.6897 | mean f1-score: 0.6833 | weighted f1-score: 0.6907
The epoch: 23 | phase: val | loss: 1.0643 | accuracy: 0.5523 | mean f1-score: 0.4941 | weighted f1-score: 0.5095
The epoch: 23 | phase: test | loss: 0.9226 | accuracy: 0.6268 | mean f1-score: 0.5819 | weighted f1-score: 0.5992
Epoch 23 completed in 0m 3s
Epoch 24/149
----------
The epoch: 24 | phase: train | loss: 0.7375 | accuracy: 0.6986 | mean f1-score: 0.6928 | weighted f1-score: 0.6997
The epoch: 24 | phase: val | loss: 1.1619 | accuracy: 0.5377 | mean f1-score: 0.4961 | weighted f1-score: 0.5028
The epoch: 24 | phase: test | loss: 1.0748 | accuracy: 0.5818 | mean f1-score: 0.5584 | weighted f1-score: 0.5713
Epoch 24 completed in 0m 2s
Epoch 25/149
----------
The epoch: 25 | phase: train | loss: 0.7247 | accuracy: 0.7030 | mean f1-score: 0.6978 | weighted f1-score: 0.7044
The epoch: 25 | phase: val | loss: 1.2217 | accuracy: 0.5617 | mean f1-score: 0.5153 | weighted f1-score: 0.5196
The epoch: 25 | phase: test | loss: 1.0060 | accuracy: 0.6204 | mean f1-score: 0.5829 | weighted f1-score: 0.5824
Epoch 25 completed in 0m 2s
Epoch 26/149
----------
The epoch: 26 | phase: train | loss: 0.7306 | accuracy: 0.7020 | mean f1-score: 0.6965 | weighted f1-score: 0.7033
The epoch: 26 | phase: val | loss: 1.8803 | accuracy: 0.4965 | mean f1-score: 0.4391 | weighted f1-score: 0.4380
The epoch: 26 | phase: test | loss: 1.3877 | accuracy: 0.6142 | mean f1-score: 0.5639 | weighted f1-score: 0.5636
Epoch 26 completed in 0m 3s
Epoch 27/149
----------
The epoch: 27 | phase: train | loss: 0.7253 | accuracy: 0.7042 | mean f1-score: 0.6989 | weighted f1-score: 0.7054
The epoch: 27 | phase: val | loss: 1.5937 | accuracy: 0.4927 | mean f1-score: 0.4575 | weighted f1-score: 0.4568
The epoch: 27 | phase: test | loss: 1.0757 | accuracy: 0.6494 | mean f1-score: 0.6256 | weighted f1-score: 0.6257
Epoch 27 completed in 0m 2s
Epoch 28/149
----------
The epoch: 28 | phase: train | loss: 0.7154 | accuracy: 0.7082 | mean f1-score: 0.7032 | weighted f1-score: 0.7098
The epoch: 28 | phase: val | loss: 2.1542 | accuracy: 0.5294 | mean f1-score: 0.4837 | weighted f1-score: 0.4848
The epoch: 28 | phase: test | loss: 1.5103 | accuracy: 0.6485 | mean f1-score: 0.5884 | weighted f1-score: 0.5846
Epoch 28 completed in 0m 2s
Epoch 29/149
----------
The epoch: 29 | phase: train | loss: 0.7136 | accuracy: 0.7124 | mean f1-score: 0.7075 | weighted f1-score: 0.7138
The epoch: 29 | phase: val | loss: 1.9373 | accuracy: 0.5220 | mean f1-score: 0.5003 | weighted f1-score: 0.5015
The epoch: 29 | phase: test | loss: 1.2577 | accuracy: 0.7053 | mean f1-score: 0.6968 | weighted f1-score: 0.6959
Epoch 29 completed in 0m 2s
Epoch 30/149
----------
The epoch: 30 | phase: train | loss: 0.7146 | accuracy: 0.7094 | mean f1-score: 0.7042 | weighted f1-score: 0.7107
The epoch: 30 | phase: val | loss: 1.1560 | accuracy: 0.5718 | mean f1-score: 0.5316 | weighted f1-score: 0.5439
The epoch: 30 | phase: test | loss: 0.9099 | accuracy: 0.6257 | mean f1-score: 0.5769 | weighted f1-score: 0.5905
Epoch 30 completed in 0m 2s
Epoch 31/149
----------
The epoch: 31 | phase: train | loss: 0.7016 | accuracy: 0.7180 | mean f1-score: 0.7141 | weighted f1-score: 0.7199
The epoch: 31 | phase: val | loss: 1.2649 | accuracy: 0.5672 | mean f1-score: 0.5309 | weighted f1-score: 0.5360
The epoch: 31 | phase: test | loss: 1.3125 | accuracy: 0.5878 | mean f1-score: 0.5570 | weighted f1-score: 0.5573
Epoch 31 completed in 0m 2s
Epoch 32/149
----------
The epoch: 32 | phase: train | loss: 0.6907 | accuracy: 0.7240 | mean f1-score: 0.7203 | weighted f1-score: 0.7260
The epoch: 32 | phase: val | loss: 3.2424 | accuracy: 0.4651 | mean f1-score: 0.3963 | weighted f1-score: 0.3848
The epoch: 32 | phase: test | loss: 2.7223 | accuracy: 0.5402 | mean f1-score: 0.4426 | weighted f1-score: 0.4387
Epoch 32 completed in 0m 2s
Epoch 33/149
----------
The epoch: 33 | phase: train | loss: 0.6931 | accuracy: 0.7218 | mean f1-score: 0.7181 | weighted f1-score: 0.7242
The epoch: 33 | phase: val | loss: 2.6790 | accuracy: 0.4657 | mean f1-score: 0.4105 | weighted f1-score: 0.4146
The epoch: 33 | phase: test | loss: 2.1084 | accuracy: 0.5383 | mean f1-score: 0.4610 | weighted f1-score: 0.4683
Epoch 33 completed in 0m 2s
Epoch 34/149
----------
The epoch: 34 | phase: train | loss: 0.7023 | accuracy: 0.7154 | mean f1-score: 0.7114 | weighted f1-score: 0.7176
The epoch: 34 | phase: val | loss: 2.8460 | accuracy: 0.4665 | mean f1-score: 0.3892 | weighted f1-score: 0.3871
The epoch: 34 | phase: test | loss: 2.3121 | accuracy: 0.5501 | mean f1-score: 0.4540 | weighted f1-score: 0.4546
Epoch 34 completed in 0m 2s
Epoch 35/149
----------
The epoch: 35 | phase: train | loss: 0.6932 | accuracy: 0.7216 | mean f1-score: 0.7181 | weighted f1-score: 0.7241
The epoch: 35 | phase: val | loss: 2.1697 | accuracy: 0.4908 | mean f1-score: 0.4487 | weighted f1-score: 0.4467
The epoch: 35 | phase: test | loss: 1.5171 | accuracy: 0.6408 | mean f1-score: 0.6065 | weighted f1-score: 0.6063
Epoch 35 completed in 0m 2s
Epoch 36/149
----------
The epoch: 36 | phase: train | loss: 0.6920 | accuracy: 0.7202 | mean f1-score: 0.7169 | weighted f1-score: 0.7225
The epoch: 36 | phase: val | loss: 3.4008 | accuracy: 0.4808 | mean f1-score: 0.4022 | weighted f1-score: 0.4012
The epoch: 36 | phase: test | loss: 2.9218 | accuracy: 0.5518 | mean f1-score: 0.4730 | weighted f1-score: 0.4736
Epoch 36 completed in 0m 2s
Epoch 37/149
----------
The epoch: 37 | phase: train | loss: 0.6736 | accuracy: 0.7319 | mean f1-score: 0.7295 | weighted f1-score: 0.7344
The epoch: 37 | phase: val | loss: 1.7930 | accuracy: 0.5198 | mean f1-score: 0.4802 | weighted f1-score: 0.4798
The epoch: 37 | phase: test | loss: 1.5244 | accuracy: 0.6221 | mean f1-score: 0.5686 | weighted f1-score: 0.5675
Epoch 37 completed in 0m 2s
Epoch 38/149
----------
The epoch: 38 | phase: train | loss: 0.6696 | accuracy: 0.7339 | mean f1-score: 0.7324 | weighted f1-score: 0.7372
The epoch: 38 | phase: val | loss: 2.5795 | accuracy: 0.4938 | mean f1-score: 0.4311 | weighted f1-score: 0.4317
The epoch: 38 | phase: test | loss: 2.2970 | accuracy: 0.6051 | mean f1-score: 0.5520 | weighted f1-score: 0.5518
Epoch 38 completed in 0m 2s
Epoch 39/149
----------
The epoch: 39 | phase: train | loss: 0.6765 | accuracy: 0.7288 | mean f1-score: 0.7262 | weighted f1-score: 0.7316
The epoch: 39 | phase: val | loss: 1.8261 | accuracy: 0.4791 | mean f1-score: 0.4264 | weighted f1-score: 0.4336
The epoch: 39 | phase: test | loss: 1.7321 | accuracy: 0.5627 | mean f1-score: 0.5248 | weighted f1-score: 0.5220
Epoch 39 completed in 0m 2s
Epoch 40/149
----------
The epoch: 40 | phase: train | loss: 0.6707 | accuracy: 0.7337 | mean f1-score: 0.7315 | weighted f1-score: 0.7366
The epoch: 40 | phase: val | loss: 2.5831 | accuracy: 0.5123 | mean f1-score: 0.4643 | weighted f1-score: 0.4640
The epoch: 40 | phase: test | loss: 2.2272 | accuracy: 0.6377 | mean f1-score: 0.5779 | weighted f1-score: 0.5735
Epoch 40 completed in 0m 2s
Epoch 41/149
----------
The epoch: 41 | phase: train | loss: 0.6726 | accuracy: 0.7318 | mean f1-score: 0.7299 | weighted f1-score: 0.7352
The epoch: 41 | phase: val | loss: 2.1698 | accuracy: 0.5037 | mean f1-score: 0.4669 | weighted f1-score: 0.4616
The epoch: 41 | phase: test | loss: 1.7149 | accuracy: 0.5958 | mean f1-score: 0.5408 | weighted f1-score: 0.5378
Epoch 41 completed in 0m 2s
Epoch 42/149
----------
The epoch: 42 | phase: train | loss: 0.6693 | accuracy: 0.7341 | mean f1-score: 0.7320 | weighted f1-score: 0.7370
The epoch: 42 | phase: val | loss: 1.5955 | accuracy: 0.4849 | mean f1-score: 0.4246 | weighted f1-score: 0.4346
The epoch: 42 | phase: test | loss: 1.1517 | accuracy: 0.6171 | mean f1-score: 0.5574 | weighted f1-score: 0.5742
Epoch 42 completed in 0m 2s
Epoch 43/149
----------
The epoch: 43 | phase: train | loss: 0.6566 | accuracy: 0.7399 | mean f1-score: 0.7390 | weighted f1-score: 0.7435
The epoch: 43 | phase: val | loss: 2.7301 | accuracy: 0.4690 | mean f1-score: 0.4010 | weighted f1-score: 0.4003
The epoch: 43 | phase: test | loss: 2.3580 | accuracy: 0.5561 | mean f1-score: 0.4750 | weighted f1-score: 0.4727
Epoch 43 completed in 0m 2s
Epoch 44/149
----------
The epoch: 44 | phase: train | loss: 0.6536 | accuracy: 0.7419 | mean f1-score: 0.7409 | weighted f1-score: 0.7453
The epoch: 44 | phase: val | loss: 1.3182 | accuracy: 0.5669 | mean f1-score: 0.5291 | weighted f1-score: 0.5333
The epoch: 44 | phase: test | loss: 1.2806 | accuracy: 0.6217 | mean f1-score: 0.5710 | weighted f1-score: 0.5673
Epoch 44 completed in 0m 2s
Epoch 45/149
----------
The epoch: 45 | phase: train | loss: 0.6608 | accuracy: 0.7378 | mean f1-score: 0.7364 | weighted f1-score: 0.7411
The epoch: 45 | phase: val | loss: 1.3314 | accuracy: 0.4962 | mean f1-score: 0.4309 | weighted f1-score: 0.4423
The epoch: 45 | phase: test | loss: 0.9642 | accuracy: 0.6143 | mean f1-score: 0.5501 | weighted f1-score: 0.5688
Epoch 45 completed in 0m 2s
Epoch 46/149
----------
The epoch: 46 | phase: train | loss: 0.6518 | accuracy: 0.7411 | mean f1-score: 0.7406 | weighted f1-score: 0.7449
The epoch: 46 | phase: val | loss: 1.5305 | accuracy: 0.5354 | mean f1-score: 0.4504 | weighted f1-score: 0.4649
The epoch: 46 | phase: test | loss: 1.2616 | accuracy: 0.6132 | mean f1-score: 0.5335 | weighted f1-score: 0.5409
Epoch 46 completed in 0m 3s
Epoch 47/149
----------
The epoch: 47 | phase: train | loss: 0.6489 | accuracy: 0.7445 | mean f1-score: 0.7435 | weighted f1-score: 0.7480
The epoch: 47 | phase: val | loss: 1.5603 | accuracy: 0.5708 | mean f1-score: 0.5327 | weighted f1-score: 0.5370
The epoch: 47 | phase: test | loss: 1.3298 | accuracy: 0.6297 | mean f1-score: 0.5940 | weighted f1-score: 0.5929
Epoch 47 completed in 0m 2s
Epoch 48/149
----------
The epoch: 48 | phase: train | loss: 0.6547 | accuracy: 0.7419 | mean f1-score: 0.7408 | weighted f1-score: 0.7456
The epoch: 48 | phase: val | loss: 1.6418 | accuracy: 0.5434 | mean f1-score: 0.4853 | weighted f1-score: 0.4910
The epoch: 48 | phase: test | loss: 1.2234 | accuracy: 0.6556 | mean f1-score: 0.5976 | weighted f1-score: 0.5941
Epoch 48 completed in 0m 3s
Epoch 49/149
----------
The epoch: 49 | phase: train | loss: 0.6523 | accuracy: 0.7423 | mean f1-score: 0.7411 | weighted f1-score: 0.7459
The epoch: 49 | phase: val | loss: 3.8213 | accuracy: 0.4823 | mean f1-score: 0.4021 | weighted f1-score: 0.4022
The epoch: 49 | phase: test | loss: 3.2181 | accuracy: 0.5454 | mean f1-score: 0.4679 | weighted f1-score: 0.4705
Epoch 49 completed in 0m 3s
Epoch 50/149
----------
The epoch: 50 | phase: train | loss: 0.6578 | accuracy: 0.7402 | mean f1-score: 0.7386 | weighted f1-score: 0.7437
The epoch: 50 | phase: val | loss: 1.1870 | accuracy: 0.5274 | mean f1-score: 0.4942 | weighted f1-score: 0.5023
The epoch: 50 | phase: test | loss: 0.9179 | accuracy: 0.6494 | mean f1-score: 0.6315 | weighted f1-score: 0.6387
Epoch 50 completed in 0m 2s
Epoch 51/149
----------
The epoch: 51 | phase: train | loss: 0.6373 | accuracy: 0.7484 | mean f1-score: 0.7479 | weighted f1-score: 0.7523
The epoch: 51 | phase: val | loss: 1.6635 | accuracy: 0.5431 | mean f1-score: 0.5116 | weighted f1-score: 0.5193
The epoch: 51 | phase: test | loss: 1.2351 | accuracy: 0.6736 | mean f1-score: 0.6566 | weighted f1-score: 0.6592
Epoch 51 completed in 0m 3s
Epoch 52/149
----------
The epoch: 52 | phase: train | loss: 0.6315 | accuracy: 0.7532 | mean f1-score: 0.7530 | weighted f1-score: 0.7571
The epoch: 52 | phase: val | loss: 1.3144 | accuracy: 0.5534 | mean f1-score: 0.5010 | weighted f1-score: 0.5162
The epoch: 52 | phase: test | loss: 1.0146 | accuracy: 0.6488 | mean f1-score: 0.6026 | weighted f1-score: 0.6188
Epoch 52 completed in 0m 3s
Epoch 53/149
----------
The epoch: 53 | phase: train | loss: 0.6271 | accuracy: 0.7536 | mean f1-score: 0.7539 | weighted f1-score: 0.7579
The epoch: 53 | phase: val | loss: 2.0929 | accuracy: 0.4433 | mean f1-score: 0.3377 | weighted f1-score: 0.3553
The epoch: 53 | phase: test | loss: 1.6905 | accuracy: 0.5248 | mean f1-score: 0.4387 | weighted f1-score: 0.4407
Epoch 53 completed in 0m 3s
Epoch 54/149
----------
The epoch: 54 | phase: train | loss: 0.6367 | accuracy: 0.7523 | mean f1-score: 0.7520 | weighted f1-score: 0.7563
The epoch: 54 | phase: val | loss: 2.0112 | accuracy: 0.5765 | mean f1-score: 0.5639 | weighted f1-score: 0.5650
The epoch: 54 | phase: test | loss: 1.3461 | accuracy: 0.6744 | mean f1-score: 0.6441 | weighted f1-score: 0.6407
Epoch 54 completed in 0m 2s
Epoch 55/149
----------
The epoch: 55 | phase: train | loss: 0.6332 | accuracy: 0.7549 | mean f1-score: 0.7549 | weighted f1-score: 0.7590
The epoch: 55 | phase: val | loss: 1.0550 | accuracy: 0.6102 | mean f1-score: 0.5635 | weighted f1-score: 0.5785
The epoch: 55 | phase: test | loss: 0.9395 | accuracy: 0.6502 | mean f1-score: 0.6094 | weighted f1-score: 0.6239
Epoch 55 completed in 0m 2s
Epoch 56/149
----------
The epoch: 56 | phase: train | loss: 0.6299 | accuracy: 0.7558 | mean f1-score: 0.7560 | weighted f1-score: 0.7599
The epoch: 56 | phase: val | loss: 4.1209 | accuracy: 0.4307 | mean f1-score: 0.3843 | weighted f1-score: 0.3758
The epoch: 56 | phase: test | loss: 3.6898 | accuracy: 0.4881 | mean f1-score: 0.4217 | weighted f1-score: 0.4258
Epoch 56 completed in 0m 2s
Epoch 57/149
----------
The epoch: 57 | phase: train | loss: 0.6236 | accuracy: 0.7595 | mean f1-score: 0.7598 | weighted f1-score: 0.7636
The epoch: 57 | phase: val | loss: 1.6679 | accuracy: 0.5191 | mean f1-score: 0.4536 | weighted f1-score: 0.4662
The epoch: 57 | phase: test | loss: 1.2149 | accuracy: 0.5837 | mean f1-score: 0.5198 | weighted f1-score: 0.5222
Epoch 57 completed in 0m 2s
Epoch 58/149
----------
The epoch: 58 | phase: train | loss: 0.6168 | accuracy: 0.7609 | mean f1-score: 0.7615 | weighted f1-score: 0.7651
The epoch: 58 | phase: val | loss: 2.0865 | accuracy: 0.5487 | mean f1-score: 0.5204 | weighted f1-score: 0.5202
The epoch: 58 | phase: test | loss: 1.8677 | accuracy: 0.6490 | mean f1-score: 0.6115 | weighted f1-score: 0.6103
Epoch 58 completed in 0m 2s
Epoch 59/149
----------
The epoch: 59 | phase: train | loss: 0.6154 | accuracy: 0.7614 | mean f1-score: 0.7618 | weighted f1-score: 0.7654
The epoch: 59 | phase: val | loss: 1.5037 | accuracy: 0.5322 | mean f1-score: 0.4908 | weighted f1-score: 0.4982
The epoch: 59 | phase: test | loss: 1.2703 | accuracy: 0.5999 | mean f1-score: 0.5482 | weighted f1-score: 0.5459
Epoch 59 completed in 0m 2s
Epoch 60/149
----------
The epoch: 60 | phase: train | loss: 0.6189 | accuracy: 0.7599 | mean f1-score: 0.7609 | weighted f1-score: 0.7642
The epoch: 60 | phase: val | loss: 1.3104 | accuracy: 0.5470 | mean f1-score: 0.4950 | weighted f1-score: 0.5101
The epoch: 60 | phase: test | loss: 1.0508 | accuracy: 0.6278 | mean f1-score: 0.5689 | weighted f1-score: 0.5863
Epoch 60 completed in 0m 3s
Epoch 61/149
----------
The epoch: 61 | phase: train | loss: 0.6216 | accuracy: 0.7580 | mean f1-score: 0.7586 | weighted f1-score: 0.7622
The epoch: 61 | phase: val | loss: 1.7843 | accuracy: 0.5290 | mean f1-score: 0.4556 | weighted f1-score: 0.4672
The epoch: 61 | phase: test | loss: 1.4070 | accuracy: 0.6124 | mean f1-score: 0.5592 | weighted f1-score: 0.5612
Epoch 61 completed in 0m 3s
Epoch 62/149
----------
The epoch: 62 | phase: train | loss: 0.6147 | accuracy: 0.7614 | mean f1-score: 0.7618 | weighted f1-score: 0.7656
The epoch: 62 | phase: val | loss: 2.4130 | accuracy: 0.5478 | mean f1-score: 0.5029 | weighted f1-score: 0.5014
The epoch: 62 | phase: test | loss: 2.0829 | accuracy: 0.6364 | mean f1-score: 0.5772 | weighted f1-score: 0.5707
Epoch 62 completed in 0m 3s
Epoch 63/149
----------
The epoch: 63 | phase: train | loss: 0.6091 | accuracy: 0.7657 | mean f1-score: 0.7668 | weighted f1-score: 0.7701
The epoch: 63 | phase: val | loss: 1.3840 | accuracy: 0.5745 | mean f1-score: 0.5413 | weighted f1-score: 0.5515
The epoch: 63 | phase: test | loss: 1.0746 | accuracy: 0.6524 | mean f1-score: 0.6241 | weighted f1-score: 0.6296
Epoch 63 completed in 0m 4s
Epoch 64/149
----------
The epoch: 64 | phase: train | loss: 0.6047 | accuracy: 0.7680 | mean f1-score: 0.7688 | weighted f1-score: 0.7722
The epoch: 64 | phase: val | loss: 2.4692 | accuracy: 0.5134 | mean f1-score: 0.4088 | weighted f1-score: 0.4246
The epoch: 64 | phase: test | loss: 2.2828 | accuracy: 0.5674 | mean f1-score: 0.4598 | weighted f1-score: 0.4728
Epoch 64 completed in 0m 3s
Epoch 65/149
----------
The epoch: 65 | phase: train | loss: 0.6012 | accuracy: 0.7695 | mean f1-score: 0.7707 | weighted f1-score: 0.7738
The epoch: 65 | phase: val | loss: 1.2302 | accuracy: 0.5798 | mean f1-score: 0.5638 | weighted f1-score: 0.5620
The epoch: 65 | phase: test | loss: 1.0462 | accuracy: 0.6120 | mean f1-score: 0.6050 | weighted f1-score: 0.6094
Epoch 65 completed in 0m 3s
Epoch 66/149
----------
The epoch: 66 | phase: train | loss: 0.6011 | accuracy: 0.7698 | mean f1-score: 0.7709 | weighted f1-score: 0.7741
The epoch: 66 | phase: val | loss: 1.7985 | accuracy: 0.4979 | mean f1-score: 0.4453 | weighted f1-score: 0.4544
The epoch: 66 | phase: test | loss: 1.7411 | accuracy: 0.5694 | mean f1-score: 0.5281 | weighted f1-score: 0.5251
Epoch 66 completed in 0m 3s
Epoch 67/149
----------
The epoch: 67 | phase: train | loss: 0.6150 | accuracy: 0.7604 | mean f1-score: 0.7610 | weighted f1-score: 0.7645
The epoch: 67 | phase: val | loss: 1.2468 | accuracy: 0.5445 | mean f1-score: 0.4899 | weighted f1-score: 0.5065
The epoch: 67 | phase: test | loss: 1.0993 | accuracy: 0.5851 | mean f1-score: 0.5321 | weighted f1-score: 0.5399
Epoch 67 completed in 0m 3s
Epoch 68/149
----------
The epoch: 68 | phase: train | loss: 0.6086 | accuracy: 0.7627 | mean f1-score: 0.7634 | weighted f1-score: 0.7669
The epoch: 68 | phase: val | loss: 1.3635 | accuracy: 0.5608 | mean f1-score: 0.5308 | weighted f1-score: 0.5297
The epoch: 68 | phase: test | loss: 1.2321 | accuracy: 0.6004 | mean f1-score: 0.5777 | weighted f1-score: 0.5798
Epoch 68 completed in 0m 3s
Epoch 69/149
----------
The epoch: 69 | phase: train | loss: 0.6079 | accuracy: 0.7650 | mean f1-score: 0.7659 | weighted f1-score: 0.7692
The epoch: 69 | phase: val | loss: 2.4373 | accuracy: 0.5213 | mean f1-score: 0.4702 | weighted f1-score: 0.4706
The epoch: 69 | phase: test | loss: 2.3182 | accuracy: 0.6136 | mean f1-score: 0.5540 | weighted f1-score: 0.5518
Epoch 69 completed in 0m 4s
Epoch 70/149
----------
The epoch: 70 | phase: train | loss: 0.6096 | accuracy: 0.7665 | mean f1-score: 0.7672 | weighted f1-score: 0.7706
The epoch: 70 | phase: val | loss: 1.5910 | accuracy: 0.5359 | mean f1-score: 0.4941 | weighted f1-score: 0.4918
The epoch: 70 | phase: test | loss: 1.5886 | accuracy: 0.5776 | mean f1-score: 0.5421 | weighted f1-score: 0.5435
Epoch 70 completed in 0m 3s
Epoch 71/149
----------
The epoch: 71 | phase: train | loss: 0.6037 | accuracy: 0.7684 | mean f1-score: 0.7693 | weighted f1-score: 0.7728
The epoch: 71 | phase: val | loss: 1.7819 | accuracy: 0.5169 | mean f1-score: 0.4688 | weighted f1-score: 0.4676
The epoch: 71 | phase: test | loss: 1.3921 | accuracy: 0.5884 | mean f1-score: 0.5608 | weighted f1-score: 0.5622
Epoch 71 completed in 0m 3s
Epoch 72/149
----------
The epoch: 72 | phase: train | loss: 0.6102 | accuracy: 0.7638 | mean f1-score: 0.7646 | weighted f1-score: 0.7682
The epoch: 72 | phase: val | loss: 2.4653 | accuracy: 0.4335 | mean f1-score: 0.3852 | weighted f1-score: 0.3848
The epoch: 72 | phase: test | loss: 1.6530 | accuracy: 0.5592 | mean f1-score: 0.5154 | weighted f1-score: 0.5125
Epoch 72 completed in 0m 3s
Epoch 73/149
----------
The epoch: 73 | phase: train | loss: 0.6090 | accuracy: 0.7677 | mean f1-score: 0.7684 | weighted f1-score: 0.7719
The epoch: 73 | phase: val | loss: 2.3143 | accuracy: 0.5443 | mean f1-score: 0.5047 | weighted f1-score: 0.5017
The epoch: 73 | phase: test | loss: 2.1313 | accuracy: 0.6272 | mean f1-score: 0.5673 | weighted f1-score: 0.5636
Epoch 73 completed in 0m 3s
Epoch 74/149
----------
The epoch: 74 | phase: train | loss: 0.5996 | accuracy: 0.7724 | mean f1-score: 0.7730 | weighted f1-score: 0.7765
The epoch: 74 | phase: val | loss: 2.2944 | accuracy: 0.4891 | mean f1-score: 0.4746 | weighted f1-score: 0.4648
The epoch: 74 | phase: test | loss: 1.7327 | accuracy: 0.5264 | mean f1-score: 0.4880 | weighted f1-score: 0.4894
Epoch 74 completed in 0m 4s
Epoch 75/149
----------
The epoch: 75 | phase: train | loss: 0.5944 | accuracy: 0.7719 | mean f1-score: 0.7728 | weighted f1-score: 0.7761
The epoch: 75 | phase: val | loss: 1.8545 | accuracy: 0.5144 | mean f1-score: 0.4770 | weighted f1-score: 0.4768
The epoch: 75 | phase: test | loss: 1.7554 | accuracy: 0.5902 | mean f1-score: 0.5460 | weighted f1-score: 0.5443
Epoch 75 completed in 0m 3s
Epoch 76/149
----------
The epoch: 76 | phase: train | loss: 0.5920 | accuracy: 0.7733 | mean f1-score: 0.7745 | weighted f1-score: 0.7775
The epoch: 76 | phase: val | loss: 1.2163 | accuracy: 0.6270 | mean f1-score: 0.6260 | weighted f1-score: 0.6264
The epoch: 76 | phase: test | loss: 1.0531 | accuracy: 0.6662 | mean f1-score: 0.6639 | weighted f1-score: 0.6675
Epoch 76 completed in 0m 3s
Epoch 77/149
----------
The epoch: 77 | phase: train | loss: 0.5785 | accuracy: 0.7849 | mean f1-score: 0.7862 | weighted f1-score: 0.7889
The epoch: 77 | phase: val | loss: 1.8957 | accuracy: 0.5641 | mean f1-score: 0.5550 | weighted f1-score: 0.5559
The epoch: 77 | phase: test | loss: 1.6854 | accuracy: 0.6554 | mean f1-score: 0.6364 | weighted f1-score: 0.6342
Epoch 77 completed in 0m 3s
Epoch 78/149
----------
The epoch: 78 | phase: train | loss: 0.5760 | accuracy: 0.7833 | mean f1-score: 0.7850 | weighted f1-score: 0.7875
The epoch: 78 | phase: val | loss: 1.2359 | accuracy: 0.5890 | mean f1-score: 0.5800 | weighted f1-score: 0.5839
The epoch: 78 | phase: test | loss: 0.8862 | accuracy: 0.6717 | mean f1-score: 0.6628 | weighted f1-score: 0.6665
Epoch 78 completed in 0m 3s
Epoch 79/149
----------
The epoch: 79 | phase: train | loss: 0.5816 | accuracy: 0.7801 | mean f1-score: 0.7813 | weighted f1-score: 0.7842
The epoch: 79 | phase: val | loss: 1.5199 | accuracy: 0.5530 | mean f1-score: 0.5042 | weighted f1-score: 0.5174
The epoch: 79 | phase: test | loss: 1.0515 | accuracy: 0.6581 | mean f1-score: 0.6129 | weighted f1-score: 0.6250
Epoch 79 completed in 0m 3s
Epoch 80/149
----------
The epoch: 80 | phase: train | loss: 0.5874 | accuracy: 0.7792 | mean f1-score: 0.7806 | weighted f1-score: 0.7835
The epoch: 80 | phase: val | loss: 1.8417 | accuracy: 0.5410 | mean f1-score: 0.4942 | weighted f1-score: 0.5018
The epoch: 80 | phase: test | loss: 2.0323 | accuracy: 0.5649 | mean f1-score: 0.5378 | weighted f1-score: 0.5365
Epoch 80 completed in 0m 4s
Epoch 81/149
----------
The epoch: 81 | phase: train | loss: 0.5857 | accuracy: 0.7763 | mean f1-score: 0.7775 | weighted f1-score: 0.7804
The epoch: 81 | phase: val | loss: 1.1203 | accuracy: 0.5759 | mean f1-score: 0.5623 | weighted f1-score: 0.5669
The epoch: 81 | phase: test | loss: 0.9264 | accuracy: 0.6526 | mean f1-score: 0.6409 | weighted f1-score: 0.6463
Epoch 81 completed in 0m 3s
Epoch 82/149
----------
The epoch: 82 | phase: train | loss: 0.5730 | accuracy: 0.7852 | mean f1-score: 0.7866 | weighted f1-score: 0.7893
The epoch: 82 | phase: val | loss: 1.3611 | accuracy: 0.6055 | mean f1-score: 0.5812 | weighted f1-score: 0.5816
The epoch: 82 | phase: test | loss: 1.1864 | accuracy: 0.6602 | mean f1-score: 0.6254 | weighted f1-score: 0.6239
Epoch 82 completed in 0m 3s
Epoch 83/149
----------
The epoch: 83 | phase: train | loss: 0.5729 | accuracy: 0.7848 | mean f1-score: 0.7864 | weighted f1-score: 0.7890
The epoch: 83 | phase: val | loss: 2.1838 | accuracy: 0.4728 | mean f1-score: 0.4163 | weighted f1-score: 0.4226
The epoch: 83 | phase: test | loss: 1.5477 | accuracy: 0.6352 | mean f1-score: 0.6037 | weighted f1-score: 0.6073
Epoch 83 completed in 0m 3s
Epoch 84/149
----------
The epoch: 84 | phase: train | loss: 0.5729 | accuracy: 0.7819 | mean f1-score: 0.7832 | weighted f1-score: 0.7860
The epoch: 84 | phase: val | loss: 1.2991 | accuracy: 0.6038 | mean f1-score: 0.6019 | weighted f1-score: 0.6018
The epoch: 84 | phase: test | loss: 1.0575 | accuracy: 0.6610 | mean f1-score: 0.6515 | weighted f1-score: 0.6518
Epoch 84 completed in 0m 3s
Epoch 85/149
----------
The epoch: 85 | phase: train | loss: 0.5754 | accuracy: 0.7826 | mean f1-score: 0.7839 | weighted f1-score: 0.7867
The epoch: 85 | phase: val | loss: 1.6027 | accuracy: 0.5790 | mean f1-score: 0.5738 | weighted f1-score: 0.5747
The epoch: 85 | phase: test | loss: 1.2475 | accuracy: 0.6511 | mean f1-score: 0.6385 | weighted f1-score: 0.6367
Epoch 85 completed in 0m 3s
Epoch 86/149
----------
The epoch: 86 | phase: train | loss: 0.5711 | accuracy: 0.7874 | mean f1-score: 0.7889 | weighted f1-score: 0.7914
The epoch: 86 | phase: val | loss: 2.6257 | accuracy: 0.5443 | mean f1-score: 0.5015 | weighted f1-score: 0.5016
The epoch: 86 | phase: test | loss: 2.1308 | accuracy: 0.6527 | mean f1-score: 0.5961 | weighted f1-score: 0.5913
Epoch 86 completed in 0m 4s
Epoch 87/149
----------
The epoch: 87 | phase: train | loss: 0.5650 | accuracy: 0.7914 | mean f1-score: 0.7931 | weighted f1-score: 0.7955
The epoch: 87 | phase: val | loss: 1.5486 | accuracy: 0.6014 | mean f1-score: 0.5810 | weighted f1-score: 0.5819
The epoch: 87 | phase: test | loss: 1.4432 | accuracy: 0.6444 | mean f1-score: 0.5970 | weighted f1-score: 0.5929
Epoch 87 completed in 0m 3s
Epoch 88/149
----------
The epoch: 88 | phase: train | loss: 0.5658 | accuracy: 0.7904 | mean f1-score: 0.7921 | weighted f1-score: 0.7943
The epoch: 88 | phase: val | loss: 1.1992 | accuracy: 0.5672 | mean f1-score: 0.5549 | weighted f1-score: 0.5553
The epoch: 88 | phase: test | loss: 1.1178 | accuracy: 0.6534 | mean f1-score: 0.6430 | weighted f1-score: 0.6457
Epoch 88 completed in 0m 3s
Epoch 89/149
----------
The epoch: 89 | phase: train | loss: 0.5668 | accuracy: 0.7879 | mean f1-score: 0.7896 | weighted f1-score: 0.7920
The epoch: 89 | phase: val | loss: 1.3059 | accuracy: 0.5799 | mean f1-score: 0.5704 | weighted f1-score: 0.5726
The epoch: 89 | phase: test | loss: 1.2117 | accuracy: 0.6192 | mean f1-score: 0.6128 | weighted f1-score: 0.6170
Epoch 89 completed in 0m 3s
Epoch 90/149
----------
The epoch: 90 | phase: train | loss: 0.5659 | accuracy: 0.7903 | mean f1-score: 0.7921 | weighted f1-score: 0.7943
The epoch: 90 | phase: val | loss: 2.1096 | accuracy: 0.5597 | mean f1-score: 0.5511 | weighted f1-score: 0.5508
The epoch: 90 | phase: test | loss: 1.5720 | accuracy: 0.7165 | mean f1-score: 0.7075 | weighted f1-score: 0.7061
Epoch 90 completed in 0m 3s
Epoch 91/149
----------
The epoch: 91 | phase: train | loss: 0.5689 | accuracy: 0.7866 | mean f1-score: 0.7883 | weighted f1-score: 0.7907
The epoch: 91 | phase: val | loss: 2.0502 | accuracy: 0.5730 | mean f1-score: 0.5310 | weighted f1-score: 0.5307
The epoch: 91 | phase: test | loss: 1.8779 | accuracy: 0.6525 | mean f1-score: 0.5902 | weighted f1-score: 0.5848
Epoch 91 completed in 0m 3s
Epoch 92/149
----------
The epoch: 92 | phase: train | loss: 0.5661 | accuracy: 0.7887 | mean f1-score: 0.7903 | weighted f1-score: 0.7927
The epoch: 92 | phase: val | loss: 1.0608 | accuracy: 0.6203 | mean f1-score: 0.6059 | weighted f1-score: 0.6118
The epoch: 92 | phase: test | loss: 1.0261 | accuracy: 0.6610 | mean f1-score: 0.6518 | weighted f1-score: 0.6573
Epoch 92 completed in 0m 3s
Epoch 93/149
----------
The epoch: 93 | phase: train | loss: 0.5612 | accuracy: 0.7922 | mean f1-score: 0.7938 | weighted f1-score: 0.7961
The epoch: 93 | phase: val | loss: 1.2342 | accuracy: 0.5927 | mean f1-score: 0.5532 | weighted f1-score: 0.5659
The epoch: 93 | phase: test | loss: 0.9921 | accuracy: 0.6745 | mean f1-score: 0.6455 | weighted f1-score: 0.6553
Epoch 93 completed in 0m 4s
Epoch 94/149
----------
The epoch: 94 | phase: train | loss: 0.5600 | accuracy: 0.7906 | mean f1-score: 0.7923 | weighted f1-score: 0.7946
The epoch: 94 | phase: val | loss: 1.9352 | accuracy: 0.4436 | mean f1-score: 0.3826 | weighted f1-score: 0.3991
The epoch: 94 | phase: test | loss: 1.3151 | accuracy: 0.5617 | mean f1-score: 0.5065 | weighted f1-score: 0.5216
Epoch 94 completed in 0m 3s
Epoch 95/149
----------
The epoch: 95 | phase: train | loss: 0.5581 | accuracy: 0.7940 | mean f1-score: 0.7959 | weighted f1-score: 0.7980
The epoch: 95 | phase: val | loss: 1.6537 | accuracy: 0.5763 | mean f1-score: 0.5674 | weighted f1-score: 0.5665
The epoch: 95 | phase: test | loss: 1.1887 | accuracy: 0.6987 | mean f1-score: 0.6893 | weighted f1-score: 0.6897
Epoch 95 completed in 0m 3s
Epoch 96/149
----------
The epoch: 96 | phase: train | loss: 0.5622 | accuracy: 0.7916 | mean f1-score: 0.7933 | weighted f1-score: 0.7957
The epoch: 96 | phase: val | loss: 1.7022 | accuracy: 0.5883 | mean f1-score: 0.5676 | weighted f1-score: 0.5681
The epoch: 96 | phase: test | loss: 1.4648 | accuracy: 0.6735 | mean f1-score: 0.6358 | weighted f1-score: 0.6341
Epoch 96 completed in 0m 3s
Epoch 97/149
----------
The epoch: 97 | phase: train | loss: 0.5599 | accuracy: 0.7904 | mean f1-score: 0.7922 | weighted f1-score: 0.7945
The epoch: 97 | phase: val | loss: 1.3526 | accuracy: 0.5784 | mean f1-score: 0.5361 | weighted f1-score: 0.5476
The epoch: 97 | phase: test | loss: 1.0774 | accuracy: 0.6407 | mean f1-score: 0.6092 | weighted f1-score: 0.6132
Epoch 97 completed in 0m 3s
Epoch 98/149
----------
The epoch: 98 | phase: train | loss: 0.5587 | accuracy: 0.7926 | mean f1-score: 0.7945 | weighted f1-score: 0.7967
The epoch: 98 | phase: val | loss: 1.4426 | accuracy: 0.5203 | mean f1-score: 0.4657 | weighted f1-score: 0.4759
The epoch: 98 | phase: test | loss: 1.5503 | accuracy: 0.5288 | mean f1-score: 0.4789 | weighted f1-score: 0.4754
Epoch 98 completed in 0m 3s
Epoch 99/149
----------
The epoch: 99 | phase: train | loss: 0.5648 | accuracy: 0.7893 | mean f1-score: 0.7910 | weighted f1-score: 0.7934
The epoch: 99 | phase: val | loss: 1.8595 | accuracy: 0.5413 | mean f1-score: 0.5091 | weighted f1-score: 0.5093
The epoch: 99 | phase: test | loss: 1.6884 | accuracy: 0.6147 | mean f1-score: 0.5933 | weighted f1-score: 0.5933
Epoch 99 completed in 0m 3s
Epoch 100/149
----------
The epoch: 100 | phase: train | loss: 0.5499 | accuracy: 0.7962 | mean f1-score: 0.7981 | weighted f1-score: 0.8001
The epoch: 100 | phase: val | loss: 1.2536 | accuracy: 0.5947 | mean f1-score: 0.5689 | weighted f1-score: 0.5762
The epoch: 100 | phase: test | loss: 1.1152 | accuracy: 0.6448 | mean f1-score: 0.6161 | weighted f1-score: 0.6186
Epoch 100 completed in 0m 4s
Epoch 101/149
----------
The epoch: 101 | phase: train | loss: 0.5461 | accuracy: 0.7975 | mean f1-score: 0.7996 | weighted f1-score: 0.8016
The epoch: 101 | phase: val | loss: 1.3478 | accuracy: 0.5886 | mean f1-score: 0.5802 | weighted f1-score: 0.5837
The epoch: 101 | phase: test | loss: 1.0013 | accuracy: 0.6994 | mean f1-score: 0.6870 | weighted f1-score: 0.6895
Epoch 101 completed in 0m 3s
Epoch 102/149
----------
The epoch: 102 | phase: train | loss: 0.5477 | accuracy: 0.7998 | mean f1-score: 0.8016 | weighted f1-score: 0.8037
The epoch: 102 | phase: val | loss: 1.8083 | accuracy: 0.5330 | mean f1-score: 0.5038 | weighted f1-score: 0.5085
The epoch: 102 | phase: test | loss: 1.4695 | accuracy: 0.6078 | mean f1-score: 0.5778 | weighted f1-score: 0.5721
Epoch 102 completed in 0m 3s
Epoch 103/149
----------
The epoch: 103 | phase: train | loss: 0.5475 | accuracy: 0.7973 | mean f1-score: 0.7991 | weighted f1-score: 0.8012
The epoch: 103 | phase: val | loss: 1.5945 | accuracy: 0.5787 | mean f1-score: 0.5648 | weighted f1-score: 0.5693
The epoch: 103 | phase: test | loss: 1.0287 | accuracy: 0.6829 | mean f1-score: 0.6688 | weighted f1-score: 0.6708
Epoch 103 completed in 0m 3s
Epoch 104/149
----------
The epoch: 104 | phase: train | loss: 0.5415 | accuracy: 0.8013 | mean f1-score: 0.8034 | weighted f1-score: 0.8053
The epoch: 104 | phase: val | loss: 1.5961 | accuracy: 0.5530 | mean f1-score: 0.4827 | weighted f1-score: 0.4974
The epoch: 104 | phase: test | loss: 1.7039 | accuracy: 0.5722 | mean f1-score: 0.5055 | weighted f1-score: 0.5132
Epoch 104 completed in 0m 3s
Epoch 105/149
----------
The epoch: 105 | phase: train | loss: 0.5395 | accuracy: 0.8008 | mean f1-score: 0.8031 | weighted f1-score: 0.8050
The epoch: 105 | phase: val | loss: 1.3753 | accuracy: 0.6174 | mean f1-score: 0.6117 | weighted f1-score: 0.6123
The epoch: 105 | phase: test | loss: 1.2147 | accuracy: 0.6941 | mean f1-score: 0.6738 | weighted f1-score: 0.6728
Epoch 105 completed in 0m 3s
Epoch 106/149
----------
The epoch: 106 | phase: train | loss: 0.5382 | accuracy: 0.8009 | mean f1-score: 0.8028 | weighted f1-score: 0.8048
The epoch: 106 | phase: val | loss: 1.8137 | accuracy: 0.5638 | mean f1-score: 0.5276 | weighted f1-score: 0.5292
The epoch: 106 | phase: test | loss: 1.7047 | accuracy: 0.6334 | mean f1-score: 0.5929 | weighted f1-score: 0.5898
Epoch 106 completed in 0m 3s
Epoch 107/149
----------
The epoch: 107 | phase: train | loss: 0.5423 | accuracy: 0.8015 | mean f1-score: 0.8035 | weighted f1-score: 0.8055
The epoch: 107 | phase: val | loss: 1.5619 | accuracy: 0.5622 | mean f1-score: 0.4875 | weighted f1-score: 0.5027
The epoch: 107 | phase: test | loss: 1.3159 | accuracy: 0.5909 | mean f1-score: 0.5163 | weighted f1-score: 0.5286
Epoch 107 completed in 0m 3s
Epoch 108/149
----------
The epoch: 108 | phase: train | loss: 0.5386 | accuracy: 0.8030 | mean f1-score: 0.8050 | weighted f1-score: 0.8069
The epoch: 108 | phase: val | loss: 1.5601 | accuracy: 0.5988 | mean f1-score: 0.5452 | weighted f1-score: 0.5471
The epoch: 108 | phase: test | loss: 1.8896 | accuracy: 0.6330 | mean f1-score: 0.5819 | weighted f1-score: 0.5791
Epoch 108 completed in 0m 4s
Epoch 109/149
----------
The epoch: 109 | phase: train | loss: 0.5353 | accuracy: 0.8045 | mean f1-score: 0.8066 | weighted f1-score: 0.8084
The epoch: 109 | phase: val | loss: 1.2336 | accuracy: 0.6170 | mean f1-score: 0.6170 | weighted f1-score: 0.6158
The epoch: 109 | phase: test | loss: 1.1763 | accuracy: 0.6677 | mean f1-score: 0.6537 | weighted f1-score: 0.6530
Epoch 109 completed in 0m 3s
Epoch 110/149
----------
The epoch: 110 | phase: train | loss: 0.5351 | accuracy: 0.8036 | mean f1-score: 0.8057 | weighted f1-score: 0.8075
The epoch: 110 | phase: val | loss: 1.6090 | accuracy: 0.5112 | mean f1-score: 0.4924 | weighted f1-score: 0.4999
The epoch: 110 | phase: test | loss: 1.0498 | accuracy: 0.6389 | mean f1-score: 0.6367 | weighted f1-score: 0.6397
Epoch 110 completed in 0m 3s
Epoch 111/149
----------
The epoch: 111 | phase: train | loss: 0.5362 | accuracy: 0.8031 | mean f1-score: 0.8054 | weighted f1-score: 0.8071
The epoch: 111 | phase: val | loss: 1.6640 | accuracy: 0.5423 | mean f1-score: 0.5251 | weighted f1-score: 0.5316
The epoch: 111 | phase: test | loss: 1.0579 | accuracy: 0.6178 | mean f1-score: 0.6036 | weighted f1-score: 0.6022
Epoch 111 completed in 0m 3s
Epoch 112/149
----------
The epoch: 112 | phase: train | loss: 0.5308 | accuracy: 0.8059 | mean f1-score: 0.8078 | weighted f1-score: 0.8097
The epoch: 112 | phase: val | loss: 1.7176 | accuracy: 0.5988 | mean f1-score: 0.5623 | weighted f1-score: 0.5665
The epoch: 112 | phase: test | loss: 1.7964 | accuracy: 0.6160 | mean f1-score: 0.5745 | weighted f1-score: 0.5721
Epoch 112 completed in 0m 3s
Epoch 113/149
----------
The epoch: 113 | phase: train | loss: 0.5352 | accuracy: 0.8036 | mean f1-score: 0.8057 | weighted f1-score: 0.8075
The epoch: 113 | phase: val | loss: 1.4827 | accuracy: 0.5735 | mean f1-score: 0.5651 | weighted f1-score: 0.5633
The epoch: 113 | phase: test | loss: 1.1811 | accuracy: 0.6774 | mean f1-score: 0.6677 | weighted f1-score: 0.6688
Epoch 113 completed in 0m 3s
Epoch 114/149
----------
The epoch: 114 | phase: train | loss: 0.5387 | accuracy: 0.8026 | mean f1-score: 0.8046 | weighted f1-score: 0.8064
The epoch: 114 | phase: val | loss: 2.2623 | accuracy: 0.5410 | mean f1-score: 0.4934 | weighted f1-score: 0.4987
The epoch: 114 | phase: test | loss: 2.3881 | accuracy: 0.5884 | mean f1-score: 0.5568 | weighted f1-score: 0.5564
Epoch 114 completed in 0m 3s
Epoch 115/149
----------
The epoch: 115 | phase: train | loss: 0.5314 | accuracy: 0.8062 | mean f1-score: 0.8082 | weighted f1-score: 0.8099
The epoch: 115 | phase: val | loss: 1.6005 | accuracy: 0.6269 | mean f1-score: 0.6280 | weighted f1-score: 0.6241
The epoch: 115 | phase: test | loss: 1.4673 | accuracy: 0.6715 | mean f1-score: 0.6324 | weighted f1-score: 0.6287
Epoch 115 completed in 0m 3s
Epoch 116/149
----------
The epoch: 116 | phase: train | loss: 0.5330 | accuracy: 0.8055 | mean f1-score: 0.8075 | weighted f1-score: 0.8093
The epoch: 116 | phase: val | loss: 2.5664 | accuracy: 0.5271 | mean f1-score: 0.4763 | weighted f1-score: 0.4779
The epoch: 116 | phase: test | loss: 2.5270 | accuracy: 0.6033 | mean f1-score: 0.5571 | weighted f1-score: 0.5557
Epoch 116 completed in 0m 3s
Epoch 117/149
----------
The epoch: 117 | phase: train | loss: 0.5350 | accuracy: 0.8039 | mean f1-score: 0.8062 | weighted f1-score: 0.8078
The epoch: 117 | phase: val | loss: 1.4837 | accuracy: 0.5867 | mean f1-score: 0.5468 | weighted f1-score: 0.5490
The epoch: 117 | phase: test | loss: 1.5667 | accuracy: 0.6232 | mean f1-score: 0.5707 | weighted f1-score: 0.5675
Epoch 117 completed in 0m 3s
Epoch 118/149
----------
The epoch: 118 | phase: train | loss: 0.5328 | accuracy: 0.8039 | mean f1-score: 0.8059 | weighted f1-score: 0.8078
The epoch: 118 | phase: val | loss: 2.2185 | accuracy: 0.5605 | mean f1-score: 0.5521 | weighted f1-score: 0.5486
The epoch: 118 | phase: test | loss: 1.8233 | accuracy: 0.6667 | mean f1-score: 0.6440 | weighted f1-score: 0.6415
Epoch 118 completed in 0m 3s
Epoch 119/149
----------
The epoch: 119 | phase: train | loss: 0.5278 | accuracy: 0.8075 | mean f1-score: 0.8097 | weighted f1-score: 0.8113
The epoch: 119 | phase: val | loss: 1.6808 | accuracy: 0.5710 | mean f1-score: 0.5210 | weighted f1-score: 0.5303
The epoch: 119 | phase: test | loss: 1.4674 | accuracy: 0.6164 | mean f1-score: 0.5612 | weighted f1-score: 0.5626
Epoch 119 completed in 0m 3s
Epoch 120/149
----------
The epoch: 120 | phase: train | loss: 0.5239 | accuracy: 0.8104 | mean f1-score: 0.8126 | weighted f1-score: 0.8141
The epoch: 120 | phase: val | loss: 1.2254 | accuracy: 0.6029 | mean f1-score: 0.5812 | weighted f1-score: 0.5874
The epoch: 120 | phase: test | loss: 0.9994 | accuracy: 0.6466 | mean f1-score: 0.6305 | weighted f1-score: 0.6347
Epoch 120 completed in 0m 3s
Epoch 121/149
----------
The epoch: 121 | phase: train | loss: 0.5196 | accuracy: 0.8109 | mean f1-score: 0.8134 | weighted f1-score: 0.8147
The epoch: 121 | phase: val | loss: 1.5036 | accuracy: 0.5933 | mean f1-score: 0.5277 | weighted f1-score: 0.5436
The epoch: 121 | phase: test | loss: 1.4697 | accuracy: 0.5834 | mean f1-score: 0.5068 | weighted f1-score: 0.5201
Epoch 121 completed in 0m 3s
Epoch 122/149
----------
The epoch: 122 | phase: train | loss: 0.5290 | accuracy: 0.8066 | mean f1-score: 0.8090 | weighted f1-score: 0.8105
The epoch: 122 | phase: val | loss: 1.4131 | accuracy: 0.5790 | mean f1-score: 0.5493 | weighted f1-score: 0.5575
The epoch: 122 | phase: test | loss: 1.2945 | accuracy: 0.6384 | mean f1-score: 0.6124 | weighted f1-score: 0.6139
Epoch 122 completed in 0m 3s
Epoch 123/149
----------
The epoch: 123 | phase: train | loss: 0.5219 | accuracy: 0.8090 | mean f1-score: 0.8111 | weighted f1-score: 0.8128
The epoch: 123 | phase: val | loss: 1.1543 | accuracy: 0.6273 | mean f1-score: 0.6262 | weighted f1-score: 0.6282
The epoch: 123 | phase: test | loss: 0.9960 | accuracy: 0.6652 | mean f1-score: 0.6604 | weighted f1-score: 0.6622
Epoch 123 completed in 0m 3s
Epoch 124/149
----------
The epoch: 124 | phase: train | loss: 0.5225 | accuracy: 0.8085 | mean f1-score: 0.8107 | weighted f1-score: 0.8124
The epoch: 124 | phase: val | loss: 1.5977 | accuracy: 0.5956 | mean f1-score: 0.5886 | weighted f1-score: 0.5875
The epoch: 124 | phase: test | loss: 1.4154 | accuracy: 0.6624 | mean f1-score: 0.6392 | weighted f1-score: 0.6375
Epoch 124 completed in 0m 3s
Epoch 125/149
----------
The epoch: 125 | phase: train | loss: 0.5195 | accuracy: 0.8108 | mean f1-score: 0.8130 | weighted f1-score: 0.8146
The epoch: 125 | phase: val | loss: 1.1303 | accuracy: 0.6487 | mean f1-score: 0.6496 | weighted f1-score: 0.6486
The epoch: 125 | phase: test | loss: 1.1391 | accuracy: 0.6710 | mean f1-score: 0.6663 | weighted f1-score: 0.6680
Epoch 125 completed in 0m 3s
Epoch 126/149
----------
The epoch: 126 | phase: train | loss: 0.5133 | accuracy: 0.8136 | mean f1-score: 0.8158 | weighted f1-score: 0.8172
The epoch: 126 | phase: val | loss: 1.5008 | accuracy: 0.5955 | mean f1-score: 0.5707 | weighted f1-score: 0.5770
The epoch: 126 | phase: test | loss: 1.2686 | accuracy: 0.6938 | mean f1-score: 0.6775 | weighted f1-score: 0.6780
Epoch 126 completed in 0m 3s
Epoch 127/149
----------
The epoch: 127 | phase: train | loss: 0.5136 | accuracy: 0.8155 | mean f1-score: 0.8178 | weighted f1-score: 0.8192
The epoch: 127 | phase: val | loss: 1.5076 | accuracy: 0.6002 | mean f1-score: 0.5913 | weighted f1-score: 0.5929
The epoch: 127 | phase: test | loss: 1.2499 | accuracy: 0.6811 | mean f1-score: 0.6519 | weighted f1-score: 0.6491
Epoch 127 completed in 0m 3s
Epoch 128/149
----------
The epoch: 128 | phase: train | loss: 0.5135 | accuracy: 0.8146 | mean f1-score: 0.8170 | weighted f1-score: 0.8183
The epoch: 128 | phase: val | loss: 1.4850 | accuracy: 0.5836 | mean f1-score: 0.5776 | weighted f1-score: 0.5797
The epoch: 128 | phase: test | loss: 1.1433 | accuracy: 0.7168 | mean f1-score: 0.7131 | weighted f1-score: 0.7157
Epoch 128 completed in 0m 4s
Epoch 129/149
----------
The epoch: 129 | phase: train | loss: 0.5078 | accuracy: 0.8163 | mean f1-score: 0.8187 | weighted f1-score: 0.8200
The epoch: 129 | phase: val | loss: 1.5723 | accuracy: 0.6104 | mean f1-score: 0.5912 | weighted f1-score: 0.5934
The epoch: 129 | phase: test | loss: 1.5008 | accuracy: 0.6565 | mean f1-score: 0.6279 | weighted f1-score: 0.6260
Epoch 129 completed in 0m 3s
Epoch 130/149
----------
The epoch: 130 | phase: train | loss: 0.5074 | accuracy: 0.8170 | mean f1-score: 0.8193 | weighted f1-score: 0.8206
The epoch: 130 | phase: val | loss: 1.4172 | accuracy: 0.5881 | mean f1-score: 0.5780 | weighted f1-score: 0.5812
The epoch: 130 | phase: test | loss: 1.0914 | accuracy: 0.6115 | mean f1-score: 0.5881 | weighted f1-score: 0.5849
Epoch 130 completed in 0m 3s
Epoch 131/149
----------
The epoch: 131 | phase: train | loss: 0.5075 | accuracy: 0.8178 | mean f1-score: 0.8201 | weighted f1-score: 0.8213
The epoch: 131 | phase: val | loss: 1.3541 | accuracy: 0.5909 | mean f1-score: 0.5634 | weighted f1-score: 0.5692
The epoch: 131 | phase: test | loss: 1.2155 | accuracy: 0.6680 | mean f1-score: 0.6442 | weighted f1-score: 0.6467
Epoch 131 completed in 0m 3s
Epoch 132/149
----------
The epoch: 132 | phase: train | loss: 0.5095 | accuracy: 0.8150 | mean f1-score: 0.8176 | weighted f1-score: 0.8188
The epoch: 132 | phase: val | loss: 1.4546 | accuracy: 0.5574 | mean f1-score: 0.5454 | weighted f1-score: 0.5475
The epoch: 132 | phase: test | loss: 1.0405 | accuracy: 0.6762 | mean f1-score: 0.6647 | weighted f1-score: 0.6680
Epoch 132 completed in 0m 3s
Epoch 133/149
----------
The epoch: 133 | phase: train | loss: 0.5039 | accuracy: 0.8197 | mean f1-score: 0.8222 | weighted f1-score: 0.8233
The epoch: 133 | phase: val | loss: 1.4947 | accuracy: 0.5842 | mean f1-score: 0.5776 | weighted f1-score: 0.5812
The epoch: 133 | phase: test | loss: 1.3005 | accuracy: 0.6579 | mean f1-score: 0.6567 | weighted f1-score: 0.6574
Epoch 133 completed in 0m 3s
Epoch 134/149
----------
The epoch: 134 | phase: train | loss: 0.5064 | accuracy: 0.8186 | mean f1-score: 0.8209 | weighted f1-score: 0.8222
The epoch: 134 | phase: val | loss: 1.5004 | accuracy: 0.5360 | mean f1-score: 0.4766 | weighted f1-score: 0.4886
The epoch: 134 | phase: test | loss: 1.5769 | accuracy: 0.5859 | mean f1-score: 0.5323 | weighted f1-score: 0.5338
Epoch 134 completed in 0m 3s
Epoch 135/149
----------
The epoch: 135 | phase: train | loss: 0.5065 | accuracy: 0.8201 | mean f1-score: 0.8224 | weighted f1-score: 0.8236
The epoch: 135 | phase: val | loss: 1.5964 | accuracy: 0.5748 | mean f1-score: 0.5196 | weighted f1-score: 0.5323
The epoch: 135 | phase: test | loss: 1.3418 | accuracy: 0.6234 | mean f1-score: 0.5804 | weighted f1-score: 0.5856
Epoch 135 completed in 0m 3s
Epoch 136/149
----------
The epoch: 136 | phase: train | loss: 0.5044 | accuracy: 0.8163 | mean f1-score: 0.8187 | weighted f1-score: 0.8201
The epoch: 136 | phase: val | loss: 1.6740 | accuracy: 0.6043 | mean f1-score: 0.5970 | weighted f1-score: 0.5992
The epoch: 136 | phase: test | loss: 1.4715 | accuracy: 0.6728 | mean f1-score: 0.6548 | weighted f1-score: 0.6541
Epoch 136 completed in 0m 3s
Epoch 137/149
----------
The epoch: 137 | phase: train | loss: 0.5084 | accuracy: 0.8170 | mean f1-score: 0.8195 | weighted f1-score: 0.8207
The epoch: 137 | phase: val | loss: 1.5982 | accuracy: 0.5867 | mean f1-score: 0.5569 | weighted f1-score: 0.5633
The epoch: 137 | phase: test | loss: 1.2814 | accuracy: 0.6666 | mean f1-score: 0.6447 | weighted f1-score: 0.6458
Epoch 137 completed in 0m 3s
Epoch 138/149
----------
The epoch: 138 | phase: train | loss: 0.5044 | accuracy: 0.8175 | mean f1-score: 0.8200 | weighted f1-score: 0.8211
The epoch: 138 | phase: val | loss: 1.8393 | accuracy: 0.6030 | mean f1-score: 0.5987 | weighted f1-score: 0.5978
The epoch: 138 | phase: test | loss: 1.3924 | accuracy: 0.7017 | mean f1-score: 0.6869 | weighted f1-score: 0.6860
Epoch 138 completed in 0m 2s
Epoch 139/149
----------
The epoch: 139 | phase: train | loss: 0.5025 | accuracy: 0.8199 | mean f1-score: 0.8224 | weighted f1-score: 0.8235
The epoch: 139 | phase: val | loss: 1.6728 | accuracy: 0.5934 | mean f1-score: 0.5840 | weighted f1-score: 0.5789
The epoch: 139 | phase: test | loss: 1.3411 | accuracy: 0.6523 | mean f1-score: 0.6446 | weighted f1-score: 0.6460
Epoch 139 completed in 0m 3s
Epoch 140/149
----------
The epoch: 140 | phase: train | loss: 0.5001 | accuracy: 0.8189 | mean f1-score: 0.8215 | weighted f1-score: 0.8225
The epoch: 140 | phase: val | loss: 1.6147 | accuracy: 0.5581 | mean f1-score: 0.5421 | weighted f1-score: 0.5395
The epoch: 140 | phase: test | loss: 1.2540 | accuracy: 0.6919 | mean f1-score: 0.6821 | weighted f1-score: 0.6837
Epoch 140 completed in 0m 2s
Epoch 141/149
----------
The epoch: 141 | phase: train | loss: 0.5002 | accuracy: 0.8174 | mean f1-score: 0.8199 | weighted f1-score: 0.8211
The epoch: 141 | phase: val | loss: 1.9518 | accuracy: 0.5547 | mean f1-score: 0.5344 | weighted f1-score: 0.5393
The epoch: 141 | phase: test | loss: 1.4273 | accuracy: 0.6965 | mean f1-score: 0.6862 | weighted f1-score: 0.6867
Epoch 141 completed in 0m 2s
Epoch 142/149
----------
The epoch: 142 | phase: train | loss: 0.5038 | accuracy: 0.8178 | mean f1-score: 0.8200 | weighted f1-score: 0.8214
The epoch: 142 | phase: val | loss: 1.4115 | accuracy: 0.5914 | mean f1-score: 0.5571 | weighted f1-score: 0.5664
The epoch: 142 | phase: test | loss: 1.1428 | accuracy: 0.6802 | mean f1-score: 0.6553 | weighted f1-score: 0.6612
Epoch 142 completed in 0m 2s
Epoch 143/149
----------
The epoch: 143 | phase: train | loss: 0.5032 | accuracy: 0.8174 | mean f1-score: 0.8199 | weighted f1-score: 0.8211
The epoch: 143 | phase: val | loss: 1.2154 | accuracy: 0.5974 | mean f1-score: 0.5571 | weighted f1-score: 0.5671
The epoch: 143 | phase: test | loss: 1.3709 | accuracy: 0.5824 | mean f1-score: 0.5353 | weighted f1-score: 0.5420
Epoch 143 completed in 0m 3s
Epoch 144/149
----------
The epoch: 144 | phase: train | loss: 0.5017 | accuracy: 0.8186 | mean f1-score: 0.8211 | weighted f1-score: 0.8223
The epoch: 144 | phase: val | loss: 1.3796 | accuracy: 0.6179 | mean f1-score: 0.6081 | weighted f1-score: 0.6093
The epoch: 144 | phase: test | loss: 1.3689 | accuracy: 0.6797 | mean f1-score: 0.6680 | weighted f1-score: 0.6685
Epoch 144 completed in 0m 3s
Epoch 145/149
----------
The epoch: 145 | phase: train | loss: 0.4916 | accuracy: 0.8241 | mean f1-score: 0.8265 | weighted f1-score: 0.8277
The epoch: 145 | phase: val | loss: 1.7696 | accuracy: 0.5996 | mean f1-score: 0.5896 | weighted f1-score: 0.5904
The epoch: 145 | phase: test | loss: 1.5410 | accuracy: 0.7150 | mean f1-score: 0.7035 | weighted f1-score: 0.7017
Epoch 145 completed in 0m 2s
Epoch 146/149
----------
The epoch: 146 | phase: train | loss: 0.4917 | accuracy: 0.8246 | mean f1-score: 0.8273 | weighted f1-score: 0.8282
The epoch: 146 | phase: val | loss: 1.9800 | accuracy: 0.5209 | mean f1-score: 0.4839 | weighted f1-score: 0.4804
The epoch: 146 | phase: test | loss: 1.7999 | accuracy: 0.6271 | mean f1-score: 0.5977 | weighted f1-score: 0.5977
Epoch 146 completed in 0m 3s
Epoch 147/149
----------
The epoch: 147 | phase: train | loss: 0.4947 | accuracy: 0.8239 | mean f1-score: 0.8264 | weighted f1-score: 0.8275
The epoch: 147 | phase: val | loss: 1.6271 | accuracy: 0.5883 | mean f1-score: 0.5728 | weighted f1-score: 0.5690
The epoch: 147 | phase: test | loss: 1.3014 | accuracy: 0.6502 | mean f1-score: 0.6438 | weighted f1-score: 0.6451
Epoch 147 completed in 0m 2s
Epoch 148/149
----------
The epoch: 148 | phase: train | loss: 0.4957 | accuracy: 0.8235 | mean f1-score: 0.8260 | weighted f1-score: 0.8270
The epoch: 148 | phase: val | loss: 1.4228 | accuracy: 0.6002 | mean f1-score: 0.5862 | weighted f1-score: 0.5904
The epoch: 148 | phase: test | loss: 1.2695 | accuracy: 0.6618 | mean f1-score: 0.6409 | weighted f1-score: 0.6413
Epoch 148 completed in 0m 3s
Epoch 149/149
----------
The epoch: 149 | phase: train | loss: 0.4955 | accuracy: 0.8226 | mean f1-score: 0.8251 | weighted f1-score: 0.8261
The epoch: 149 | phase: val | loss: 1.7633 | accuracy: 0.5578 | mean f1-score: 0.5514 | weighted f1-score: 0.5528
The epoch: 149 | phase: test | loss: 1.1785 | accuracy: 0.6648 | mean f1-score: 0.6609 | weighted f1-score: 0.6650
Epoch 149 completed in 0m 3s
The best epoch is 125
Phase: train, loss: 0.519526326861202, accuracy: 0.8108292416803055, f1_score: 0.8130210635125475, f1_score weighted: 0.8146446326019497 {'train': [], 'val': [], 'test': []}
Phase: val, loss: 1.130348566991038, accuracy: 0.6486740938333595, f1_score: 0.6496350517159556, f1_score weighted: 0.6485681527738083 {'train': [], 'val': [], 'test': []}
Phase: test, loss: 1.1390619366063701, accuracy: 0.6710465652374366, f1_score: 0.6662751705837494, f1_score weighted: 0.6679642499866661 {'train': [], 'val': [], 'test': []}
------ Evaluation complete! ------
