Namespace(window=50, overlap=25, batch_size=64, learning_rate=0.0005, num_epochs=150, gpu_id='0', dataset='uci', kernel_size=3, num_steps_prediction=28, classifier_lr=0.0005, classifier_batch_size=256, saved_model='/workspaces/betania.silva/ssl_tools/contrastive-predictive-coding-for-har/models/May-11-2024/uci_k_28_lr_0.0005_bs_64.pkl', learning_schedule='last_layer', random_seed=42, input_size=6, num_classes=7, root_dir='/workspaces/betania.silva/view_concatenated', data_file='uci', device=device(type='cuda', index=0), padding=1)
Data Raw (172066, 6)
Data (6881, 50, 6)
Labels (6881,)
Data Raw (24131, 6)
Data (964, 50, 6)
Labels (964,)
Data Raw (48830, 6)
Data (1952, 50, 6)
Labels (1952,)
The batch size for train phase is: 256
The batch size for val phase is: 256
The batch size for test phase is: 256
Loading the pre-trained weights
Epoch 0/149
----------
The epoch: 0 | phase: train | loss: 0.9819 | accuracy: 0.6886 | mean f1-score: 0.5035 | weighted f1-score: 0.6946
The epoch: 0 | phase: val | loss: 0.5137 | accuracy: 0.8102 | mean f1-score: 0.8198 | weighted f1-score: 0.8091
The epoch: 0 | phase: test | loss: 0.5318 | accuracy: 0.8079 | mean f1-score: 0.8133 | weighted f1-score: 0.8058
Epoch 0 completed in 0m 1s
Epoch 1/149
----------
The epoch: 1 | phase: train | loss: 0.4624 | accuracy: 0.8196 | mean f1-score: 0.8318 | weighted f1-score: 0.8193
The epoch: 1 | phase: val | loss: 0.3749 | accuracy: 0.8247 | mean f1-score: 0.8341 | weighted f1-score: 0.8226
The epoch: 1 | phase: test | loss: 0.3737 | accuracy: 0.8192 | mean f1-score: 0.8263 | weighted f1-score: 0.8182
Epoch 1 completed in 0m 1s
Epoch 2/149
----------
The epoch: 2 | phase: train | loss: 0.3742 | accuracy: 0.8361 | mean f1-score: 0.8476 | weighted f1-score: 0.8359
The epoch: 2 | phase: val | loss: 0.3565 | accuracy: 0.8102 | mean f1-score: 0.8196 | weighted f1-score: 0.8069
The epoch: 2 | phase: test | loss: 0.3441 | accuracy: 0.8202 | mean f1-score: 0.8272 | weighted f1-score: 0.8187
Epoch 2 completed in 0m 1s
Epoch 3/149
----------
The epoch: 3 | phase: train | loss: 0.3402 | accuracy: 0.8403 | mean f1-score: 0.8520 | weighted f1-score: 0.8400
The epoch: 3 | phase: val | loss: 0.3373 | accuracy: 0.8216 | mean f1-score: 0.8322 | weighted f1-score: 0.8214
The epoch: 3 | phase: test | loss: 0.3267 | accuracy: 0.8258 | mean f1-score: 0.8322 | weighted f1-score: 0.8247
Epoch 3 completed in 0m 1s
Epoch 4/149
----------
The epoch: 4 | phase: train | loss: 0.3199 | accuracy: 0.8439 | mean f1-score: 0.8556 | weighted f1-score: 0.8437
The epoch: 4 | phase: val | loss: 0.3297 | accuracy: 0.8288 | mean f1-score: 0.8390 | weighted f1-score: 0.8284
The epoch: 4 | phase: test | loss: 0.3159 | accuracy: 0.8274 | mean f1-score: 0.8342 | weighted f1-score: 0.8267
Epoch 4 completed in 0m 1s
Epoch 5/149
----------
The epoch: 5 | phase: train | loss: 0.3103 | accuracy: 0.8468 | mean f1-score: 0.8583 | weighted f1-score: 0.8468
The epoch: 5 | phase: val | loss: 0.3229 | accuracy: 0.8330 | mean f1-score: 0.8425 | weighted f1-score: 0.8328
The epoch: 5 | phase: test | loss: 0.3060 | accuracy: 0.8335 | mean f1-score: 0.8397 | weighted f1-score: 0.8325
Epoch 5 completed in 0m 1s
Epoch 6/149
----------
The epoch: 6 | phase: train | loss: 0.2960 | accuracy: 0.8500 | mean f1-score: 0.8614 | weighted f1-score: 0.8500
The epoch: 6 | phase: val | loss: 0.3203 | accuracy: 0.8434 | mean f1-score: 0.8514 | weighted f1-score: 0.8428
The epoch: 6 | phase: test | loss: 0.3044 | accuracy: 0.8345 | mean f1-score: 0.8385 | weighted f1-score: 0.8317
Epoch 6 completed in 0m 1s
Epoch 7/149
----------
The epoch: 7 | phase: train | loss: 0.2862 | accuracy: 0.8573 | mean f1-score: 0.8683 | weighted f1-score: 0.8573
The epoch: 7 | phase: val | loss: 0.3172 | accuracy: 0.8434 | mean f1-score: 0.8513 | weighted f1-score: 0.8428
The epoch: 7 | phase: test | loss: 0.3034 | accuracy: 0.8371 | mean f1-score: 0.8418 | weighted f1-score: 0.8349
Epoch 7 completed in 0m 1s
Epoch 8/149
----------
The epoch: 8 | phase: train | loss: 0.2797 | accuracy: 0.8600 | mean f1-score: 0.8707 | weighted f1-score: 0.8600
The epoch: 8 | phase: val | loss: 0.3106 | accuracy: 0.8371 | mean f1-score: 0.8464 | weighted f1-score: 0.8369
The epoch: 8 | phase: test | loss: 0.2944 | accuracy: 0.8366 | mean f1-score: 0.8434 | weighted f1-score: 0.8362
Epoch 8 completed in 0m 1s
Epoch 9/149
----------
The epoch: 9 | phase: train | loss: 0.2728 | accuracy: 0.8622 | mean f1-score: 0.8730 | weighted f1-score: 0.8622
The epoch: 9 | phase: val | loss: 0.3088 | accuracy: 0.8444 | mean f1-score: 0.8526 | weighted f1-score: 0.8437
The epoch: 9 | phase: test | loss: 0.2955 | accuracy: 0.8376 | mean f1-score: 0.8416 | weighted f1-score: 0.8348
Epoch 9 completed in 0m 1s
Epoch 10/149
----------
The epoch: 10 | phase: train | loss: 0.2649 | accuracy: 0.8704 | mean f1-score: 0.8804 | weighted f1-score: 0.8704
The epoch: 10 | phase: val | loss: 0.3002 | accuracy: 0.8517 | mean f1-score: 0.8597 | weighted f1-score: 0.8513
The epoch: 10 | phase: test | loss: 0.2885 | accuracy: 0.8443 | mean f1-score: 0.8484 | weighted f1-score: 0.8419
Epoch 10 completed in 0m 1s
Epoch 11/149
----------
The epoch: 11 | phase: train | loss: 0.2566 | accuracy: 0.8771 | mean f1-score: 0.8865 | weighted f1-score: 0.8770
The epoch: 11 | phase: val | loss: 0.3085 | accuracy: 0.8454 | mean f1-score: 0.8542 | weighted f1-score: 0.8451
The epoch: 11 | phase: test | loss: 0.2851 | accuracy: 0.8540 | mean f1-score: 0.8601 | weighted f1-score: 0.8536
Epoch 11 completed in 0m 1s
Epoch 12/149
----------
The epoch: 12 | phase: train | loss: 0.2509 | accuracy: 0.8744 | mean f1-score: 0.8839 | weighted f1-score: 0.8744
The epoch: 12 | phase: val | loss: 0.2985 | accuracy: 0.8527 | mean f1-score: 0.8614 | weighted f1-score: 0.8521
The epoch: 12 | phase: test | loss: 0.2833 | accuracy: 0.8576 | mean f1-score: 0.8637 | weighted f1-score: 0.8574
Epoch 12 completed in 0m 1s
Epoch 13/149
----------
The epoch: 13 | phase: train | loss: 0.2495 | accuracy: 0.8749 | mean f1-score: 0.8846 | weighted f1-score: 0.8749
The epoch: 13 | phase: val | loss: 0.3011 | accuracy: 0.8392 | mean f1-score: 0.8473 | weighted f1-score: 0.8363
The epoch: 13 | phase: test | loss: 0.2885 | accuracy: 0.8612 | mean f1-score: 0.8671 | weighted f1-score: 0.8605
Epoch 13 completed in 0m 1s
Epoch 14/149
----------
The epoch: 14 | phase: train | loss: 0.2470 | accuracy: 0.8768 | mean f1-score: 0.8865 | weighted f1-score: 0.8768
The epoch: 14 | phase: val | loss: 0.2957 | accuracy: 0.8527 | mean f1-score: 0.8612 | weighted f1-score: 0.8525
The epoch: 14 | phase: test | loss: 0.2853 | accuracy: 0.8489 | mean f1-score: 0.8545 | weighted f1-score: 0.8480
Epoch 14 completed in 0m 1s
Epoch 15/149
----------
The epoch: 15 | phase: train | loss: 0.2371 | accuracy: 0.8839 | mean f1-score: 0.8931 | weighted f1-score: 0.8839
The epoch: 15 | phase: val | loss: 0.2999 | accuracy: 0.8506 | mean f1-score: 0.8596 | weighted f1-score: 0.8503
The epoch: 15 | phase: test | loss: 0.2932 | accuracy: 0.8514 | mean f1-score: 0.8579 | weighted f1-score: 0.8512
Epoch 15 completed in 0m 1s
Epoch 16/149
----------
The epoch: 16 | phase: train | loss: 0.2378 | accuracy: 0.8869 | mean f1-score: 0.8957 | weighted f1-score: 0.8869
The epoch: 16 | phase: val | loss: 0.2984 | accuracy: 0.8662 | mean f1-score: 0.8735 | weighted f1-score: 0.8660
The epoch: 16 | phase: test | loss: 0.2840 | accuracy: 0.8509 | mean f1-score: 0.8559 | weighted f1-score: 0.8496
Epoch 16 completed in 0m 1s
Epoch 17/149
----------
The epoch: 17 | phase: train | loss: 0.2383 | accuracy: 0.8784 | mean f1-score: 0.8877 | weighted f1-score: 0.8783
The epoch: 17 | phase: val | loss: 0.3009 | accuracy: 0.8413 | mean f1-score: 0.8497 | weighted f1-score: 0.8395
The epoch: 17 | phase: test | loss: 0.2852 | accuracy: 0.8566 | mean f1-score: 0.8628 | weighted f1-score: 0.8562
Epoch 17 completed in 0m 1s
Epoch 18/149
----------
The epoch: 18 | phase: train | loss: 0.2244 | accuracy: 0.8904 | mean f1-score: 0.8992 | weighted f1-score: 0.8905
The epoch: 18 | phase: val | loss: 0.3059 | accuracy: 0.8517 | mean f1-score: 0.8581 | weighted f1-score: 0.8502
The epoch: 18 | phase: test | loss: 0.2967 | accuracy: 0.8463 | mean f1-score: 0.8501 | weighted f1-score: 0.8436
Epoch 18 completed in 0m 1s
Epoch 19/149
----------
The epoch: 19 | phase: train | loss: 0.2285 | accuracy: 0.8888 | mean f1-score: 0.8977 | weighted f1-score: 0.8888
The epoch: 19 | phase: val | loss: 0.3049 | accuracy: 0.8475 | mean f1-score: 0.8563 | weighted f1-score: 0.8471
The epoch: 19 | phase: test | loss: 0.2894 | accuracy: 0.8540 | mean f1-score: 0.8604 | weighted f1-score: 0.8538
Epoch 19 completed in 0m 1s
Epoch 20/149
----------
The epoch: 20 | phase: train | loss: 0.2220 | accuracy: 0.8896 | mean f1-score: 0.8983 | weighted f1-score: 0.8896
The epoch: 20 | phase: val | loss: 0.2964 | accuracy: 0.8465 | mean f1-score: 0.8552 | weighted f1-score: 0.8452
The epoch: 20 | phase: test | loss: 0.2918 | accuracy: 0.8535 | mean f1-score: 0.8597 | weighted f1-score: 0.8529
Epoch 20 completed in 0m 1s
Epoch 21/149
----------
The epoch: 21 | phase: train | loss: 0.2163 | accuracy: 0.8941 | mean f1-score: 0.9025 | weighted f1-score: 0.8941
The epoch: 21 | phase: val | loss: 0.3016 | accuracy: 0.8517 | mean f1-score: 0.8605 | weighted f1-score: 0.8515
The epoch: 21 | phase: test | loss: 0.3048 | accuracy: 0.8540 | mean f1-score: 0.8599 | weighted f1-score: 0.8534
Epoch 21 completed in 0m 1s
Epoch 22/149
----------
The epoch: 22 | phase: train | loss: 0.2142 | accuracy: 0.8926 | mean f1-score: 0.9012 | weighted f1-score: 0.8926
The epoch: 22 | phase: val | loss: 0.3040 | accuracy: 0.8600 | mean f1-score: 0.8680 | weighted f1-score: 0.8598
The epoch: 22 | phase: test | loss: 0.2950 | accuracy: 0.8514 | mean f1-score: 0.8574 | weighted f1-score: 0.8509
Epoch 22 completed in 0m 1s
Epoch 23/149
----------
The epoch: 23 | phase: train | loss: 0.2140 | accuracy: 0.8910 | mean f1-score: 0.8997 | weighted f1-score: 0.8910
The epoch: 23 | phase: val | loss: 0.2980 | accuracy: 0.8506 | mean f1-score: 0.8594 | weighted f1-score: 0.8496
The epoch: 23 | phase: test | loss: 0.2922 | accuracy: 0.8555 | mean f1-score: 0.8619 | weighted f1-score: 0.8552
Epoch 23 completed in 0m 1s
Epoch 24/149
----------
The epoch: 24 | phase: train | loss: 0.2098 | accuracy: 0.8975 | mean f1-score: 0.9057 | weighted f1-score: 0.8976
The epoch: 24 | phase: val | loss: 0.3137 | accuracy: 0.8496 | mean f1-score: 0.8582 | weighted f1-score: 0.8491
The epoch: 24 | phase: test | loss: 0.2965 | accuracy: 0.8581 | mean f1-score: 0.8642 | weighted f1-score: 0.8578
Epoch 24 completed in 0m 1s
Epoch 25/149
----------
The epoch: 25 | phase: train | loss: 0.2037 | accuracy: 0.9036 | mean f1-score: 0.9114 | weighted f1-score: 0.9037
The epoch: 25 | phase: val | loss: 0.3016 | accuracy: 0.8610 | mean f1-score: 0.8690 | weighted f1-score: 0.8608
The epoch: 25 | phase: test | loss: 0.2940 | accuracy: 0.8540 | mean f1-score: 0.8602 | weighted f1-score: 0.8538
Epoch 25 completed in 0m 1s
Epoch 26/149
----------
The epoch: 26 | phase: train | loss: 0.2036 | accuracy: 0.9010 | mean f1-score: 0.9089 | weighted f1-score: 0.9011
The epoch: 26 | phase: val | loss: 0.3117 | accuracy: 0.8579 | mean f1-score: 0.8635 | weighted f1-score: 0.8559
The epoch: 26 | phase: test | loss: 0.3128 | accuracy: 0.8484 | mean f1-score: 0.8512 | weighted f1-score: 0.8449
Epoch 26 completed in 0m 1s
Epoch 27/149
----------
The epoch: 27 | phase: train | loss: 0.2042 | accuracy: 0.8967 | mean f1-score: 0.9050 | weighted f1-score: 0.8967
The epoch: 27 | phase: val | loss: 0.3090 | accuracy: 0.8371 | mean f1-score: 0.8449 | weighted f1-score: 0.8340
The epoch: 27 | phase: test | loss: 0.2977 | accuracy: 0.8555 | mean f1-score: 0.8616 | weighted f1-score: 0.8547
Epoch 27 completed in 0m 1s
Epoch 28/149
----------
The epoch: 28 | phase: train | loss: 0.1962 | accuracy: 0.9048 | mean f1-score: 0.9125 | weighted f1-score: 0.9048
The epoch: 28 | phase: val | loss: 0.2992 | accuracy: 0.8620 | mean f1-score: 0.8700 | weighted f1-score: 0.8619
The epoch: 28 | phase: test | loss: 0.2988 | accuracy: 0.8581 | mean f1-score: 0.8637 | weighted f1-score: 0.8575
Epoch 28 completed in 0m 1s
Epoch 29/149
----------
The epoch: 29 | phase: train | loss: 0.1931 | accuracy: 0.9050 | mean f1-score: 0.9127 | weighted f1-score: 0.9050
The epoch: 29 | phase: val | loss: 0.3035 | accuracy: 0.8548 | mean f1-score: 0.8632 | weighted f1-score: 0.8546
The epoch: 29 | phase: test | loss: 0.2938 | accuracy: 0.8555 | mean f1-score: 0.8616 | weighted f1-score: 0.8552
Epoch 29 completed in 0m 1s
Epoch 30/149
----------
The epoch: 30 | phase: train | loss: 0.1943 | accuracy: 0.9028 | mean f1-score: 0.9105 | weighted f1-score: 0.9028
The epoch: 30 | phase: val | loss: 0.3082 | accuracy: 0.8537 | mean f1-score: 0.8618 | weighted f1-score: 0.8534
The epoch: 30 | phase: test | loss: 0.3045 | accuracy: 0.8509 | mean f1-score: 0.8565 | weighted f1-score: 0.8502
Epoch 30 completed in 0m 1s
Epoch 31/149
----------
The epoch: 31 | phase: train | loss: 0.1916 | accuracy: 0.9070 | mean f1-score: 0.9144 | weighted f1-score: 0.9070
The epoch: 31 | phase: val | loss: 0.3155 | accuracy: 0.8485 | mean f1-score: 0.8571 | weighted f1-score: 0.8476
The epoch: 31 | phase: test | loss: 0.3103 | accuracy: 0.8545 | mean f1-score: 0.8609 | weighted f1-score: 0.8542
Epoch 31 completed in 0m 1s
Epoch 32/149
----------
The epoch: 32 | phase: train | loss: 0.1852 | accuracy: 0.9102 | mean f1-score: 0.9175 | weighted f1-score: 0.9102
The epoch: 32 | phase: val | loss: 0.3041 | accuracy: 0.8558 | mean f1-score: 0.8642 | weighted f1-score: 0.8556
The epoch: 32 | phase: test | loss: 0.3159 | accuracy: 0.8473 | mean f1-score: 0.8531 | weighted f1-score: 0.8464
Epoch 32 completed in 0m 1s
Epoch 33/149
----------
The epoch: 33 | phase: train | loss: 0.1902 | accuracy: 0.9073 | mean f1-score: 0.9149 | weighted f1-score: 0.9073
The epoch: 33 | phase: val | loss: 0.3138 | accuracy: 0.8485 | mean f1-score: 0.8574 | weighted f1-score: 0.8484
The epoch: 33 | phase: test | loss: 0.3073 | accuracy: 0.8535 | mean f1-score: 0.8593 | weighted f1-score: 0.8529
Epoch 33 completed in 0m 1s
Epoch 34/149
----------
The epoch: 34 | phase: train | loss: 0.1861 | accuracy: 0.9108 | mean f1-score: 0.9180 | weighted f1-score: 0.9108
The epoch: 34 | phase: val | loss: 0.3167 | accuracy: 0.8589 | mean f1-score: 0.8670 | weighted f1-score: 0.8587
The epoch: 34 | phase: test | loss: 0.3025 | accuracy: 0.8576 | mean f1-score: 0.8635 | weighted f1-score: 0.8574
Epoch 34 completed in 0m 1s
Epoch 35/149
----------
The epoch: 35 | phase: train | loss: 0.1812 | accuracy: 0.9100 | mean f1-score: 0.9174 | weighted f1-score: 0.9101
The epoch: 35 | phase: val | loss: 0.3072 | accuracy: 0.8610 | mean f1-score: 0.8689 | weighted f1-score: 0.8608
The epoch: 35 | phase: test | loss: 0.3050 | accuracy: 0.8586 | mean f1-score: 0.8644 | weighted f1-score: 0.8581
Epoch 35 completed in 0m 1s
Epoch 36/149
----------
The epoch: 36 | phase: train | loss: 0.1770 | accuracy: 0.9161 | mean f1-score: 0.9230 | weighted f1-score: 0.9162
The epoch: 36 | phase: val | loss: 0.3278 | accuracy: 0.8517 | mean f1-score: 0.8603 | weighted f1-score: 0.8515
The epoch: 36 | phase: test | loss: 0.3169 | accuracy: 0.8612 | mean f1-score: 0.8670 | weighted f1-score: 0.8610
Epoch 36 completed in 0m 1s
Epoch 37/149
----------
The epoch: 37 | phase: train | loss: 0.1808 | accuracy: 0.9131 | mean f1-score: 0.9202 | weighted f1-score: 0.9131
The epoch: 37 | phase: val | loss: 0.3176 | accuracy: 0.8589 | mean f1-score: 0.8658 | weighted f1-score: 0.8580
The epoch: 37 | phase: test | loss: 0.3235 | accuracy: 0.8545 | mean f1-score: 0.8584 | weighted f1-score: 0.8523
Epoch 37 completed in 0m 1s
Epoch 38/149
----------
The epoch: 38 | phase: train | loss: 0.1749 | accuracy: 0.9180 | mean f1-score: 0.9247 | weighted f1-score: 0.9181
The epoch: 38 | phase: val | loss: 0.3206 | accuracy: 0.8465 | mean f1-score: 0.8551 | weighted f1-score: 0.8453
The epoch: 38 | phase: test | loss: 0.3105 | accuracy: 0.8535 | mean f1-score: 0.8598 | weighted f1-score: 0.8531
Epoch 38 completed in 0m 1s
Epoch 39/149
----------
The epoch: 39 | phase: train | loss: 0.1750 | accuracy: 0.9128 | mean f1-score: 0.9199 | weighted f1-score: 0.9128
The epoch: 39 | phase: val | loss: 0.3300 | accuracy: 0.8579 | mean f1-score: 0.8663 | weighted f1-score: 0.8577
The epoch: 39 | phase: test | loss: 0.3255 | accuracy: 0.8540 | mean f1-score: 0.8603 | weighted f1-score: 0.8537
Epoch 39 completed in 0m 1s
Epoch 40/149
----------
The epoch: 40 | phase: train | loss: 0.1779 | accuracy: 0.9122 | mean f1-score: 0.9195 | weighted f1-score: 0.9123
The epoch: 40 | phase: val | loss: 0.3165 | accuracy: 0.8600 | mean f1-score: 0.8679 | weighted f1-score: 0.8598
The epoch: 40 | phase: test | loss: 0.3105 | accuracy: 0.8571 | mean f1-score: 0.8625 | weighted f1-score: 0.8563
Epoch 40 completed in 0m 1s
Epoch 41/149
----------
The epoch: 41 | phase: train | loss: 0.1736 | accuracy: 0.9154 | mean f1-score: 0.9223 | weighted f1-score: 0.9155
The epoch: 41 | phase: val | loss: 0.3261 | accuracy: 0.8568 | mean f1-score: 0.8646 | weighted f1-score: 0.8566
The epoch: 41 | phase: test | loss: 0.3374 | accuracy: 0.8499 | mean f1-score: 0.8558 | weighted f1-score: 0.8493
Epoch 41 completed in 0m 1s
Epoch 42/149
----------
The epoch: 42 | phase: train | loss: 0.1776 | accuracy: 0.9140 | mean f1-score: 0.9210 | weighted f1-score: 0.9140
The epoch: 42 | phase: val | loss: 0.3321 | accuracy: 0.8485 | mean f1-score: 0.8565 | weighted f1-score: 0.8467
The epoch: 42 | phase: test | loss: 0.3197 | accuracy: 0.8571 | mean f1-score: 0.8631 | weighted f1-score: 0.8565
Epoch 42 completed in 0m 1s
Epoch 43/149
----------
The epoch: 43 | phase: train | loss: 0.1651 | accuracy: 0.9228 | mean f1-score: 0.9290 | weighted f1-score: 0.9228
The epoch: 43 | phase: val | loss: 0.3140 | accuracy: 0.8600 | mean f1-score: 0.8680 | weighted f1-score: 0.8594
The epoch: 43 | phase: test | loss: 0.3113 | accuracy: 0.8519 | mean f1-score: 0.8585 | weighted f1-score: 0.8518
Epoch 43 completed in 0m 1s
Epoch 44/149
----------
The epoch: 44 | phase: train | loss: 0.1668 | accuracy: 0.9198 | mean f1-score: 0.9264 | weighted f1-score: 0.9198
The epoch: 44 | phase: val | loss: 0.3241 | accuracy: 0.8589 | mean f1-score: 0.8671 | weighted f1-score: 0.8588
The epoch: 44 | phase: test | loss: 0.3289 | accuracy: 0.8525 | mean f1-score: 0.8586 | weighted f1-score: 0.8522
Epoch 44 completed in 0m 1s
Epoch 45/149
----------
The epoch: 45 | phase: train | loss: 0.1663 | accuracy: 0.9237 | mean f1-score: 0.9300 | weighted f1-score: 0.9237
The epoch: 45 | phase: val | loss: 0.3347 | accuracy: 0.8496 | mean f1-score: 0.8584 | weighted f1-score: 0.8494
The epoch: 45 | phase: test | loss: 0.3280 | accuracy: 0.8514 | mean f1-score: 0.8577 | weighted f1-score: 0.8512
Epoch 45 completed in 0m 1s
Epoch 46/149
----------
The epoch: 46 | phase: train | loss: 0.1699 | accuracy: 0.9161 | mean f1-score: 0.9229 | weighted f1-score: 0.9162
The epoch: 46 | phase: val | loss: 0.3259 | accuracy: 0.8506 | mean f1-score: 0.8589 | weighted f1-score: 0.8489
The epoch: 46 | phase: test | loss: 0.3321 | accuracy: 0.8560 | mean f1-score: 0.8622 | weighted f1-score: 0.8555
Epoch 46 completed in 0m 1s
Epoch 47/149
----------
The epoch: 47 | phase: train | loss: 0.1644 | accuracy: 0.9186 | mean f1-score: 0.9252 | weighted f1-score: 0.9186
The epoch: 47 | phase: val | loss: 0.3314 | accuracy: 0.8589 | mean f1-score: 0.8670 | weighted f1-score: 0.8588
The epoch: 47 | phase: test | loss: 0.3291 | accuracy: 0.8499 | mean f1-score: 0.8563 | weighted f1-score: 0.8497
Epoch 47 completed in 0m 1s
Epoch 48/149
----------
The epoch: 48 | phase: train | loss: 0.1620 | accuracy: 0.9207 | mean f1-score: 0.9271 | weighted f1-score: 0.9207
The epoch: 48 | phase: val | loss: 0.3299 | accuracy: 0.8579 | mean f1-score: 0.8658 | weighted f1-score: 0.8577
The epoch: 48 | phase: test | loss: 0.3439 | accuracy: 0.8540 | mean f1-score: 0.8598 | weighted f1-score: 0.8535
Epoch 48 completed in 0m 1s
Epoch 49/149
----------
The epoch: 49 | phase: train | loss: 0.1589 | accuracy: 0.9240 | mean f1-score: 0.9302 | weighted f1-score: 0.9240
The epoch: 49 | phase: val | loss: 0.3461 | accuracy: 0.8485 | mean f1-score: 0.8575 | weighted f1-score: 0.8481
The epoch: 49 | phase: test | loss: 0.3359 | accuracy: 0.8535 | mean f1-score: 0.8601 | weighted f1-score: 0.8533
Epoch 49 completed in 0m 1s
Epoch 50/149
----------
The epoch: 50 | phase: train | loss: 0.1590 | accuracy: 0.9236 | mean f1-score: 0.9298 | weighted f1-score: 0.9236
The epoch: 50 | phase: val | loss: 0.3335 | accuracy: 0.8641 | mean f1-score: 0.8721 | weighted f1-score: 0.8636
The epoch: 50 | phase: test | loss: 0.3409 | accuracy: 0.8504 | mean f1-score: 0.8571 | weighted f1-score: 0.8503
Epoch 50 completed in 0m 1s
Epoch 51/149
----------
The epoch: 51 | phase: train | loss: 0.1547 | accuracy: 0.9259 | mean f1-score: 0.9319 | weighted f1-score: 0.9259
The epoch: 51 | phase: val | loss: 0.3352 | accuracy: 0.8610 | mean f1-score: 0.8691 | weighted f1-score: 0.8604
The epoch: 51 | phase: test | loss: 0.3376 | accuracy: 0.8478 | mean f1-score: 0.8545 | weighted f1-score: 0.8476
Epoch 51 completed in 0m 1s
Epoch 52/149
----------
The epoch: 52 | phase: train | loss: 0.1533 | accuracy: 0.9256 | mean f1-score: 0.9317 | weighted f1-score: 0.9256
The epoch: 52 | phase: val | loss: 0.3362 | accuracy: 0.8610 | mean f1-score: 0.8693 | weighted f1-score: 0.8608
The epoch: 52 | phase: test | loss: 0.3486 | accuracy: 0.8525 | mean f1-score: 0.8589 | weighted f1-score: 0.8524
Epoch 52 completed in 0m 1s
Epoch 53/149
----------
The epoch: 53 | phase: train | loss: 0.1504 | accuracy: 0.9304 | mean f1-score: 0.9361 | weighted f1-score: 0.9304
The epoch: 53 | phase: val | loss: 0.3388 | accuracy: 0.8568 | mean f1-score: 0.8653 | weighted f1-score: 0.8565
The epoch: 53 | phase: test | loss: 0.3401 | accuracy: 0.8566 | mean f1-score: 0.8631 | weighted f1-score: 0.8566
Epoch 53 completed in 0m 1s
Epoch 54/149
----------
The epoch: 54 | phase: train | loss: 0.1459 | accuracy: 0.9313 | mean f1-score: 0.9370 | weighted f1-score: 0.9313
The epoch: 54 | phase: val | loss: 0.3462 | accuracy: 0.8589 | mean f1-score: 0.8671 | weighted f1-score: 0.8588
The epoch: 54 | phase: test | loss: 0.3535 | accuracy: 0.8530 | mean f1-score: 0.8590 | weighted f1-score: 0.8527
Epoch 54 completed in 0m 1s
Epoch 55/149
----------
The epoch: 55 | phase: train | loss: 0.1457 | accuracy: 0.9307 | mean f1-score: 0.9364 | weighted f1-score: 0.9307
The epoch: 55 | phase: val | loss: 0.3420 | accuracy: 0.8631 | mean f1-score: 0.8707 | weighted f1-score: 0.8628
The epoch: 55 | phase: test | loss: 0.3480 | accuracy: 0.8601 | mean f1-score: 0.8655 | weighted f1-score: 0.8596
Epoch 55 completed in 0m 1s
Epoch 56/149
----------
The epoch: 56 | phase: train | loss: 0.1461 | accuracy: 0.9316 | mean f1-score: 0.9371 | weighted f1-score: 0.9316
The epoch: 56 | phase: val | loss: 0.3623 | accuracy: 0.8579 | mean f1-score: 0.8659 | weighted f1-score: 0.8577
The epoch: 56 | phase: test | loss: 0.3602 | accuracy: 0.8555 | mean f1-score: 0.8615 | weighted f1-score: 0.8551
Epoch 56 completed in 0m 1s
Epoch 57/149
----------
The epoch: 57 | phase: train | loss: 0.1449 | accuracy: 0.9333 | mean f1-score: 0.9388 | weighted f1-score: 0.9333
The epoch: 57 | phase: val | loss: 0.3558 | accuracy: 0.8558 | mean f1-score: 0.8641 | weighted f1-score: 0.8553
The epoch: 57 | phase: test | loss: 0.3503 | accuracy: 0.8591 | mean f1-score: 0.8655 | weighted f1-score: 0.8590
Epoch 57 completed in 0m 1s
Epoch 58/149
----------
The epoch: 58 | phase: train | loss: 0.1450 | accuracy: 0.9316 | mean f1-score: 0.9371 | weighted f1-score: 0.9316
The epoch: 58 | phase: val | loss: 0.3577 | accuracy: 0.8527 | mean f1-score: 0.8609 | weighted f1-score: 0.8524
The epoch: 58 | phase: test | loss: 0.3563 | accuracy: 0.8566 | mean f1-score: 0.8619 | weighted f1-score: 0.8558
Epoch 58 completed in 0m 1s
Epoch 59/149
----------
The epoch: 59 | phase: train | loss: 0.1460 | accuracy: 0.9313 | mean f1-score: 0.9369 | weighted f1-score: 0.9313
The epoch: 59 | phase: val | loss: 0.3492 | accuracy: 0.8517 | mean f1-score: 0.8597 | weighted f1-score: 0.8499
The epoch: 59 | phase: test | loss: 0.3557 | accuracy: 0.8525 | mean f1-score: 0.8592 | weighted f1-score: 0.8523
Epoch 59 completed in 0m 1s
Epoch 60/149
----------
The epoch: 60 | phase: train | loss: 0.1437 | accuracy: 0.9301 | mean f1-score: 0.9358 | weighted f1-score: 0.9301
The epoch: 60 | phase: val | loss: 0.3645 | accuracy: 0.8527 | mean f1-score: 0.8611 | weighted f1-score: 0.8526
The epoch: 60 | phase: test | loss: 0.3690 | accuracy: 0.8555 | mean f1-score: 0.8614 | weighted f1-score: 0.8551
Epoch 60 completed in 0m 1s
Epoch 61/149
----------
The epoch: 61 | phase: train | loss: 0.1460 | accuracy: 0.9314 | mean f1-score: 0.9370 | weighted f1-score: 0.9315
The epoch: 61 | phase: val | loss: 0.3619 | accuracy: 0.8589 | mean f1-score: 0.8670 | weighted f1-score: 0.8588
The epoch: 61 | phase: test | loss: 0.3649 | accuracy: 0.8550 | mean f1-score: 0.8608 | weighted f1-score: 0.8544
Epoch 61 completed in 0m 1s
Epoch 62/149
----------
The epoch: 62 | phase: train | loss: 0.1451 | accuracy: 0.9318 | mean f1-score: 0.9374 | weighted f1-score: 0.9319
The epoch: 62 | phase: val | loss: 0.3546 | accuracy: 0.8558 | mean f1-score: 0.8640 | weighted f1-score: 0.8557
The epoch: 62 | phase: test | loss: 0.3473 | accuracy: 0.8525 | mean f1-score: 0.8585 | weighted f1-score: 0.8520
Epoch 62 completed in 0m 1s
Epoch 63/149
----------
The epoch: 63 | phase: train | loss: 0.1392 | accuracy: 0.9362 | mean f1-score: 0.9414 | weighted f1-score: 0.9362
The epoch: 63 | phase: val | loss: 0.3691 | accuracy: 0.8631 | mean f1-score: 0.8710 | weighted f1-score: 0.8629
The epoch: 63 | phase: test | loss: 0.3744 | accuracy: 0.8519 | mean f1-score: 0.8579 | weighted f1-score: 0.8514
Epoch 63 completed in 0m 1s
Epoch 64/149
----------
The epoch: 64 | phase: train | loss: 0.1368 | accuracy: 0.9347 | mean f1-score: 0.9401 | weighted f1-score: 0.9348
The epoch: 64 | phase: val | loss: 0.3650 | accuracy: 0.8610 | mean f1-score: 0.8687 | weighted f1-score: 0.8608
The epoch: 64 | phase: test | loss: 0.3792 | accuracy: 0.8519 | mean f1-score: 0.8579 | weighted f1-score: 0.8514
Epoch 64 completed in 0m 1s
Epoch 65/149
----------
The epoch: 65 | phase: train | loss: 0.1351 | accuracy: 0.9359 | mean f1-score: 0.9412 | weighted f1-score: 0.9359
The epoch: 65 | phase: val | loss: 0.3665 | accuracy: 0.8548 | mean f1-score: 0.8635 | weighted f1-score: 0.8546
The epoch: 65 | phase: test | loss: 0.3703 | accuracy: 0.8576 | mean f1-score: 0.8637 | weighted f1-score: 0.8574
Epoch 65 completed in 0m 1s
Epoch 66/149
----------
The epoch: 66 | phase: train | loss: 0.1365 | accuracy: 0.9340 | mean f1-score: 0.9394 | weighted f1-score: 0.9340
The epoch: 66 | phase: val | loss: 0.3750 | accuracy: 0.8548 | mean f1-score: 0.8632 | weighted f1-score: 0.8542
The epoch: 66 | phase: test | loss: 0.3708 | accuracy: 0.8530 | mean f1-score: 0.8595 | weighted f1-score: 0.8528
Epoch 66 completed in 0m 1s
Epoch 67/149
----------
The epoch: 67 | phase: train | loss: 0.1358 | accuracy: 0.9379 | mean f1-score: 0.9431 | weighted f1-score: 0.9380
The epoch: 67 | phase: val | loss: 0.3680 | accuracy: 0.8548 | mean f1-score: 0.8630 | weighted f1-score: 0.8547
The epoch: 67 | phase: test | loss: 0.3687 | accuracy: 0.8571 | mean f1-score: 0.8628 | weighted f1-score: 0.8566
Epoch 67 completed in 0m 1s
Epoch 68/149
----------
The epoch: 68 | phase: train | loss: 0.1316 | accuracy: 0.9391 | mean f1-score: 0.9441 | weighted f1-score: 0.9391
The epoch: 68 | phase: val | loss: 0.3689 | accuracy: 0.8465 | mean f1-score: 0.8555 | weighted f1-score: 0.8463
The epoch: 68 | phase: test | loss: 0.3735 | accuracy: 0.8489 | mean f1-score: 0.8553 | weighted f1-score: 0.8487
Epoch 68 completed in 0m 1s
Epoch 69/149
----------
The epoch: 69 | phase: train | loss: 0.1351 | accuracy: 0.9363 | mean f1-score: 0.9416 | weighted f1-score: 0.9364
The epoch: 69 | phase: val | loss: 0.3709 | accuracy: 0.8527 | mean f1-score: 0.8610 | weighted f1-score: 0.8525
The epoch: 69 | phase: test | loss: 0.3909 | accuracy: 0.8525 | mean f1-score: 0.8578 | weighted f1-score: 0.8514
Epoch 69 completed in 0m 1s
Epoch 70/149
----------
The epoch: 70 | phase: train | loss: 0.1293 | accuracy: 0.9407 | mean f1-score: 0.9456 | weighted f1-score: 0.9407
The epoch: 70 | phase: val | loss: 0.3803 | accuracy: 0.8548 | mean f1-score: 0.8632 | weighted f1-score: 0.8544
The epoch: 70 | phase: test | loss: 0.3804 | accuracy: 0.8571 | mean f1-score: 0.8634 | weighted f1-score: 0.8569
Epoch 70 completed in 0m 1s
Epoch 71/149
----------
The epoch: 71 | phase: train | loss: 0.1359 | accuracy: 0.9372 | mean f1-score: 0.9423 | weighted f1-score: 0.9372
The epoch: 71 | phase: val | loss: 0.3664 | accuracy: 0.8496 | mean f1-score: 0.8586 | weighted f1-score: 0.8492
The epoch: 71 | phase: test | loss: 0.3678 | accuracy: 0.8509 | mean f1-score: 0.8575 | weighted f1-score: 0.8508
Epoch 71 completed in 0m 1s
Epoch 72/149
----------
The epoch: 72 | phase: train | loss: 0.1314 | accuracy: 0.9404 | mean f1-score: 0.9453 | weighted f1-score: 0.9404
The epoch: 72 | phase: val | loss: 0.3878 | accuracy: 0.8589 | mean f1-score: 0.8671 | weighted f1-score: 0.8588
The epoch: 72 | phase: test | loss: 0.4039 | accuracy: 0.8489 | mean f1-score: 0.8552 | weighted f1-score: 0.8486
Epoch 72 completed in 0m 1s
Epoch 73/149
----------
The epoch: 73 | phase: train | loss: 0.1303 | accuracy: 0.9382 | mean f1-score: 0.9433 | weighted f1-score: 0.9383
The epoch: 73 | phase: val | loss: 0.3772 | accuracy: 0.8558 | mean f1-score: 0.8641 | weighted f1-score: 0.8557
The epoch: 73 | phase: test | loss: 0.3937 | accuracy: 0.8514 | mean f1-score: 0.8575 | weighted f1-score: 0.8510
Epoch 73 completed in 0m 1s
Epoch 74/149
----------
The epoch: 74 | phase: train | loss: 0.1294 | accuracy: 0.9397 | mean f1-score: 0.9447 | weighted f1-score: 0.9397
The epoch: 74 | phase: val | loss: 0.3709 | accuracy: 0.8517 | mean f1-score: 0.8605 | weighted f1-score: 0.8514
The epoch: 74 | phase: test | loss: 0.3853 | accuracy: 0.8545 | mean f1-score: 0.8608 | weighted f1-score: 0.8543
Epoch 74 completed in 0m 1s
Epoch 75/149
----------
The epoch: 75 | phase: train | loss: 0.1277 | accuracy: 0.9422 | mean f1-score: 0.9469 | weighted f1-score: 0.9422
The epoch: 75 | phase: val | loss: 0.3819 | accuracy: 0.8579 | mean f1-score: 0.8662 | weighted f1-score: 0.8577
The epoch: 75 | phase: test | loss: 0.3829 | accuracy: 0.8489 | mean f1-score: 0.8555 | weighted f1-score: 0.8487
Epoch 75 completed in 0m 1s
Epoch 76/149
----------
The epoch: 76 | phase: train | loss: 0.1261 | accuracy: 0.9406 | mean f1-score: 0.9454 | weighted f1-score: 0.9406
The epoch: 76 | phase: val | loss: 0.3798 | accuracy: 0.8610 | mean f1-score: 0.8690 | weighted f1-score: 0.8609
The epoch: 76 | phase: test | loss: 0.4010 | accuracy: 0.8550 | mean f1-score: 0.8608 | weighted f1-score: 0.8545
Epoch 76 completed in 0m 1s
Epoch 77/149
----------
The epoch: 77 | phase: train | loss: 0.1185 | accuracy: 0.9472 | mean f1-score: 0.9516 | weighted f1-score: 0.9473
The epoch: 77 | phase: val | loss: 0.3842 | accuracy: 0.8568 | mean f1-score: 0.8653 | weighted f1-score: 0.8567
The epoch: 77 | phase: test | loss: 0.4043 | accuracy: 0.8509 | mean f1-score: 0.8574 | weighted f1-score: 0.8507
Epoch 77 completed in 0m 1s
Epoch 78/149
----------
The epoch: 78 | phase: train | loss: 0.1172 | accuracy: 0.9467 | mean f1-score: 0.9511 | weighted f1-score: 0.9467
The epoch: 78 | phase: val | loss: 0.3839 | accuracy: 0.8610 | mean f1-score: 0.8692 | weighted f1-score: 0.8609
The epoch: 78 | phase: test | loss: 0.4068 | accuracy: 0.8581 | mean f1-score: 0.8641 | weighted f1-score: 0.8578
Epoch 78 completed in 0m 1s
Epoch 79/149
----------
The epoch: 79 | phase: train | loss: 0.1148 | accuracy: 0.9477 | mean f1-score: 0.9520 | weighted f1-score: 0.9477
The epoch: 79 | phase: val | loss: 0.4000 | accuracy: 0.8475 | mean f1-score: 0.8565 | weighted f1-score: 0.8471
The epoch: 79 | phase: test | loss: 0.4002 | accuracy: 0.8591 | mean f1-score: 0.8650 | weighted f1-score: 0.8589
Epoch 79 completed in 0m 1s
Epoch 80/149
----------
The epoch: 80 | phase: train | loss: 0.1171 | accuracy: 0.9451 | mean f1-score: 0.9496 | weighted f1-score: 0.9451
The epoch: 80 | phase: val | loss: 0.3996 | accuracy: 0.8558 | mean f1-score: 0.8644 | weighted f1-score: 0.8556
The epoch: 80 | phase: test | loss: 0.4138 | accuracy: 0.8571 | mean f1-score: 0.8630 | weighted f1-score: 0.8568
Epoch 80 completed in 0m 1s
Epoch 81/149
----------
The epoch: 81 | phase: train | loss: 0.1185 | accuracy: 0.9454 | mean f1-score: 0.9498 | weighted f1-score: 0.9454
The epoch: 81 | phase: val | loss: 0.3852 | accuracy: 0.8558 | mean f1-score: 0.8641 | weighted f1-score: 0.8557
The epoch: 81 | phase: test | loss: 0.4105 | accuracy: 0.8504 | mean f1-score: 0.8566 | weighted f1-score: 0.8500
Epoch 81 completed in 0m 1s
Epoch 82/149
----------
The epoch: 82 | phase: train | loss: 0.1168 | accuracy: 0.9487 | mean f1-score: 0.9529 | weighted f1-score: 0.9487
The epoch: 82 | phase: val | loss: 0.4047 | accuracy: 0.8548 | mean f1-score: 0.8634 | weighted f1-score: 0.8546
The epoch: 82 | phase: test | loss: 0.4116 | accuracy: 0.8509 | mean f1-score: 0.8573 | weighted f1-score: 0.8507
Epoch 82 completed in 0m 1s
Epoch 83/149
----------
The epoch: 83 | phase: train | loss: 0.1197 | accuracy: 0.9455 | mean f1-score: 0.9500 | weighted f1-score: 0.9455
The epoch: 83 | phase: val | loss: 0.3876 | accuracy: 0.8620 | mean f1-score: 0.8701 | weighted f1-score: 0.8619
The epoch: 83 | phase: test | loss: 0.4032 | accuracy: 0.8540 | mean f1-score: 0.8601 | weighted f1-score: 0.8536
Epoch 83 completed in 0m 1s
Epoch 84/149
----------
The epoch: 84 | phase: train | loss: 0.1134 | accuracy: 0.9503 | mean f1-score: 0.9544 | weighted f1-score: 0.9503
The epoch: 84 | phase: val | loss: 0.4025 | accuracy: 0.8527 | mean f1-score: 0.8613 | weighted f1-score: 0.8525
The epoch: 84 | phase: test | loss: 0.4197 | accuracy: 0.8535 | mean f1-score: 0.8597 | weighted f1-score: 0.8532
Epoch 84 completed in 0m 2s
Epoch 85/149
----------
The epoch: 85 | phase: train | loss: 0.1152 | accuracy: 0.9472 | mean f1-score: 0.9515 | weighted f1-score: 0.9473
The epoch: 85 | phase: val | loss: 0.4116 | accuracy: 0.8527 | mean f1-score: 0.8610 | weighted f1-score: 0.8525
The epoch: 85 | phase: test | loss: 0.4185 | accuracy: 0.8499 | mean f1-score: 0.8553 | weighted f1-score: 0.8488
Epoch 85 completed in 0m 1s
Epoch 86/149
----------
The epoch: 86 | phase: train | loss: 0.1141 | accuracy: 0.9465 | mean f1-score: 0.9509 | weighted f1-score: 0.9465
The epoch: 86 | phase: val | loss: 0.3998 | accuracy: 0.8506 | mean f1-score: 0.8594 | weighted f1-score: 0.8504
The epoch: 86 | phase: test | loss: 0.4112 | accuracy: 0.8586 | mean f1-score: 0.8650 | weighted f1-score: 0.8585
Epoch 86 completed in 0m 1s
Epoch 87/149
----------
The epoch: 87 | phase: train | loss: 0.1085 | accuracy: 0.9506 | mean f1-score: 0.9547 | weighted f1-score: 0.9506
The epoch: 87 | phase: val | loss: 0.4112 | accuracy: 0.8568 | mean f1-score: 0.8653 | weighted f1-score: 0.8565
The epoch: 87 | phase: test | loss: 0.4274 | accuracy: 0.8550 | mean f1-score: 0.8614 | weighted f1-score: 0.8549
Epoch 87 completed in 0m 1s
Epoch 88/149
----------
The epoch: 88 | phase: train | loss: 0.1139 | accuracy: 0.9499 | mean f1-score: 0.9540 | weighted f1-score: 0.9499
The epoch: 88 | phase: val | loss: 0.4009 | accuracy: 0.8631 | mean f1-score: 0.8711 | weighted f1-score: 0.8630
The epoch: 88 | phase: test | loss: 0.4151 | accuracy: 0.8535 | mean f1-score: 0.8597 | weighted f1-score: 0.8532
Epoch 88 completed in 0m 1s
Epoch 89/149
----------
The epoch: 89 | phase: train | loss: 0.1069 | accuracy: 0.9487 | mean f1-score: 0.9529 | weighted f1-score: 0.9487
The epoch: 89 | phase: val | loss: 0.4228 | accuracy: 0.8548 | mean f1-score: 0.8634 | weighted f1-score: 0.8546
The epoch: 89 | phase: test | loss: 0.4281 | accuracy: 0.8555 | mean f1-score: 0.8616 | weighted f1-score: 0.8552
Epoch 89 completed in 0m 1s
Epoch 90/149
----------
The epoch: 90 | phase: train | loss: 0.1105 | accuracy: 0.9519 | mean f1-score: 0.9558 | weighted f1-score: 0.9519
The epoch: 90 | phase: val | loss: 0.4241 | accuracy: 0.8496 | mean f1-score: 0.8584 | weighted f1-score: 0.8494
The epoch: 90 | phase: test | loss: 0.4330 | accuracy: 0.8571 | mean f1-score: 0.8632 | weighted f1-score: 0.8568
Epoch 90 completed in 0m 1s
Epoch 91/149
----------
The epoch: 91 | phase: train | loss: 0.1119 | accuracy: 0.9497 | mean f1-score: 0.9538 | weighted f1-score: 0.9497
The epoch: 91 | phase: val | loss: 0.4147 | accuracy: 0.8589 | mean f1-score: 0.8670 | weighted f1-score: 0.8588
The epoch: 91 | phase: test | loss: 0.4343 | accuracy: 0.8525 | mean f1-score: 0.8588 | weighted f1-score: 0.8522
Epoch 91 completed in 0m 1s
Epoch 92/149
----------
The epoch: 92 | phase: train | loss: 0.1113 | accuracy: 0.9497 | mean f1-score: 0.9538 | weighted f1-score: 0.9497
The epoch: 92 | phase: val | loss: 0.4127 | accuracy: 0.8496 | mean f1-score: 0.8586 | weighted f1-score: 0.8494
The epoch: 92 | phase: test | loss: 0.4298 | accuracy: 0.8545 | mean f1-score: 0.8604 | weighted f1-score: 0.8540
Epoch 92 completed in 0m 1s
Epoch 93/149
----------
The epoch: 93 | phase: train | loss: 0.1119 | accuracy: 0.9491 | mean f1-score: 0.9533 | weighted f1-score: 0.9492
The epoch: 93 | phase: val | loss: 0.4208 | accuracy: 0.8579 | mean f1-score: 0.8663 | weighted f1-score: 0.8577
The epoch: 93 | phase: test | loss: 0.4197 | accuracy: 0.8550 | mean f1-score: 0.8614 | weighted f1-score: 0.8548
Epoch 93 completed in 0m 1s
Epoch 94/149
----------
The epoch: 94 | phase: train | loss: 0.1110 | accuracy: 0.9493 | mean f1-score: 0.9534 | weighted f1-score: 0.9493
The epoch: 94 | phase: val | loss: 0.4125 | accuracy: 0.8485 | mean f1-score: 0.8574 | weighted f1-score: 0.8481
The epoch: 94 | phase: test | loss: 0.4206 | accuracy: 0.8540 | mean f1-score: 0.8605 | weighted f1-score: 0.8539
Epoch 94 completed in 0m 1s
Epoch 95/149
----------
The epoch: 95 | phase: train | loss: 0.1062 | accuracy: 0.9512 | mean f1-score: 0.9551 | weighted f1-score: 0.9512
The epoch: 95 | phase: val | loss: 0.4175 | accuracy: 0.8631 | mean f1-score: 0.8710 | weighted f1-score: 0.8629
The epoch: 95 | phase: test | loss: 0.4276 | accuracy: 0.8581 | mean f1-score: 0.8638 | weighted f1-score: 0.8576
Epoch 95 completed in 0m 1s
Epoch 96/149
----------
The epoch: 96 | phase: train | loss: 0.1070 | accuracy: 0.9515 | mean f1-score: 0.9555 | weighted f1-score: 0.9515
The epoch: 96 | phase: val | loss: 0.4240 | accuracy: 0.8558 | mean f1-score: 0.8642 | weighted f1-score: 0.8557
The epoch: 96 | phase: test | loss: 0.4426 | accuracy: 0.8571 | mean f1-score: 0.8632 | weighted f1-score: 0.8568
Epoch 96 completed in 0m 1s
Epoch 97/149
----------
The epoch: 97 | phase: train | loss: 0.1080 | accuracy: 0.9504 | mean f1-score: 0.9545 | weighted f1-score: 0.9505
The epoch: 97 | phase: val | loss: 0.4137 | accuracy: 0.8568 | mean f1-score: 0.8652 | weighted f1-score: 0.8567
The epoch: 97 | phase: test | loss: 0.4224 | accuracy: 0.8560 | mean f1-score: 0.8623 | weighted f1-score: 0.8558
Epoch 97 completed in 0m 1s
Epoch 98/149
----------
The epoch: 98 | phase: train | loss: 0.1028 | accuracy: 0.9542 | mean f1-score: 0.9580 | weighted f1-score: 0.9543
The epoch: 98 | phase: val | loss: 0.4317 | accuracy: 0.8527 | mean f1-score: 0.8613 | weighted f1-score: 0.8526
The epoch: 98 | phase: test | loss: 0.4249 | accuracy: 0.8545 | mean f1-score: 0.8606 | weighted f1-score: 0.8541
Epoch 98 completed in 0m 1s
Epoch 99/149
----------
The epoch: 99 | phase: train | loss: 0.1112 | accuracy: 0.9456 | mean f1-score: 0.9501 | weighted f1-score: 0.9457
The epoch: 99 | phase: val | loss: 0.4307 | accuracy: 0.8485 | mean f1-score: 0.8576 | weighted f1-score: 0.8482
The epoch: 99 | phase: test | loss: 0.4237 | accuracy: 0.8596 | mean f1-score: 0.8659 | weighted f1-score: 0.8595
Epoch 99 completed in 0m 1s
Epoch 100/149
----------
The epoch: 100 | phase: train | loss: 0.1008 | accuracy: 0.9520 | mean f1-score: 0.9560 | weighted f1-score: 0.9521
The epoch: 100 | phase: val | loss: 0.4267 | accuracy: 0.8548 | mean f1-score: 0.8631 | weighted f1-score: 0.8546
The epoch: 100 | phase: test | loss: 0.4398 | accuracy: 0.8525 | mean f1-score: 0.8585 | weighted f1-score: 0.8520
Epoch 100 completed in 0m 1s
Epoch 101/149
----------
The epoch: 101 | phase: train | loss: 0.1046 | accuracy: 0.9526 | mean f1-score: 0.9565 | weighted f1-score: 0.9526
The epoch: 101 | phase: val | loss: 0.4307 | accuracy: 0.8537 | mean f1-score: 0.8625 | weighted f1-score: 0.8535
The epoch: 101 | phase: test | loss: 0.4432 | accuracy: 0.8550 | mean f1-score: 0.8615 | weighted f1-score: 0.8549
Epoch 101 completed in 0m 1s
Epoch 102/149
----------
The epoch: 102 | phase: train | loss: 0.1059 | accuracy: 0.9525 | mean f1-score: 0.9564 | weighted f1-score: 0.9525
The epoch: 102 | phase: val | loss: 0.4203 | accuracy: 0.8558 | mean f1-score: 0.8644 | weighted f1-score: 0.8556
The epoch: 102 | phase: test | loss: 0.4391 | accuracy: 0.8576 | mean f1-score: 0.8638 | weighted f1-score: 0.8574
Epoch 102 completed in 0m 1s
Epoch 103/149
----------
The epoch: 103 | phase: train | loss: 0.0977 | accuracy: 0.9551 | mean f1-score: 0.9588 | weighted f1-score: 0.9551
The epoch: 103 | phase: val | loss: 0.4283 | accuracy: 0.8537 | mean f1-score: 0.8623 | weighted f1-score: 0.8534
The epoch: 103 | phase: test | loss: 0.4384 | accuracy: 0.8499 | mean f1-score: 0.8563 | weighted f1-score: 0.8496
Epoch 103 completed in 0m 1s
Epoch 104/149
----------
The epoch: 104 | phase: train | loss: 0.0943 | accuracy: 0.9571 | mean f1-score: 0.9606 | weighted f1-score: 0.9571
The epoch: 104 | phase: val | loss: 0.4390 | accuracy: 0.8527 | mean f1-score: 0.8613 | weighted f1-score: 0.8525
The epoch: 104 | phase: test | loss: 0.4611 | accuracy: 0.8576 | mean f1-score: 0.8640 | weighted f1-score: 0.8574
Epoch 104 completed in 0m 1s
Epoch 105/149
----------
The epoch: 105 | phase: train | loss: 0.0933 | accuracy: 0.9597 | mean f1-score: 0.9630 | weighted f1-score: 0.9598
The epoch: 105 | phase: val | loss: 0.4370 | accuracy: 0.8517 | mean f1-score: 0.8604 | weighted f1-score: 0.8515
The epoch: 105 | phase: test | loss: 0.4499 | accuracy: 0.8571 | mean f1-score: 0.8632 | weighted f1-score: 0.8568
Epoch 105 completed in 0m 1s
Epoch 106/149
----------
The epoch: 106 | phase: train | loss: 0.0977 | accuracy: 0.9542 | mean f1-score: 0.9579 | weighted f1-score: 0.9542
The epoch: 106 | phase: val | loss: 0.4417 | accuracy: 0.8527 | mean f1-score: 0.8615 | weighted f1-score: 0.8526
The epoch: 106 | phase: test | loss: 0.4549 | accuracy: 0.8535 | mean f1-score: 0.8598 | weighted f1-score: 0.8533
Epoch 106 completed in 0m 1s
Epoch 107/149
----------
The epoch: 107 | phase: train | loss: 0.0964 | accuracy: 0.9584 | mean f1-score: 0.9618 | weighted f1-score: 0.9585
The epoch: 107 | phase: val | loss: 0.4454 | accuracy: 0.8506 | mean f1-score: 0.8592 | weighted f1-score: 0.8504
The epoch: 107 | phase: test | loss: 0.4518 | accuracy: 0.8540 | mean f1-score: 0.8599 | weighted f1-score: 0.8534
Epoch 107 completed in 0m 1s
Epoch 108/149
----------
The epoch: 108 | phase: train | loss: 0.0945 | accuracy: 0.9580 | mean f1-score: 0.9614 | weighted f1-score: 0.9580
The epoch: 108 | phase: val | loss: 0.4343 | accuracy: 0.8454 | mean f1-score: 0.8547 | weighted f1-score: 0.8452
The epoch: 108 | phase: test | loss: 0.4479 | accuracy: 0.8560 | mean f1-score: 0.8623 | weighted f1-score: 0.8559
Epoch 108 completed in 0m 1s
Epoch 109/149
----------
The epoch: 109 | phase: train | loss: 0.0928 | accuracy: 0.9593 | mean f1-score: 0.9626 | weighted f1-score: 0.9593
The epoch: 109 | phase: val | loss: 0.4645 | accuracy: 0.8506 | mean f1-score: 0.8589 | weighted f1-score: 0.8502
The epoch: 109 | phase: test | loss: 0.4720 | accuracy: 0.8550 | mean f1-score: 0.8604 | weighted f1-score: 0.8541
Epoch 109 completed in 0m 1s
Epoch 110/149
----------
The epoch: 110 | phase: train | loss: 0.0977 | accuracy: 0.9554 | mean f1-score: 0.9590 | weighted f1-score: 0.9554
The epoch: 110 | phase: val | loss: 0.4468 | accuracy: 0.8434 | mean f1-score: 0.8527 | weighted f1-score: 0.8431
The epoch: 110 | phase: test | loss: 0.4580 | accuracy: 0.8530 | mean f1-score: 0.8591 | weighted f1-score: 0.8526
Epoch 110 completed in 0m 1s
Epoch 111/149
----------
The epoch: 111 | phase: train | loss: 0.0941 | accuracy: 0.9586 | mean f1-score: 0.9620 | weighted f1-score: 0.9586
The epoch: 111 | phase: val | loss: 0.4407 | accuracy: 0.8527 | mean f1-score: 0.8613 | weighted f1-score: 0.8525
The epoch: 111 | phase: test | loss: 0.4683 | accuracy: 0.8530 | mean f1-score: 0.8586 | weighted f1-score: 0.8522
Epoch 111 completed in 0m 1s
Epoch 112/149
----------
The epoch: 112 | phase: train | loss: 0.0909 | accuracy: 0.9602 | mean f1-score: 0.9635 | weighted f1-score: 0.9602
The epoch: 112 | phase: val | loss: 0.4516 | accuracy: 0.8548 | mean f1-score: 0.8631 | weighted f1-score: 0.8546
The epoch: 112 | phase: test | loss: 0.4799 | accuracy: 0.8545 | mean f1-score: 0.8602 | weighted f1-score: 0.8539
Epoch 112 completed in 0m 1s
Epoch 113/149
----------
The epoch: 113 | phase: train | loss: 0.0909 | accuracy: 0.9606 | mean f1-score: 0.9638 | weighted f1-score: 0.9606
The epoch: 113 | phase: val | loss: 0.4684 | accuracy: 0.8506 | mean f1-score: 0.8593 | weighted f1-score: 0.8501
The epoch: 113 | phase: test | loss: 0.4594 | accuracy: 0.8571 | mean f1-score: 0.8635 | weighted f1-score: 0.8570
Epoch 113 completed in 0m 1s
Epoch 114/149
----------
The epoch: 114 | phase: train | loss: 0.0923 | accuracy: 0.9568 | mean f1-score: 0.9604 | weighted f1-score: 0.9569
The epoch: 114 | phase: val | loss: 0.4595 | accuracy: 0.8444 | mean f1-score: 0.8537 | weighted f1-score: 0.8440
The epoch: 114 | phase: test | loss: 0.4643 | accuracy: 0.8571 | mean f1-score: 0.8632 | weighted f1-score: 0.8569
Epoch 114 completed in 0m 1s
Epoch 115/149
----------
The epoch: 115 | phase: train | loss: 0.0899 | accuracy: 0.9579 | mean f1-score: 0.9613 | weighted f1-score: 0.9579
The epoch: 115 | phase: val | loss: 0.4672 | accuracy: 0.8506 | mean f1-score: 0.8593 | weighted f1-score: 0.8505
The epoch: 115 | phase: test | loss: 0.4798 | accuracy: 0.8545 | mean f1-score: 0.8603 | weighted f1-score: 0.8539
Epoch 115 completed in 0m 1s
Epoch 116/149
----------
The epoch: 116 | phase: train | loss: 0.0983 | accuracy: 0.9561 | mean f1-score: 0.9597 | weighted f1-score: 0.9561
The epoch: 116 | phase: val | loss: 0.4682 | accuracy: 0.8465 | mean f1-score: 0.8554 | weighted f1-score: 0.8456
The epoch: 116 | phase: test | loss: 0.4675 | accuracy: 0.8576 | mean f1-score: 0.8639 | weighted f1-score: 0.8574
Epoch 116 completed in 0m 1s
Epoch 117/149
----------
The epoch: 117 | phase: train | loss: 0.0893 | accuracy: 0.9619 | mean f1-score: 0.9650 | weighted f1-score: 0.9619
The epoch: 117 | phase: val | loss: 0.4613 | accuracy: 0.8548 | mean f1-score: 0.8634 | weighted f1-score: 0.8546
The epoch: 117 | phase: test | loss: 0.4701 | accuracy: 0.8555 | mean f1-score: 0.8617 | weighted f1-score: 0.8552
Epoch 117 completed in 0m 1s
Epoch 118/149
----------
The epoch: 118 | phase: train | loss: 0.0813 | accuracy: 0.9667 | mean f1-score: 0.9694 | weighted f1-score: 0.9667
The epoch: 118 | phase: val | loss: 0.4663 | accuracy: 0.8475 | mean f1-score: 0.8566 | weighted f1-score: 0.8474
The epoch: 118 | phase: test | loss: 0.4664 | accuracy: 0.8555 | mean f1-score: 0.8614 | weighted f1-score: 0.8551
Epoch 118 completed in 0m 1s
Epoch 119/149
----------
The epoch: 119 | phase: train | loss: 0.0873 | accuracy: 0.9609 | mean f1-score: 0.9641 | weighted f1-score: 0.9609
The epoch: 119 | phase: val | loss: 0.4843 | accuracy: 0.8579 | mean f1-score: 0.8663 | weighted f1-score: 0.8577
The epoch: 119 | phase: test | loss: 0.4863 | accuracy: 0.8540 | mean f1-score: 0.8603 | weighted f1-score: 0.8538
Epoch 119 completed in 0m 1s
Epoch 120/149
----------
The epoch: 120 | phase: train | loss: 0.0867 | accuracy: 0.9628 | mean f1-score: 0.9658 | weighted f1-score: 0.9628
The epoch: 120 | phase: val | loss: 0.4648 | accuracy: 0.8579 | mean f1-score: 0.8662 | weighted f1-score: 0.8577
The epoch: 120 | phase: test | loss: 0.4924 | accuracy: 0.8478 | mean f1-score: 0.8544 | weighted f1-score: 0.8476
Epoch 120 completed in 0m 1s
Epoch 121/149
----------
The epoch: 121 | phase: train | loss: 0.0913 | accuracy: 0.9603 | mean f1-score: 0.9636 | weighted f1-score: 0.9604
The epoch: 121 | phase: val | loss: 0.4664 | accuracy: 0.8527 | mean f1-score: 0.8612 | weighted f1-score: 0.8526
The epoch: 121 | phase: test | loss: 0.4911 | accuracy: 0.8484 | mean f1-score: 0.8544 | weighted f1-score: 0.8477
Epoch 121 completed in 0m 1s
Epoch 122/149
----------
The epoch: 122 | phase: train | loss: 0.0901 | accuracy: 0.9584 | mean f1-score: 0.9618 | weighted f1-score: 0.9584
The epoch: 122 | phase: val | loss: 0.4660 | accuracy: 0.8558 | mean f1-score: 0.8641 | weighted f1-score: 0.8557
The epoch: 122 | phase: test | loss: 0.4815 | accuracy: 0.8566 | mean f1-score: 0.8629 | weighted f1-score: 0.8564
Epoch 122 completed in 0m 1s
Epoch 123/149
----------
The epoch: 123 | phase: train | loss: 0.0894 | accuracy: 0.9599 | mean f1-score: 0.9632 | weighted f1-score: 0.9599
The epoch: 123 | phase: val | loss: 0.4648 | accuracy: 0.8517 | mean f1-score: 0.8604 | weighted f1-score: 0.8514
The epoch: 123 | phase: test | loss: 0.4671 | accuracy: 0.8591 | mean f1-score: 0.8650 | weighted f1-score: 0.8588
Epoch 123 completed in 0m 1s
Epoch 124/149
----------
The epoch: 124 | phase: train | loss: 0.0886 | accuracy: 0.9625 | mean f1-score: 0.9656 | weighted f1-score: 0.9625
The epoch: 124 | phase: val | loss: 0.4761 | accuracy: 0.8506 | mean f1-score: 0.8590 | weighted f1-score: 0.8505
The epoch: 124 | phase: test | loss: 0.4962 | accuracy: 0.8525 | mean f1-score: 0.8582 | weighted f1-score: 0.8518
Epoch 124 completed in 0m 1s
Epoch 125/149
----------
The epoch: 125 | phase: train | loss: 0.0836 | accuracy: 0.9645 | mean f1-score: 0.9675 | weighted f1-score: 0.9646
The epoch: 125 | phase: val | loss: 0.4762 | accuracy: 0.8454 | mean f1-score: 0.8544 | weighted f1-score: 0.8453
The epoch: 125 | phase: test | loss: 0.4841 | accuracy: 0.8576 | mean f1-score: 0.8633 | weighted f1-score: 0.8571
Epoch 125 completed in 0m 1s
Epoch 126/149
----------
The epoch: 126 | phase: train | loss: 0.0797 | accuracy: 0.9663 | mean f1-score: 0.9690 | weighted f1-score: 0.9663
The epoch: 126 | phase: val | loss: 0.4817 | accuracy: 0.8465 | mean f1-score: 0.8556 | weighted f1-score: 0.8463
The epoch: 126 | phase: test | loss: 0.4813 | accuracy: 0.8581 | mean f1-score: 0.8641 | weighted f1-score: 0.8578
Epoch 126 completed in 0m 1s
Epoch 127/149
----------
The epoch: 127 | phase: train | loss: 0.0836 | accuracy: 0.9615 | mean f1-score: 0.9646 | weighted f1-score: 0.9615
The epoch: 127 | phase: val | loss: 0.4848 | accuracy: 0.8475 | mean f1-score: 0.8566 | weighted f1-score: 0.8473
The epoch: 127 | phase: test | loss: 0.4814 | accuracy: 0.8576 | mean f1-score: 0.8638 | weighted f1-score: 0.8574
Epoch 127 completed in 0m 1s
Epoch 128/149
----------
The epoch: 128 | phase: train | loss: 0.0822 | accuracy: 0.9637 | mean f1-score: 0.9666 | weighted f1-score: 0.9637
The epoch: 128 | phase: val | loss: 0.4903 | accuracy: 0.8527 | mean f1-score: 0.8612 | weighted f1-score: 0.8526
The epoch: 128 | phase: test | loss: 0.4962 | accuracy: 0.8601 | mean f1-score: 0.8663 | weighted f1-score: 0.8600
Epoch 128 completed in 0m 1s
Epoch 129/149
----------
The epoch: 129 | phase: train | loss: 0.0802 | accuracy: 0.9638 | mean f1-score: 0.9668 | weighted f1-score: 0.9638
The epoch: 129 | phase: val | loss: 0.4915 | accuracy: 0.8485 | mean f1-score: 0.8574 | weighted f1-score: 0.8484
The epoch: 129 | phase: test | loss: 0.4911 | accuracy: 0.8525 | mean f1-score: 0.8588 | weighted f1-score: 0.8522
Epoch 129 completed in 0m 1s
Epoch 130/149
----------
The epoch: 130 | phase: train | loss: 0.0822 | accuracy: 0.9661 | mean f1-score: 0.9689 | weighted f1-score: 0.9661
The epoch: 130 | phase: val | loss: 0.5038 | accuracy: 0.8506 | mean f1-score: 0.8594 | weighted f1-score: 0.8505
The epoch: 130 | phase: test | loss: 0.5081 | accuracy: 0.8530 | mean f1-score: 0.8594 | weighted f1-score: 0.8528
Epoch 130 completed in 0m 1s
Epoch 131/149
----------
The epoch: 131 | phase: train | loss: 0.0838 | accuracy: 0.9616 | mean f1-score: 0.9648 | weighted f1-score: 0.9616
The epoch: 131 | phase: val | loss: 0.4820 | accuracy: 0.8465 | mean f1-score: 0.8553 | weighted f1-score: 0.8464
The epoch: 131 | phase: test | loss: 0.4999 | accuracy: 0.8560 | mean f1-score: 0.8621 | weighted f1-score: 0.8557
Epoch 131 completed in 0m 1s
Epoch 132/149
----------
The epoch: 132 | phase: train | loss: 0.0786 | accuracy: 0.9674 | mean f1-score: 0.9701 | weighted f1-score: 0.9675
The epoch: 132 | phase: val | loss: 0.4838 | accuracy: 0.8475 | mean f1-score: 0.8563 | weighted f1-score: 0.8474
The epoch: 132 | phase: test | loss: 0.4910 | accuracy: 0.8560 | mean f1-score: 0.8621 | weighted f1-score: 0.8557
Epoch 132 completed in 0m 1s
Epoch 133/149
----------
The epoch: 133 | phase: train | loss: 0.0795 | accuracy: 0.9673 | mean f1-score: 0.9700 | weighted f1-score: 0.9673
The epoch: 133 | phase: val | loss: 0.4928 | accuracy: 0.8413 | mean f1-score: 0.8506 | weighted f1-score: 0.8411
The epoch: 133 | phase: test | loss: 0.4837 | accuracy: 0.8581 | mean f1-score: 0.8643 | weighted f1-score: 0.8579
Epoch 133 completed in 0m 1s
Epoch 134/149
----------
The epoch: 134 | phase: train | loss: 0.0791 | accuracy: 0.9669 | mean f1-score: 0.9696 | weighted f1-score: 0.9669
The epoch: 134 | phase: val | loss: 0.4958 | accuracy: 0.8465 | mean f1-score: 0.8551 | weighted f1-score: 0.8463
The epoch: 134 | phase: test | loss: 0.4935 | accuracy: 0.8566 | mean f1-score: 0.8620 | weighted f1-score: 0.8558
Epoch 134 completed in 0m 1s
Epoch 135/149
----------
The epoch: 135 | phase: train | loss: 0.0819 | accuracy: 0.9629 | mean f1-score: 0.9660 | weighted f1-score: 0.9629
The epoch: 135 | phase: val | loss: 0.5021 | accuracy: 0.8454 | mean f1-score: 0.8545 | weighted f1-score: 0.8453
The epoch: 135 | phase: test | loss: 0.5096 | accuracy: 0.8566 | mean f1-score: 0.8626 | weighted f1-score: 0.8562
Epoch 135 completed in 0m 1s
Epoch 136/149
----------
The epoch: 136 | phase: train | loss: 0.0772 | accuracy: 0.9676 | mean f1-score: 0.9702 | weighted f1-score: 0.9676
The epoch: 136 | phase: val | loss: 0.4939 | accuracy: 0.8527 | mean f1-score: 0.8611 | weighted f1-score: 0.8525
The epoch: 136 | phase: test | loss: 0.5221 | accuracy: 0.8545 | mean f1-score: 0.8600 | weighted f1-score: 0.8538
Epoch 136 completed in 0m 1s
Epoch 137/149
----------
The epoch: 137 | phase: train | loss: 0.0770 | accuracy: 0.9670 | mean f1-score: 0.9697 | weighted f1-score: 0.9670
The epoch: 137 | phase: val | loss: 0.5016 | accuracy: 0.8496 | mean f1-score: 0.8585 | weighted f1-score: 0.8493
The epoch: 137 | phase: test | loss: 0.5023 | accuracy: 0.8555 | mean f1-score: 0.8619 | weighted f1-score: 0.8554
Epoch 137 completed in 0m 1s
Epoch 138/149
----------
The epoch: 138 | phase: train | loss: 0.0802 | accuracy: 0.9653 | mean f1-score: 0.9681 | weighted f1-score: 0.9653
The epoch: 138 | phase: val | loss: 0.4932 | accuracy: 0.8434 | mean f1-score: 0.8527 | weighted f1-score: 0.8432
The epoch: 138 | phase: test | loss: 0.5035 | accuracy: 0.8581 | mean f1-score: 0.8639 | weighted f1-score: 0.8577
Epoch 138 completed in 0m 1s
Epoch 139/149
----------
The epoch: 139 | phase: train | loss: 0.0771 | accuracy: 0.9658 | mean f1-score: 0.9686 | weighted f1-score: 0.9659
The epoch: 139 | phase: val | loss: 0.5114 | accuracy: 0.8506 | mean f1-score: 0.8593 | weighted f1-score: 0.8505
The epoch: 139 | phase: test | loss: 0.5149 | accuracy: 0.8545 | mean f1-score: 0.8607 | weighted f1-score: 0.8543
Epoch 139 completed in 0m 1s
Epoch 140/149
----------
The epoch: 140 | phase: train | loss: 0.0756 | accuracy: 0.9689 | mean f1-score: 0.9714 | weighted f1-score: 0.9689
The epoch: 140 | phase: val | loss: 0.4956 | accuracy: 0.8517 | mean f1-score: 0.8603 | weighted f1-score: 0.8513
The epoch: 140 | phase: test | loss: 0.5165 | accuracy: 0.8545 | mean f1-score: 0.8608 | weighted f1-score: 0.8543
Epoch 140 completed in 0m 1s
Epoch 141/149
----------
The epoch: 141 | phase: train | loss: 0.0738 | accuracy: 0.9690 | mean f1-score: 0.9716 | weighted f1-score: 0.9691
The epoch: 141 | phase: val | loss: 0.5037 | accuracy: 0.8506 | mean f1-score: 0.8593 | weighted f1-score: 0.8505
The epoch: 141 | phase: test | loss: 0.5209 | accuracy: 0.8550 | mean f1-score: 0.8613 | weighted f1-score: 0.8549
Epoch 141 completed in 0m 1s
Epoch 142/149
----------
The epoch: 142 | phase: train | loss: 0.0801 | accuracy: 0.9635 | mean f1-score: 0.9665 | weighted f1-score: 0.9635
The epoch: 142 | phase: val | loss: 0.4985 | accuracy: 0.8589 | mean f1-score: 0.8672 | weighted f1-score: 0.8587
The epoch: 142 | phase: test | loss: 0.5075 | accuracy: 0.8581 | mean f1-score: 0.8642 | weighted f1-score: 0.8579
Epoch 142 completed in 0m 1s
Epoch 143/149
----------
The epoch: 143 | phase: train | loss: 0.0761 | accuracy: 0.9682 | mean f1-score: 0.9708 | weighted f1-score: 0.9682
The epoch: 143 | phase: val | loss: 0.5191 | accuracy: 0.8496 | mean f1-score: 0.8584 | weighted f1-score: 0.8494
The epoch: 143 | phase: test | loss: 0.5224 | accuracy: 0.8566 | mean f1-score: 0.8626 | weighted f1-score: 0.8563
Epoch 143 completed in 0m 1s
Epoch 144/149
----------
The epoch: 144 | phase: train | loss: 0.0753 | accuracy: 0.9674 | mean f1-score: 0.9701 | weighted f1-score: 0.9675
The epoch: 144 | phase: val | loss: 0.5290 | accuracy: 0.8527 | mean f1-score: 0.8613 | weighted f1-score: 0.8525
The epoch: 144 | phase: test | loss: 0.5367 | accuracy: 0.8586 | mean f1-score: 0.8646 | weighted f1-score: 0.8584
Epoch 144 completed in 0m 1s
Epoch 145/149
----------
The epoch: 145 | phase: train | loss: 0.0764 | accuracy: 0.9648 | mean f1-score: 0.9677 | weighted f1-score: 0.9648
The epoch: 145 | phase: val | loss: 0.5348 | accuracy: 0.8475 | mean f1-score: 0.8564 | weighted f1-score: 0.8474
The epoch: 145 | phase: test | loss: 0.5569 | accuracy: 0.8550 | mean f1-score: 0.8608 | weighted f1-score: 0.8545
Epoch 145 completed in 0m 1s
Epoch 146/149
----------
The epoch: 146 | phase: train | loss: 0.0748 | accuracy: 0.9673 | mean f1-score: 0.9700 | weighted f1-score: 0.9673
The epoch: 146 | phase: val | loss: 0.5307 | accuracy: 0.8423 | mean f1-score: 0.8514 | weighted f1-score: 0.8416
The epoch: 146 | phase: test | loss: 0.5196 | accuracy: 0.8566 | mean f1-score: 0.8628 | weighted f1-score: 0.8563
Epoch 146 completed in 0m 1s
Epoch 147/149
----------
The epoch: 147 | phase: train | loss: 0.0784 | accuracy: 0.9663 | mean f1-score: 0.9690 | weighted f1-score: 0.9663
The epoch: 147 | phase: val | loss: 0.5127 | accuracy: 0.8465 | mean f1-score: 0.8556 | weighted f1-score: 0.8462
The epoch: 147 | phase: test | loss: 0.5293 | accuracy: 0.8571 | mean f1-score: 0.8632 | weighted f1-score: 0.8569
Epoch 147 completed in 0m 1s
Epoch 148/149
----------
The epoch: 148 | phase: train | loss: 0.0737 | accuracy: 0.9676 | mean f1-score: 0.9702 | weighted f1-score: 0.9676
The epoch: 148 | phase: val | loss: 0.5273 | accuracy: 0.8444 | mean f1-score: 0.8534 | weighted f1-score: 0.8443
The epoch: 148 | phase: test | loss: 0.5314 | accuracy: 0.8555 | mean f1-score: 0.8614 | weighted f1-score: 0.8550
Epoch 148 completed in 0m 1s
Epoch 149/149
----------
The epoch: 149 | phase: train | loss: 0.0794 | accuracy: 0.9656 | mean f1-score: 0.9683 | weighted f1-score: 0.9656
The epoch: 149 | phase: val | loss: 0.5078 | accuracy: 0.8465 | mean f1-score: 0.8552 | weighted f1-score: 0.8463
The epoch: 149 | phase: test | loss: 0.5358 | accuracy: 0.8550 | mean f1-score: 0.8607 | weighted f1-score: 0.8543
Epoch 149 completed in 0m 1s
The best epoch is 16
Phase: train, loss: 0.23779218444564698, accuracy: 0.8869350385118442, f1_score: 0.8957446577807309, f1_score weighted: 0.8869266912043436 {'train': [], 'val': [], 'test': []}
Phase: val, loss: 0.2983945083816022, accuracy: 0.8661825726141079, f1_score: 0.8735382390464883, f1_score weighted: 0.8659629276199311 {'train': [], 'val': [], 'test': []}
Phase: test, loss: 0.2840480828871492, accuracy: 0.850922131147541, f1_score: 0.8559299983547779, f1_score weighted: 0.8495638468709531 {'train': [], 'val': [], 'test': []}
------ Evaluation complete! ------
