Namespace(window=50, overlap=25, batch_size=64, learning_rate=0.0005, num_epochs=150, gpu_id='0', dataset='wisdm', kernel_size=3, num_steps_prediction=28, classifier_lr=0.0005, classifier_batch_size=256, saved_model='/workspaces/betania.silva/ssl_tools/contrastive-predictive-coding-for-har/models/May-11-2024/realworld_waist_k_28_lr_0.0005_bs_64.pkl', learning_schedule='last_layer', random_seed=42, input_size=6, num_classes=7, root_dir='/workspaces/betania.silva/view_concatenated', data_file='wisdm', device=device(type='cuda', index=0), padding=1)
Data Raw (665020, 6)
Data (26599, 50, 6)
Labels (26599,)
Data Raw (71863, 6)
Data (2873, 50, 6)
Labels (2873,)
Data Raw (197756, 6)
Data (7909, 50, 6)
Labels (7909,)
The batch size for train phase is: 256
The batch size for val phase is: 256
The batch size for test phase is: 256
Loading the pre-trained weights
Epoch 0/149
----------
The epoch: 0 | phase: train | loss: 0.8768 | accuracy: 0.6377 | mean f1-score: 0.4556 | weighted f1-score: 0.6378
The epoch: 0 | phase: val | loss: 0.7673 | accuracy: 0.6192 | mean f1-score: 0.6246 | weighted f1-score: 0.6247
The epoch: 0 | phase: test | loss: 0.6975 | accuracy: 0.7068 | mean f1-score: 0.7002 | weighted f1-score: 0.7002
Epoch 0 completed in 0m 3s
Epoch 1/149
----------
The epoch: 1 | phase: train | loss: 0.6257 | accuracy: 0.7339 | mean f1-score: 0.7336 | weighted f1-score: 0.7336
The epoch: 1 | phase: val | loss: 0.7647 | accuracy: 0.6237 | mean f1-score: 0.6231 | weighted f1-score: 0.6232
The epoch: 1 | phase: test | loss: 0.6838 | accuracy: 0.6967 | mean f1-score: 0.6885 | weighted f1-score: 0.6886
Epoch 1 completed in 0m 2s
Epoch 2/149
----------
The epoch: 2 | phase: train | loss: 0.5586 | accuracy: 0.7651 | mean f1-score: 0.7649 | weighted f1-score: 0.7649
The epoch: 2 | phase: val | loss: 0.7398 | accuracy: 0.6690 | mean f1-score: 0.6642 | weighted f1-score: 0.6643
The epoch: 2 | phase: test | loss: 0.6777 | accuracy: 0.7112 | mean f1-score: 0.7022 | weighted f1-score: 0.7022
Epoch 2 completed in 0m 2s
Epoch 3/149
----------
The epoch: 3 | phase: train | loss: 0.5193 | accuracy: 0.7834 | mean f1-score: 0.7832 | weighted f1-score: 0.7832
The epoch: 3 | phase: val | loss: 0.7343 | accuracy: 0.6721 | mean f1-score: 0.6721 | weighted f1-score: 0.6721
The epoch: 3 | phase: test | loss: 0.7295 | accuracy: 0.7020 | mean f1-score: 0.6927 | weighted f1-score: 0.6928
Epoch 3 completed in 0m 2s
Epoch 4/149
----------
The epoch: 4 | phase: train | loss: 0.4788 | accuracy: 0.8046 | mean f1-score: 0.8044 | weighted f1-score: 0.8044
The epoch: 4 | phase: val | loss: 0.7956 | accuracy: 0.6234 | mean f1-score: 0.6254 | weighted f1-score: 0.6254
The epoch: 4 | phase: test | loss: 0.6657 | accuracy: 0.7122 | mean f1-score: 0.7078 | weighted f1-score: 0.7079
Epoch 4 completed in 0m 2s
Epoch 5/149
----------
The epoch: 5 | phase: train | loss: 0.4526 | accuracy: 0.8133 | mean f1-score: 0.8131 | weighted f1-score: 0.8131
The epoch: 5 | phase: val | loss: 0.7154 | accuracy: 0.6780 | mean f1-score: 0.6809 | weighted f1-score: 0.6809
The epoch: 5 | phase: test | loss: 0.6864 | accuracy: 0.7144 | mean f1-score: 0.7104 | weighted f1-score: 0.7104
Epoch 5 completed in 0m 2s
Epoch 6/149
----------
The epoch: 6 | phase: train | loss: 0.4299 | accuracy: 0.8232 | mean f1-score: 0.8230 | weighted f1-score: 0.8230
The epoch: 6 | phase: val | loss: 0.8182 | accuracy: 0.6262 | mean f1-score: 0.6253 | weighted f1-score: 0.6254
The epoch: 6 | phase: test | loss: 0.6694 | accuracy: 0.7240 | mean f1-score: 0.7221 | weighted f1-score: 0.7222
Epoch 6 completed in 0m 3s
Epoch 7/149
----------
The epoch: 7 | phase: train | loss: 0.4104 | accuracy: 0.8330 | mean f1-score: 0.8328 | weighted f1-score: 0.8328
The epoch: 7 | phase: val | loss: 0.7178 | accuracy: 0.6833 | mean f1-score: 0.6853 | weighted f1-score: 0.6854
The epoch: 7 | phase: test | loss: 0.6869 | accuracy: 0.7204 | mean f1-score: 0.7170 | weighted f1-score: 0.7170
Epoch 7 completed in 0m 2s
Epoch 8/149
----------
The epoch: 8 | phase: train | loss: 0.3897 | accuracy: 0.8389 | mean f1-score: 0.8387 | weighted f1-score: 0.8388
The epoch: 8 | phase: val | loss: 0.7961 | accuracy: 0.6495 | mean f1-score: 0.6530 | weighted f1-score: 0.6531
The epoch: 8 | phase: test | loss: 0.6670 | accuracy: 0.7218 | mean f1-score: 0.7226 | weighted f1-score: 0.7226
Epoch 8 completed in 0m 2s
Epoch 9/149
----------
The epoch: 9 | phase: train | loss: 0.3753 | accuracy: 0.8477 | mean f1-score: 0.8476 | weighted f1-score: 0.8476
The epoch: 9 | phase: val | loss: 0.7055 | accuracy: 0.6867 | mean f1-score: 0.6888 | weighted f1-score: 0.6889
The epoch: 9 | phase: test | loss: 0.7243 | accuracy: 0.7146 | mean f1-score: 0.7112 | weighted f1-score: 0.7112
Epoch 9 completed in 0m 2s
Epoch 10/149
----------
The epoch: 10 | phase: train | loss: 0.3617 | accuracy: 0.8490 | mean f1-score: 0.8488 | weighted f1-score: 0.8488
The epoch: 10 | phase: val | loss: 0.7997 | accuracy: 0.6850 | mean f1-score: 0.6796 | weighted f1-score: 0.6797
The epoch: 10 | phase: test | loss: 0.8224 | accuracy: 0.7116 | mean f1-score: 0.7035 | weighted f1-score: 0.7036
Epoch 10 completed in 0m 2s
Epoch 11/149
----------
The epoch: 11 | phase: train | loss: 0.3504 | accuracy: 0.8544 | mean f1-score: 0.8543 | weighted f1-score: 0.8543
The epoch: 11 | phase: val | loss: 0.7733 | accuracy: 0.6801 | mean f1-score: 0.6834 | weighted f1-score: 0.6834
The epoch: 11 | phase: test | loss: 0.7267 | accuracy: 0.7217 | mean f1-score: 0.7192 | weighted f1-score: 0.7193
Epoch 11 completed in 0m 2s
Epoch 12/149
----------
The epoch: 12 | phase: train | loss: 0.3354 | accuracy: 0.8623 | mean f1-score: 0.8621 | weighted f1-score: 0.8621
The epoch: 12 | phase: val | loss: 0.7984 | accuracy: 0.6610 | mean f1-score: 0.6540 | weighted f1-score: 0.6541
The epoch: 12 | phase: test | loss: 0.8096 | accuracy: 0.7193 | mean f1-score: 0.7104 | weighted f1-score: 0.7105
Epoch 12 completed in 0m 2s
Epoch 13/149
----------
The epoch: 13 | phase: train | loss: 0.3271 | accuracy: 0.8647 | mean f1-score: 0.8645 | weighted f1-score: 0.8645
The epoch: 13 | phase: val | loss: 0.9265 | accuracy: 0.6356 | mean f1-score: 0.6363 | weighted f1-score: 0.6364
The epoch: 13 | phase: test | loss: 0.8647 | accuracy: 0.6921 | mean f1-score: 0.6905 | weighted f1-score: 0.6906
Epoch 13 completed in 0m 2s
Epoch 14/149
----------
The epoch: 14 | phase: train | loss: 0.3202 | accuracy: 0.8676 | mean f1-score: 0.8674 | weighted f1-score: 0.8674
The epoch: 14 | phase: val | loss: 0.7882 | accuracy: 0.6857 | mean f1-score: 0.6820 | weighted f1-score: 0.6822
The epoch: 14 | phase: test | loss: 0.8455 | accuracy: 0.7177 | mean f1-score: 0.7109 | weighted f1-score: 0.7109
Epoch 14 completed in 0m 2s
Epoch 15/149
----------
The epoch: 15 | phase: train | loss: 0.3081 | accuracy: 0.8722 | mean f1-score: 0.8720 | weighted f1-score: 0.8720
The epoch: 15 | phase: val | loss: 0.8454 | accuracy: 0.6732 | mean f1-score: 0.6764 | weighted f1-score: 0.6764
The epoch: 15 | phase: test | loss: 0.8163 | accuracy: 0.7240 | mean f1-score: 0.7195 | weighted f1-score: 0.7195
Epoch 15 completed in 0m 2s
Epoch 16/149
----------
The epoch: 16 | phase: train | loss: 0.2998 | accuracy: 0.8748 | mean f1-score: 0.8746 | weighted f1-score: 0.8746
The epoch: 16 | phase: val | loss: 0.8493 | accuracy: 0.6652 | mean f1-score: 0.6671 | weighted f1-score: 0.6671
The epoch: 16 | phase: test | loss: 0.7711 | accuracy: 0.7206 | mean f1-score: 0.7216 | weighted f1-score: 0.7216
Epoch 16 completed in 0m 2s
Epoch 17/149
----------
The epoch: 17 | phase: train | loss: 0.2963 | accuracy: 0.8761 | mean f1-score: 0.8760 | weighted f1-score: 0.8760
The epoch: 17 | phase: val | loss: 0.8444 | accuracy: 0.6645 | mean f1-score: 0.6675 | weighted f1-score: 0.6675
The epoch: 17 | phase: test | loss: 0.8043 | accuracy: 0.7197 | mean f1-score: 0.7180 | weighted f1-score: 0.7180
Epoch 17 completed in 0m 2s
Epoch 18/149
----------
The epoch: 18 | phase: train | loss: 0.2840 | accuracy: 0.8797 | mean f1-score: 0.8796 | weighted f1-score: 0.8796
The epoch: 18 | phase: val | loss: 0.8105 | accuracy: 0.6815 | mean f1-score: 0.6801 | weighted f1-score: 0.6802
The epoch: 18 | phase: test | loss: 0.8829 | accuracy: 0.7140 | mean f1-score: 0.7080 | weighted f1-score: 0.7080
Epoch 18 completed in 0m 2s
Epoch 19/149
----------
The epoch: 19 | phase: train | loss: 0.2784 | accuracy: 0.8829 | mean f1-score: 0.8828 | weighted f1-score: 0.8828
The epoch: 19 | phase: val | loss: 0.9031 | accuracy: 0.6686 | mean f1-score: 0.6714 | weighted f1-score: 0.6714
The epoch: 19 | phase: test | loss: 0.8975 | accuracy: 0.7126 | mean f1-score: 0.7070 | weighted f1-score: 0.7070
Epoch 19 completed in 0m 2s
Epoch 20/149
----------
The epoch: 20 | phase: train | loss: 0.2733 | accuracy: 0.8862 | mean f1-score: 0.8861 | weighted f1-score: 0.8861
The epoch: 20 | phase: val | loss: 1.0320 | accuracy: 0.6331 | mean f1-score: 0.6204 | weighted f1-score: 0.6205
The epoch: 20 | phase: test | loss: 1.0768 | accuracy: 0.6919 | mean f1-score: 0.6719 | weighted f1-score: 0.6720
Epoch 20 completed in 0m 2s
Epoch 21/149
----------
The epoch: 21 | phase: train | loss: 0.2667 | accuracy: 0.8882 | mean f1-score: 0.8880 | weighted f1-score: 0.8880
The epoch: 21 | phase: val | loss: 0.8693 | accuracy: 0.6634 | mean f1-score: 0.6628 | weighted f1-score: 0.6629
The epoch: 21 | phase: test | loss: 0.8803 | accuracy: 0.7198 | mean f1-score: 0.7138 | weighted f1-score: 0.7138
Epoch 21 completed in 0m 2s
Epoch 22/149
----------
The epoch: 22 | phase: train | loss: 0.2663 | accuracy: 0.8874 | mean f1-score: 0.8873 | weighted f1-score: 0.8873
The epoch: 22 | phase: val | loss: 0.8409 | accuracy: 0.6704 | mean f1-score: 0.6687 | weighted f1-score: 0.6687
The epoch: 22 | phase: test | loss: 0.9129 | accuracy: 0.7132 | mean f1-score: 0.7055 | weighted f1-score: 0.7056
Epoch 22 completed in 0m 3s
Epoch 23/149
----------
The epoch: 23 | phase: train | loss: 0.2592 | accuracy: 0.8884 | mean f1-score: 0.8883 | weighted f1-score: 0.8883
The epoch: 23 | phase: val | loss: 0.8913 | accuracy: 0.6801 | mean f1-score: 0.6768 | weighted f1-score: 0.6769
The epoch: 23 | phase: test | loss: 0.9791 | accuracy: 0.7036 | mean f1-score: 0.6939 | weighted f1-score: 0.6939
Epoch 23 completed in 0m 2s
Epoch 24/149
----------
The epoch: 24 | phase: train | loss: 0.2572 | accuracy: 0.8902 | mean f1-score: 0.8901 | weighted f1-score: 0.8901
The epoch: 24 | phase: val | loss: 1.0682 | accuracy: 0.6056 | mean f1-score: 0.5998 | weighted f1-score: 0.5998
The epoch: 24 | phase: test | loss: 0.9810 | accuracy: 0.6869 | mean f1-score: 0.6829 | weighted f1-score: 0.6829
Epoch 24 completed in 0m 2s
Epoch 25/149
----------
The epoch: 25 | phase: train | loss: 0.2419 | accuracy: 0.8995 | mean f1-score: 0.8994 | weighted f1-score: 0.8994
The epoch: 25 | phase: val | loss: 0.9884 | accuracy: 0.6485 | mean f1-score: 0.6445 | weighted f1-score: 0.6446
The epoch: 25 | phase: test | loss: 1.0075 | accuracy: 0.7062 | mean f1-score: 0.6971 | weighted f1-score: 0.6972
Epoch 25 completed in 0m 2s
Epoch 26/149
----------
The epoch: 26 | phase: train | loss: 0.2346 | accuracy: 0.9023 | mean f1-score: 0.9022 | weighted f1-score: 0.9022
The epoch: 26 | phase: val | loss: 0.9053 | accuracy: 0.6620 | mean f1-score: 0.6645 | weighted f1-score: 0.6645
The epoch: 26 | phase: test | loss: 0.9359 | accuracy: 0.7288 | mean f1-score: 0.7245 | weighted f1-score: 0.7245
Epoch 26 completed in 0m 2s
Epoch 27/149
----------
The epoch: 27 | phase: train | loss: 0.2317 | accuracy: 0.9029 | mean f1-score: 0.9028 | weighted f1-score: 0.9028
The epoch: 27 | phase: val | loss: 0.9274 | accuracy: 0.6780 | mean f1-score: 0.6749 | weighted f1-score: 0.6750
The epoch: 27 | phase: test | loss: 1.0679 | accuracy: 0.7049 | mean f1-score: 0.6953 | weighted f1-score: 0.6953
Epoch 27 completed in 0m 2s
Epoch 28/149
----------
The epoch: 28 | phase: train | loss: 0.2243 | accuracy: 0.9048 | mean f1-score: 0.9047 | weighted f1-score: 0.9047
The epoch: 28 | phase: val | loss: 1.0188 | accuracy: 0.6537 | mean f1-score: 0.6491 | weighted f1-score: 0.6492
The epoch: 28 | phase: test | loss: 1.0588 | accuracy: 0.7098 | mean f1-score: 0.7007 | weighted f1-score: 0.7008
Epoch 28 completed in 0m 2s
Epoch 29/149
----------
The epoch: 29 | phase: train | loss: 0.2226 | accuracy: 0.9077 | mean f1-score: 0.9076 | weighted f1-score: 0.9076
The epoch: 29 | phase: val | loss: 0.8932 | accuracy: 0.6874 | mean f1-score: 0.6861 | weighted f1-score: 0.6862
The epoch: 29 | phase: test | loss: 1.0374 | accuracy: 0.7106 | mean f1-score: 0.7011 | weighted f1-score: 0.7012
Epoch 29 completed in 0m 2s
Epoch 30/149
----------
The epoch: 30 | phase: train | loss: 0.2232 | accuracy: 0.9059 | mean f1-score: 0.9058 | weighted f1-score: 0.9058
The epoch: 30 | phase: val | loss: 0.9810 | accuracy: 0.6850 | mean f1-score: 0.6743 | weighted f1-score: 0.6744
The epoch: 30 | phase: test | loss: 1.2299 | accuracy: 0.6988 | mean f1-score: 0.6807 | weighted f1-score: 0.6807
Epoch 30 completed in 0m 2s
Epoch 31/149
----------
The epoch: 31 | phase: train | loss: 0.2162 | accuracy: 0.9077 | mean f1-score: 0.9077 | weighted f1-score: 0.9077
The epoch: 31 | phase: val | loss: 1.0656 | accuracy: 0.6568 | mean f1-score: 0.6476 | weighted f1-score: 0.6478
The epoch: 31 | phase: test | loss: 1.1382 | accuracy: 0.7043 | mean f1-score: 0.6884 | weighted f1-score: 0.6884
Epoch 31 completed in 0m 2s
Epoch 32/149
----------
The epoch: 32 | phase: train | loss: 0.2123 | accuracy: 0.9118 | mean f1-score: 0.9117 | weighted f1-score: 0.9117
The epoch: 32 | phase: val | loss: 0.9805 | accuracy: 0.6704 | mean f1-score: 0.6703 | weighted f1-score: 0.6704
The epoch: 32 | phase: test | loss: 1.0506 | accuracy: 0.7146 | mean f1-score: 0.7075 | weighted f1-score: 0.7075
Epoch 32 completed in 0m 2s
Epoch 33/149
----------
The epoch: 33 | phase: train | loss: 0.2126 | accuracy: 0.9111 | mean f1-score: 0.9110 | weighted f1-score: 0.9110
The epoch: 33 | phase: val | loss: 0.9629 | accuracy: 0.6857 | mean f1-score: 0.6845 | weighted f1-score: 0.6846
The epoch: 33 | phase: test | loss: 1.1342 | accuracy: 0.7137 | mean f1-score: 0.7058 | weighted f1-score: 0.7058
Epoch 33 completed in 0m 2s
Epoch 34/149
----------
The epoch: 34 | phase: train | loss: 0.2065 | accuracy: 0.9105 | mean f1-score: 0.9105 | weighted f1-score: 0.9105
The epoch: 34 | phase: val | loss: 0.9448 | accuracy: 0.6718 | mean f1-score: 0.6738 | weighted f1-score: 0.6738
The epoch: 34 | phase: test | loss: 0.9667 | accuracy: 0.7146 | mean f1-score: 0.7127 | weighted f1-score: 0.7128
Epoch 34 completed in 0m 2s
Epoch 35/149
----------
The epoch: 35 | phase: train | loss: 0.2058 | accuracy: 0.9127 | mean f1-score: 0.9127 | weighted f1-score: 0.9127
The epoch: 35 | phase: val | loss: 0.9711 | accuracy: 0.6707 | mean f1-score: 0.6714 | weighted f1-score: 0.6715
The epoch: 35 | phase: test | loss: 1.0420 | accuracy: 0.7158 | mean f1-score: 0.7092 | weighted f1-score: 0.7092
Epoch 35 completed in 0m 2s
Epoch 36/149
----------
The epoch: 36 | phase: train | loss: 0.2040 | accuracy: 0.9151 | mean f1-score: 0.9150 | weighted f1-score: 0.9150
The epoch: 36 | phase: val | loss: 1.0309 | accuracy: 0.6690 | mean f1-score: 0.6681 | weighted f1-score: 0.6682
The epoch: 36 | phase: test | loss: 1.0880 | accuracy: 0.7102 | mean f1-score: 0.7024 | weighted f1-score: 0.7024
Epoch 36 completed in 0m 2s
Epoch 37/149
----------
The epoch: 37 | phase: train | loss: 0.1980 | accuracy: 0.9165 | mean f1-score: 0.9164 | weighted f1-score: 0.9164
The epoch: 37 | phase: val | loss: 1.1114 | accuracy: 0.6652 | mean f1-score: 0.6620 | weighted f1-score: 0.6621
The epoch: 37 | phase: test | loss: 1.1588 | accuracy: 0.7054 | mean f1-score: 0.6958 | weighted f1-score: 0.6958
Epoch 37 completed in 0m 3s
Epoch 38/149
----------
The epoch: 38 | phase: train | loss: 0.1973 | accuracy: 0.9161 | mean f1-score: 0.9160 | weighted f1-score: 0.9160
The epoch: 38 | phase: val | loss: 1.1478 | accuracy: 0.6491 | mean f1-score: 0.6379 | weighted f1-score: 0.6380
The epoch: 38 | phase: test | loss: 1.2482 | accuracy: 0.6929 | mean f1-score: 0.6776 | weighted f1-score: 0.6776
Epoch 38 completed in 0m 2s
Epoch 39/149
----------
The epoch: 39 | phase: train | loss: 0.1938 | accuracy: 0.9180 | mean f1-score: 0.9180 | weighted f1-score: 0.9180
The epoch: 39 | phase: val | loss: 1.0493 | accuracy: 0.6770 | mean f1-score: 0.6740 | weighted f1-score: 0.6741
The epoch: 39 | phase: test | loss: 1.1445 | accuracy: 0.7206 | mean f1-score: 0.7133 | weighted f1-score: 0.7133
Epoch 39 completed in 0m 2s
Epoch 40/149
----------
The epoch: 40 | phase: train | loss: 0.1939 | accuracy: 0.9182 | mean f1-score: 0.9182 | weighted f1-score: 0.9182
The epoch: 40 | phase: val | loss: 0.9683 | accuracy: 0.6972 | mean f1-score: 0.6963 | weighted f1-score: 0.6964
The epoch: 40 | phase: test | loss: 1.1775 | accuracy: 0.7207 | mean f1-score: 0.7121 | weighted f1-score: 0.7122
Epoch 40 completed in 0m 2s
Epoch 41/149
----------
The epoch: 41 | phase: train | loss: 0.1931 | accuracy: 0.9188 | mean f1-score: 0.9187 | weighted f1-score: 0.9188
The epoch: 41 | phase: val | loss: 0.9829 | accuracy: 0.6850 | mean f1-score: 0.6873 | weighted f1-score: 0.6873
The epoch: 41 | phase: test | loss: 1.0478 | accuracy: 0.7218 | mean f1-score: 0.7181 | weighted f1-score: 0.7182
Epoch 41 completed in 0m 2s
Epoch 42/149
----------
The epoch: 42 | phase: train | loss: 0.1873 | accuracy: 0.9214 | mean f1-score: 0.9213 | weighted f1-score: 0.9213
The epoch: 42 | phase: val | loss: 0.9576 | accuracy: 0.6840 | mean f1-score: 0.6841 | weighted f1-score: 0.6842
The epoch: 42 | phase: test | loss: 1.1049 | accuracy: 0.7148 | mean f1-score: 0.7077 | weighted f1-score: 0.7077
Epoch 42 completed in 0m 2s
Epoch 43/149
----------
The epoch: 43 | phase: train | loss: 0.1880 | accuracy: 0.9213 | mean f1-score: 0.9212 | weighted f1-score: 0.9213
The epoch: 43 | phase: val | loss: 1.0827 | accuracy: 0.6676 | mean f1-score: 0.6677 | weighted f1-score: 0.6678
The epoch: 43 | phase: test | loss: 1.1163 | accuracy: 0.7130 | mean f1-score: 0.7089 | weighted f1-score: 0.7090
Epoch 43 completed in 0m 2s
Epoch 44/149
----------
The epoch: 44 | phase: train | loss: 0.1845 | accuracy: 0.9224 | mean f1-score: 0.9224 | weighted f1-score: 0.9224
The epoch: 44 | phase: val | loss: 1.1212 | accuracy: 0.6676 | mean f1-score: 0.6596 | weighted f1-score: 0.6597
The epoch: 44 | phase: test | loss: 1.2766 | accuracy: 0.7115 | mean f1-score: 0.6991 | weighted f1-score: 0.6991
Epoch 44 completed in 0m 2s
Epoch 45/149
----------
The epoch: 45 | phase: train | loss: 0.1867 | accuracy: 0.9216 | mean f1-score: 0.9216 | weighted f1-score: 0.9216
The epoch: 45 | phase: val | loss: 1.0772 | accuracy: 0.6589 | mean f1-score: 0.6543 | weighted f1-score: 0.6544
The epoch: 45 | phase: test | loss: 1.1953 | accuracy: 0.7092 | mean f1-score: 0.6978 | weighted f1-score: 0.6978
Epoch 45 completed in 0m 2s
Epoch 46/149
----------
The epoch: 46 | phase: train | loss: 0.1841 | accuracy: 0.9218 | mean f1-score: 0.9217 | weighted f1-score: 0.9218
The epoch: 46 | phase: val | loss: 1.1143 | accuracy: 0.6749 | mean f1-score: 0.6743 | weighted f1-score: 0.6743
The epoch: 46 | phase: test | loss: 1.1295 | accuracy: 0.7230 | mean f1-score: 0.7167 | weighted f1-score: 0.7167
Epoch 46 completed in 0m 2s
Epoch 47/149
----------
The epoch: 47 | phase: train | loss: 0.1809 | accuracy: 0.9231 | mean f1-score: 0.9231 | weighted f1-score: 0.9231
The epoch: 47 | phase: val | loss: 1.1950 | accuracy: 0.6652 | mean f1-score: 0.6596 | weighted f1-score: 0.6597
The epoch: 47 | phase: test | loss: 1.3251 | accuracy: 0.7089 | mean f1-score: 0.6945 | weighted f1-score: 0.6945
Epoch 47 completed in 0m 2s
Epoch 48/149
----------
The epoch: 48 | phase: train | loss: 0.1795 | accuracy: 0.9238 | mean f1-score: 0.9238 | weighted f1-score: 0.9238
The epoch: 48 | phase: val | loss: 1.0529 | accuracy: 0.6753 | mean f1-score: 0.6774 | weighted f1-score: 0.6775
The epoch: 48 | phase: test | loss: 1.1063 | accuracy: 0.7197 | mean f1-score: 0.7152 | weighted f1-score: 0.7152
Epoch 48 completed in 0m 2s
Epoch 49/149
----------
The epoch: 49 | phase: train | loss: 0.1799 | accuracy: 0.9256 | mean f1-score: 0.9256 | weighted f1-score: 0.9256
The epoch: 49 | phase: val | loss: 1.0295 | accuracy: 0.6756 | mean f1-score: 0.6750 | weighted f1-score: 0.6751
The epoch: 49 | phase: test | loss: 1.1474 | accuracy: 0.7131 | mean f1-score: 0.7046 | weighted f1-score: 0.7046
Epoch 49 completed in 0m 2s
Epoch 50/149
----------
The epoch: 50 | phase: train | loss: 0.1687 | accuracy: 0.9306 | mean f1-score: 0.9306 | weighted f1-score: 0.9306
The epoch: 50 | phase: val | loss: 1.1500 | accuracy: 0.6794 | mean f1-score: 0.6734 | weighted f1-score: 0.6735
The epoch: 50 | phase: test | loss: 1.3017 | accuracy: 0.7151 | mean f1-score: 0.7038 | weighted f1-score: 0.7039
Epoch 50 completed in 0m 2s
Epoch 51/149
----------
The epoch: 51 | phase: train | loss: 0.1610 | accuracy: 0.9323 | mean f1-score: 0.9323 | weighted f1-score: 0.9323
The epoch: 51 | phase: val | loss: 1.2405 | accuracy: 0.6624 | mean f1-score: 0.6599 | weighted f1-score: 0.6600
The epoch: 51 | phase: test | loss: 1.2292 | accuracy: 0.7179 | mean f1-score: 0.7119 | weighted f1-score: 0.7119
Epoch 51 completed in 0m 1s
Epoch 52/149
----------
The epoch: 52 | phase: train | loss: 0.1613 | accuracy: 0.9337 | mean f1-score: 0.9337 | weighted f1-score: 0.9337
The epoch: 52 | phase: val | loss: 1.1679 | accuracy: 0.6787 | mean f1-score: 0.6751 | weighted f1-score: 0.6752
The epoch: 52 | phase: test | loss: 1.3012 | accuracy: 0.7169 | mean f1-score: 0.7069 | weighted f1-score: 0.7069
Epoch 52 completed in 0m 1s
Epoch 53/149
----------
The epoch: 53 | phase: train | loss: 0.1612 | accuracy: 0.9329 | mean f1-score: 0.9329 | weighted f1-score: 0.9329
The epoch: 53 | phase: val | loss: 1.2230 | accuracy: 0.6624 | mean f1-score: 0.6636 | weighted f1-score: 0.6637
The epoch: 53 | phase: test | loss: 1.1536 | accuracy: 0.7333 | mean f1-score: 0.7294 | weighted f1-score: 0.7294
Epoch 53 completed in 0m 1s
Epoch 54/149
----------
The epoch: 54 | phase: train | loss: 0.1615 | accuracy: 0.9310 | mean f1-score: 0.9310 | weighted f1-score: 0.9310
The epoch: 54 | phase: val | loss: 1.1462 | accuracy: 0.6777 | mean f1-score: 0.6723 | weighted f1-score: 0.6724
The epoch: 54 | phase: test | loss: 1.3717 | accuracy: 0.7117 | mean f1-score: 0.6996 | weighted f1-score: 0.6997
Epoch 54 completed in 0m 1s
Epoch 55/149
----------
The epoch: 55 | phase: train | loss: 0.1599 | accuracy: 0.9317 | mean f1-score: 0.9317 | weighted f1-score: 0.9317
The epoch: 55 | phase: val | loss: 1.2029 | accuracy: 0.6690 | mean f1-score: 0.6638 | weighted f1-score: 0.6639
The epoch: 55 | phase: test | loss: 1.2763 | accuracy: 0.7151 | mean f1-score: 0.7050 | weighted f1-score: 0.7050
Epoch 55 completed in 0m 1s
Epoch 56/149
----------
The epoch: 56 | phase: train | loss: 0.1600 | accuracy: 0.9335 | mean f1-score: 0.9335 | weighted f1-score: 0.9335
The epoch: 56 | phase: val | loss: 1.1828 | accuracy: 0.6739 | mean f1-score: 0.6675 | weighted f1-score: 0.6676
The epoch: 56 | phase: test | loss: 1.4235 | accuracy: 0.7079 | mean f1-score: 0.6938 | weighted f1-score: 0.6939
Epoch 56 completed in 0m 1s
Epoch 57/149
----------
The epoch: 57 | phase: train | loss: 0.1571 | accuracy: 0.9352 | mean f1-score: 0.9352 | weighted f1-score: 0.9352
The epoch: 57 | phase: val | loss: 1.1400 | accuracy: 0.6773 | mean f1-score: 0.6777 | weighted f1-score: 0.6778
The epoch: 57 | phase: test | loss: 1.2286 | accuracy: 0.7270 | mean f1-score: 0.7226 | weighted f1-score: 0.7227
Epoch 57 completed in 0m 1s
Epoch 58/149
----------
The epoch: 58 | phase: train | loss: 0.1581 | accuracy: 0.9340 | mean f1-score: 0.9340 | weighted f1-score: 0.9340
The epoch: 58 | phase: val | loss: 1.1316 | accuracy: 0.6759 | mean f1-score: 0.6749 | weighted f1-score: 0.6750
The epoch: 58 | phase: test | loss: 1.3516 | accuracy: 0.7221 | mean f1-score: 0.7134 | weighted f1-score: 0.7134
Epoch 58 completed in 0m 2s
Epoch 59/149
----------
The epoch: 59 | phase: train | loss: 0.1546 | accuracy: 0.9344 | mean f1-score: 0.9343 | weighted f1-score: 0.9344
The epoch: 59 | phase: val | loss: 1.2653 | accuracy: 0.6655 | mean f1-score: 0.6622 | weighted f1-score: 0.6623
The epoch: 59 | phase: test | loss: 1.3513 | accuracy: 0.7227 | mean f1-score: 0.7137 | weighted f1-score: 0.7137
Epoch 59 completed in 0m 2s
Epoch 60/149
----------
The epoch: 60 | phase: train | loss: 0.1521 | accuracy: 0.9379 | mean f1-score: 0.9379 | weighted f1-score: 0.9379
The epoch: 60 | phase: val | loss: 1.2316 | accuracy: 0.6638 | mean f1-score: 0.6655 | weighted f1-score: 0.6656
The epoch: 60 | phase: test | loss: 1.1496 | accuracy: 0.7217 | mean f1-score: 0.7214 | weighted f1-score: 0.7214
Epoch 60 completed in 0m 2s
Epoch 61/149
----------
The epoch: 61 | phase: train | loss: 0.1539 | accuracy: 0.9354 | mean f1-score: 0.9353 | weighted f1-score: 0.9354
The epoch: 61 | phase: val | loss: 1.1843 | accuracy: 0.6662 | mean f1-score: 0.6659 | weighted f1-score: 0.6660
The epoch: 61 | phase: test | loss: 1.2675 | accuracy: 0.7259 | mean f1-score: 0.7186 | weighted f1-score: 0.7186
Epoch 61 completed in 0m 2s
Epoch 62/149
----------
The epoch: 62 | phase: train | loss: 0.1515 | accuracy: 0.9367 | mean f1-score: 0.9367 | weighted f1-score: 0.9367
The epoch: 62 | phase: val | loss: 1.2872 | accuracy: 0.6638 | mean f1-score: 0.6590 | weighted f1-score: 0.6591
The epoch: 62 | phase: test | loss: 1.3932 | accuracy: 0.7088 | mean f1-score: 0.6982 | weighted f1-score: 0.6982
Epoch 62 completed in 0m 2s
Epoch 63/149
----------
The epoch: 63 | phase: train | loss: 0.1471 | accuracy: 0.9386 | mean f1-score: 0.9386 | weighted f1-score: 0.9386
The epoch: 63 | phase: val | loss: 1.3089 | accuracy: 0.6669 | mean f1-score: 0.6607 | weighted f1-score: 0.6608
The epoch: 63 | phase: test | loss: 1.5334 | accuracy: 0.7069 | mean f1-score: 0.6909 | weighted f1-score: 0.6909
Epoch 63 completed in 0m 2s
Epoch 64/149
----------
The epoch: 64 | phase: train | loss: 0.1471 | accuracy: 0.9389 | mean f1-score: 0.9389 | weighted f1-score: 0.9389
The epoch: 64 | phase: val | loss: 1.2680 | accuracy: 0.6641 | mean f1-score: 0.6635 | weighted f1-score: 0.6636
The epoch: 64 | phase: test | loss: 1.3995 | accuracy: 0.7002 | mean f1-score: 0.6926 | weighted f1-score: 0.6927
Epoch 64 completed in 0m 2s
Epoch 65/149
----------
The epoch: 65 | phase: train | loss: 0.1508 | accuracy: 0.9389 | mean f1-score: 0.9389 | weighted f1-score: 0.9389
The epoch: 65 | phase: val | loss: 1.1878 | accuracy: 0.6770 | mean f1-score: 0.6771 | weighted f1-score: 0.6772
The epoch: 65 | phase: test | loss: 1.3148 | accuracy: 0.7206 | mean f1-score: 0.7141 | weighted f1-score: 0.7141
Epoch 65 completed in 0m 2s
Epoch 66/149
----------
The epoch: 66 | phase: train | loss: 0.1505 | accuracy: 0.9365 | mean f1-score: 0.9364 | weighted f1-score: 0.9364
The epoch: 66 | phase: val | loss: 1.2016 | accuracy: 0.6728 | mean f1-score: 0.6754 | weighted f1-score: 0.6755
The epoch: 66 | phase: test | loss: 1.2566 | accuracy: 0.7149 | mean f1-score: 0.7139 | weighted f1-score: 0.7139
Epoch 66 completed in 0m 2s
Epoch 67/149
----------
The epoch: 67 | phase: train | loss: 0.1461 | accuracy: 0.9415 | mean f1-score: 0.9415 | weighted f1-score: 0.9415
The epoch: 67 | phase: val | loss: 1.1161 | accuracy: 0.6881 | mean f1-score: 0.6891 | weighted f1-score: 0.6891
The epoch: 67 | phase: test | loss: 1.2835 | accuracy: 0.7265 | mean f1-score: 0.7223 | weighted f1-score: 0.7223
Epoch 67 completed in 0m 2s
Epoch 68/149
----------
The epoch: 68 | phase: train | loss: 0.1457 | accuracy: 0.9398 | mean f1-score: 0.9398 | weighted f1-score: 0.9398
The epoch: 68 | phase: val | loss: 1.2714 | accuracy: 0.6655 | mean f1-score: 0.6634 | weighted f1-score: 0.6635
The epoch: 68 | phase: test | loss: 1.3896 | accuracy: 0.7121 | mean f1-score: 0.7032 | weighted f1-score: 0.7032
Epoch 68 completed in 0m 1s
Epoch 69/149
----------
The epoch: 69 | phase: train | loss: 0.1425 | accuracy: 0.9411 | mean f1-score: 0.9411 | weighted f1-score: 0.9411
The epoch: 69 | phase: val | loss: 1.2493 | accuracy: 0.6662 | mean f1-score: 0.6662 | weighted f1-score: 0.6663
The epoch: 69 | phase: test | loss: 1.3065 | accuracy: 0.7172 | mean f1-score: 0.7115 | weighted f1-score: 0.7115
Epoch 69 completed in 0m 1s
Epoch 70/149
----------
The epoch: 70 | phase: train | loss: 0.1421 | accuracy: 0.9411 | mean f1-score: 0.9411 | weighted f1-score: 0.9411
The epoch: 70 | phase: val | loss: 1.2160 | accuracy: 0.6756 | mean f1-score: 0.6756 | weighted f1-score: 0.6756
The epoch: 70 | phase: test | loss: 1.3852 | accuracy: 0.7153 | mean f1-score: 0.7086 | weighted f1-score: 0.7087
Epoch 70 completed in 0m 1s
Epoch 71/149
----------
The epoch: 71 | phase: train | loss: 0.1401 | accuracy: 0.9413 | mean f1-score: 0.9413 | weighted f1-score: 0.9413
The epoch: 71 | phase: val | loss: 1.3638 | accuracy: 0.6599 | mean f1-score: 0.6567 | weighted f1-score: 0.6568
The epoch: 71 | phase: test | loss: 1.5006 | accuracy: 0.6996 | mean f1-score: 0.6907 | weighted f1-score: 0.6907
Epoch 71 completed in 0m 1s
Epoch 72/149
----------
The epoch: 72 | phase: train | loss: 0.1413 | accuracy: 0.9415 | mean f1-score: 0.9415 | weighted f1-score: 0.9415
The epoch: 72 | phase: val | loss: 1.2811 | accuracy: 0.6634 | mean f1-score: 0.6626 | weighted f1-score: 0.6627
The epoch: 72 | phase: test | loss: 1.4276 | accuracy: 0.7060 | mean f1-score: 0.6985 | weighted f1-score: 0.6986
Epoch 72 completed in 0m 3s
Epoch 73/149
----------
The epoch: 73 | phase: train | loss: 0.1423 | accuracy: 0.9425 | mean f1-score: 0.9425 | weighted f1-score: 0.9425
The epoch: 73 | phase: val | loss: 1.1742 | accuracy: 0.6773 | mean f1-score: 0.6778 | weighted f1-score: 0.6779
The epoch: 73 | phase: test | loss: 1.3987 | accuracy: 0.7215 | mean f1-score: 0.7146 | weighted f1-score: 0.7146
Epoch 73 completed in 0m 2s
Epoch 74/149
----------
The epoch: 74 | phase: train | loss: 0.1401 | accuracy: 0.9428 | mean f1-score: 0.9428 | weighted f1-score: 0.9428
The epoch: 74 | phase: val | loss: 1.2581 | accuracy: 0.6610 | mean f1-score: 0.6591 | weighted f1-score: 0.6591
The epoch: 74 | phase: test | loss: 1.4485 | accuracy: 0.7079 | mean f1-score: 0.6983 | weighted f1-score: 0.6984
Epoch 74 completed in 0m 3s
Epoch 75/149
----------
The epoch: 75 | phase: train | loss: 0.1338 | accuracy: 0.9453 | mean f1-score: 0.9453 | weighted f1-score: 0.9453
The epoch: 75 | phase: val | loss: 1.2807 | accuracy: 0.6746 | mean f1-score: 0.6716 | weighted f1-score: 0.6717
The epoch: 75 | phase: test | loss: 1.4826 | accuracy: 0.7158 | mean f1-score: 0.7070 | weighted f1-score: 0.7070
Epoch 75 completed in 0m 3s
Epoch 76/149
----------
The epoch: 76 | phase: train | loss: 0.1302 | accuracy: 0.9462 | mean f1-score: 0.9461 | weighted f1-score: 0.9461
The epoch: 76 | phase: val | loss: 1.3174 | accuracy: 0.6683 | mean f1-score: 0.6659 | weighted f1-score: 0.6660
The epoch: 76 | phase: test | loss: 1.4598 | accuracy: 0.7135 | mean f1-score: 0.7043 | weighted f1-score: 0.7044
Epoch 76 completed in 0m 3s
Epoch 77/149
----------
The epoch: 77 | phase: train | loss: 0.1284 | accuracy: 0.9476 | mean f1-score: 0.9476 | weighted f1-score: 0.9476
The epoch: 77 | phase: val | loss: 1.1571 | accuracy: 0.6934 | mean f1-score: 0.6912 | weighted f1-score: 0.6912
The epoch: 77 | phase: test | loss: 1.4657 | accuracy: 0.7177 | mean f1-score: 0.7096 | weighted f1-score: 0.7097
Epoch 77 completed in 0m 3s
Epoch 78/149
----------
The epoch: 78 | phase: train | loss: 0.1273 | accuracy: 0.9467 | mean f1-score: 0.9466 | weighted f1-score: 0.9466
The epoch: 78 | phase: val | loss: 1.2093 | accuracy: 0.6878 | mean f1-score: 0.6865 | weighted f1-score: 0.6866
The epoch: 78 | phase: test | loss: 1.4415 | accuracy: 0.7215 | mean f1-score: 0.7141 | weighted f1-score: 0.7142
Epoch 78 completed in 0m 4s
Epoch 79/149
----------
The epoch: 79 | phase: train | loss: 0.1280 | accuracy: 0.9465 | mean f1-score: 0.9465 | weighted f1-score: 0.9465
The epoch: 79 | phase: val | loss: 1.4111 | accuracy: 0.6739 | mean f1-score: 0.6670 | weighted f1-score: 0.6672
The epoch: 79 | phase: test | loss: 1.6094 | accuracy: 0.7131 | mean f1-score: 0.7000 | weighted f1-score: 0.7000
Epoch 79 completed in 0m 3s
Epoch 80/149
----------
The epoch: 80 | phase: train | loss: 0.1277 | accuracy: 0.9472 | mean f1-score: 0.9472 | weighted f1-score: 0.9472
The epoch: 80 | phase: val | loss: 1.2757 | accuracy: 0.6787 | mean f1-score: 0.6745 | weighted f1-score: 0.6746
The epoch: 80 | phase: test | loss: 1.5416 | accuracy: 0.7111 | mean f1-score: 0.7005 | weighted f1-score: 0.7005
Epoch 80 completed in 0m 3s
Epoch 81/149
----------
The epoch: 81 | phase: train | loss: 0.1260 | accuracy: 0.9468 | mean f1-score: 0.9467 | weighted f1-score: 0.9467
The epoch: 81 | phase: val | loss: 1.3239 | accuracy: 0.6739 | mean f1-score: 0.6733 | weighted f1-score: 0.6733
The epoch: 81 | phase: test | loss: 1.4712 | accuracy: 0.7228 | mean f1-score: 0.7171 | weighted f1-score: 0.7172
Epoch 81 completed in 0m 3s
Epoch 82/149
----------
The epoch: 82 | phase: train | loss: 0.1289 | accuracy: 0.9468 | mean f1-score: 0.9468 | weighted f1-score: 0.9468
The epoch: 82 | phase: val | loss: 1.2762 | accuracy: 0.6655 | mean f1-score: 0.6658 | weighted f1-score: 0.6659
The epoch: 82 | phase: test | loss: 1.3591 | accuracy: 0.7122 | mean f1-score: 0.7075 | weighted f1-score: 0.7075
Epoch 82 completed in 0m 3s
Epoch 83/149
----------
The epoch: 83 | phase: train | loss: 0.1268 | accuracy: 0.9467 | mean f1-score: 0.9467 | weighted f1-score: 0.9467
The epoch: 83 | phase: val | loss: 1.1819 | accuracy: 0.6885 | mean f1-score: 0.6890 | weighted f1-score: 0.6891
The epoch: 83 | phase: test | loss: 1.3454 | accuracy: 0.7244 | mean f1-score: 0.7197 | weighted f1-score: 0.7197
Epoch 83 completed in 0m 3s
Epoch 84/149
----------
The epoch: 84 | phase: train | loss: 0.1241 | accuracy: 0.9477 | mean f1-score: 0.9477 | weighted f1-score: 0.9477
The epoch: 84 | phase: val | loss: 1.3819 | accuracy: 0.6631 | mean f1-score: 0.6599 | weighted f1-score: 0.6600
The epoch: 84 | phase: test | loss: 1.4833 | accuracy: 0.7091 | mean f1-score: 0.7020 | weighted f1-score: 0.7021
Epoch 84 completed in 0m 3s
Epoch 85/149
----------
The epoch: 85 | phase: train | loss: 0.1244 | accuracy: 0.9506 | mean f1-score: 0.9505 | weighted f1-score: 0.9506
The epoch: 85 | phase: val | loss: 1.3267 | accuracy: 0.6784 | mean f1-score: 0.6784 | weighted f1-score: 0.6785
The epoch: 85 | phase: test | loss: 1.5377 | accuracy: 0.7118 | mean f1-score: 0.7050 | weighted f1-score: 0.7050
Epoch 85 completed in 0m 3s
Epoch 86/149
----------
The epoch: 86 | phase: train | loss: 0.1226 | accuracy: 0.9498 | mean f1-score: 0.9498 | weighted f1-score: 0.9498
The epoch: 86 | phase: val | loss: 1.2796 | accuracy: 0.6805 | mean f1-score: 0.6782 | weighted f1-score: 0.6783
The epoch: 86 | phase: test | loss: 1.4968 | accuracy: 0.7216 | mean f1-score: 0.7139 | weighted f1-score: 0.7140
Epoch 86 completed in 0m 3s
Epoch 87/149
----------
The epoch: 87 | phase: train | loss: 0.1228 | accuracy: 0.9498 | mean f1-score: 0.9498 | weighted f1-score: 0.9498
The epoch: 87 | phase: val | loss: 1.3347 | accuracy: 0.6714 | mean f1-score: 0.6705 | weighted f1-score: 0.6706
The epoch: 87 | phase: test | loss: 1.4793 | accuracy: 0.7245 | mean f1-score: 0.7172 | weighted f1-score: 0.7172
Epoch 87 completed in 0m 3s
Epoch 88/149
----------
The epoch: 88 | phase: train | loss: 0.1218 | accuracy: 0.9499 | mean f1-score: 0.9499 | weighted f1-score: 0.9499
The epoch: 88 | phase: val | loss: 1.2865 | accuracy: 0.6850 | mean f1-score: 0.6845 | weighted f1-score: 0.6846
The epoch: 88 | phase: test | loss: 1.5001 | accuracy: 0.7175 | mean f1-score: 0.7108 | weighted f1-score: 0.7108
Epoch 88 completed in 0m 3s
Epoch 89/149
----------
The epoch: 89 | phase: train | loss: 0.1185 | accuracy: 0.9512 | mean f1-score: 0.9512 | weighted f1-score: 0.9512
The epoch: 89 | phase: val | loss: 1.3573 | accuracy: 0.6707 | mean f1-score: 0.6708 | weighted f1-score: 0.6709
The epoch: 89 | phase: test | loss: 1.4843 | accuracy: 0.7168 | mean f1-score: 0.7105 | weighted f1-score: 0.7105
Epoch 89 completed in 0m 3s
Epoch 90/149
----------
The epoch: 90 | phase: train | loss: 0.1211 | accuracy: 0.9504 | mean f1-score: 0.9504 | weighted f1-score: 0.9504
The epoch: 90 | phase: val | loss: 1.2666 | accuracy: 0.6815 | mean f1-score: 0.6823 | weighted f1-score: 0.6823
The epoch: 90 | phase: test | loss: 1.4396 | accuracy: 0.7183 | mean f1-score: 0.7135 | weighted f1-score: 0.7135
Epoch 90 completed in 0m 2s
Epoch 91/149
----------
The epoch: 91 | phase: train | loss: 0.1195 | accuracy: 0.9518 | mean f1-score: 0.9518 | weighted f1-score: 0.9518
The epoch: 91 | phase: val | loss: 1.3544 | accuracy: 0.6697 | mean f1-score: 0.6678 | weighted f1-score: 0.6679
The epoch: 91 | phase: test | loss: 1.6038 | accuracy: 0.7154 | mean f1-score: 0.7068 | weighted f1-score: 0.7068
Epoch 91 completed in 0m 3s
Epoch 92/149
----------
The epoch: 92 | phase: train | loss: 0.1224 | accuracy: 0.9505 | mean f1-score: 0.9505 | weighted f1-score: 0.9505
The epoch: 92 | phase: val | loss: 1.2928 | accuracy: 0.6780 | mean f1-score: 0.6782 | weighted f1-score: 0.6783
The epoch: 92 | phase: test | loss: 1.4835 | accuracy: 0.7158 | mean f1-score: 0.7105 | weighted f1-score: 0.7105
Epoch 92 completed in 0m 3s
Epoch 93/149
----------
The epoch: 93 | phase: train | loss: 0.1168 | accuracy: 0.9521 | mean f1-score: 0.9521 | weighted f1-score: 0.9521
The epoch: 93 | phase: val | loss: 1.3546 | accuracy: 0.6718 | mean f1-score: 0.6717 | weighted f1-score: 0.6717
The epoch: 93 | phase: test | loss: 1.5149 | accuracy: 0.7164 | mean f1-score: 0.7106 | weighted f1-score: 0.7106
Epoch 93 completed in 0m 3s
Epoch 94/149
----------
The epoch: 94 | phase: train | loss: 0.1172 | accuracy: 0.9527 | mean f1-score: 0.9526 | weighted f1-score: 0.9527
The epoch: 94 | phase: val | loss: 1.3743 | accuracy: 0.6756 | mean f1-score: 0.6774 | weighted f1-score: 0.6774
The epoch: 94 | phase: test | loss: 1.4287 | accuracy: 0.7245 | mean f1-score: 0.7225 | weighted f1-score: 0.7226
Epoch 94 completed in 0m 3s
Epoch 95/149
----------
The epoch: 95 | phase: train | loss: 0.1192 | accuracy: 0.9514 | mean f1-score: 0.9514 | weighted f1-score: 0.9514
The epoch: 95 | phase: val | loss: 1.3370 | accuracy: 0.6812 | mean f1-score: 0.6822 | weighted f1-score: 0.6823
The epoch: 95 | phase: test | loss: 1.4874 | accuracy: 0.7165 | mean f1-score: 0.7127 | weighted f1-score: 0.7127
Epoch 95 completed in 0m 3s
Epoch 96/149
----------
The epoch: 96 | phase: train | loss: 0.1164 | accuracy: 0.9530 | mean f1-score: 0.9529 | weighted f1-score: 0.9530
The epoch: 96 | phase: val | loss: 1.4222 | accuracy: 0.6725 | mean f1-score: 0.6738 | weighted f1-score: 0.6739
The epoch: 96 | phase: test | loss: 1.4492 | accuracy: 0.7149 | mean f1-score: 0.7142 | weighted f1-score: 0.7143
Epoch 96 completed in 0m 3s
Epoch 97/149
----------
The epoch: 97 | phase: train | loss: 0.1155 | accuracy: 0.9530 | mean f1-score: 0.9530 | weighted f1-score: 0.9530
The epoch: 97 | phase: val | loss: 1.2735 | accuracy: 0.6878 | mean f1-score: 0.6835 | weighted f1-score: 0.6836
The epoch: 97 | phase: test | loss: 1.6094 | accuracy: 0.7125 | mean f1-score: 0.7025 | weighted f1-score: 0.7025
Epoch 97 completed in 0m 3s
Epoch 98/149
----------
The epoch: 98 | phase: train | loss: 0.1163 | accuracy: 0.9531 | mean f1-score: 0.9531 | weighted f1-score: 0.9531
The epoch: 98 | phase: val | loss: 1.3379 | accuracy: 0.6735 | mean f1-score: 0.6733 | weighted f1-score: 0.6733
The epoch: 98 | phase: test | loss: 1.5176 | accuracy: 0.7177 | mean f1-score: 0.7117 | weighted f1-score: 0.7117
Epoch 98 completed in 0m 3s
Epoch 99/149
----------
The epoch: 99 | phase: train | loss: 0.1176 | accuracy: 0.9524 | mean f1-score: 0.9523 | weighted f1-score: 0.9524
The epoch: 99 | phase: val | loss: 1.2469 | accuracy: 0.6864 | mean f1-score: 0.6871 | weighted f1-score: 0.6872
The epoch: 99 | phase: test | loss: 1.5091 | accuracy: 0.7188 | mean f1-score: 0.7130 | weighted f1-score: 0.7131
Epoch 99 completed in 0m 3s
Epoch 100/149
----------
The epoch: 100 | phase: train | loss: 0.1101 | accuracy: 0.9563 | mean f1-score: 0.9563 | weighted f1-score: 0.9563
The epoch: 100 | phase: val | loss: 1.3661 | accuracy: 0.6763 | mean f1-score: 0.6748 | weighted f1-score: 0.6749
The epoch: 100 | phase: test | loss: 1.5972 | accuracy: 0.7185 | mean f1-score: 0.7102 | weighted f1-score: 0.7102
Epoch 100 completed in 0m 3s
Epoch 101/149
----------
The epoch: 101 | phase: train | loss: 0.1084 | accuracy: 0.9568 | mean f1-score: 0.9568 | weighted f1-score: 0.9568
The epoch: 101 | phase: val | loss: 1.3788 | accuracy: 0.6829 | mean f1-score: 0.6817 | weighted f1-score: 0.6818
The epoch: 101 | phase: test | loss: 1.6286 | accuracy: 0.7141 | mean f1-score: 0.7054 | weighted f1-score: 0.7054
Epoch 101 completed in 0m 3s
Epoch 102/149
----------
The epoch: 102 | phase: train | loss: 0.1073 | accuracy: 0.9565 | mean f1-score: 0.9565 | weighted f1-score: 0.9565
The epoch: 102 | phase: val | loss: 1.3172 | accuracy: 0.6840 | mean f1-score: 0.6838 | weighted f1-score: 0.6839
The epoch: 102 | phase: test | loss: 1.5305 | accuracy: 0.7188 | mean f1-score: 0.7116 | weighted f1-score: 0.7116
Epoch 102 completed in 0m 3s
Epoch 103/149
----------
The epoch: 103 | phase: train | loss: 0.1052 | accuracy: 0.9565 | mean f1-score: 0.9565 | weighted f1-score: 0.9565
The epoch: 103 | phase: val | loss: 1.4583 | accuracy: 0.6693 | mean f1-score: 0.6678 | weighted f1-score: 0.6679
The epoch: 103 | phase: test | loss: 1.6671 | accuracy: 0.7140 | mean f1-score: 0.7050 | weighted f1-score: 0.7051
Epoch 103 completed in 0m 3s
Epoch 104/149
----------
The epoch: 104 | phase: train | loss: 0.1075 | accuracy: 0.9579 | mean f1-score: 0.9579 | weighted f1-score: 0.9579
The epoch: 104 | phase: val | loss: 1.3943 | accuracy: 0.6794 | mean f1-score: 0.6766 | weighted f1-score: 0.6767
The epoch: 104 | phase: test | loss: 1.6723 | accuracy: 0.7112 | mean f1-score: 0.7008 | weighted f1-score: 0.7008
Epoch 104 completed in 0m 3s
Epoch 105/149
----------
The epoch: 105 | phase: train | loss: 0.1087 | accuracy: 0.9563 | mean f1-score: 0.9563 | weighted f1-score: 0.9563
The epoch: 105 | phase: val | loss: 1.3527 | accuracy: 0.6860 | mean f1-score: 0.6855 | weighted f1-score: 0.6856
The epoch: 105 | phase: test | loss: 1.5861 | accuracy: 0.7179 | mean f1-score: 0.7112 | weighted f1-score: 0.7112
Epoch 105 completed in 0m 3s
Epoch 106/149
----------
The epoch: 106 | phase: train | loss: 0.1067 | accuracy: 0.9575 | mean f1-score: 0.9575 | weighted f1-score: 0.9575
The epoch: 106 | phase: val | loss: 1.3174 | accuracy: 0.6913 | mean f1-score: 0.6917 | weighted f1-score: 0.6917
The epoch: 106 | phase: test | loss: 1.5444 | accuracy: 0.7285 | mean f1-score: 0.7235 | weighted f1-score: 0.7235
Epoch 106 completed in 0m 3s
Epoch 107/149
----------
The epoch: 107 | phase: train | loss: 0.1054 | accuracy: 0.9586 | mean f1-score: 0.9586 | weighted f1-score: 0.9586
The epoch: 107 | phase: val | loss: 1.3929 | accuracy: 0.6843 | mean f1-score: 0.6812 | weighted f1-score: 0.6813
The epoch: 107 | phase: test | loss: 1.7030 | accuracy: 0.7101 | mean f1-score: 0.7003 | weighted f1-score: 0.7003
Epoch 107 completed in 0m 2s
Epoch 108/149
----------
The epoch: 108 | phase: train | loss: 0.1069 | accuracy: 0.9570 | mean f1-score: 0.9569 | weighted f1-score: 0.9569
The epoch: 108 | phase: val | loss: 1.3506 | accuracy: 0.6718 | mean f1-score: 0.6724 | weighted f1-score: 0.6725
The epoch: 108 | phase: test | loss: 1.5646 | accuracy: 0.7124 | mean f1-score: 0.7075 | weighted f1-score: 0.7075
Epoch 108 completed in 0m 3s
Epoch 109/149
----------
The epoch: 109 | phase: train | loss: 0.1057 | accuracy: 0.9582 | mean f1-score: 0.9581 | weighted f1-score: 0.9582
The epoch: 109 | phase: val | loss: 1.3348 | accuracy: 0.6794 | mean f1-score: 0.6787 | weighted f1-score: 0.6788
The epoch: 109 | phase: test | loss: 1.5899 | accuracy: 0.7174 | mean f1-score: 0.7095 | weighted f1-score: 0.7096
Epoch 109 completed in 0m 3s
Epoch 110/149
----------
The epoch: 110 | phase: train | loss: 0.1053 | accuracy: 0.9575 | mean f1-score: 0.9575 | weighted f1-score: 0.9575
The epoch: 110 | phase: val | loss: 1.3822 | accuracy: 0.6763 | mean f1-score: 0.6751 | weighted f1-score: 0.6752
The epoch: 110 | phase: test | loss: 1.6553 | accuracy: 0.7156 | mean f1-score: 0.7078 | weighted f1-score: 0.7079
Epoch 110 completed in 0m 3s
Epoch 111/149
----------
The epoch: 111 | phase: train | loss: 0.1079 | accuracy: 0.9553 | mean f1-score: 0.9553 | weighted f1-score: 0.9553
The epoch: 111 | phase: val | loss: 1.3851 | accuracy: 0.6742 | mean f1-score: 0.6744 | weighted f1-score: 0.6745
The epoch: 111 | phase: test | loss: 1.5076 | accuracy: 0.7172 | mean f1-score: 0.7128 | weighted f1-score: 0.7128
Epoch 111 completed in 0m 2s
Epoch 112/149
----------
The epoch: 112 | phase: train | loss: 0.1055 | accuracy: 0.9577 | mean f1-score: 0.9577 | weighted f1-score: 0.9577
The epoch: 112 | phase: val | loss: 1.4736 | accuracy: 0.6686 | mean f1-score: 0.6670 | weighted f1-score: 0.6671
The epoch: 112 | phase: test | loss: 1.7099 | accuracy: 0.7160 | mean f1-score: 0.7087 | weighted f1-score: 0.7087
Epoch 112 completed in 0m 3s
Epoch 113/149
----------
The epoch: 113 | phase: train | loss: 0.1032 | accuracy: 0.9592 | mean f1-score: 0.9592 | weighted f1-score: 0.9592
The epoch: 113 | phase: val | loss: 1.4708 | accuracy: 0.6575 | mean f1-score: 0.6566 | weighted f1-score: 0.6567
The epoch: 113 | phase: test | loss: 1.6102 | accuracy: 0.7212 | mean f1-score: 0.7151 | weighted f1-score: 0.7152
Epoch 113 completed in 0m 2s
Epoch 114/149
----------
The epoch: 114 | phase: train | loss: 0.1017 | accuracy: 0.9591 | mean f1-score: 0.9590 | weighted f1-score: 0.9591
The epoch: 114 | phase: val | loss: 1.4170 | accuracy: 0.6686 | mean f1-score: 0.6697 | weighted f1-score: 0.6698
The epoch: 114 | phase: test | loss: 1.5425 | accuracy: 0.7227 | mean f1-score: 0.7187 | weighted f1-score: 0.7187
Epoch 114 completed in 0m 3s
Epoch 115/149
----------
The epoch: 115 | phase: train | loss: 0.1049 | accuracy: 0.9573 | mean f1-score: 0.9573 | weighted f1-score: 0.9573
The epoch: 115 | phase: val | loss: 1.4584 | accuracy: 0.6690 | mean f1-score: 0.6691 | weighted f1-score: 0.6692
The epoch: 115 | phase: test | loss: 1.5038 | accuracy: 0.7295 | mean f1-score: 0.7247 | weighted f1-score: 0.7247
Epoch 115 completed in 0m 3s
Epoch 116/149
----------
The epoch: 116 | phase: train | loss: 0.0990 | accuracy: 0.9603 | mean f1-score: 0.9603 | weighted f1-score: 0.9603
The epoch: 116 | phase: val | loss: 1.3834 | accuracy: 0.6805 | mean f1-score: 0.6816 | weighted f1-score: 0.6816
The epoch: 116 | phase: test | loss: 1.5792 | accuracy: 0.7188 | mean f1-score: 0.7154 | weighted f1-score: 0.7155
Epoch 116 completed in 0m 2s
Epoch 117/149
----------
The epoch: 117 | phase: train | loss: 0.1002 | accuracy: 0.9599 | mean f1-score: 0.9599 | weighted f1-score: 0.9599
The epoch: 117 | phase: val | loss: 1.3077 | accuracy: 0.6979 | mean f1-score: 0.6972 | weighted f1-score: 0.6972
The epoch: 117 | phase: test | loss: 1.7478 | accuracy: 0.7155 | mean f1-score: 0.7073 | weighted f1-score: 0.7073
Epoch 117 completed in 0m 3s
Epoch 118/149
----------
The epoch: 118 | phase: train | loss: 0.1012 | accuracy: 0.9601 | mean f1-score: 0.9601 | weighted f1-score: 0.9601
The epoch: 118 | phase: val | loss: 1.4253 | accuracy: 0.6739 | mean f1-score: 0.6731 | weighted f1-score: 0.6732
The epoch: 118 | phase: test | loss: 1.6284 | accuracy: 0.7232 | mean f1-score: 0.7174 | weighted f1-score: 0.7174
Epoch 118 completed in 0m 2s
Epoch 119/149
----------
The epoch: 119 | phase: train | loss: 0.0994 | accuracy: 0.9611 | mean f1-score: 0.9611 | weighted f1-score: 0.9611
The epoch: 119 | phase: val | loss: 1.4992 | accuracy: 0.6707 | mean f1-score: 0.6670 | weighted f1-score: 0.6671
The epoch: 119 | phase: test | loss: 1.7946 | accuracy: 0.7127 | mean f1-score: 0.7019 | weighted f1-score: 0.7019
Epoch 119 completed in 0m 2s
Epoch 120/149
----------
The epoch: 120 | phase: train | loss: 0.0988 | accuracy: 0.9603 | mean f1-score: 0.9603 | weighted f1-score: 0.9603
The epoch: 120 | phase: val | loss: 1.4282 | accuracy: 0.6707 | mean f1-score: 0.6707 | weighted f1-score: 0.6708
The epoch: 120 | phase: test | loss: 1.6509 | accuracy: 0.7179 | mean f1-score: 0.7118 | weighted f1-score: 0.7119
Epoch 120 completed in 0m 2s
Epoch 121/149
----------
The epoch: 121 | phase: train | loss: 0.1011 | accuracy: 0.9588 | mean f1-score: 0.9588 | weighted f1-score: 0.9588
The epoch: 121 | phase: val | loss: 1.4353 | accuracy: 0.6777 | mean f1-score: 0.6787 | weighted f1-score: 0.6788
The epoch: 121 | phase: test | loss: 1.5710 | accuracy: 0.7151 | mean f1-score: 0.7122 | weighted f1-score: 0.7122
Epoch 121 completed in 0m 3s
Epoch 122/149
----------
The epoch: 122 | phase: train | loss: 0.1014 | accuracy: 0.9606 | mean f1-score: 0.9606 | weighted f1-score: 0.9606
The epoch: 122 | phase: val | loss: 1.5341 | accuracy: 0.6596 | mean f1-score: 0.6579 | weighted f1-score: 0.6580
The epoch: 122 | phase: test | loss: 1.7133 | accuracy: 0.7193 | mean f1-score: 0.7119 | weighted f1-score: 0.7119
Epoch 122 completed in 0m 3s
Epoch 123/149
----------
The epoch: 123 | phase: train | loss: 0.0985 | accuracy: 0.9598 | mean f1-score: 0.9598 | weighted f1-score: 0.9598
The epoch: 123 | phase: val | loss: 1.4836 | accuracy: 0.6746 | mean f1-score: 0.6725 | weighted f1-score: 0.6726
The epoch: 123 | phase: test | loss: 1.7338 | accuracy: 0.7135 | mean f1-score: 0.7052 | weighted f1-score: 0.7052
Epoch 123 completed in 0m 3s
Epoch 124/149
----------
The epoch: 124 | phase: train | loss: 0.0983 | accuracy: 0.9604 | mean f1-score: 0.9604 | weighted f1-score: 0.9604
The epoch: 124 | phase: val | loss: 1.4385 | accuracy: 0.6742 | mean f1-score: 0.6760 | weighted f1-score: 0.6760
The epoch: 124 | phase: test | loss: 1.6289 | accuracy: 0.7208 | mean f1-score: 0.7175 | weighted f1-score: 0.7175
Epoch 124 completed in 0m 2s
Epoch 125/149
----------
The epoch: 125 | phase: train | loss: 0.0981 | accuracy: 0.9612 | mean f1-score: 0.9612 | weighted f1-score: 0.9612
The epoch: 125 | phase: val | loss: 1.5144 | accuracy: 0.6655 | mean f1-score: 0.6644 | weighted f1-score: 0.6645
The epoch: 125 | phase: test | loss: 1.6562 | accuracy: 0.7180 | mean f1-score: 0.7111 | weighted f1-score: 0.7111
Epoch 125 completed in 0m 3s
Epoch 126/149
----------
The epoch: 126 | phase: train | loss: 0.0945 | accuracy: 0.9620 | mean f1-score: 0.9619 | weighted f1-score: 0.9620
The epoch: 126 | phase: val | loss: 1.4527 | accuracy: 0.6780 | mean f1-score: 0.6766 | weighted f1-score: 0.6767
The epoch: 126 | phase: test | loss: 1.6772 | accuracy: 0.7208 | mean f1-score: 0.7135 | weighted f1-score: 0.7136
Epoch 126 completed in 0m 3s
Epoch 127/149
----------
The epoch: 127 | phase: train | loss: 0.0971 | accuracy: 0.9617 | mean f1-score: 0.9616 | weighted f1-score: 0.9616
The epoch: 127 | phase: val | loss: 1.4749 | accuracy: 0.6739 | mean f1-score: 0.6729 | weighted f1-score: 0.6730
The epoch: 127 | phase: test | loss: 1.6921 | accuracy: 0.7223 | mean f1-score: 0.7156 | weighted f1-score: 0.7156
Epoch 127 completed in 0m 3s
Epoch 128/149
----------
The epoch: 128 | phase: train | loss: 0.0942 | accuracy: 0.9632 | mean f1-score: 0.9631 | weighted f1-score: 0.9632
The epoch: 128 | phase: val | loss: 1.4602 | accuracy: 0.6794 | mean f1-score: 0.6793 | weighted f1-score: 0.6793
The epoch: 128 | phase: test | loss: 1.7174 | accuracy: 0.7212 | mean f1-score: 0.7148 | weighted f1-score: 0.7148
Epoch 128 completed in 0m 2s
Epoch 129/149
----------
The epoch: 129 | phase: train | loss: 0.0947 | accuracy: 0.9617 | mean f1-score: 0.9617 | weighted f1-score: 0.9617
The epoch: 129 | phase: val | loss: 1.4595 | accuracy: 0.6770 | mean f1-score: 0.6780 | weighted f1-score: 0.6781
The epoch: 129 | phase: test | loss: 1.6239 | accuracy: 0.7236 | mean f1-score: 0.7190 | weighted f1-score: 0.7191
Epoch 129 completed in 0m 3s
Epoch 130/149
----------
The epoch: 130 | phase: train | loss: 0.0922 | accuracy: 0.9634 | mean f1-score: 0.9634 | weighted f1-score: 0.9634
The epoch: 130 | phase: val | loss: 1.4639 | accuracy: 0.6739 | mean f1-score: 0.6728 | weighted f1-score: 0.6729
The epoch: 130 | phase: test | loss: 1.7588 | accuracy: 0.7126 | mean f1-score: 0.7048 | weighted f1-score: 0.7048
Epoch 130 completed in 0m 2s
Epoch 131/149
----------
The epoch: 131 | phase: train | loss: 0.0914 | accuracy: 0.9644 | mean f1-score: 0.9644 | weighted f1-score: 0.9644
The epoch: 131 | phase: val | loss: 1.4212 | accuracy: 0.6756 | mean f1-score: 0.6751 | weighted f1-score: 0.6752
The epoch: 131 | phase: test | loss: 1.6922 | accuracy: 0.7198 | mean f1-score: 0.7129 | weighted f1-score: 0.7129
Epoch 131 completed in 0m 3s
Epoch 132/149
----------
The epoch: 132 | phase: train | loss: 0.0925 | accuracy: 0.9640 | mean f1-score: 0.9640 | weighted f1-score: 0.9640
The epoch: 132 | phase: val | loss: 1.3494 | accuracy: 0.6954 | mean f1-score: 0.6966 | weighted f1-score: 0.6966
The epoch: 132 | phase: test | loss: 1.6245 | accuracy: 0.7218 | mean f1-score: 0.7173 | weighted f1-score: 0.7173
Epoch 132 completed in 0m 3s
Epoch 133/149
----------
The epoch: 133 | phase: train | loss: 0.0948 | accuracy: 0.9617 | mean f1-score: 0.9617 | weighted f1-score: 0.9617
The epoch: 133 | phase: val | loss: 1.4213 | accuracy: 0.6759 | mean f1-score: 0.6773 | weighted f1-score: 0.6774
The epoch: 133 | phase: test | loss: 1.6150 | accuracy: 0.7246 | mean f1-score: 0.7217 | weighted f1-score: 0.7217
Epoch 133 completed in 0m 3s
Epoch 134/149
----------
The epoch: 134 | phase: train | loss: 0.0907 | accuracy: 0.9638 | mean f1-score: 0.9638 | weighted f1-score: 0.9638
The epoch: 134 | phase: val | loss: 1.4511 | accuracy: 0.6777 | mean f1-score: 0.6765 | weighted f1-score: 0.6766
The epoch: 134 | phase: test | loss: 1.7722 | accuracy: 0.7160 | mean f1-score: 0.7072 | weighted f1-score: 0.7073
Epoch 134 completed in 0m 3s
Epoch 135/149
----------
The epoch: 135 | phase: train | loss: 0.0919 | accuracy: 0.9637 | mean f1-score: 0.9637 | weighted f1-score: 0.9637
The epoch: 135 | phase: val | loss: 1.5864 | accuracy: 0.6746 | mean f1-score: 0.6710 | weighted f1-score: 0.6711
The epoch: 135 | phase: test | loss: 1.8135 | accuracy: 0.7117 | mean f1-score: 0.7018 | weighted f1-score: 0.7018
Epoch 135 completed in 0m 3s
Epoch 136/149
----------
The epoch: 136 | phase: train | loss: 0.0915 | accuracy: 0.9639 | mean f1-score: 0.9639 | weighted f1-score: 0.9639
The epoch: 136 | phase: val | loss: 1.3394 | accuracy: 0.6902 | mean f1-score: 0.6897 | weighted f1-score: 0.6897
The epoch: 136 | phase: test | loss: 1.7036 | accuracy: 0.7225 | mean f1-score: 0.7159 | weighted f1-score: 0.7160
Epoch 136 completed in 0m 3s
Epoch 137/149
----------
The epoch: 137 | phase: train | loss: 0.0908 | accuracy: 0.9651 | mean f1-score: 0.9651 | weighted f1-score: 0.9651
The epoch: 137 | phase: val | loss: 1.4871 | accuracy: 0.6794 | mean f1-score: 0.6778 | weighted f1-score: 0.6778
The epoch: 137 | phase: test | loss: 1.7780 | accuracy: 0.7136 | mean f1-score: 0.7059 | weighted f1-score: 0.7059
Epoch 137 completed in 0m 3s
Epoch 138/149
----------
The epoch: 138 | phase: train | loss: 0.0914 | accuracy: 0.9629 | mean f1-score: 0.9629 | weighted f1-score: 0.9629
The epoch: 138 | phase: val | loss: 1.5247 | accuracy: 0.6686 | mean f1-score: 0.6669 | weighted f1-score: 0.6670
The epoch: 138 | phase: test | loss: 1.8703 | accuracy: 0.7073 | mean f1-score: 0.6980 | weighted f1-score: 0.6980
Epoch 138 completed in 0m 3s
Epoch 139/149
----------
The epoch: 139 | phase: train | loss: 0.0920 | accuracy: 0.9641 | mean f1-score: 0.9641 | weighted f1-score: 0.9641
The epoch: 139 | phase: val | loss: 1.4219 | accuracy: 0.6798 | mean f1-score: 0.6787 | weighted f1-score: 0.6788
The epoch: 139 | phase: test | loss: 1.7228 | accuracy: 0.7098 | mean f1-score: 0.7015 | weighted f1-score: 0.7015
Epoch 139 completed in 0m 3s
Epoch 140/149
----------
The epoch: 140 | phase: train | loss: 0.0900 | accuracy: 0.9653 | mean f1-score: 0.9653 | weighted f1-score: 0.9653
The epoch: 140 | phase: val | loss: 1.4741 | accuracy: 0.6655 | mean f1-score: 0.6662 | weighted f1-score: 0.6662
The epoch: 140 | phase: test | loss: 1.6241 | accuracy: 0.7217 | mean f1-score: 0.7178 | weighted f1-score: 0.7178
Epoch 140 completed in 0m 3s
Epoch 141/149
----------
The epoch: 141 | phase: train | loss: 0.0918 | accuracy: 0.9638 | mean f1-score: 0.9638 | weighted f1-score: 0.9638
The epoch: 141 | phase: val | loss: 1.4243 | accuracy: 0.6798 | mean f1-score: 0.6809 | weighted f1-score: 0.6809
The epoch: 141 | phase: test | loss: 1.6780 | accuracy: 0.7193 | mean f1-score: 0.7142 | weighted f1-score: 0.7143
Epoch 141 completed in 0m 3s
Epoch 142/149
----------
The epoch: 142 | phase: train | loss: 0.0871 | accuracy: 0.9657 | mean f1-score: 0.9657 | weighted f1-score: 0.9657
The epoch: 142 | phase: val | loss: 1.6570 | accuracy: 0.6631 | mean f1-score: 0.6600 | weighted f1-score: 0.6601
The epoch: 142 | phase: test | loss: 1.8778 | accuracy: 0.7075 | mean f1-score: 0.6970 | weighted f1-score: 0.6970
Epoch 142 completed in 0m 3s
Epoch 143/149
----------
The epoch: 143 | phase: train | loss: 0.0888 | accuracy: 0.9655 | mean f1-score: 0.9655 | weighted f1-score: 0.9655
The epoch: 143 | phase: val | loss: 1.5566 | accuracy: 0.6780 | mean f1-score: 0.6782 | weighted f1-score: 0.6783
The epoch: 143 | phase: test | loss: 1.7188 | accuracy: 0.7210 | mean f1-score: 0.7143 | weighted f1-score: 0.7143
Epoch 143 completed in 0m 3s
Epoch 144/149
----------
The epoch: 144 | phase: train | loss: 0.0855 | accuracy: 0.9661 | mean f1-score: 0.9660 | weighted f1-score: 0.9660
The epoch: 144 | phase: val | loss: 1.5449 | accuracy: 0.6763 | mean f1-score: 0.6765 | weighted f1-score: 0.6766
The epoch: 144 | phase: test | loss: 1.7633 | accuracy: 0.7153 | mean f1-score: 0.7086 | weighted f1-score: 0.7086
Epoch 144 completed in 0m 2s
Epoch 145/149
----------
The epoch: 145 | phase: train | loss: 0.0890 | accuracy: 0.9646 | mean f1-score: 0.9646 | weighted f1-score: 0.9646
The epoch: 145 | phase: val | loss: 1.4656 | accuracy: 0.6920 | mean f1-score: 0.6919 | weighted f1-score: 0.6920
The epoch: 145 | phase: test | loss: 1.7295 | accuracy: 0.7185 | mean f1-score: 0.7122 | weighted f1-score: 0.7123
Epoch 145 completed in 0m 3s
Epoch 146/149
----------
The epoch: 146 | phase: train | loss: 0.0881 | accuracy: 0.9655 | mean f1-score: 0.9655 | weighted f1-score: 0.9655
The epoch: 146 | phase: val | loss: 1.5590 | accuracy: 0.6763 | mean f1-score: 0.6750 | weighted f1-score: 0.6751
The epoch: 146 | phase: test | loss: 1.7780 | accuracy: 0.7158 | mean f1-score: 0.7086 | weighted f1-score: 0.7087
Epoch 146 completed in 0m 2s
Epoch 147/149
----------
The epoch: 147 | phase: train | loss: 0.0855 | accuracy: 0.9656 | mean f1-score: 0.9656 | weighted f1-score: 0.9656
The epoch: 147 | phase: val | loss: 1.4811 | accuracy: 0.6780 | mean f1-score: 0.6771 | weighted f1-score: 0.6771
The epoch: 147 | phase: test | loss: 1.8193 | accuracy: 0.7135 | mean f1-score: 0.7056 | weighted f1-score: 0.7057
Epoch 147 completed in 0m 3s
Epoch 148/149
----------
The epoch: 148 | phase: train | loss: 0.0885 | accuracy: 0.9657 | mean f1-score: 0.9657 | weighted f1-score: 0.9657
The epoch: 148 | phase: val | loss: 1.4918 | accuracy: 0.6843 | mean f1-score: 0.6844 | weighted f1-score: 0.6844
The epoch: 148 | phase: test | loss: 1.8058 | accuracy: 0.7134 | mean f1-score: 0.7067 | weighted f1-score: 0.7067
Epoch 148 completed in 0m 3s
Epoch 149/149
----------
The epoch: 149 | phase: train | loss: 0.0900 | accuracy: 0.9642 | mean f1-score: 0.9642 | weighted f1-score: 0.9642
The epoch: 149 | phase: val | loss: 1.5203 | accuracy: 0.6718 | mean f1-score: 0.6725 | weighted f1-score: 0.6726
The epoch: 149 | phase: test | loss: 1.6527 | accuracy: 0.7140 | mean f1-score: 0.7092 | weighted f1-score: 0.7092
Epoch 149 completed in 0m 2s
The best epoch is 117
Phase: train, loss: 0.10018327213380385, accuracy: 0.9599233053874205, f1_score: 0.9599121627874994, f1_score weighted: 0.9599196759832971 {'train': [], 'val': [], 'test': []}
Phase: val, loss: 1.3077319594177268, accuracy: 0.6978767838496345, f1_score: 0.697166949789805, f1_score weighted: 0.6972373335057521 {'train': [], 'val': [], 'test': []}
Phase: test, loss: 1.7477599961038093, accuracy: 0.7155139714249589, f1_score: 0.7073049560696132, f1_score weighted: 0.7073451261852703 {'train': [], 'val': [], 'test': []}
------ Evaluation complete! ------
